id	word__id	word__text	text	banguace	page_number	column_number	row_number	radical_id	note	updated_time	created_time
xdneqrzpgyn	xtzxd8qgkm2	一	一	ék	1748	1	1	xvs8vrcbq5z		2025-05-16 17:05:06	2025-05-16 17:05:06
xukg9nvjw7a	xwh3swwjeep	丁	丁	dĭng	1748	1	3	xvs8vrcbq5z		2025-05-16 17:05:06	2025-05-16 17:05:06
xsch8xwv7p4			丈	diông	1748	1	4	xvs8vrcbq5z		2025-05-16 17:05:06	2025-05-16 17:05:06
xzqasbzc3fb			丈	dâung	1748	1	4	xvs8vrcbq5z		2025-05-16 17:05:06	2025-05-16 17:05:06
xmavcqp3r3h			丈	diòng	1748	1	4	xvs8vrcbq5z		2025-05-16 17:05:06	2025-05-16 17:05:06
xtjx46kqrry			丈	diōng	1748	1	4	xvs8vrcbq5z		2025-05-16 17:05:06	2025-05-16 17:05:06
xns8dv9ut3q			下	hâ	1748	1	5	xvs8vrcbq5z		2025-05-16 17:05:06	2025-05-16 17:05:06
x5kmbzdtanv	x397qnm94nz	三	三	săng	1748	1	6	xvs8vrcbq5z		2025-05-16 17:05:06	2025-05-16 17:05:06
xbr4pg2d7vf			上	siông	1748	1	7	xvs8vrcbq5z		2025-05-16 17:05:06	2025-05-16 17:05:06
x32ttfkykc2			上	siōng	1748	1	7	xvs8vrcbq5z		2025-05-16 17:05:06	2025-05-16 17:05:06
xz8v4jasutr			万	uâng	1748	1	8	xvs8vrcbq5z		2025-05-16 17:05:06	2025-05-16 17:05:06
xnk5dczhrsk	xt82jzpvx56	不	不	bók	1748	1	9	xvs8vrcbq5z		2025-05-16 17:05:06	2025-05-16 17:05:06
xb34pkgcp7z	xpj8xh359qu	丐	丐	gái	1748	1	10	xvs8vrcbq5z		2025-05-16 17:05:06	2025-05-16 17:05:06
xxrfaekj86v	x8mzhccs4j4	冇	冇	páng	1748	1	11	xvs8vrcbq5z		2025-05-16 17:05:06	2025-05-16 17:05:06
xzuajn4f8zf	xmvquc4hvhh	丑	丑	tīu	1748	1	12	xvs8vrcbq5z		2025-05-16 17:05:06	2025-05-16 17:05:06
xhvg498pq6y	xuetjyvab4a	丙	丙	bīng	1748	1	13	xvs8vrcbq5z		2025-05-16 17:05:06	2025-05-16 17:05:06
xs8h7pnsxhv			且	cṳ̆	1748	1	14	xvs8vrcbq5z		2025-05-16 17:05:06	2025-05-16 17:05:06
xaq5gazq5ux	xcacax8kmq5	𠕆	𠕆	dâing	1748	1	15	xvs8vrcbq5z		2025-05-16 17:05:06	2025-05-16 17:05:06
xr6yrh25y8a	xvmet8cru4q	丘	丘	kĭu	1748	1	16	xvs8vrcbq5z		2025-05-16 17:05:06	2025-05-16 17:05:06
xdfm463k8ce	xxrtfucu8tk	丕	丕	pī	1748	1	17	xvs8vrcbq5z		2025-05-16 17:05:06	2025-05-16 17:05:06
x3at2kqh5k4	x5a7wnrhz8h	世	世	sié	1748	2	1	xvs8vrcbq5z		2025-05-16 17:05:06	2025-05-16 17:05:06
xs77wv4ceyb			丢	dĭu	1748	2	2	xvs8vrcbq5z		2025-05-16 17:05:06	2025-05-16 17:05:06
xszn6q2x9k8			丢	lĭu	1748	2	2	xvs8vrcbq5z		2025-05-16 17:05:06	2025-05-16 17:05:06
x3dw9rg4asn			両	liōng	1748	2	3	xvs8vrcbq5z		2025-05-16 17:05:06	2025-05-16 17:05:06
xwqzc7hs3zk	xsxhchhhh6u	丞	丞	sìng	1748	2	4	xvs8vrcbq5z		2025-05-16 17:05:06	2025-05-16 17:05:06
xavn9mk3m8f			𠩄	sū	1748	2	5	xvs8vrcbq5z		2025-05-16 17:05:06	2025-05-16 17:05:06
x7x7asr97ya			並	béng	1748	2	6	xvs8vrcbq5z		2025-05-16 17:05:06	2025-05-16 17:05:06
xz8qgauzer3			丨	gūng	1748	2	7	xycgmm2semp		2025-05-16 17:05:06	2025-05-16 17:05:06
x2c2a26q2y8	xkpnwafjqmc	丫	丫	ă	1748	2	8	xycgmm2semp		2025-05-16 17:05:06	2025-05-16 17:05:06
xratgy6vmw9			个	gó̤	1748	2	9	xycgmm2semp		2025-05-16 17:05:06	2025-05-16 17:05:06
x4ksjymxg33			中	dṳ̆ng	1748	2	10	xycgmm2semp		2025-05-16 17:05:06	2025-05-16 17:05:06
x26xf5296gw			中	dé̤ṳng	1748	2	10	xycgmm2semp		2025-05-16 17:05:06	2025-05-16 17:05:06
xsf4m8dm5yp			中	dŏng	1748	2	10	xycgmm2semp		2025-05-16 17:05:06	2025-05-16 17:05:06
xmcmyxuhzc2			丰	hŭng	1748	2	11	xycgmm2semp		2025-05-16 17:05:06	2025-05-16 17:05:06
xrqynxcte9s	xgcf2prsq5g	丱	丱	guáng	1748	2	12	xycgmm2semp		2025-05-16 17:05:06	2025-05-16 17:05:06
xm4z52u3rqm	xnz7fbnwffw	串	串	chuóng	1748	2	13	xycgmm2semp	原書有誤，已更正	2025-05-16 17:05:06	2025-05-16 17:05:06
xkaqvpptw2u			丶	cṳ̄	1748	2	14	xwvere9dcfa		2025-05-16 17:05:06	2025-05-16 17:05:06
x8mp2texkdd	xqu7ysprwch	丸	丸	uòng	1748	2	15	xwvere9dcfa		2025-05-16 17:05:06	2025-05-16 17:05:06
x7bzm2ynugf	xmhy63yw6ac	丹	丹	dăng	1748	2	16	xwvere9dcfa		2025-05-16 17:05:06	2025-05-16 17:05:06
xf9zkmu7mc3			主	cṳ̄	1748	3	1	xwvere9dcfa		2025-05-16 17:05:06	2025-05-16 17:05:06
xp9fpfnnc8u			主	cuō	1748	3	1	xwvere9dcfa	原書有誤，已更正	2025-05-16 17:05:06	2025-05-16 17:05:06
x38pb7cvq2k	xucskhxvtu9	丼	丼	păng	1748	3	2	xwvere9dcfa		2025-05-16 17:05:06	2025-05-16 17:05:06
x5erz9243kq	xucskhxvtu9	丼	丼	pōng	1748	3	2	xwvere9dcfa		2025-05-16 17:05:06	2025-05-16 17:05:06
x9xa256rkr3	xcerq6zmetk	乓	乓	pŏng	1748	3	3	xwvere9dcfa		2025-05-16 17:05:06	2025-05-16 17:05:06
xzd36wage4g			丿	piék	1748	3	4	xmhu266q82g		2025-05-16 17:05:06	2025-05-16 17:05:06
xjquqswtnjm	xehtsgdrnhg	乃	乃	nāi	1748	3	5	xmhu266q82g		2025-05-16 17:05:06	2025-05-16 17:05:06
xwakhj3zvnz			乂	ngiê	1748	3	6	xmhu266q82g		2025-05-16 17:05:06	2025-05-16 17:05:06
xy979py9rqz			久	gīu	1748	3	8	xmhu266q82g		2025-05-16 17:05:06	2025-05-16 17:05:06
x8kzk7z5v7d	xujxc2b7nwy	乇	乇	nó̤h	1748	3	9	xmhu266q82g		2025-05-16 17:05:06	2025-05-16 17:05:06
xjkzhst9v5a	xd68nvzer9c	之	之	cĭ	1748	3	10	xmhu266q82g		2025-05-16 17:05:06	2025-05-16 17:05:06
xt8ym8wkscu	xjvyb2d2nyt	乍	乍	câ	1748	3	11	xmhu266q82g		2025-05-16 17:05:06	2025-05-16 17:05:06
xa9acxseq9k	xffdazr26wb	乎	乎	hù	1748	3	12	xmhu266q82g		2025-05-16 17:05:06	2025-05-16 17:05:06
xdhvdbpqjey	xp8zzqw6syp	乏	乏	huăk	1748	3	13	xmhu266q82g		2025-05-16 17:05:06	2025-05-16 17:05:06
xvu76bysmxp	xvsywj8fpjh	乒	乒	pĭng	1748	3	14	xmhu266q82g		2025-05-16 17:05:06	2025-05-16 17:05:06
xxcexmyfg74	xpthp9m3x4h	乖	乖	guăi	1748	3	15	xmhu266q82g		2025-05-16 17:05:06	2025-05-16 17:05:06
xd4x3uj45a2			乘	sìng	1748	3	16	xmhu266q82g		2025-05-16 17:05:06	2025-05-16 17:05:06
x7yjngkmh4s			乘	sêng	1748	3	16	xmhu266q82g		2025-05-16 17:05:06	2025-05-16 17:05:06
x9xwgntm24p	xrghpfz3n37	乙	乙	ék	1749	1	1	xkr7d9gn7r3		2025-05-16 17:05:06	2025-05-16 17:05:06
xgz5ajckcnf			九	gīu	1749	1	2	xkr7d9gn7r3		2025-05-16 17:05:06	2025-05-16 17:05:06
xedfsupvrwe			九	gāu	1749	1	2	xkr7d9gn7r3		2025-05-16 17:05:06	2025-05-16 17:05:06
x2bcdnhhcy7	xfe2htgahhx	乜	乜	miéh	1749	1	3	xkr7d9gn7r3		2025-05-16 17:05:06	2025-05-16 17:05:06
xe58sxqwt3z	x4a6fxac8w7	也	也	iá	1749	1	4	xkr7d9gn7r3		2025-05-16 17:05:06	2025-05-16 17:05:06
xfc8mvkm43j	x4a6fxac8w7	也	也	iâ	1749	1	4	xkr7d9gn7r3		2025-05-16 17:05:06	2025-05-16 17:05:06
x4ywhv8htmu	xc38ph3sgrg	乞	乞	ké̤ṳk	1749	1	5	xkr7d9gn7r3		2025-05-16 17:05:06	2025-05-16 17:05:06
x6vkbth6pc9	x8bz4h5e52h	乩	乩	gĭ	1749	1	6	xkr7d9gn7r3		2025-05-16 17:05:06	2025-05-16 17:05:06
xr9w9v46ukg			乱	luâng	1749	1	7	xkr7d9gn7r3		2025-05-16 17:05:06	2025-05-16 17:05:06
xw3te2s9qq5			乱	lâung	1749	1	7	xkr7d9gn7r3		2025-05-16 17:05:06	2025-05-16 17:05:06
xcav4g47v4r			乳	ṳ̄	1749	1	8	xkr7d9gn7r3		2025-05-16 17:05:06	2025-05-16 17:05:06
xj623ke5pmk			乳	nèng	1749	1	8	xkr7d9gn7r3		2025-05-16 17:05:06	2025-05-16 17:05:06
xv2m2d4py69			乾	găng	1749	1	9	xkr7d9gn7r3		2025-05-16 17:05:06	2025-05-16 17:05:06
xqegwqh7tzy			乾	gièng	1749	1	9	xkr7d9gn7r3		2025-05-16 17:05:06	2025-05-16 17:05:06
xjnhpsc2rzq			亂	luâng	1749	1	10	xkr7d9gn7r3		2025-05-16 17:05:06	2025-05-16 17:05:06
xq3n3kdsvrd			亂	lâung	1749	1	10	xkr7d9gn7r3		2025-05-16 17:05:06	2025-05-16 17:05:06
xb9znpaayry			亅	kuók	1749	1	11	xmc5n98vz4x		2025-05-16 17:05:06	2025-05-16 17:05:06
xt7nrrs6s49			了	liēu	1749	1	12	xmc5n98vz4x		2025-05-16 17:05:06	2025-05-16 17:05:06
x2ugx9cdksf			了	lāu	1749	1	12	xmc5n98vz4x		2025-05-16 17:05:06	2025-05-16 17:05:06
xw4g8fdhg8f	xaapwrbq6xm	予	予	ṳ̀	1749	1	13	xmc5n98vz4x		2025-05-16 17:05:06	2025-05-16 17:05:06
xm94n4rk8cb	xaapwrbq6xm	予	予	ṳ̄	1749	1	13	xmc5n98vz4x		2025-05-16 17:05:06	2025-05-16 17:05:06
xf9fgxstuqf	xs6r92pdmcq	七	七	chék	1748	1	2	xvs8vrcbq5z		2025-09-16 02:32:05	2025-05-16 17:05:06
xxshbehuuka	x397qnm94nz	三	〣	săng	1748	1	6	xvs8vrcbq5z		2025-09-26 18:51:06	2025-05-16 17:05:06
x6339ngb4fv	xpet9xq6h2j	四	〤	sé̤ṳ	1748	3	7	xmhu266q82g		2025-09-26 19:01:41	2025-05-16 17:05:06
xx7u75tqfzm	xhzxk4vy9yu	四	〤	sé	1748	3	7	xmhu266q82g		2025-09-26 19:02:08	2025-05-16 17:05:06
xpbsg5abdmt	xxyjbsh2xy3	乍	乍	cá	1748	3	11	xmhu266q82g		2025-10-04 12:29:50	2025-05-16 17:05:06
xndk8g9gfxx	xqww9n2uy6y	三	〣	sáng	1748	1	6	xvs8vrcbq5z		2025-10-21 18:59:52	2025-05-16 17:05:06
xq6jyrs3q99	xqww9n2uy6y	三	三	sáng	1748	1	6	xvs8vrcbq5z		2025-10-21 19:00:00	2025-05-16 17:05:06
x76sxe5ypat	xvdzkvee88n	且	且	chiā	1748	1	14	xvs8vrcbq5z		2025-10-21 19:03:33	2025-05-16 17:05:06
x9zf9z4sfz8			事	sê̤ṳ	1749	1	14	xmc5n98vz4x		2025-05-16 17:05:06	2025-05-16 17:05:06
xvj7zdv6bcy			二	nê	1749	1	15	xgu3zt5h52v		2025-05-16 17:05:06	2025-05-16 17:05:06
xb36wymyyv9			二	lâng	1749	1	15	xgu3zt5h52v		2025-05-16 17:05:06	2025-05-16 17:05:06
x38g6cj8vph			井	cīng	1749	1	17	xgu3zt5h52v		2025-05-16 17:05:06	2025-05-16 17:05:06
xu5e5rth2d8			井	cāng	1749	1	17	xgu3zt5h52v		2025-05-16 17:05:07	2025-05-16 17:05:07
xg49jbu84wf	xqdsa2jfvqv	互	互	hô	1749	1	18	xgu3zt5h52v		2025-05-16 17:05:07	2025-05-16 17:05:07
xjnbsxs74dz			五	ngū	1749	1	19	xgu3zt5h52v		2025-05-16 17:05:07	2025-05-16 17:05:07
xh6xrsu7ynq			五	ngô	1749	1	19	xgu3zt5h52v		2025-05-16 17:05:07	2025-05-16 17:05:07
x9zyd9jaugg	xpqe9w9y4ba	云	云	ùng	1749	1	20	xgu3zt5h52v		2025-05-16 17:05:07	2025-05-16 17:05:07
xnuupjbv857	xn9mqs3rudk	亙	亙	gēng	1749	2	1	xgu3zt5h52v		2025-05-16 17:05:07	2025-05-16 17:05:07
xr2gfvgmqb3			亘	gēng	1749	2	2	xgu3zt5h52v		2025-05-16 17:05:07	2025-05-16 17:05:07
xqjajm6huhc			况	huóng	1749	2	3	xgu3zt5h52v		2025-05-16 17:05:07	2025-05-16 17:05:07
xf423y85dcs	x5u78udgyt3	些	些	siĕ	1749	2	4	xgu3zt5h52v		2025-05-16 17:05:07	2025-05-16 17:05:07
xm4rfevk3hk	xgqfez97uzv	亞	亞	ā	1749	2	5	xgu3zt5h52v		2025-05-16 17:05:07	2025-05-16 17:05:07
xvkecembxx9			亟	hé	1749	2	6	xgu3zt5h52v		2025-05-16 17:05:07	2025-05-16 17:05:07
x6vn4gxbqqu			亟	gék	1749	2	6	xgu3zt5h52v		2025-05-16 17:05:07	2025-05-16 17:05:07
x4458g2zpxy			亠	tèu	1749	2	7	xb7ksjad8tc		2025-05-16 17:05:07	2025-05-16 17:05:07
xzf6477gryg	x9twcb7ffr3	亡	亡	uòng	1749	2	8	xb7ksjad8tc		2025-05-16 17:05:07	2025-05-16 17:05:07
xtx3xznasg9	xgepee9kkue	亢	亢	kŏng	1749	2	9	xb7ksjad8tc		2025-05-16 17:05:07	2025-05-16 17:05:07
xnbyn6a8u9v	xgepee9kkue	亢	亢	káung	1749	2	9	xb7ksjad8tc		2025-05-16 17:05:07	2025-05-16 17:05:07
x78mdpkdx3m			交	gău	1749	2	10	xb7ksjad8tc		2025-05-16 17:05:07	2025-05-16 17:05:07
xmhuey3a82v	xue2gh35hgr	亥	亥	hâi	1749	2	11	xb7ksjad8tc		2025-05-16 17:05:07	2025-05-16 17:05:07
xbcu4baqahw	xm5ny7zpp77	亦	亦	ĭk	1749	2	12	xb7ksjad8tc		2025-05-16 17:05:07	2025-05-16 17:05:07
x8wkqnp2r33	x7cm8n2ava4	亨	亨	hĕng	1749	2	13	xb7ksjad8tc		2025-05-16 17:05:07	2025-05-16 17:05:07
xg2r4wvcssg	xgftwzedmqf	京	京	gĭng	1749	2	14	xb7ksjad8tc		2025-05-16 17:05:07	2025-05-16 17:05:07
xnvs7wyamzs	xdzptm9vdak	享	享	hiōng	1749	2	15	xb7ksjad8tc		2025-05-16 17:05:07	2025-05-16 17:05:07
xxhhv6xae9h	xpk8ewc96p8	亭	亭	dìng	1749	2	16	xb7ksjad8tc		2025-05-16 17:05:07	2025-05-16 17:05:07
xua4t3ekax2	xbjbsdjh4ht	亮	亮	liông	1749	2	17	xb7ksjad8tc		2025-05-16 17:05:07	2025-05-16 17:05:07
x6kccbrw3av	xvugkqv6m49	亳	亳	bŏk	1749	2	18	xb7ksjad8tc		2025-05-16 17:05:07	2025-05-16 17:05:07
xea27w76egm	x69uxsjqhdn	亶	亶	dāng	1749	2	19	xb7ksjad8tc		2025-05-16 17:05:07	2025-05-16 17:05:07
xx9pwjyvwya			亹	muòng	1749	2	20	xb7ksjad8tc		2025-05-16 17:05:07	2025-05-16 17:05:07
xs64rhmwcyd			亹	muōi	1749	2	20	xb7ksjad8tc		2025-05-16 17:05:07	2025-05-16 17:05:07
x8s5x8aydad	xg3w7kzmr3g	人	人	ìng	1749	2	21	xtbsgt26g2h		2025-05-16 17:05:07	2025-05-16 17:05:07
xbpajdk2cq4			亻	ìng	1749	2	21	xtbsgt26g2h		2025-05-16 17:05:07	2025-05-16 17:05:07
xhzj3hdsydt			仈	báik	1749	3	1	xtbsgt26g2h		2025-05-16 17:05:07	2025-05-16 17:05:07
xgj2qegy6gx			仅	bô	1749	3	2	xtbsgt26g2h		2025-05-16 17:05:07	2025-05-16 17:05:07
xn83zgwwwmf			仄	cáh	1749	3	3	xtbsgt26g2h		2025-05-16 17:05:07	2025-05-16 17:05:07
xw7nyd48587	x9ft8ad3n5m	仃	仃	dĭng	1749	3	4	xtbsgt26g2h		2025-05-16 17:05:07	2025-05-16 17:05:07
xhghftq839q	xvktuvqzuxy	介	介	gái	1749	3	5	xtbsgt26g2h		2025-05-16 17:05:07	2025-05-16 17:05:07
xpqhhmk7kdf	x39ehbhjurz	今	今	gĭng	1749	3	6	xtbsgt26g2h		2025-05-16 17:05:07	2025-05-16 17:05:07
xaem5vj23b3			仆	hó	1749	3	7	xtbsgt26g2h		2025-05-16 17:05:07	2025-05-16 17:05:07
xc2vfx9b2g7			仆	páuk	1749	3	7	xtbsgt26g2h		2025-05-16 17:05:07	2025-05-16 17:05:07
x7r8mkbrrkk	xfghztqhapq	仍	仍	ĭng	1749	3	8	xtbsgt26g2h		2025-05-16 17:05:07	2025-05-16 17:05:07
xwb3atz9sd4			仁	ìng	1749	3	9	xtbsgt26g2h		2025-05-16 17:05:07	2025-05-16 17:05:07
xatqmzqspxm			𠆧	nè̤ng	1749	3	10	xtbsgt26g2h		2025-05-16 17:05:07	2025-05-16 17:05:07
xaum4k54nzh	xeuc8fexhth	什	什	sĭk	1749	3	11	xtbsgt26g2h		2025-05-16 17:05:07	2025-05-16 17:05:07
xj5ghx3uug4	xeuc8fexhth	什	什	sĕk	1749	3	11	xtbsgt26g2h		2025-05-16 17:05:07	2025-05-16 17:05:07
xwn8yhbjw6t	xeuc8fexhth	什	什	căk	1749	3	11	xtbsgt26g2h		2025-05-16 17:05:07	2025-05-16 17:05:07
xc4mwrdd7uh			仇	sìu	1749	3	12	xtbsgt26g2h		2025-05-16 17:05:07	2025-05-16 17:05:07
xsftygqb3zg			亾	uòng	1749	3	13	xtbsgt26g2h		2025-05-16 17:05:07	2025-05-16 17:05:07
x5662s9bm2y	xtafhtqwdxx	仟	仟	chiĕng	1749	3	14	xtbsgt26g2h		2025-05-16 17:05:07	2025-05-16 17:05:07
xvt68ymn53w			代	dâi	1749	3	15	xtbsgt26g2h		2025-05-16 17:05:07	2025-05-16 17:05:07
x2gjcwhta3e			代	dô̤i	1749	3	15	xtbsgt26g2h		2025-05-16 17:05:07	2025-05-16 17:05:07
xr8fjsm8avj	xwfgkz5hq2f	仗	仗	diông	1749	3	16	xtbsgt26g2h		2025-05-16 17:05:07	2025-05-16 17:05:07
x6edrqwk9u9			仝	dùng	1749	3	17	xtbsgt26g2h		2025-05-16 17:05:07	2025-05-16 17:05:07
xw8bydx6nxk	x5q5fwzxj5k	仞	仞	êng	1749	3	18	xtbsgt26g2h		2025-05-16 17:05:07	2025-05-16 17:05:07
xrcsyr6nvnr	xaqctkys8b6	仔	仔	giāng	1749	3	19	xtbsgt26g2h		2025-05-16 17:05:07	2025-05-16 17:05:07
x8b4e82dmfr	xaqctkys8b6	仔	仔	cṳ̄	1749	3	19	xtbsgt26g2h		2025-05-16 17:05:07	2025-05-16 17:05:07
xaqtmjcfque	xmvknfcg3wb	付	付	hó	1749	3	20	xtbsgt26g2h		2025-05-16 17:05:07	2025-05-16 17:05:07
x6h6xej27eb	x2ekf6eyfvm	以	以	ī	1749	3	21	xtbsgt26g2h		2025-05-16 17:05:07	2025-05-16 17:05:07
xzd7xq9z6au			令	lêng	1749	3	22	xtbsgt26g2h		2025-05-16 17:05:07	2025-05-16 17:05:07
xjy2q9n2t8v			令	lìng	1749	3	22	xtbsgt26g2h		2025-05-16 17:05:07	2025-05-16 17:05:07
xh6j5vyksg2			令	liâng	1749	3	22	xtbsgt26g2h		2025-05-16 17:05:07	2025-05-16 17:05:07
x2tam3hv3n7			仡	ngék	1750	1	1	xtbsgt26g2h		2025-05-16 17:05:07	2025-05-16 17:05:07
xcfregs36pn	xyyw368evt4	仕	仕	sê̤ṳ	1750	1	2	xtbsgt26g2h		2025-05-16 17:05:07	2025-05-16 17:05:07
xa3mwj742u9	xmkzpym2ynz	仙	仙	siĕng	1750	1	3	xtbsgt26g2h		2025-05-16 17:05:07	2025-05-16 17:05:07
x275zpt6h3y			他	tă	1750	1	4	xtbsgt26g2h		2025-05-16 17:05:07	2025-05-16 17:05:07
xzccdpaq6p3	xf4bchpbz2r	仳	仳	bī	1750	1	5	xtbsgt26g2h		2025-05-16 17:05:07	2025-05-16 17:05:07
x699xygsak2			仱	dăng	1750	1	6	xtbsgt26g2h		2025-05-16 17:05:07	2025-05-16 17:05:07
x83qgqggt77	xfw2hqudr9v	仲	仲	dê̤ṳng	1750	1	7	xtbsgt26g2h		2025-05-16 17:05:07	2025-05-16 17:05:07
xpmzfcdpxvq			任	êng	1750	1	8	xtbsgt26g2h		2025-05-16 17:05:07	2025-05-16 17:05:07
x5zeq2sn8aa			任	ìng	1750	1	8	xtbsgt26g2h		2025-05-16 17:05:07	2025-05-16 17:05:07
xwfvcnrc647			价	gái	1750	1	9	xtbsgt26g2h		2025-05-16 17:05:07	2025-05-16 17:05:07
xtybst4mgrc	xv4p4q8k4w2	伎	伎	gê	1750	1	10	xtbsgt26g2h		2025-05-16 17:05:07	2025-05-16 17:05:07
xjgr5kzg6bp	xmgg3xucwfh	休	休	hĭu	1750	1	11	xtbsgt26g2h		2025-05-16 17:05:07	2025-05-16 17:05:07
xg6jc79fa9k	xz99e23wm5s	份	份	hông	1750	1	12	xtbsgt26g2h		2025-05-16 17:05:07	2025-05-16 17:05:07
xrbvjuwghqz			伐	huăk	1750	1	13	xtbsgt26g2h		2025-05-16 17:05:07	2025-05-16 17:05:07
xhwfnxpjfuq			伏	hŭk	1750	1	14	xtbsgt26g2h		2025-05-16 17:05:07	2025-05-16 17:05:07
xq94jsn93nw			伙	huō	1750	1	15	xtbsgt26g2h		2025-05-16 17:05:07	2025-05-16 17:05:07
xjreef6jpax			伙	huōi	1750	1	15	xtbsgt26g2h		2025-05-16 17:05:07	2025-05-16 17:05:07
xvcmggbykwf	xd9v8jvdh39	仿	仿	huōng	1750	1	16	xtbsgt26g2h		2025-05-16 17:05:07	2025-05-16 17:05:07
xncaq5bvn49	xmwddkjjn5w	伊	伊	ĭ	1750	1	17	xtbsgt26g2h		2025-05-16 17:05:07	2025-05-16 17:05:07
xvvzu27ewhd			件	iông	1750	1	18	xtbsgt26g2h		2025-05-16 17:05:07	2025-05-16 17:05:07
x6mcn7k7m69	xwxrkanrfq7	伉	伉	káung	1750	1	19	xtbsgt26g2h		2025-05-16 17:05:07	2025-05-16 17:05:07
xyb84jbczae	xae5u9rm244	企	企	kié	1750	1	20	xtbsgt26g2h		2025-05-16 17:05:07	2025-05-16 17:05:07
xazq7pf9ukk	x4ht6zykdjw	伓	伓	ng	1750	1	21	xtbsgt26g2h		2025-05-16 17:05:07	2025-05-16 17:05:07
xm824enb6yc			伋	ngék	1750	1	22	xtbsgt26g2h		2025-05-16 17:05:07	2025-05-16 17:05:07
xgwfp8hcavr			仰	ngiōng	1750	1	23	xtbsgt26g2h		2025-05-16 17:05:07	2025-05-16 17:05:07
xxfyrvdgbg7			仵	ngū	1750	2	1	xtbsgt26g2h		2025-05-16 17:05:07	2025-05-16 17:05:07
xesbc83cgzj			伍	ngū	1750	2	2	xtbsgt26g2h		2025-05-16 17:05:07	2025-05-16 17:05:07
x3yh5nw8x83			伍	ngô	1750	2	2	xtbsgt26g2h		2025-05-16 17:05:07	2025-05-16 17:05:07
x6958rpd43w	xnxkcpes42g	伈	伈	sīng	1750	2	3	xtbsgt26g2h		2025-05-16 17:05:07	2025-05-16 17:05:07
xyuyetsv34u			伃	ṳ̀	1750	2	4	xtbsgt26g2h		2025-05-16 17:05:07	2025-05-16 17:05:07
xf6mzwwpvvp			伯	báik	1750	2	5	xtbsgt26g2h		2025-05-16 17:05:07	2025-05-16 17:05:07
xftgwcfknjq			伯	báh	1750	2	5	xtbsgt26g2h		2025-05-16 17:05:07	2025-05-16 17:05:07
x9s9y7drpqs			佖	bĭk	1750	2	6	xtbsgt26g2h		2025-05-16 17:05:07	2025-05-16 17:05:07
x26a2zedjvy	xt9xtrzgtjc	佈	佈	buó	1750	2	7	xtbsgt26g2h		2025-05-16 17:05:07	2025-05-16 17:05:07
xxvtjpwrpa5			作	cáuk	1750	2	8	xtbsgt26g2h		2025-05-16 17:05:07	2025-05-16 17:05:07
xcskbmy9xkn			住	cê̤ṳ	1750	2	9	xtbsgt26g2h		2025-05-16 17:05:07	2025-05-16 17:05:07
xa6q8ky7nha	xyg2r7uzfs8	佔	佔	ciĕng	1750	2	10	xtbsgt26g2h		2025-05-16 17:05:07	2025-05-16 17:05:07
xpdd7337ap8	xyg2r7uzfs8	佔	佔	ciéng	1750	2	10	xtbsgt26g2h		2025-05-16 17:05:07	2025-05-16 17:05:07
xej4dfpmgum	xwyzeduqsmj	佐	佐	có̤	1750	2	11	xtbsgt26g2h		2025-05-16 17:05:07	2025-05-16 17:05:07
x6grp2ragaq			佌	chṳ̄	1750	2	12	xtbsgt26g2h		2025-05-16 17:05:07	2025-05-16 17:05:07
xh256txfnw7			低	dă̤	1750	2	13	xtbsgt26g2h		2025-05-16 17:05:07	2025-05-16 17:05:07
xud24x9un3e			但	dáng	1750	2	14	xtbsgt26g2h		2025-05-16 17:05:07	2025-05-16 17:05:07
xwzaj9t34qz	xzreazfaz3y	佟	佟	dĕ̤ng	1750	2	15	xtbsgt26g2h		2025-05-16 17:05:07	2025-05-16 17:05:07
xpbk4r6ckru	x9b8tj67tg8	佃	佃	diêng	1750	2	16	xtbsgt26g2h		2025-05-16 17:05:07	2025-05-16 17:05:07
x6bgemque7a	xy74nyrgzkd	佗	佗	dò̤	1750	2	17	xtbsgt26g2h		2025-05-16 17:05:07	2025-05-16 17:05:07
xdxv8fzg8vn	xy74nyrgzkd	佗	佗	tă	1750	2	17	xtbsgt26g2h		2025-05-16 17:05:07	2025-05-16 17:05:07
xtp7zkzswav			佑	êu	1750	2	18	xtbsgt26g2h		2025-05-16 17:05:07	2025-05-16 17:05:07
x8yg3wmd9s5			伽	già	1750	2	19	xtbsgt26g2h		2025-05-16 17:05:07	2025-05-16 17:05:07
xyp72fbsk9a	xnpj4ct9nzr	估	估	gū	1750	2	20	xtbsgt26g2h		2025-05-16 17:05:07	2025-05-16 17:05:07
xtmbaw9pzt3	xjj9zggnpzq	何	何	hò̤	1750	2	21	xtbsgt26g2h		2025-05-16 17:05:07	2025-05-16 17:05:07
xjtue82xuyt	xjj9zggnpzq	何	何	hô̤	1750	2	21	xtbsgt26g2h		2025-05-16 17:05:07	2025-05-16 17:05:07
x749kjynnkb	xfqfau2g89w	佛	佛	hŭk	1750	2	22	xtbsgt26g2h		2025-05-16 17:05:07	2025-05-16 17:05:07
xrj4zqcqzkn	xjvvrnmq47x	佚	佚	ĭk	1750	2	23	xtbsgt26g2h		2025-05-16 17:05:07	2025-05-16 17:05:07
xjpzg7wqpbe			来	lài	1750	3	1	xtbsgt26g2h		2025-05-16 17:05:07	2025-05-16 17:05:07
xr3yggac5mp			来	lì	1750	3	1	xtbsgt26g2h		2025-05-16 17:05:07	2025-05-16 17:05:07
xpnc8hyhks9	xha7ygcr9xr	伶	伶	lìng	1750	3	2	xtbsgt26g2h		2025-05-16 17:05:07	2025-05-16 17:05:07
xabc3j836ct	xy4f6nrbwq4	佞	佞	nêng	1750	3	3	xtbsgt26g2h		2025-05-16 17:05:07	2025-05-16 17:05:07
xc8pg49vyvz	xa38vewjh2d	伲	伲	niè	1750	3	4	xtbsgt26g2h		2025-05-16 17:05:07	2025-05-16 17:05:07
xu5yvv53at4	xa38vewjh2d	伲	伲	niê	1750	3	4	xtbsgt26g2h		2025-05-16 17:05:07	2025-05-16 17:05:07
xpx9gw8v6cf	x2kjbu53257	伮	伮	nù	1750	3	5	xtbsgt26g2h		2025-05-16 17:05:07	2025-05-16 17:05:07
xkdhjsndrbn			你	nṳ̄	1750	3	6	xtbsgt26g2h		2025-05-16 17:05:07	2025-05-16 17:05:07
xb6v54b44zr	xv2s36hduuw	位	位	ôi	1750	3	7	xtbsgt26g2h		2025-05-16 17:05:07	2025-05-16 17:05:07
xyhwybv8xk9	xdwp5nvzhr5	伻	伻	pĕng	1750	3	8	xtbsgt26g2h		2025-05-16 17:05:07	2025-05-16 17:05:07
xdjqsdd2mxm	xxtawymsyst	伾	伾	pĭ	1750	3	9	xtbsgt26g2h		2025-05-16 17:05:07	2025-05-16 17:05:07
x965v5f9gzc	x6jxvnewedr	伴	伴	puâng	1750	3	10	xtbsgt26g2h		2025-05-16 17:05:07	2025-05-16 17:05:07
xneu2yvf4yh			伺	sê̤ṳ	1750	3	11	xtbsgt26g2h		2025-05-16 17:05:07	2025-05-16 17:05:07
xjtyhv4amur	xthgecydnce	似	似	sê̤ṳ	1750	3	12	xtbsgt26g2h		2025-05-16 17:05:07	2025-05-16 17:05:07
xdbkffnzvmu	xj5rjwf6mnh	佀	佀	sê̤ṳ	1750	3	12	xtbsgt26g2h		2025-05-16 17:05:07	2025-05-16 17:05:07
x4acx4jafmv	x47uvxwxad2	伸	伸	sĭng	1750	3	13	xtbsgt26g2h		2025-05-16 17:05:07	2025-05-16 17:05:07
xq9rvw8puw8			体	tā̤	1750	3	14	xtbsgt26g2h		2025-05-16 17:05:07	2025-05-16 17:05:07
x4nsu3m2nqn	x8mt5hypdyv	佇	佇	tṳ̄	1750	3	15	xtbsgt26g2h		2025-05-16 17:05:07	2025-05-16 17:05:07
xg4udep7aya			㑄	ū	1750	3	16	xtbsgt26g2h		2025-05-16 17:05:07	2025-05-16 17:05:07
x2n576dt69w	x48y4pfn3rv	余	余	ṳ̀	1750	3	17	xtbsgt26g2h		2025-05-16 17:05:07	2025-05-16 17:05:07
xtuz8826745			佰	báik	1750	3	18	xtbsgt26g2h		2025-05-16 17:05:07	2025-05-16 17:05:07
xqkasu2g9hd			佰	báh	1750	3	18	xtbsgt26g2h		2025-05-16 17:05:07	2025-05-16 17:05:07
xkprrhruh69			併	béng	1750	3	19	xtbsgt26g2h		2025-05-16 17:05:07	2025-05-16 17:05:07
xtqcy9u84bf			併	biáng	1750	3	19	xtbsgt26g2h		2025-05-16 17:05:07	2025-05-16 17:05:07
xawvwgt54de			併	pĭng	1750	3	19	xtbsgt26g2h		2025-05-16 17:05:07	2025-05-16 17:05:07
x2vv9cagxky	xk9bm4hkrbm	佩	佩	buôi	1750	3	20	xtbsgt26g2h		2025-05-16 17:05:07	2025-05-16 17:05:07
xkuqtg9bgc5	xhumts2rwrj	侜	侜	cĭu	1750	3	21	xtbsgt26g2h		2025-05-16 17:05:07	2025-05-16 17:05:07
xsuy8v7f8be	xcmtkx5j4j5	侘	侘	chá	1750	3	22	xtbsgt26g2h		2025-05-16 17:05:07	2025-05-16 17:05:07
x5ceshugusx	xczp6vdz6g2	佽	佽	ché̤ṳ	1751	1	1	xtbsgt26g2h		2025-05-16 17:05:07	2025-05-16 17:05:07
xwxujxg5tqv	xczp6vdz6g2	佽	佽	ché	1751	1	1	xtbsgt26g2h		2025-05-16 17:05:07	2025-05-16 17:05:07
xxk3xaxcby5	x45xmqn3gf3	侈	侈	chiē	1751	1	2	xtbsgt26g2h		2025-05-16 17:05:07	2025-05-16 17:05:07
xccqmj5jp26	xufjyuj46hh	侄	侄	dĭk	1751	1	3	xtbsgt26g2h		2025-05-16 17:05:07	2025-05-16 17:05:07
xqbtrhu8dre	x27yezuhtwd	侑	侑	êu	1751	1	4	xtbsgt26g2h		2025-05-16 17:05:07	2025-05-16 17:05:07
xn9455h5a9n	x2jcd4wyasu	佳	佳	gă	1751	1	5	xtbsgt26g2h		2025-05-16 17:05:07	2025-05-16 17:05:07
xkkdwtvszy6	xs6f43ta5ug	佶	佶	gék	1751	1	6	xtbsgt26g2h		2025-05-16 17:05:07	2025-05-16 17:05:07
xjnhvc3jgef	xhcmrs4ryxk	佸	佸	guák	1751	1	7	xtbsgt26g2h		2025-05-16 17:05:07	2025-05-16 17:05:07
xn593bcedfa			供	gṳ̆ng	1751	1	8	xtbsgt26g2h		2025-05-16 17:05:07	2025-05-16 17:05:07
xz69v4h7h9j			侐	hék	1751	1	9	xtbsgt26g2h		2025-05-16 17:05:07	2025-05-16 17:05:07
xe875d4bmut			侀	hìng	1751	1	10	xtbsgt26g2h		2025-05-16 17:05:07	2025-05-16 17:05:07
xp9jum73gfr	xrjst9s4tvy	依	依	ĭ	1751	1	11	xtbsgt26g2h		2025-05-16 17:05:07	2025-05-16 17:05:07
xvy37e4qt2d	xxt3hf35hwc	佾	佾	ĭk	1751	1	12	xtbsgt26g2h		2025-05-16 17:05:07	2025-05-16 17:05:07
xzw8xrpujhg	xmad2wc7pbg	佯	佯	iòng	1751	1	13	xtbsgt26g2h		2025-05-16 17:05:07	2025-05-16 17:05:07
xzr9wydvgbs			侃	kāng	1751	1	14	xtbsgt26g2h		2025-05-16 17:05:07	2025-05-16 17:05:07
xnjvcwx2m6j			來	lài	1751	1	15	xtbsgt26g2h		2025-05-16 17:05:07	2025-05-16 17:05:07
xbkhnfy3447			來	lì	1751	1	15	xtbsgt26g2h		2025-05-16 17:05:07	2025-05-16 17:05:07
xk587725a8c	xgu2ywjwgf7	例	例	liê	1751	1	16	xtbsgt26g2h		2025-05-16 17:05:07	2025-05-16 17:05:07
xrzu9qsu2v7	x4ezyzae6r2	佬	佬	liéu	1751	1	17	xtbsgt26g2h		2025-05-16 17:05:07	2025-05-16 17:05:07
xn344hmghyq	x4ezyzae6r2	佬	佬	lâu	1751	1	17	xtbsgt26g2h		2025-05-16 17:05:07	2025-05-16 17:05:07
x49byjfm8vv	x5tys729nyy	侔	侔	mèu	1751	1	18	xtbsgt26g2h		2025-05-16 17:05:07	2025-05-16 17:05:07
xcptg6r2rkx	xb6btu8q5gw	価	価	sâ̤	1751	1	19	xtbsgt26g2h		2025-05-16 17:05:07	2025-05-16 17:05:07
xpczzwgk456	xc6rk7xyggc	侍	侍	sê	1751	1	20	xtbsgt26g2h		2025-05-16 17:05:07	2025-05-16 17:05:07
xs4df3cjyty	x2tsaermhr8	侁	侁	sĭng	1751	1	21	xtbsgt26g2h		2025-05-16 17:05:07	2025-05-16 17:05:07
x4nw3g4mzz5			使	sṳ̄	1751	1	22	xtbsgt26g2h		2025-05-16 17:05:07	2025-05-16 17:05:07
xeusexzcmuk			使	sé̤ṳ	1751	1	22	xtbsgt26g2h		2025-05-16 17:05:07	2025-05-16 17:05:07
xbwh7htngxb			使	sāi	1751	1	22	xtbsgt26g2h		2025-05-16 17:05:07	2025-05-16 17:05:07
xenh3bghf2p			使	sái	1751	1	22	xtbsgt26g2h		2025-05-16 17:05:07	2025-05-16 17:05:07
xzp7f4edxx8	x5pyns42yj3	佻	佻	tiĕu	1751	1	23	xtbsgt26g2h		2025-05-16 17:05:07	2025-05-16 17:05:07
x8399t6swku	xy2vqseagkw	五	〥	ngô	1750	2	2	xtbsgt26g2h		2025-09-26 19:02:55	2025-05-16 17:05:07
xcc74uacbdt			侏	tṳ̆	1751	2	1	xtbsgt26g2h		2025-05-16 17:05:07	2025-05-16 17:05:07
xy3r46w6jxx			侏	cuŏ	1751	2	1	xtbsgt26g2h	原書有誤，已更正	2025-05-16 17:05:07	2025-05-16 17:05:07
x6fn395ff44	xq4cvj4cf2n	侗	侗	tŭng	1751	2	2	xtbsgt26g2h		2025-05-16 17:05:07	2025-05-16 17:05:07
xrjpskspjnv			便	biêng	1751	2	3	xtbsgt26g2h		2025-05-16 17:05:07	2025-05-16 17:05:07
xtp9kwuaxe5			便	bièng	1751	2	3	xtbsgt26g2h		2025-05-16 17:05:07	2025-05-16 17:05:07
x3gh8uvcmtu	xtfb7uut9u2	保	保	bō̤	1751	2	4	xtbsgt26g2h		2025-05-16 17:05:07	2025-05-16 17:05:07
xf76pjasj6v	xnhaex9x96n	侵	侵	cĭng	1751	2	5	xtbsgt26g2h		2025-05-16 17:05:07	2025-05-16 17:05:07
xbuyjgfed4p			侲	cīng	1751	2	6	xtbsgt26g2h		2025-05-16 17:05:07	2025-05-16 17:05:07
xvayveawzcw	xc4gdwv5en3	俊	俊	cóng	1751	2	7	xtbsgt26g2h		2025-05-16 17:05:07	2025-05-16 17:05:07
xu8v8by5mvw	xp7mjqsf4xh	俎	俎	cū	1751	2	8	xtbsgt26g2h		2025-05-16 17:05:07	2025-05-16 17:05:07
xmyxrgfq8vc	xwbxktmjstd	促	促	ché̤ṳk	1751	2	9	xtbsgt26g2h		2025-05-16 17:05:07	2025-05-16 17:05:07
xyzm7mmgtg4	xe9pf3rpyv4	俥	俥	chiă	1751	2	10	xtbsgt26g2h		2025-05-16 17:05:07	2025-05-16 17:05:07
xx27x3ubpfw	xe9pf3rpyv4	俥	俥	chuŏ	1751	2	10	xtbsgt26g2h	原書有誤，已更正	2025-05-16 17:05:07	2025-05-16 17:05:07
xt437y5ppwz	xyapb4cbnx6	俏	俏	chiēu	1751	2	11	xtbsgt26g2h		2025-05-16 17:05:07	2025-05-16 17:05:07
x4bp8sdynkf			俤	diê	1751	2	12	xtbsgt26g2h		2025-05-16 17:05:07	2025-05-16 17:05:07
xvvp32xjm4g			俓	géng	1751	2	13	xtbsgt26g2h		2025-05-16 17:05:07	2025-05-16 17:05:07
xzq2d3bvmdm	xssqmcvvez7	俅	俅	gìu	1751	2	14	xtbsgt26g2h		2025-05-16 17:05:07	2025-05-16 17:05:07
x7thqzk372a	xdykvs9e5jw	俙	俙	hĭ	1751	2	16	xtbsgt26g2h		2025-05-16 17:05:07	2025-05-16 17:05:07
xyy4xyj7gth			係	hiê	1751	2	17	xtbsgt26g2h		2025-05-16 17:05:07	2025-05-16 17:05:07
xerf8dtur23	xfdj5haca5f	俠	俠	hiĕk	1751	2	18	xtbsgt26g2h		2025-05-16 17:05:07	2025-05-16 17:05:07
xbxs6n2w4ne	x5txg2grd37	俔	俔	hiēng	1751	2	19	xtbsgt26g2h		2025-05-16 17:05:07	2025-05-16 17:05:07
xnd85ybzzse	xpe9q597hnu	俘	俘	hŭ	1751	2	20	xtbsgt26g2h		2025-05-16 17:05:07	2025-05-16 17:05:07
x3ux3vajy5a	xpa3xa425kh	俛	俛	hū	1751	2	21	xtbsgt26g2h		2025-05-16 17:05:07	2025-05-16 17:05:07
xrgcg634n5q	x7swvpbj8zk	俐	俐	lê	1751	2	22	xtbsgt26g2h		2025-05-16 17:05:07	2025-05-16 17:05:07
xkkwdsxawpg			俚	lī	1751	2	23	xtbsgt26g2h		2025-05-16 17:05:07	2025-05-16 17:05:07
xxc26w2m44e			俚	là	1751	2	23	xtbsgt26g2h		2025-05-16 17:05:07	2025-05-16 17:05:07
xy8hwh86k9u	x3npvgrbk64	侶	侶	lṳ̄	1751	3	1	xtbsgt26g2h		2025-05-16 17:05:07	2025-05-16 17:05:07
xg7rnfp8myq	x859fu2uwkh	㑚	㑚	nâ	1751	3	2	xtbsgt26g2h		2025-05-16 17:05:07	2025-05-16 17:05:07
xqdcyrxunyh	xkvtu7npgxu	俄	俄	ngò̤	1751	3	3	xtbsgt26g2h		2025-05-16 17:05:07	2025-05-16 17:05:07
x86h8sk378v	xh56vysd6ce	俁	俁	ngṳ̄	1751	3	4	xtbsgt26g2h		2025-05-16 17:05:07	2025-05-16 17:05:07
xudhdsmkgy3	xt59cst2kfk	信	信	séng	1751	3	5	xtbsgt26g2h		2025-05-16 17:05:07	2025-05-16 17:05:07
xzgsm3yuhnt			俟	sê̤ṳ	1751	3	6	xtbsgt26g2h		2025-05-16 17:05:07	2025-05-16 17:05:07
xnvnwyteyey	xz2rgfsmeg7	俗	俗	sṳ̆k	1751	3	7	xtbsgt26g2h		2025-05-16 17:05:07	2025-05-16 17:05:07
xxbxa9u96rq	xc8g296sxzt	侮	侮	ū	1751	3	8	xtbsgt26g2h		2025-05-16 17:05:07	2025-05-16 17:05:07
x3wvksmsmda			兪	ṳ̀	1751	3	9	xtbsgt26g2h		2025-05-16 17:05:07	2025-05-16 17:05:07
xm5vz3rckkh	xht99ae9bd3	俑	俑	ṳ̄ng	1751	3	10	xtbsgt26g2h		2025-05-16 17:05:07	2025-05-16 17:05:07
xj4997b4m92	xprf6bbqazx	俳	俳	bài	1751	3	11	xtbsgt26g2h		2025-05-16 17:05:07	2025-05-16 17:05:07
xv7mjpvpj5g			併	béng	1751	3	12	xtbsgt26g2h		2025-05-16 17:05:07	2025-05-16 17:05:07
xwn6sgunq2p			併	biáng	1751	3	12	xtbsgt26g2h		2025-05-16 17:05:07	2025-05-16 17:05:07
xx468sq5tcs			併	pĭng	1751	3	12	xtbsgt26g2h		2025-05-16 17:05:07	2025-05-16 17:05:07
x4572f6y47j			偹	bê	1751	3	13	xtbsgt26g2h		2025-05-16 17:05:07	2025-05-16 17:05:07
xu7qnepxkse	xx8zyzymcyb	俾	俾	bĭ	1751	3	14	xtbsgt26g2h		2025-05-16 17:05:07	2025-05-16 17:05:07
xvwzanxf3nb	xef44cp9kdm	倍	倍	buôi	1751	3	15	xtbsgt26g2h		2025-05-16 17:05:07	2025-05-16 17:05:07
x4zsarfyspr			倳	cé̤ṳ	1751	3	16	xtbsgt26g2h		2025-05-16 17:05:07	2025-05-16 17:05:07
x8q2qdrzzyt			借	ciá	1751	3	17	xtbsgt26g2h		2025-05-16 17:05:07	2025-05-16 17:05:07
xnzn2r9cct3			借	cióh	1751	3	17	xtbsgt26g2h		2025-05-16 17:05:07	2025-05-16 17:05:07
xfbpb6dhk84			偼	ciĕk	1751	3	18	xtbsgt26g2h		2025-05-16 17:05:07	2025-05-16 17:05:07
xchyq8ke5us	xgqugb4tkqu	俴	俴	ciēng	1751	3	19	xtbsgt26g2h		2025-05-16 17:05:07	2025-05-16 17:05:07
xkb4bmzjcc2	xzum3tg49yp	倅	倅	có̤h	1751	3	20	xtbsgt26g2h		2025-05-16 17:05:07	2025-05-16 17:05:07
xtp9drjfx3j			倩	cháing	1751	3	21	xtbsgt26g2h		2025-05-16 17:05:07	2025-05-16 17:05:07
xj7xsh425yh			倩	chiáng	1751	3	21	xtbsgt26g2h		2025-05-16 17:05:07	2025-05-16 17:05:07
x7dnpmzzwkw	x5bnpr8d8dh	倡	倡	chiŏng	1751	3	22	xtbsgt26g2h		2025-05-16 17:05:07	2025-05-16 17:05:07
xjapnqbj3jg	x5bnpr8d8dh	倡	倡	chióng	1751	3	22	xtbsgt26g2h		2025-05-16 17:05:07	2025-05-16 17:05:07
xnhcb5dhdfe	xavynevc6wj	倉	倉	chŏng	1752	1	1	xtbsgt26g2h		2025-05-16 17:05:07	2025-05-16 17:05:07
xtfz2n392vs	xanma6cf49h	倬	倬	dáuk	1752	1	2	xtbsgt26g2h		2025-05-16 17:05:07	2025-05-16 17:05:07
xswccru4afv			倒	dō̤	1752	1	3	xtbsgt26g2h		2025-05-16 17:05:07	2025-05-16 17:05:07
xft9t97sgxs	xngncj3h6gp	倨	倨	gé̤ṳ	1752	1	4	xtbsgt26g2h		2025-05-16 17:05:07	2025-05-16 17:05:07
xbnmynhdnhw	xunurxgdvdp	俱	俱	gê̤ṳ	1752	1	5	xtbsgt26g2h		2025-05-16 17:05:07	2025-05-16 17:05:07
xnhy2jkunv5	xunurxgdvdp	俱	俱	gṳ̀	1752	1	5	xtbsgt26g2h		2025-05-16 17:05:07	2025-05-16 17:05:07
xrufteubq6y			個	gó̤	1752	1	6	xtbsgt26g2h		2025-05-16 17:05:07	2025-05-16 17:05:07
xd4tbyvzauj	xhxrub6bbgj	倌	倌	guăng	1752	1	7	xtbsgt26g2h		2025-05-16 17:05:07	2025-05-16 17:05:07
xbvt57gqj9u	xspzgxqbmup	倔	倔	gŭk	1752	1	8	xtbsgt26g2h		2025-05-16 17:05:07	2025-05-16 17:05:07
xx7xs7fn7vw	xfe9dkp7xra	倦	倦	guông	1752	1	9	xtbsgt26g2h		2025-05-16 17:05:07	2025-05-16 17:05:07
xwgqfn7yunq			倖	hâing	1752	1	10	xtbsgt26g2h		2025-05-16 17:05:07	2025-05-16 17:05:07
x6r6jazynvq	xp2kaw2tt77	候	候	hâiu	1752	1	11	xtbsgt26g2h		2025-05-16 17:05:07	2025-05-16 17:05:07
x23ewxpvw6j	xkd65fae85w	俸	俸	hóng	1752	1	12	xtbsgt26g2h		2025-05-16 17:05:07	2025-05-16 17:05:07
xspuzj2nrwa	xfnjerjjaa7	俯	俯	hū	1752	1	13	xtbsgt26g2h		2025-05-16 17:05:07	2025-05-16 17:05:07
xb576t4y34b			倣	huōng	1752	1	14	xtbsgt26g2h		2025-05-16 17:05:07	2025-05-16 17:05:07
xwdyyt2d7z3			倚	ī	1752	1	15	xtbsgt26g2h		2025-05-16 17:05:07	2025-05-16 17:05:07
xwckfxn7ajx			倚	āi	1752	1	15	xtbsgt26g2h		2025-05-16 17:05:07	2025-05-16 17:05:07
xhpk6skssq2	x63xaaey87w	倥	倥	kŭng	1752	1	16	xtbsgt26g2h		2025-05-16 17:05:07	2025-05-16 17:05:07
xqdxrg77vm9	xt5c68ym4j6	倆	倆	liōng	1752	1	17	xtbsgt26g2h		2025-05-16 17:05:07	2025-05-16 17:05:07
x33wcucsawz	xfcvuzz6thw	倫	倫	lùng	1752	1	18	xtbsgt26g2h		2025-05-16 17:05:07	2025-05-16 17:05:07
xrh5mwyc7b2	xsmh6waeu4h	們	們	muòng	1752	1	19	xtbsgt26g2h		2025-05-16 17:05:07	2025-05-16 17:05:07
xa475vccquu	xpd3reqbkpz	倪	倪	ngà̤	1752	1	20	xtbsgt26g2h		2025-05-16 17:05:07	2025-05-16 17:05:07
xktazv5zcp2			倐	sé̤ṳk	1752	1	21	xtbsgt26g2h		2025-05-16 17:05:07	2025-05-16 17:05:07
x2qsnr6zxvz	x4peg8emune	倏	倏	sé̤ṳk	1752	1	21	xtbsgt26g2h		2025-05-16 17:05:07	2025-05-16 17:05:07
xp2t8f7juy7			俶	sé̤ṳk	1752	1	22	xtbsgt26g2h		2025-05-16 17:05:07	2025-05-16 17:05:07
xsnkrxk95k3			値	sĭk	1752	2	1	xtbsgt26g2h		2025-05-16 17:05:07	2025-05-16 17:05:07
xbbe3nvx9wk			値	dĭk	1752	2	1	xtbsgt26g2h		2025-05-16 17:05:07	2025-05-16 17:05:07
x3n9cvganxj			値	dĕk	1752	2	1	xtbsgt26g2h		2025-05-16 17:05:07	2025-05-16 17:05:07
xsmsd53tefa	xg39jagu95a	修	修	sĭu	1752	2	2	xtbsgt26g2h		2025-05-16 17:05:07	2025-05-16 17:05:07
x3bsbvz2qyr			䘮	sŏng	1752	2	3	xtbsgt26g2h		2025-05-16 17:05:07	2025-05-16 17:05:07
xxz5vmajpdd			䘮	sáung	1752	2	3	xtbsgt26g2h		2025-05-16 17:05:07	2025-05-16 17:05:07
x8f4ev5cxvq	xcd7h7cs3t2	倜	倜	ték	1752	2	4	xtbsgt26g2h		2025-05-16 17:05:07	2025-05-16 17:05:07
xmfa5msv5bx	xjkpdkq6ghk	倀	倀	tióng	1752	2	5	xtbsgt26g2h		2025-05-16 17:05:07	2025-05-16 17:05:07
xqbchyg8g88	xhu6pmfzrrn	倘	倘	tōng	1752	2	6	xtbsgt26g2h		2025-05-16 17:05:07	2025-05-16 17:05:07
x4vt3utz9ru	x7edw9px5qj	倭	倭	uŏi	1752	2	7	xtbsgt26g2h		2025-05-16 17:05:07	2025-05-16 17:05:07
xxzujfq4akw	x7edw9px5qj	倭	倭	uŏ	1752	2	7	xtbsgt26g2h		2025-05-16 17:05:07	2025-05-16 17:05:07
xy46t6kpx9t			側	cáik	1752	2	8	xtbsgt26g2h		2025-05-16 17:05:07	2025-05-16 17:05:07
xtw9quym4d3			側	cháik	1752	2	8	xtbsgt26g2h		2025-05-16 17:05:07	2025-05-16 17:05:07
xuwuakvgb74	x3pvkde9a6t	做	做	có̤	1752	2	9	xtbsgt26g2h		2025-05-16 17:05:07	2025-05-16 17:05:07
xghbx9twmr2			偬	cūng	1752	2	10	xtbsgt26g2h		2025-05-16 17:05:07	2025-05-16 17:05:07
xfxtf2e62r4			偢	chĭu	1752	2	11	xtbsgt26g2h		2025-05-16 17:05:07	2025-05-16 17:05:07
xngemp4j8vh			偵	dĭng	1752	2	12	xtbsgt26g2h		2025-05-16 17:05:07	2025-05-16 17:05:07
xef96uzcct7			偵	diāng	1752	2	12	xtbsgt26g2h		2025-05-16 17:05:07	2025-05-16 17:05:07
xavg84q4ztk	xffftgfx9du	停	停	dìng	1752	2	13	xtbsgt26g2h		2025-05-16 17:05:07	2025-05-16 17:05:07
xxyc7jt5y95			𠊲	dŏk	1752	2	14	xtbsgt26g2h		2025-05-16 17:05:07	2025-05-16 17:05:07
xbas3kac9fu			假	gā	1752	2	15	xtbsgt26g2h		2025-05-16 17:05:07	2025-05-16 17:05:07
xeq5jqjpcx7			假	gá	1752	2	15	xtbsgt26g2h		2025-05-16 17:05:07	2025-05-16 17:05:07
xmpesyuwz8t	xb2yuueuzzh	偕	偕	găi	1752	2	16	xtbsgt26g2h		2025-05-16 17:05:07	2025-05-16 17:05:07
xwdjrtas95h	xbvpkva8he5	偈	偈	giék	1752	2	17	xtbsgt26g2h		2025-05-16 17:05:08	2025-05-16 17:05:08
xgtu7qsuyr7			健	giông	1752	2	18	xtbsgt26g2h		2025-05-16 17:05:08	2025-05-16 17:05:08
xnkhvr9cndc			偃	iēng	1752	2	19	xtbsgt26g2h		2025-05-16 17:05:08	2025-05-16 17:05:08
xjxtttattcg	xfmyucj4f4z	偶	偶	ngēu	1752	2	20	xtbsgt26g2h		2025-05-16 17:05:08	2025-05-16 17:05:08
xphp6esvwcu			偪	páik	1752	2	21	xtbsgt26g2h		2025-05-16 17:05:08	2025-05-16 17:05:08
xxr8kcf8e4c	xqxuzfus2jv	偏	偏	piĕng	1752	2	22	xtbsgt26g2h		2025-05-16 17:05:08	2025-05-16 17:05:08
xb7889z3nd6	xr24cu72ajf	偲	偲	sṳ̆	1752	3	1	xtbsgt26g2h		2025-05-16 17:05:08	2025-05-16 17:05:08
xby9ythcwpr			偷	tĕu	1752	3	2	xtbsgt26g2h		2025-05-16 17:05:08	2025-05-16 17:05:08
x6b39xt3hzu			偷	tău	1752	3	2	xtbsgt26g2h		2025-05-16 17:05:08	2025-05-16 17:05:08
x8bgazbkc3e	x9zyxcf9kbe	偉	偉	ūi	1752	3	3	xtbsgt26g2h		2025-05-16 17:05:08	2025-05-16 17:05:08
xmnejh3sgpa	xvhgjyj8uev	偎	偎	uōi	1752	3	4	xtbsgt26g2h		2025-05-16 17:05:08	2025-05-16 17:05:08
xes4kzabzxa	xmnw36nrg6w	傍	傍	bâung	1752	3	5	xtbsgt26g2h		2025-05-16 17:05:08	2025-05-16 17:05:08
xye6amcr2vc	xmnw36nrg6w	傍	傍	bòng	1752	3	5	xtbsgt26g2h		2025-05-16 17:05:08	2025-05-16 17:05:08
xh5ugrvyk4w	xmnw36nrg6w	傍	傍	pâung	1752	3	5	xtbsgt26g2h		2025-05-16 17:05:08	2025-05-16 17:05:08
xj36392d67j	xqn5w9f7rr5	備	備	bê	1752	3	6	xtbsgt26g2h		2025-05-16 17:05:08	2025-05-16 17:05:08
xamvejnzg4z	xempwejmyqf	搓	搓	chŏ̤	1752	3	7	xtbsgt26g2h		2025-05-16 17:05:08	2025-05-16 17:05:08
xj8a7g9twyt	x7a23ub6vx3	傖	傖	chŏng	1752	3	8	xtbsgt26g2h		2025-05-16 17:05:08	2025-05-16 17:05:08
x5h4kt2jejy	xda9kafnst2	傏	傏	dòng	1752	3	9	xtbsgt26g2h		2025-05-16 17:05:08	2025-05-16 17:05:08
xy43d6dfrsr			傢	gă	1752	3	10	xtbsgt26g2h		2025-05-16 17:05:08	2025-05-16 17:05:08
x788k3suduz	xd22je6rapf	傑	傑	giĕk	1752	3	11	xtbsgt26g2h		2025-05-16 17:05:08	2025-05-16 17:05:08
xajapqtgrqw			傀	gūi	1752	3	12	xtbsgt26g2h		2025-05-16 17:05:08	2025-05-16 17:05:08
xv8n832a6ve			傀	kuŏ	1752	3	12	xtbsgt26g2h		2025-05-16 17:05:08	2025-05-16 17:05:08
xd9vpgx4txp			傚	hâu	1752	3	13	xtbsgt26g2h		2025-05-16 17:05:08	2025-05-16 17:05:08
x5qq2ed6d3y			傅	hó	1752	3	14	xtbsgt26g2h		2025-05-16 17:05:08	2025-05-16 17:05:08
xxq7h223sjr	xzhj4jegrf3	傘	傘	sāng	1752	3	15	xtbsgt26g2h		2025-05-16 17:05:08	2025-05-16 17:05:08
x3tam95w9yy	xvds7jp3mtt	傁	傁	sēu	1752	3	16	xtbsgt26g2h		2025-05-16 17:05:08	2025-05-16 17:05:08
xw2awt5xzd9	xayyj5stfcx	債	債	cái	1752	3	17	xtbsgt26g2h		2025-05-16 17:05:08	2025-05-16 17:05:08
xqhd8tt4yt4	xqgtwn4f5zc	傯	傯	cūng	1752	3	18	xtbsgt26g2h		2025-05-16 17:05:08	2025-05-16 17:05:08
x4gzyw26ud7	xfsaut6sx6k	僉	僉	chiĕng	1752	3	19	xtbsgt26g2h		2025-05-16 17:05:08	2025-05-16 17:05:08
x9zfu972m24	x736nchb8cf	催	催	chŏi	1752	3	20	xtbsgt26g2h		2025-05-16 17:05:08	2025-05-16 17:05:08
x6qwqjfxqzt	x736nchb8cf	催	催	chuŏi	1752	3	20	xtbsgt26g2h		2025-05-16 17:05:08	2025-05-16 17:05:08
xnhj8hdjbby			傳	duòng	1752	3	21	xtbsgt26g2h	原書有誤，已更正	2025-05-16 17:05:08	2025-05-16 17:05:08
xb3ncyb5dhh			傳	duông	1752	3	21	xtbsgt26g2h	原書有誤，已更正	2025-05-16 17:05:08	2025-05-16 17:05:08
xpzx865nx7n			僅	gê̤ṳng	1752	3	22	xtbsgt26g2h		2025-05-16 17:05:08	2025-05-16 17:05:08
xbxqz9be56f			傾	kīng	1753	1	1	xtbsgt26g2h		2025-05-16 17:05:08	2025-05-16 17:05:08
xkt2hgshqf8			傾	kìng	1753	1	1	xtbsgt26g2h		2025-05-16 17:05:08	2025-05-16 17:05:08
xtnech2ahee	x7zq7x6nbuy	僂	僂	lèu	1753	1	2	xtbsgt26g2h		2025-05-16 17:05:08	2025-05-16 17:05:08
x87wusy7dh5	x7zq7x6nbuy	僂	僂	lṳ̄	1753	1	2	xtbsgt26g2h		2025-05-16 17:05:08	2025-05-16 17:05:08
x6jeeyjyyfc	x3vzhhm47eb	僇	僇	lṳ̆k	1753	1	3	xtbsgt26g2h		2025-05-16 17:05:08	2025-05-16 17:05:08
xf3474t4kvk	xhgdem8rzgn	僈	僈	mâng	1753	1	4	xtbsgt26g2h		2025-05-16 17:05:08	2025-05-16 17:05:08
x36d9m4sprj			傲	ngô̤	1753	1	5	xtbsgt26g2h		2025-05-16 17:05:08	2025-05-16 17:05:08
xe68xywvqk8			傲	ngō̤	1753	1	5	xtbsgt26g2h		2025-05-16 17:05:08	2025-05-16 17:05:08
xbtnvbpa8zz			僊	siĕng	1753	1	6	xtbsgt26g2h		2025-05-16 17:05:08	2025-05-16 17:05:08
xf8rtctsqk4	xudx5uwgbme	傷	傷	siŏng	1753	1	7	xtbsgt26g2h		2025-05-16 17:05:08	2025-05-16 17:05:08
xxuh7btqs4w	x5zdyd8ehvv	傻	傻	suā	1753	1	8	xtbsgt26g2h		2025-05-16 17:05:08	2025-05-16 17:05:08
xw6hy8kua4u			傴	ṳ̄	1753	1	9	xtbsgt26g2h		2025-05-16 17:05:08	2025-05-16 17:05:08
xrmseskqxjz	xfpafndum2a	傭	傭	ṳ̀ng	1753	1	10	xtbsgt26g2h		2025-05-16 17:05:08	2025-05-16 17:05:08
x792k6juptc	xyqh94rd4ju	僕	僕	bŭk	1753	1	11	xtbsgt26g2h		2025-05-16 17:05:08	2025-05-16 17:05:08
x2fvs36mwd9	xjrra7ktaab	僝	僝	càng	1753	1	12	xtbsgt26g2h		2025-05-16 17:05:08	2025-05-16 17:05:08
xc74j3nb523	xjrra7ktaab	僝	僝	ciēng	1753	1	12	xtbsgt26g2h		2025-05-16 17:05:08	2025-05-16 17:05:08
x8xfjd9bq57	x7ce77ujr98	僧	僧	cĕng	1753	1	13	xtbsgt26g2h		2025-05-16 17:05:08	2025-05-16 17:05:08
x5ksvnxj2yr	xqwvr2hjfzw	僦	僦	cêu	1753	1	14	xtbsgt26g2h		2025-05-16 17:05:08	2025-05-16 17:05:08
x4j2qzj95c2	xfhkb798ma4	僬	僬	ciĕu	1753	1	15	xtbsgt26g2h		2025-05-16 17:05:08	2025-05-16 17:05:08
xw925rawe2u			僣	cièng	1753	1	16	xtbsgt26g2h		2025-05-16 17:05:08	2025-05-16 17:05:08
xbuaq8ff4ht	x8p3mmv68fu	僭	僭	cièng	1753	1	16	xtbsgt26g2h		2025-05-16 17:05:08	2025-05-16 17:05:08
xz6vpqjjzam	xj6ka2cpn93	僎	僎	cuâng	1753	1	17	xtbsgt26g2h		2025-05-16 17:05:08	2025-05-16 17:05:08
xavt6mearn2	xq8esc3he27	像	像	chiông	1753	1	18	xtbsgt26g2h		2025-05-16 17:05:08	2025-05-16 17:05:08
xcqgbvkzhmk	xfr9fmzjhes	僤	僤	dâng	1753	1	19	xtbsgt26g2h		2025-05-16 17:05:08	2025-05-16 17:05:08
xsxfx8gvbvc			僮	dùng	1753	1	20	xtbsgt26g2h		2025-05-16 17:05:08	2025-05-16 17:05:08
x6htxzvfu6c			僮	dè̤ng	1753	1	20	xtbsgt26g2h		2025-05-16 17:05:08	2025-05-16 17:05:08
xghs7gpj8ss	xmky2h27jp6	僑	僑	gièu	1753	1	21	xtbsgt26g2h		2025-05-16 17:05:08	2025-05-16 17:05:08
x4nv62z4zt2	x7wdnemm23d	僱	僱	gó	1753	1	22	xtbsgt26g2h		2025-05-16 17:05:08	2025-05-16 17:05:08
xsaz745y8sj	xkjvmwcyrxc	僩	僩	hāng	1753	2	1	xtbsgt26g2h		2025-05-16 17:05:08	2025-05-16 17:05:08
xquqsnq44p6	xqq7sw4ahwy	僖	僖	hĭ	1753	2	2	xtbsgt26g2h		2025-05-16 17:05:08	2025-05-16 17:05:08
xefz32as2ps	x8krh5qp42k	僥	僥	hiĕu	1753	2	3	xtbsgt26g2h		2025-05-16 17:05:08	2025-05-16 17:05:08
x89z7khgre4	x8krh5qp42k	僥	僥	ngièu	1753	2	3	xtbsgt26g2h		2025-05-16 17:05:08	2025-05-16 17:05:08
x9mhf7r9tnz	xsgtj9n3xns	僨	僨	hūng	1753	2	4	xtbsgt26g2h		2025-05-16 17:05:08	2025-05-16 17:05:08
xqb5dyr852g	xu9zvahuenr	僛	僛	kĭ	1753	2	5	xtbsgt26g2h		2025-05-16 17:05:08	2025-05-16 17:05:08
xwwsy4rje62	x67ncxmfazb	僚	僚	lièu	1753	2	6	xtbsgt26g2h		2025-05-16 17:05:08	2025-05-16 17:05:08
xpwe8rdd7x2	x67ncxmfazb	僚	僚	liēu	1753	2	6	xtbsgt26g2h		2025-05-16 17:05:08	2025-05-16 17:05:08
xzaxxxbh8uz	xxa9hhdc7xx	僞	僞	ngôi	1753	2	7	xtbsgt26g2h		2025-05-16 17:05:08	2025-05-16 17:05:08
xxbrtczhny9	xzhj4jegrf3	傘	傘	sāng	1753	2	8	xtbsgt26g2h		2025-05-16 17:05:08	2025-05-16 17:05:08
xejmjgfb4br			㒋	sṳ̆	1753	2	9	xtbsgt26g2h		2025-05-16 17:05:08	2025-05-16 17:05:08
x693peqbm7d	xz4caqzkk3p	儎	儎	cái	1753	2	10	xtbsgt26g2h		2025-05-16 17:05:08	2025-05-16 17:05:08
xu63xt3bmzw	xz4caqzkk3p	儎	儎	sâi	1753	2	10	xtbsgt26g2h		2025-05-16 17:05:08	2025-05-16 17:05:08
xtb9x77zm9j			㒞	cóng	1753	2	11	xtbsgt26g2h		2025-05-16 17:05:08	2025-05-16 17:05:08
x2e8wkjrcdk	xan54nfxqra	儋	儋	dăng	1753	2	12	xtbsgt26g2h		2025-05-16 17:05:08	2025-05-16 17:05:08
xycdqm45yrw	x7xjsrmcss9	億	億	é	1753	2	13	xtbsgt26g2h		2025-05-16 17:05:08	2025-05-16 17:05:08
xqhuqfbncvb	x4ktkvvpre8	價	價	gá	1753	2	14	xtbsgt26g2h		2025-05-16 17:05:08	2025-05-16 17:05:08
xar86xbyzt8	xthmxz8jjef	儉	儉	giêng	1753	2	15	xtbsgt26g2h		2025-05-16 17:05:08	2025-05-16 17:05:08
x4syfgnq8st	x22dbxqjydq	儆	儆	gīng	1753	2	16	xtbsgt26g2h		2025-05-16 17:05:08	2025-05-16 17:05:08
x8dvp3tmyp7	xam97fstaft	僵	僵	giŏng	1753	2	17	xtbsgt26g2h		2025-05-16 17:05:08	2025-05-16 17:05:08
xe6cdt2c2nf	xhj5y5kazvr	檜	檜	guói	1753	2	18	xtbsgt26g2h		2025-05-16 17:05:08	2025-05-16 17:05:08
x3hx57tha7w	xymq6f4hqwe	儇	儇	hiŏng	1753	2	19	xtbsgt26g2h		2025-05-16 17:05:08	2025-05-16 17:05:08
xqn52mn2kg2			儂	nùng	1753	2	20	xtbsgt26g2h		2025-05-16 17:05:08	2025-05-16 17:05:08
xjrs79f85az			儂	nè̤ng	1753	2	20	xtbsgt26g2h		2025-05-16 17:05:08	2025-05-16 17:05:08
xyfvaku9yau	xdw8njwkwgp	儀	儀	ngì	1753	2	21	xtbsgt26g2h		2025-05-16 17:05:08	2025-05-16 17:05:08
xyhv6pktc6k			僻	piáh	1753	2	22	xtbsgt26g2h		2025-05-16 17:05:08	2025-05-16 17:05:08
xkd7xz6dmaa			僻	pék	1753	2	22	xtbsgt26g2h		2025-05-16 17:05:08	2025-05-16 17:05:08
xqmmbhawyvc			僻	piék	1753	2	22	xtbsgt26g2h		2025-05-16 17:05:08	2025-05-16 17:05:08
xzxs3uhth5s			儃	sièng	1753	2	23	xtbsgt26g2h		2025-05-16 17:05:08	2025-05-16 17:05:08
x4sg4vmntp7	xku5zessjdj	儐	儐	béng	1753	3	1	xtbsgt26g2h		2025-05-16 17:05:08	2025-05-16 17:05:08
xvzpemgebr7	xkwg5w9b7fw	儕	儕	că̤	1753	3	2	xtbsgt26g2h		2025-05-16 17:05:08	2025-05-16 17:05:08
xt24fm3yxf5			儘	cêng	1753	3	3	xtbsgt26g2h		2025-05-16 17:05:08	2025-05-16 17:05:08
xzjzvba6s6n	xvpvn9h26wv	儚	儚	mŭng	1753	3	4	xtbsgt26g2h		2025-05-16 17:05:08	2025-05-16 17:05:08
xtk9q498vpq	xupcjn3pkb6	儜	儜	nìng	1753	3	5	xtbsgt26g2h		2025-05-16 17:05:08	2025-05-16 17:05:08
x6uemqcxqtx	xwks4m4cbez	儗	儗	ngī	1753	3	6	xtbsgt26g2h		2025-05-16 17:05:08	2025-05-16 17:05:08
x2886u4cynv	x4zmeyvb5b7	儔	儔	tìu	1753	3	7	xtbsgt26g2h		2025-05-16 17:05:08	2025-05-16 17:05:08
xd6wrnkcchp			儛	ū	1753	3	8	xtbsgt26g2h		2025-05-16 17:05:08	2025-05-16 17:05:08
xdk3ffkbx6q	x536amny4hf	儒	儒	ṳ̀	1753	3	9	xtbsgt26g2h		2025-05-16 17:05:08	2025-05-16 17:05:08
xc3pgdjc8fa			⿰亻鞋	â̤	1753	3	10	xtbsgt26g2h		2025-05-16 17:05:08	2025-05-16 17:05:08
xqf9nebfyq4	xwntkzhkbnq	儦	儦	biĕu	1753	3	11	xtbsgt26g2h		2025-05-16 17:05:08	2025-05-16 17:05:08
xqahpvwpyfz	x2a4ympf5v4	優	優	ĭu	1753	3	12	xtbsgt26g2h		2025-05-16 17:05:08	2025-05-16 17:05:08
x55f3v5spvy			儡	lūi	1753	3	13	xtbsgt26g2h		2025-05-16 17:05:08	2025-05-16 17:05:08
x9bntgsec74	xyv85hrc6am	償	償	siòng	1753	3	14	xtbsgt26g2h		2025-05-16 17:05:08	2025-05-16 17:05:08
xpx3wfba34g			儲	cṳ̆	1753	3	15	xtbsgt26g2h		2025-05-16 17:05:08	2025-05-16 17:05:08
xuazk26p635	xdadpqgxzph	儳	儳	càng	1753	3	16	xtbsgt26g2h		2025-05-16 17:05:08	2025-05-16 17:05:08
xgha2p4djhz			𠏹	hŭk	1753	3	17	xtbsgt26g2h		2025-05-16 17:05:08	2025-05-16 17:05:08
x9fxfwb6c8r	xp6kb553krv	儷	儷	lâ̤	1753	3	18	xtbsgt26g2h		2025-05-16 17:05:08	2025-05-16 17:05:08
xp26e9g52ye	xrvpr3j2ac9	儸	儸	lò̤	1753	3	19	xtbsgt26g2h		2025-05-16 17:05:08	2025-05-16 17:05:08
xj3wfxqptu8			⿲亻革隹	nò̤	1753	3	20	xtbsgt26g2h		2025-05-16 17:05:08	2025-05-16 17:05:08
xjn89y95kvn	xgpvjznjeym	儼	儼	ngièng	1753	3	21	xtbsgt26g2h		2025-05-16 17:05:08	2025-05-16 17:05:08
xhcs3uky54s	xvwmhtt5b7u	儻	儻	tōng	1753	3	22	xtbsgt26g2h		2025-05-16 17:05:08	2025-05-16 17:05:08
xf65bs5g736			儿	ìng	1754	1	1	xc3k2dqsumb		2025-05-16 17:05:08	2025-05-16 17:05:08
xf8g53dg4yq			𠃔	ṳ̄ng	1754	1	2	xc3k2dqsumb		2025-05-16 17:05:08	2025-05-16 17:05:08
x5y6vhn67cn			兀	uŏk	1754	1	3	xc3k2dqsumb		2025-05-16 17:05:08	2025-05-16 17:05:08
xvrmjcr8ucj	x65smnrfu2h	元	元	nguòng	1754	1	4	xc3k2dqsumb		2025-05-16 17:05:08	2025-05-16 17:05:08
xyy84q6jfkq	xjd8hsrkpwt	允	允	ṳ̄ng	1754	1	5	xc3k2dqsumb		2025-05-16 17:05:08	2025-05-16 17:05:08
xtsz5h9ypk6	xw6y45kz3ny	充	充	chṳ̆ng	1754	1	6	xc3k2dqsumb		2025-05-16 17:05:08	2025-05-16 17:05:08
xjfh6bgx3za			兄	hĭng	1754	1	7	xc3k2dqsumb		2025-05-16 17:05:08	2025-05-16 17:05:08
x49us9q6stf			兄	hiăng	1754	1	7	xc3k2dqsumb		2025-05-16 17:05:08	2025-05-16 17:05:08
xxctbr24j6c	xqqjbmkkkww	兆	兆	diêu	1754	1	8	xc3k2dqsumb		2025-05-16 17:05:08	2025-05-16 17:05:08
xa2xcs787qt			光	guŏng	1754	1	9	xc3k2dqsumb		2025-05-16 17:05:08	2025-05-16 17:05:08
xn6278qb7e8			光	gŏng	1754	1	9	xc3k2dqsumb		2025-05-16 17:05:08	2025-05-16 17:05:08
x3qgyspjnv8	x94ajej7qw4	兇	兇	hṳ̆ng	1754	1	10	xc3k2dqsumb		2025-05-16 17:05:08	2025-05-16 17:05:08
x98pgcdjbk5			先	siĕng	1754	1	11	xc3k2dqsumb		2025-05-16 17:05:08	2025-05-16 17:05:08
xzeebec33bx			先	sĭng	1754	1	11	xc3k2dqsumb		2025-05-16 17:05:08	2025-05-16 17:05:08
xpp4xpnfrca			先	siéng	1754	1	11	xc3k2dqsumb		2025-05-16 17:05:08	2025-05-16 17:05:08
xuvq6efj4f6			先	sĕng	1754	1	11	xc3k2dqsumb		2025-05-16 17:05:08	2025-05-16 17:05:08
x3j3uys8uhu	x27gkxzkj8a	兌	兌	dô̤i	1754	1	12	xc3k2dqsumb		2025-05-16 17:05:08	2025-05-16 17:05:08
xqvqftr4s59	x27gkxzkj8a	兌	兌	dó̤i	1754	1	12	xc3k2dqsumb		2025-05-16 17:05:08	2025-05-16 17:05:08
xpxusgx28y2			兑	dô̤i	1754	1	12	xc3k2dqsumb		2025-05-16 17:05:08	2025-05-16 17:05:08
xhx85q9jp7b			兑	dó̤i	1754	1	12	xc3k2dqsumb		2025-05-16 17:05:08	2025-05-16 17:05:08
xw4q7keqmn5	xpfn6x5as66	克	克	káik	1754	1	13	xc3k2dqsumb		2025-05-16 17:05:08	2025-05-16 17:05:08
xvjbgzznq8h	xkg6wmtyp5d	免	免	miēng	1754	1	14	xc3k2dqsumb		2025-05-16 17:05:08	2025-05-16 17:05:08
xv6uabyx7xu			兎	tó	1754	1	15	xc3k2dqsumb		2025-05-16 17:05:08	2025-05-16 17:05:08
xtcfcfp2uvj	xbgeau6uvjk	兒	兒	ì	1754	1	16	xc3k2dqsumb		2025-05-16 17:05:08	2025-05-16 17:05:08
x7s4ywj7trf	xaq4afvhr8q	兕	兕	sê̤ṳ	1754	1	17	xc3k2dqsumb		2025-05-16 17:05:08	2025-05-16 17:05:08
xhadkav9p4a			兔	tó	1754	1	18	xc3k2dqsumb		2025-05-16 17:05:08	2025-05-16 17:05:08
xjnermw8v3h			兜	dău	1754	1	19	xc3k2dqsumb		2025-05-16 17:05:08	2025-05-16 17:05:08
xp88wcqxghh			兜	dĕu	1754	1	19	xc3k2dqsumb		2025-05-16 17:05:08	2025-05-16 17:05:08
xccw2m75w54			𫥢	dău	1754	1	20	xc3k2dqsumb		2025-05-16 17:05:08	2025-05-16 17:05:08
x8dbj4tznwg	x3guy5baggs	兗	兗	iēng	1754	1	21	xc3k2dqsumb		2025-05-16 17:05:08	2025-05-16 17:05:08
x4gjc2djhbe			兙	sĕk	1754	2	1	xc3k2dqsumb		2025-05-16 17:05:08	2025-05-16 17:05:08
x7vv96k3xp4			党	dōng	1754	2	2	xc3k2dqsumb		2025-05-16 17:05:08	2025-05-16 17:05:08
x2vdf6uuk4j			⿱⿻𦥑白几	dău	1754	2	3	xc3k2dqsumb		2025-05-16 17:05:08	2025-05-16 17:05:08
x8wsx65dhg9			兝	hŭng	1754	2	4	xc3k2dqsumb		2025-05-16 17:05:08	2025-05-16 17:05:08
xs4jqwxegtg			兡	báik	1754	2	5	xc3k2dqsumb		2025-05-16 17:05:08	2025-05-16 17:05:08
xquanzbxngb	x44hput8q83	兢	兢	káik	1754	2	6	xc3k2dqsumb		2025-05-16 17:05:08	2025-05-16 17:05:08
xpqhpjp67gb			入	ĭk	1754	2	7	x5yhxaxzcju		2025-05-16 17:05:08	2025-05-16 17:05:08
xa2mfmfkddf			入	diē	1754	2	7	x5yhxaxzcju		2025-05-16 17:05:08	2025-05-16 17:05:08
xd5w7axyfbx	xk7ja8k2jky	內	內	nô̤i	1754	2	8	x5yhxaxzcju		2025-05-16 17:05:08	2025-05-16 17:05:08
xbn88asubx8	x6mcyfb8fqm	全	全	cuòng	1754	2	9	x5yhxaxzcju	原書有誤，已更正	2025-05-16 17:05:08	2025-05-16 17:05:08
xnxy5xhpeja			兩	liōng	1754	2	10	x5yhxaxzcju		2025-05-16 17:05:08	2025-05-16 17:05:08
xebrvxvz6rx			兪	ṳ̀	1754	2	11	x5yhxaxzcju		2025-05-16 17:05:08	2025-05-16 17:05:08
xwew3cub2uu			八	báik	1754	2	12	xwuud2tcxkt		2025-05-16 17:05:08	2025-05-16 17:05:08
xwgrpqzp5yr			公	gŭng	1754	2	13	xwuud2tcxkt		2025-05-16 17:05:08	2025-05-16 17:05:08
x7tveffxjr6	x54dsan97ks	兮	兮	iè	1754	2	14	xwuud2tcxkt		2025-05-16 17:05:08	2025-05-16 17:05:08
x62jfchxuqf			六	lĕ̤k	1754	2	15	xwuud2tcxkt		2025-05-16 17:05:08	2025-05-16 17:05:08
xmnxdysvkrm			共	gê̤ṳng	1754	2	16	xwuud2tcxkt		2025-05-16 17:05:08	2025-05-16 17:05:08
xet74zrvbcj			共	gâe̤ng	1754	2	16	xwuud2tcxkt		2025-05-16 17:05:08	2025-05-16 17:05:08
xkt9b2m6v6j			共	gṳ̆ng	1754	2	16	xwuud2tcxkt		2025-05-16 17:05:08	2025-05-16 17:05:08
xamfugd54x9	xz4and8ssnt	兵	兵	bĭng	1754	2	17	xwuud2tcxkt		2025-05-16 17:05:08	2025-05-16 17:05:08
xawdf9bas2z			典	diēng	1754	2	18	xwuud2tcxkt		2025-05-16 17:05:08	2025-05-16 17:05:08
xrrqjxchgyn			典	dēng	1754	2	18	xwuud2tcxkt		2025-05-16 17:05:08	2025-05-16 17:05:08
x8ghyhkuctd	xge5y3vhnux	具	具	gê̤ṳ	1754	2	19	xwuud2tcxkt		2025-05-16 17:05:08	2025-05-16 17:05:08
xzvqxdqsy4g			其	gì	1754	2	20	xwuud2tcxkt		2025-05-16 17:05:08	2025-05-16 17:05:08
x3qx4sv64c4	x62auekpx6n	兼	兼	giĕng	1754	3	1	xwuud2tcxkt		2025-05-16 17:05:08	2025-05-16 17:05:08
xcbs64jr6cy			𠔠	lò̤	1754	3	2	xwuud2tcxkt		2025-05-16 17:05:08	2025-05-16 17:05:08
x66c4hww3kp	x82qt9p5dte	冀	冀	gé	1754	3	3	xwuud2tcxkt		2025-05-16 17:05:08	2025-05-16 17:05:08
x5x8tx4rkz8			冂	hĭng	1754	3	4	xkj8f8uund6		2025-05-16 17:05:08	2025-05-16 17:05:08
xqpjuf5ghuf			册	cháh	1754	3	5	xkj8f8uund6		2025-05-16 17:05:08	2025-05-16 17:05:08
xkyns9et8gs			册	cháik	1754	3	5	xkj8f8uund6		2025-05-16 17:05:08	2025-05-16 17:05:08
xryp7cmcd9v	xtnzkvz3czu	冉	冉	iēng	1754	3	6	xkj8f8uund6		2025-05-16 17:05:08	2025-05-16 17:05:08
xp4vfcmg6wq	xhfzc9tbuwj	再	再	cái	1754	3	7	xkj8f8uund6		2025-05-16 17:05:08	2025-05-16 17:05:08
xghfjz4u4a5			𠕋	cháik	1754	3	8	xkj8f8uund6		2025-05-16 17:05:08	2025-05-16 17:05:08
xet2y26bwpq			𠕋	cháh	1754	3	8	xkj8f8uund6		2025-05-16 17:05:08	2025-05-16 17:05:08
x6gj7qpwb7b			冐	mô̤	1754	3	9	xkj8f8uund6		2025-05-16 17:05:08	2025-05-16 17:05:08
x7ybvgzab3g	x9485c5fq7j	胄	胄	dêu	1754	3	10	xkj8f8uund6		2025-05-16 17:05:08	2025-05-16 17:05:08
xfwjcdyqrp9	xpvpbhu7hnr	冒	冒	mô̤	1754	3	11	xkj8f8uund6		2025-05-16 17:05:08	2025-05-16 17:05:08
xtmv8a24jzn	xd8n5hp8zhn	冔	冔	hṳ̆	1754	3	12	xkj8f8uund6		2025-05-16 17:05:08	2025-05-16 17:05:08
x2cm9qs4m23	xu95wa3uwyp	冕	冕	miēng	1754	3	13	xkj8f8uund6		2025-05-16 17:05:08	2025-05-16 17:05:08
xmm7sdcw6ty			冖	mĭk	1754	3	14	x3nasr7ppq5		2025-05-16 17:05:08	2025-05-16 17:05:08
xqpc9myx3js			冗	nōng	1754	3	15	x3nasr7ppq5		2025-05-16 17:05:08	2025-05-16 17:05:08
xdb3d38ug2u			冠	guăng	1754	3	16	x3nasr7ppq5		2025-05-16 17:05:08	2025-05-16 17:05:08
xgcruecpazs			冠	guáng	1754	3	16	x3nasr7ppq5		2025-05-16 17:05:08	2025-05-16 17:05:08
xsb6zy9djb7	xstwhhz3jwq	冥	冥	mìng	1754	3	17	x3nasr7ppq5		2025-05-16 17:05:08	2025-05-16 17:05:08
x3a4dv2dzjt			冡	tūng	1754	3	18	x3nasr7ppq5		2025-05-16 17:05:08	2025-05-16 17:05:08
xv9rrhgm28q	xwwfw8tgs4y	冤	冤	uŏng	1754	3	19	x3nasr7ppq5		2025-05-16 17:05:08	2025-05-16 17:05:08
xsnbe9nrhw3	xg8fwzn8wmy	冪	冪	mĭk	1754	3	20	x3nasr7ppq5		2025-05-16 17:05:08	2025-05-16 17:05:08
x72ewsp5vyd			𠖥	tūng	1754	3	21	x3nasr7ppq5		2025-05-16 17:05:08	2025-05-16 17:05:08
xarwt7dwgtb			冫	bĭng	1755	1	1	x66mse7wxmm		2025-05-16 17:05:08	2025-05-16 17:05:08
xaqstwp5vrx	xjhp3bb48e9	冬	冬	dĕ̤ng	1755	1	2	x66mse7wxmm		2025-05-16 17:05:08	2025-05-16 17:05:08
xau2ppaaytb	xscenvx5wx6	冰	冰	bĭng	1755	1	3	x66mse7wxmm		2025-05-16 17:05:08	2025-05-16 17:05:08
xkxy794uq96			冲	chṳ̆ng	1755	1	4	x66mse7wxmm		2025-05-16 17:05:08	2025-05-16 17:05:08
x75dq5v8e69			决	giók	1755	1	5	x66mse7wxmm		2025-05-16 17:05:08	2025-05-16 17:05:08
x6zax3aqg46	xe48ztc5rkk	冶	冶	iā	1755	1	6	x66mse7wxmm		2025-05-16 17:05:08	2025-05-16 17:05:08
xwafvnttept	xyg2me7vgq7	冷	冷	lēng	1755	1	7	x66mse7wxmm		2025-05-16 17:05:08	2025-05-16 17:05:08
xpx846dkjcs	x333rpqryfz	冽	冽	liĕk	1755	1	8	x66mse7wxmm		2025-05-16 17:05:08	2025-05-16 17:05:08
xugtxuzawv4			凈	cêng	1755	1	9	x66mse7wxmm		2025-05-16 17:05:08	2025-05-16 17:05:08
xtm9qxdrumk			准	cūng	1755	1	10	x66mse7wxmm		2025-05-16 17:05:08	2025-05-16 17:05:08
xx9uzme3a9u	xkqqu4jxdr2	凎	凎	gáng	1755	1	11	x66mse7wxmm		2025-05-16 17:05:08	2025-05-16 17:05:08
xkrsa4sdef4	xakpmr8agcw	凄	凄	chă̤	1755	1	12	x66mse7wxmm		2025-05-16 17:05:08	2025-05-16 17:05:08
xhztbrx2m44			凑	cháiu	1755	1	13	x66mse7wxmm		2025-05-16 17:05:08	2025-05-16 17:05:08
xfhguruxet6	x33ucbxkkgz	凊	凊	chéng	1755	1	14	x66mse7wxmm		2025-05-16 17:05:08	2025-05-16 17:05:08
xxf87svutaq			凋	diĕu	1755	1	15	x66mse7wxmm		2025-05-16 17:05:08	2025-05-16 17:05:08
xprg9dgcdjc			凍	dóng	1755	1	16	x66mse7wxmm		2025-05-16 17:05:08	2025-05-16 17:05:08
xkab5r8cqfh			凍	dáe̤ng	1755	1	16	x66mse7wxmm		2025-05-16 17:05:08	2025-05-16 17:05:08
xj2xvb778nx			减	gēng	1755	1	17	x66mse7wxmm		2025-05-16 17:05:08	2025-05-16 17:05:08
x283keagsg7	xs6zwa7w8hc	凌	凌	lìng	1755	1	18	x66mse7wxmm		2025-05-16 17:05:08	2025-05-16 17:05:08
x28kj6ms7rj			凉	liòng	1755	1	19	x66mse7wxmm		2025-05-16 17:05:08	2025-05-16 17:05:08
xs7zrmpjqhv	xzn5wfhjj8a	凓	凓	lék	1755	1	20	x66mse7wxmm		2025-05-16 17:05:08	2025-05-16 17:05:08
x4qynaxy77k	xk6pwygsr3e	凜	凜	līng	1755	1	21	x66mse7wxmm		2025-05-16 17:05:08	2025-05-16 17:05:08
xvfzn74gy3d			凚	géng	1755	1	22	x66mse7wxmm		2025-05-16 17:05:08	2025-05-16 17:05:08
xdauq7rpw2y			凝	ngìng	1755	2	1	x66mse7wxmm		2025-05-16 17:05:08	2025-05-16 17:05:08
xvhuqa6nvej			凝	ngĭk	1755	2	1	x66mse7wxmm		2025-05-16 17:05:08	2025-05-16 17:05:08
xp6fz2gyqqz			凟	dŭk	1755	2	2	x66mse7wxmm		2025-05-16 17:05:08	2025-05-16 17:05:08
xj4y6whgbay			几	gī	1755	2	3	x5mr4br6mee		2025-05-16 17:05:08	2025-05-16 17:05:08
x252ywqmheq	xmxqmg47hy3	凡	凡	huàng	1755	2	4	x5mr4br6mee		2025-05-16 17:05:08	2025-05-16 17:05:08
xnqwdhk2e99			凢	huàng	1755	2	4	x5mr4br6mee		2025-05-16 17:05:08	2025-05-16 17:05:08
xhczyqe5pd7			壳	káuk	1755	2	5	x5mr4br6mee		2025-05-16 17:05:08	2025-05-16 17:05:08
x9p25dtns7a			壳	káe̤k	1755	2	5	x5mr4br6mee		2025-05-16 17:05:08	2025-05-16 17:05:08
x5jafrggad5			凭	bìng	1755	2	6	x5mr4br6mee		2025-05-16 17:05:08	2025-05-16 17:05:08
xvaxe2pu65n			凴	bìng	1755	2	7	x5mr4br6mee		2025-05-16 17:05:08	2025-05-16 17:05:08
xe232c8nhgz	x4zwken4xev	凰	凰	huòng	1755	2	8	x5mr4br6mee		2025-05-16 17:05:08	2025-05-16 17:05:08
xq8d325fhx4	xbw4e3a262k	凱	凱	kāi	1755	2	9	x5mr4br6mee		2025-05-16 17:05:08	2025-05-16 17:05:08
x3geejpwjyy	xckxadja7as	凳	凳	dáing	1755	2	10	x5mr4br6mee		2025-05-16 17:05:08	2025-05-16 17:05:08
x3kx2v82b55			凵	kāng	1755	2	11	x88cj3xxsdb		2025-05-16 17:05:08	2025-05-16 17:05:08
xbdjwrsswzy			凶	hṳ̆ng	1755	2	12	x88cj3xxsdb		2025-05-16 17:05:08	2025-05-16 17:05:08
x7ftvme5g3y			凹	ău	1755	2	13	x88cj3xxsdb		2025-05-16 17:05:08	2025-05-16 17:05:08
xvq956bvhbu			凹	náh	1755	2	13	x88cj3xxsdb		2025-05-16 17:05:08	2025-05-16 17:05:08
xgwbe73qrtd			凹	ná̤h	1755	2	13	x88cj3xxsdb		2025-05-16 17:05:08	2025-05-16 17:05:08
xq5qefmvhtb	xsuu224fw39	出	出	chók	1755	2	14	x88cj3xxsdb		2025-05-16 17:05:08	2025-05-16 17:05:08
xdur9csv73h			凸	dŏk	1755	2	15	x88cj3xxsdb		2025-05-16 17:05:08	2025-05-16 17:05:08
xn72n46nc88			凸	tū	1755	2	15	x88cj3xxsdb		2025-05-16 17:05:08	2025-05-16 17:05:08
xft55feqn65			㐫	hṳ̆ng	1755	2	16	x88cj3xxsdb		2025-05-16 17:05:08	2025-05-16 17:05:08
xfa8a7kr4gs	x4ug59exadd	函	函	hàng	1755	2	17	x88cj3xxsdb		2025-05-16 17:05:08	2025-05-16 17:05:08
xp5ayf9aftd			刀	dŏ̤	1755	2	18	xxb3z7xd7fs		2025-05-16 17:05:08	2025-05-16 17:05:08
x6cy3sgqmqz	xgd9ayjhge9	刁	刁	tiĕu	1755	2	19	xxb3z7xd7fs		2025-05-16 17:05:08	2025-05-16 17:05:08
xs97t8ra6hg	xgd9ayjhge9	刁	刁	diĕu	1755	2	19	xxb3z7xd7fs		2025-05-16 17:05:08	2025-05-16 17:05:08
xx9v6wc3x6t	xy7kyj4uq35	刃	刃	êng	1755	3	1	xxb3z7xd7fs		2025-05-16 17:05:08	2025-05-16 17:05:08
xp878wdcpth			刄	êng	1755	3	1	xxb3z7xd7fs		2025-05-16 17:05:08	2025-05-16 17:05:08
xm28v85araf	xyprv5mrn7s	切	切	chiék	1755	3	2	xxb3z7xd7fs		2025-05-16 17:05:08	2025-05-16 17:05:08
xpysw358v2t			分	hŭng	1755	3	3	xxb3z7xd7fs		2025-05-16 17:05:08	2025-05-16 17:05:08
x3gzwshcrrn			分	hông	1755	3	3	xxb3z7xd7fs		2025-05-16 17:05:08	2025-05-16 17:05:08
xz7fxpqx4r2			分	huŏng	1755	3	3	xxb3z7xd7fs		2025-05-16 17:05:08	2025-05-16 17:05:08
x94nrvarpwc	xqj22d4g6ww	刈	刈	ngiê	1755	3	4	xxb3z7xd7fs		2025-05-16 17:05:08	2025-05-16 17:05:08
xgk48a7qwpp			刋	kăng	1755	3	5	xxb3z7xd7fs		2025-05-16 17:05:08	2025-05-16 17:05:08
xeppxtrgkb9	xb2xzfzz4wm	刑	刑	hìng	1755	3	6	xxb3z7xd7fs		2025-05-16 17:05:08	2025-05-16 17:05:08
xuhbwdgdc3y	xh4cw5v628k	划	划	huà	1755	3	7	xxb3z7xd7fs		2025-05-16 17:05:08	2025-05-16 17:05:08
xfzjdn3ycvq	xh4cw5v628k	划	划	uà	1755	3	7	xxb3z7xd7fs		2025-05-16 17:05:08	2025-05-16 17:05:08
x7uhkj2f54z	x3yqjv3xwwc	列	列	liĕk	1755	3	8	xxb3z7xd7fs		2025-05-16 17:05:08	2025-05-16 17:05:08
xn2b3qt9y23	x8uzq6p54u8	刓	刓	nguàng	1755	3	9	xxb3z7xd7fs		2025-05-16 17:05:08	2025-05-16 17:05:08
x8c5pq5xq6r	xzpj4yjqne4	刎	刎	ūng	1755	3	10	xxb3z7xd7fs		2025-05-16 17:05:08	2025-05-16 17:05:08
xcegf9jr79d	xr6banptbqt	刖	刖	uŏk	1755	3	11	xxb3z7xd7fs		2025-05-16 17:05:08	2025-05-16 17:05:08
xpvcbr7299v	xnjserm3byv	刨	刨	bàu	1755	3	12	xxb3z7xd7fs		2025-05-16 17:05:08	2025-05-16 17:05:08
xzgd9j62gkm			別	biĕk	1755	3	13	xxb3z7xd7fs		2025-05-16 17:05:08	2025-05-16 17:05:08
xj5bwqrehda			別	biék	1755	3	13	xxb3z7xd7fs		2025-05-16 17:05:08	2025-05-16 17:05:08
xwe8rh66gt9			初	chŭ	1755	3	14	xxb3z7xd7fs		2025-05-16 17:05:08	2025-05-16 17:05:08
xm4ugp9rc2r			初	chĕ̤	1755	3	14	xxb3z7xd7fs		2025-05-16 17:05:08	2025-05-16 17:05:08
x725tbuu7hw			刧	giék	1755	3	15	xxb3z7xd7fs		2025-05-16 17:05:08	2025-05-16 17:05:08
xwzhjrzg2d2			刦	giék	1755	3	15	xxb3z7xd7fs		2025-05-16 17:05:08	2025-05-16 17:05:08
xzx6zy5xq64			利	lé	1755	3	16	xxb3z7xd7fs		2025-05-16 17:05:08	2025-05-16 17:05:08
xc49wkuese4			利	lê	1755	3	16	xxb3z7xd7fs		2025-05-16 17:05:08	2025-05-16 17:05:08
xnqunwytybx			㓟	miĕ	1755	3	17	xxb3z7xd7fs		2025-05-16 17:05:08	2025-05-16 17:05:08
xed4egn8hna			㓟	piĕ	1755	3	17	xxb3z7xd7fs		2025-05-16 17:05:08	2025-05-16 17:05:08
xxtyjsruzfc	x6d67rnhr5f	判	判	puáng	1755	3	18	xxb3z7xd7fs		2025-05-16 17:05:08	2025-05-16 17:05:08
xjg47ksw99r			删	săng	1755	3	19	xxb3z7xd7fs		2025-05-16 17:05:08	2025-05-16 17:05:08
xjvubsr8jkb	xrramkmp5ux	刣	刣	tài	1755	3	20	xxb3z7xd7fs		2025-05-16 17:05:09	2025-05-16 17:05:09
xcnsxz9ptb6	xv5h6gwmn2h	制	制	cié	1755	3	21	xxb3z7xd7fs		2025-05-16 17:05:09	2025-05-16 17:05:09
xda5vqnbz6j			刺	ché̤ṳ	1755	3	22	xxb3z7xd7fs		2025-05-16 17:05:09	2025-05-16 17:05:09
x9wj9w7qw4z	xbtcjsy2mvr	到	到	dó̤	1756	1	1	xxb3z7xd7fs		2025-05-16 17:05:09	2025-05-16 17:05:09
xhn3wmufp8e			㓤	gék	1756	1	2	xxb3z7xd7fs		2025-05-16 17:05:09	2025-05-16 17:05:09
xk4pyb7fhba	xfru2pzdxvm	刲	刲	giĕ	1756	1	3	xxb3z7xd7fs		2025-05-16 17:05:09	2025-05-16 17:05:09
xhbuhxwguvc	xy3padav4kz	刳	刳	gŭ	1756	1	4	xxb3z7xd7fs		2025-05-16 17:05:09	2025-05-16 17:05:09
xahtfqfk7q7	xy3padav4kz	刳	刳	kuŏ	1756	1	4	xxb3z7xd7fs		2025-05-16 17:05:09	2025-05-16 17:05:09
xe7k8mthsrj			刮	guák	1756	1	5	xxb3z7xd7fs		2025-05-16 17:05:09	2025-05-16 17:05:09
x5be3cux6pk			刮	gáuk	1756	1	5	xxb3z7xd7fs		2025-05-16 17:05:09	2025-05-16 17:05:09
x2zgxkhz43b	xx4ny3dugw3	券	券	guóng	1756	1	6	xxb3z7xd7fs		2025-05-16 17:05:09	2025-05-16 17:05:09
xwerhsaenba	xqcgq8zybpr	刻	刻	káik	1756	1	7	xxb3z7xd7fs		2025-05-16 17:05:09	2025-05-16 17:05:09
xpnw73grvq7			刹	sák	1756	1	8	xxb3z7xd7fs		2025-05-16 17:05:09	2025-05-16 17:05:09
xbuzxzvewyh	xhxu8vf4apx	刷	刷	sáuk	1756	1	9	xxb3z7xd7fs		2025-05-16 17:05:09	2025-05-16 17:05:09
xjfdwc5y7sm			𠛪	tiĕu	1756	1	10	xxb3z7xd7fs		2025-05-16 17:05:09	2025-05-16 17:05:09
xjadbe8wb8b			刴	tuō	1756	1	11	xxb3z7xd7fs	原書有誤，已更正	2025-05-16 17:05:09	2025-05-16 17:05:09
xj9tppm7gfw	x4qnapgqfn3	則	則	cáik	1756	1	12	xxb3z7xd7fs		2025-05-16 17:05:09	2025-05-16 17:05:09
xemqpds95aw			前	cièng	1756	1	13	xxb3z7xd7fs		2025-05-16 17:05:09	2025-05-16 17:05:09
xvtqdryfsd7			前	sèng	1756	1	13	xxb3z7xd7fs		2025-05-16 17:05:09	2025-05-16 17:05:09
xrcfaz9r4yq			剏	cháung	1756	1	14	xxb3z7xd7fs		2025-05-16 17:05:09	2025-05-16 17:05:09
xsw82wpp5at			剉	chó̤	1756	1	15	xxb3z7xd7fs		2025-05-16 17:05:09	2025-05-16 17:05:09
x7dbh8fq9zc			剉	chó̤i	1756	1	15	xxb3z7xd7fs		2025-05-16 17:05:09	2025-05-16 17:05:09
xqg9ebr8fwd	x4x6vuxs9q6	剋	剋	káik	1756	1	16	xxb3z7xd7fs		2025-05-16 17:05:09	2025-05-16 17:05:09
x7hqjezuykw	xjvy6gskn52	剌	剌	lăk	1756	1	17	xxb3z7xd7fs		2025-05-16 17:05:09	2025-05-16 17:05:09
xp7f5gnt3p5	xav7eyw9ezu	削	削	siók	1756	1	18	xxb3z7xd7fs		2025-05-16 17:05:09	2025-05-16 17:05:09
xmvqby5qk7r	xdkjjasynmy	剃	剃	tié	1756	1	19	xxb3z7xd7fs		2025-05-16 17:05:09	2025-05-16 17:05:09
xbyauy66dj9			剝	báuk	1756	1	20	xxb3z7xd7fs		2025-05-16 17:05:09	2025-05-16 17:05:09
x2auuh9dqnv			剝	buóh	1756	1	20	xxb3z7xd7fs		2025-05-16 17:05:09	2025-05-16 17:05:09
x65by5r6fkx			剚	cé̤ṳ	1756	1	21	xxb3z7xd7fs		2025-05-16 17:05:09	2025-05-16 17:05:09
x2ad36qjcrw	xy5gxpw2et8	剟	剟	cuók	1756	1	22	xxb3z7xd7fs		2025-05-16 17:05:09	2025-05-16 17:05:09
xwwamzfg5cy	xpkkughuy9r	剛	剛	gŏng	1756	1	23	xxb3z7xd7fs		2025-05-16 17:05:09	2025-05-16 17:05:09
x694s25rz8w	xpkkughuy9r	剛	剛	kăng	1756	1	23	xxb3z7xd7fs		2025-05-16 17:05:09	2025-05-16 17:05:09
xyp8t87xufn	xuwx5b48bvs	剡	剡	iēng	1756	2	1	xxb3z7xd7fs		2025-05-16 17:05:09	2025-05-16 17:05:09
x2z332yhxst	x72x7k8xh3k	剞	剞	kiē	1756	2	2	xxb3z7xd7fs		2025-05-16 17:05:09	2025-05-16 17:05:09
xd2eye3suun	xsefmdhdgf9	剖	剖	pēu	1756	2	3	xxb3z7xd7fs		2025-05-16 17:05:09	2025-05-16 17:05:09
xvjrdtedm4w	xwnavyx9e4z	剗	剗	sāng	1756	2	4	xxb3z7xd7fs		2025-05-16 17:05:09	2025-05-16 17:05:09
x9aukmbk9gk	xwnavyx9e4z	剗	剗	chiāng	1756	2	4	xxb3z7xd7fs		2025-05-16 17:05:09	2025-05-16 17:05:09
xtu4bpbkzhw			剔	ték	1756	2	5	xxb3z7xd7fs		2025-05-16 17:05:09	2025-05-16 17:05:09
xpvvup4ezxr	xxn7ntfzx4k	剜	剜	uāng	1756	2	6	xxb3z7xd7fs		2025-05-16 17:05:09	2025-05-16 17:05:09
xx49tnuerm7			剪	cēng	1756	2	7	xxb3z7xd7fs		2025-05-16 17:05:09	2025-05-16 17:05:09
xn6dpzhpexe	x2dg3s5khse	剮	剮	guā	1756	2	8	xxb3z7xd7fs		2025-05-16 17:05:09	2025-05-16 17:05:09
x6qwam2bcxn	x7qm2rje68e	副	副	hó	1756	2	9	xxb3z7xd7fs		2025-05-16 17:05:09	2025-05-16 17:05:09
xy383rtzwwq	xbf5exmrday	剭	剭	ók	1756	2	10	xxb3z7xd7fs		2025-05-16 17:05:09	2025-05-16 17:05:09
xkq8qajpjm5	xyp9jx2h2c8	剩	剩	sêng	1756	2	11	xxb3z7xd7fs		2025-05-16 17:05:09	2025-05-16 17:05:09
xsxuhe9f9ew	xyp9jx2h2c8	剩	剩	diông	1756	2	11	xxb3z7xd7fs		2025-05-16 17:05:09	2025-05-16 17:05:09
xnac2pj5s63	xfch6rdrbwh	創	創	cháung	1756	2	12	xxb3z7xd7fs		2025-05-16 17:05:09	2025-05-16 17:05:09
xhagu3vyj7d	x9azs93xprw	割	割	gák	1756	2	13	xxb3z7xd7fs		2025-05-16 17:05:09	2025-05-16 17:05:09
xmksxmq248q	xqnwar8a7hb	剴	剴	kāi	1756	2	14	xxb3z7xd7fs		2025-05-16 17:05:09	2025-05-16 17:05:09
xfz57vfq8wh			𠞩	cáuk	1756	2	15	xxb3z7xd7fs		2025-05-16 17:05:09	2025-05-16 17:05:09
xbmp6sgcmd8			剾	lēu	1756	2	16	xxb3z7xd7fs		2025-05-16 17:05:09	2025-05-16 17:05:09
xfby8qs4437	x6aa4x49ys5	剽	剽	piēu	1756	2	17	xxb3z7xd7fs		2025-05-16 17:05:09	2025-05-16 17:05:09
xgjmqmkfap3	x6aa4x49ys5	剽	剽	piĕu	1756	2	17	xxb3z7xd7fs		2025-05-16 17:05:09	2025-05-16 17:05:09
xz2u55myck7			剷	sāng	1756	2	18	xxb3z7xd7fs		2025-05-16 17:05:09	2025-05-16 17:05:09
x7cbchbgtmf	xanbkhxnbgk	剸	剸	tuàng	1756	2	19	xxb3z7xd7fs		2025-05-16 17:05:09	2025-05-16 17:05:09
xzzftrtn63r			㔃	căk	1756	2	20	xxb3z7xd7fs		2025-05-16 17:05:09	2025-05-16 17:05:09
xywjmkftxxn			劃	hĕk	1756	2	21	xxb3z7xd7fs		2025-05-16 17:05:09	2025-05-16 17:05:09
xpz4me5aah3			劃	uă	1756	2	21	xxb3z7xd7fs		2025-05-16 17:05:09	2025-05-16 17:05:09
xeqpj8wjqum	x62k7na93vh	劂	劂	kuók	1756	2	22	xxb3z7xd7fs		2025-05-16 17:05:09	2025-05-16 17:05:09
x5znkq8d6mz			𠢪	piék	1756	2	23	xxb3z7xd7fs		2025-05-16 17:05:09	2025-05-16 17:05:09
xzyj2q24rcc	x4jqy27tn8h	劍	劍	giéng	1756	3	1	xxb3z7xd7fs		2025-05-16 17:05:09	2025-05-16 17:05:09
x6fs4esxq4q	xbhz2fg3p9h	劊	劊	guói	1756	3	2	xxb3z7xd7fs		2025-05-16 17:05:09	2025-05-16 17:05:09
xvznz39surg			劇	kiŏk	1756	3	3	xxb3z7xd7fs		2025-05-16 17:05:09	2025-05-16 17:05:09
xw2pu45xqr8			劉	làu	1756	3	4	xxb3z7xd7fs		2025-05-16 17:05:09	2025-05-16 17:05:09
x8j9nfmzgc4			劉	lìu	1756	3	4	xxb3z7xd7fs		2025-05-16 17:05:09	2025-05-16 17:05:09
xfxxvypw9f4			劈	pék	1756	3	5	xxb3z7xd7fs		2025-05-16 17:05:09	2025-05-16 17:05:09
xhbapm4y9yh			劑	câ̤	1756	3	7	xxb3z7xd7fs		2025-05-16 17:05:09	2025-05-16 17:05:09
xd69g2st93u			勦	càu	1756	3	8	xxb3z7xd7fs		2025-05-16 17:05:09	2025-05-16 17:05:09
x5y7s5zgbb9	xk3ve82q9re	剿	剿	càu	1756	3	8	xxb3z7xd7fs		2025-05-16 17:05:09	2025-05-16 17:05:09
xa84adwpwkh	x8k2natvjka	㔌	㔌	cáuk	1756	3	9	xxb3z7xd7fs		2025-05-16 17:05:09	2025-05-16 17:05:09
xe6e7bckp82			劓	ngiê	1756	3	10	xxb3z7xd7fs		2025-05-16 17:05:09	2025-05-16 17:05:09
xtjr5vthqup	x77htaf2bn6	𠠁	𠠁	siáh	1756	3	11	xxb3z7xd7fs		2025-05-16 17:05:09	2025-05-16 17:05:09
x8r88n7pamd			劕	cék	1756	3	12	xxb3z7xd7fs		2025-05-16 17:05:09	2025-05-16 17:05:09
x8tqatjpjma			𠠃	chiĕng	1756	3	14	xxb3z7xd7fs		2025-05-16 17:05:09	2025-05-16 17:05:09
xau974nk9m4			劖	càng	1756	3	15	xxb3z7xd7fs		2025-05-16 17:05:09	2025-05-16 17:05:09
xgzmbzsgv78			劘	mò̤	1756	3	16	xxb3z7xd7fs		2025-05-16 17:05:09	2025-05-16 17:05:09
xvqr7apjzbz	xynsqc295f4	力	力	lĭk	1756	3	17	xbtcc97fhks		2025-05-16 17:05:09	2025-05-16 17:05:09
xyz66587qf2	x2sxfutbfth	加	加	gă	1756	3	18	xbtcc97fhks		2025-05-16 17:05:09	2025-05-16 17:05:09
xf2smvcsnqw	xrkybunx3b6	功	功	gŭng	1756	3	19	xbtcc97fhks		2025-05-16 17:05:09	2025-05-16 17:05:09
xk3yb854qu2	x5d3magcwvc	劣	劣	luók	1756	3	20	xbtcc97fhks	原書有誤，已更正	2025-05-16 17:05:09	2025-05-16 17:05:09
xyh54rx6wda			助	cô	1756	3	21	xbtcc97fhks		2025-05-16 17:05:09	2025-05-16 17:05:09
xj6wr8gnhuc			助	câe̤	1756	3	21	xbtcc97fhks		2025-05-16 17:05:09	2025-05-16 17:05:09
xyujg8shrqr	x4839pdav2q	劬	劬	kṳ̆	1757	1	1	xbtcc97fhks		2025-05-16 17:05:09	2025-05-16 17:05:09
x8mdwqxp9yg			劳	lò̤	1757	1	2	xbtcc97fhks		2025-05-16 17:05:09	2025-05-16 17:05:09
x4xnqpkszct	xfr6mervj2x	努	努	nū	1757	1	3	xbtcc97fhks		2025-05-16 17:05:09	2025-05-16 17:05:09
xsbasa3xmwg	xwm9k2zccsp	劭	劭	siêu	1757	1	4	xbtcc97fhks		2025-05-16 17:05:09	2025-05-16 17:05:09
x3pxdyk9b8s	x7bsc4ywvx5	𠡒	𠡒	dói	1757	1	5	xbtcc97fhks		2025-05-16 17:05:09	2025-05-16 17:05:09
x84gd353fqz			効	hâu	1757	1	6	xbtcc97fhks		2025-05-16 17:05:09	2025-05-16 17:05:09
xe4ygffj3gn	xtzreu7krkc	劾	劾	hŏk	1757	1	7	xbtcc97fhks		2025-05-16 17:05:09	2025-05-16 17:05:09
xxwuyztjk9p	x8dky83rkg7	劻	劻	kuŏng	1757	1	8	xbtcc97fhks		2025-05-16 17:05:09	2025-05-16 17:05:09
xe7nfhyvrwj	x6ec7epkywt	勃	勃	buŏk	1757	1	9	xbtcc97fhks		2025-05-16 17:05:09	2025-05-16 17:05:09
xmzga7akrxr	xu7ppjm9jjr	勁	勁	géng	1757	1	10	xbtcc97fhks		2025-05-16 17:05:09	2025-05-16 17:05:09
xvczehp5tdn	xu7ppjm9jjr	勁	勁	gêng	1757	1	10	xbtcc97fhks		2025-05-16 17:05:09	2025-05-16 17:05:09
x6hjbsa63e5	xht667sbv5s	勉	勉	miēng	1757	1	11	xbtcc97fhks		2025-05-16 17:05:09	2025-05-16 17:05:09
xegaau6j8ue			勅	ték	1757	1	12	xbtcc97fhks		2025-05-16 17:05:09	2025-05-16 17:05:09
xdajwkyu96a	x3xsnjsgeqf	勇	勇	ṳ̄ng	1757	1	13	xbtcc97fhks		2025-05-16 17:05:09	2025-05-16 17:05:09
xams7bhpskc	x7zmu8cahbs	勍	勍	gĭng	1757	1	14	xbtcc97fhks		2025-05-16 17:05:09	2025-05-16 17:05:09
x8qt6zwd9na			勑	lài	1757	1	15	xbtcc97fhks		2025-05-16 17:05:09	2025-05-16 17:05:09
x74rdqe6dha			勑	ték	1757	1	15	xbtcc97fhks		2025-05-16 17:05:09	2025-05-16 17:05:09
x8tfhuhq6yz			動	dông	1757	1	16	xbtcc97fhks		2025-05-16 17:05:09	2025-05-16 17:05:09
xxtqn6qku5m			動	dâe̤ng	1757	1	16	xbtcc97fhks		2025-05-16 17:05:09	2025-05-16 17:05:09
xzfd9zrx6er	x8xrse9bz86	勖	勖	hé̤ṳk	1757	1	17	xbtcc97fhks		2025-05-16 17:05:09	2025-05-16 17:05:09
x7wnk3x4t7q			朂	hé̤ṳk	1757	1	17	xbtcc97fhks		2025-05-16 17:05:09	2025-05-16 17:05:09
xerkta5gxve	x8uz424fv6k	勘	勘	káng	1757	1	18	xbtcc97fhks		2025-05-16 17:05:09	2025-05-16 17:05:09
xm9rhqytqe8	xtedngc6bnj	勒	勒	lĕk	1757	1	19	xbtcc97fhks		2025-05-16 17:05:09	2025-05-16 17:05:09
xfxyh9w9638	xzs2m78pbkq	勔	勔	miēng	1757	1	20	xbtcc97fhks		2025-05-16 17:05:09	2025-05-16 17:05:09
xat9tgzdfes	xvjk7tw22c8	務	務	ô	1757	1	21	xbtcc97fhks		2025-05-16 17:05:09	2025-05-16 17:05:09
xmvu4g9zjxd	xffv4gadv6h	勞	勞	lò̤	1757	1	22	xbtcc97fhks		2025-05-16 17:05:09	2025-05-16 17:05:09
xmd2unn4tjj	xffv4gadv6h	勞	勞	lô̤	1757	1	22	xbtcc97fhks		2025-05-16 17:05:09	2025-05-16 17:05:09
xxep584behm			勝	séng	1757	1	23	xbtcc97fhks		2025-05-16 17:05:09	2025-05-16 17:05:09
xfz7452wpcf			勝	sĭng	1757	1	23	xbtcc97fhks		2025-05-16 17:05:09	2025-05-16 17:05:09
xw6z5ujxhjq			勣	cék	1757	2	1	xbtcc97fhks		2025-05-16 17:05:09	2025-05-16 17:05:09
x3re5smrw3w	x35zdq3s8pb	勤	勤	kṳ̀ng	1757	2	2	xbtcc97fhks		2025-05-16 17:05:09	2025-05-16 17:05:09
xeqefde25ht			勠	lṳ̆k	1757	2	3	xbtcc97fhks		2025-05-16 17:05:09	2025-05-16 17:05:09
xu9c67mfccj	xnd9ge8wwhg	募	募	muô	1757	2	4	xbtcc97fhks		2025-05-16 17:05:09	2025-05-16 17:05:09
xg7uxx5fvqf			𫝑	sié	1757	2	5	xbtcc97fhks		2025-05-16 17:05:09	2025-05-16 17:05:09
xqg8a6zxc36	xvgvdsc9hjd	勢	勢	sié	1757	2	5	xbtcc97fhks		2025-05-16 17:05:09	2025-05-16 17:05:09
x9aqajtu69m	xeejzc2dtpu	勩	勩	é	1757	2	6	xbtcc97fhks		2025-05-16 17:05:09	2025-05-16 17:05:09
xnq6pzc2sq7	xmsbmd4x8yp	勰	勰	hiĕk	1757	2	7	xbtcc97fhks		2025-05-16 17:05:09	2025-05-16 17:05:09
xxuaf3r59kx	xzzr9ch7tnc	勳	勳	hṳ̆ng	1757	2	8	xbtcc97fhks		2025-05-16 17:05:09	2025-05-16 17:05:09
xfvtxm2x7rp	xp7cqw9e3mp	勵	勵	lâ̤	1757	2	9	xbtcc97fhks		2025-05-16 17:05:09	2025-05-16 17:05:09
xu2cfjj9dx7	xyxfp56j5zg	勸	勸	kuóng	1757	2	10	xbtcc97fhks		2025-05-16 17:05:09	2025-05-16 17:05:09
xyvhusn3nrr	x28tbjqdvrc	勷	勷	siŏng	1757	2	11	xbtcc97fhks		2025-05-16 17:05:09	2025-05-16 17:05:09
x475znguudg			勹	bău	1757	2	12	x636k2adz2s		2025-05-16 17:05:09	2025-05-16 17:05:09
x2kmd4yuuzp	xfd2jyhecme	勺	勺	chiók	1757	2	13	x636k2adz2s		2025-05-16 17:05:09	2025-05-16 17:05:09
xs8qdekqb4s			勽	bô̤	1757	2	14	x636k2adz2s		2025-05-16 17:05:09	2025-05-16 17:05:09
xq4d6k92bje			勾	gĕu	1757	2	15	x636k2adz2s		2025-05-16 17:05:09	2025-05-16 17:05:09
xuehbk7bvwu			勾	gău	1757	2	15	x636k2adz2s		2025-05-16 17:05:09	2025-05-16 17:05:09
xg2eruuxp5x			勾	gēu	1757	2	15	x636k2adz2s		2025-05-16 17:05:09	2025-05-16 17:05:09
xnycepu8zqk	xz7e7m6ypwq	勿	勿	ŭk	1757	2	16	x636k2adz2s		2025-05-16 17:05:09	2025-05-16 17:05:09
xq3bht2tgzn			勻	ṳ̀ng	1757	2	17	x636k2adz2s		2025-05-16 17:05:09	2025-05-16 17:05:09
x2y6dsxsb6f	xyehb5tzdya	包	包	bău	1757	2	18	x636k2adz2s		2025-05-16 17:05:09	2025-05-16 17:05:09
x987yaktp2e	x4hwuv9z4ry	匈	匈	hṳ̆ng	1757	2	19	x636k2adz2s		2025-05-16 17:05:09	2025-05-16 17:05:09
xw2eywyxkuy			匋	dò̤	1757	2	20	x636k2adz2s		2025-05-16 17:05:09	2025-05-16 17:05:09
x9adnkdd2mk			匊	gé̤ṳk	1757	2	21	x636k2adz2s		2025-05-16 17:05:09	2025-05-16 17:05:09
x6veru9u9hs	xx95u3tx4k4	匍	匍	buò	1757	3	1	x636k2adz2s		2025-05-16 17:05:09	2025-05-16 17:05:09
xueurvwdas5	xzgt3ygcxw8	匏	匏	bàu	1757	3	2	x636k2adz2s		2025-05-16 17:05:09	2025-05-16 17:05:09
x3wx4sp6r44	xwad7862v2j	匐	匐	bŭk	1757	3	3	x636k2adz2s		2025-05-16 17:05:09	2025-05-16 17:05:09
x8meakc7a78	xp684f43c3d	匕	匕	bī	1757	3	4	x333jub9sp3		2025-05-16 17:05:09	2025-05-16 17:05:09
xufpnuvurqx	x65uypyapzu	化	化	huá	1757	3	5	x333jub9sp3		2025-05-16 17:05:09	2025-05-16 17:05:09
xegrjyassvh	xevjr6krk5x	北	北	báe̤k	1757	3	6	x333jub9sp3		2025-05-16 17:05:09	2025-05-16 17:05:09
x5df7yd5yf7	xxmykxusdjz	匙	匙	siè	1757	3	7	x333jub9sp3		2025-05-16 17:05:09	2025-05-16 17:05:09
xtm9c3zr24u			匚	huŏng	1757	3	8	xrw8kj5sndf		2025-05-16 17:05:09	2025-05-16 17:05:09
xs3zs6ark77	x7a377p9xhb	匝	匝	cák	1757	3	9	xrw8kj5sndf		2025-05-16 17:05:09	2025-05-16 17:05:09
x88r4m32sca	xen7b3e6f7d	匜	匜	ì	1757	3	10	xrw8kj5sndf		2025-05-16 17:05:09	2025-05-16 17:05:09
xfcvp7wx9wh	x4ydb4nntqb	匠	匠	chióng	1757	3	11	xrw8kj5sndf		2025-05-16 17:05:09	2025-05-16 17:05:09
xcpvnusmr3x			匟	káung	1757	3	12	xrw8kj5sndf		2025-05-16 17:05:09	2025-05-16 17:05:09
xzjq2nbh9jc	xzutck5bpmh	匡	匡	kuŏng	1757	3	13	xrw8kj5sndf		2025-05-16 17:05:09	2025-05-16 17:05:09
x5esry3caps	xzutck5bpmh	匡	匡	kuông	1757	3	13	xrw8kj5sndf		2025-05-16 17:05:09	2025-05-16 17:05:09
xga6r6mtjbb	xjz6cwjzarx	匣	匣	ăk	1757	3	14	xrw8kj5sndf		2025-05-16 17:05:09	2025-05-16 17:05:09
xbyn2xnqau5	xsm8sww62kr	匪	匪	pī	1757	3	15	xrw8kj5sndf		2025-05-16 17:05:09	2025-05-16 17:05:09
xkyp4rcjr5e	xr2cwyq6z7q	匭	匭	gūi	1757	3	16	xrw8kj5sndf		2025-05-16 17:05:09	2025-05-16 17:05:09
xbz27sh2tfc	x5cky4qvxg9	匯	匯	huôi	1757	3	17	xrw8kj5sndf		2025-05-16 17:05:09	2025-05-16 17:05:09
x9c4gnb9k9r	xpx7b6rmbpx	㔏	㔏	liáh	1756	3	13	xxb3z7xd7fs		2025-10-17 15:54:40	2025-05-16 17:05:09
xuh5myvau92			滙	huôi	1757	3	17	xrw8kj5sndf		2025-05-16 17:05:09	2025-05-16 17:05:09
xrqbyegaf2c			匵	dŭk	1757	3	18	xrw8kj5sndf		2025-05-16 17:05:09	2025-05-16 17:05:09
xq7bxdbt7jp	xj5yg69ybfr	匱	匱	gôi	1757	3	19	xrw8kj5sndf		2025-05-16 17:05:09	2025-05-16 17:05:09
xqbggrfpxpy			匸	hī	1758	1	1	xx67mq6mg9v		2025-05-16 17:05:09	2025-05-16 17:05:09
x5nm49zgxez	xbacer86gfz	匹	匹	pék	1758	1	2	xx67mq6mg9v		2025-05-16 17:05:09	2025-05-16 17:05:09
xem2zvdvpwf	x6e463ge9cf	匾	匾	biēng	1758	1	3	xx67mq6mg9v		2025-05-16 17:05:09	2025-05-16 17:05:09
xny2kk4srg5	x6e463ge9cf	匾	匾	bēng	1758	1	3	xx67mq6mg9v		2025-05-16 17:05:09	2025-05-16 17:05:09
x4e5x9gkbt5			區	kṳ̆	1758	1	4	xx67mq6mg9v		2025-05-16 17:05:09	2025-05-16 17:05:09
xpehasz5zjc	xs42tya9z36	匿	匿	nĭk	1758	1	5	xx67mq6mg9v		2025-05-16 17:05:09	2025-05-16 17:05:09
xz23dsp4wqf			𠥶	tá̤	1758	1	6	xx67mq6mg9v		2025-05-16 17:05:09	2025-05-16 17:05:09
xyr95zmxhn6	xc3kws5sqdw	十	十	sĕk	1758	1	7	xcu5bqe8td7		2025-05-16 17:05:09	2025-05-16 17:05:09
xrrjtbpjhfv	x9c88durtce	千	千	chiĕng	1758	1	8	xcu5bqe8td7		2025-05-16 17:05:09	2025-05-16 17:05:09
xt45e3kwvvk	x8w6c9jukht	午	午	ngū	1758	1	9	xcu5bqe8td7		2025-05-16 17:05:09	2025-05-16 17:05:09
x838yrpz3gf	xaqvxz43ahr	卅	卅	sák	1758	1	10	xcu5bqe8td7		2025-05-16 17:05:09	2025-05-16 17:05:09
xeugr6htsex			升	sĭng	1758	1	11	xcu5bqe8td7		2025-05-16 17:05:09	2025-05-16 17:05:09
xubnzparb82			升	cĭng	1758	1	11	xcu5bqe8td7		2025-05-16 17:05:09	2025-05-16 17:05:09
xkbhaznpb37			半	buáng	1758	1	12	xcu5bqe8td7		2025-05-16 17:05:09	2025-05-16 17:05:09
xjytkr96tcd	xm8xj9fykge	卉	卉	ūi	1758	1	13	xcu5bqe8td7		2025-05-16 17:05:09	2025-05-16 17:05:09
xhtp3x8snrb			卋	sié	1758	1	14	xcu5bqe8td7		2025-05-16 17:05:09	2025-05-16 17:05:09
xguhsbjpyc4	x7ukncxrt74	卍	卍	uâng	1758	1	15	xcu5bqe8td7		2025-05-16 17:05:09	2025-05-16 17:05:09
xdk5uqaw9nw	x8pn4kkdq98	卑	卑	bĭ	1758	1	16	xcu5bqe8td7		2025-05-16 17:05:09	2025-05-16 17:05:09
x6e6y7b5uqm	xavrw66tmtg	卒	卒	cók	1758	1	17	xcu5bqe8td7		2025-05-16 17:05:09	2025-05-16 17:05:09
xfm7w74j7wf			卓	dó̤h	1758	1	18	xcu5bqe8td7		2025-05-16 17:05:09	2025-05-16 17:05:09
xzbt5kt9dez			卓	dáuk	1758	1	18	xcu5bqe8td7		2025-05-16 17:05:09	2025-05-16 17:05:09
xych7ve85wq	x9wenn9v4w6	協	協	hiĕk	1758	1	19	xcu5bqe8td7		2025-05-16 17:05:09	2025-05-16 17:05:09
xe6v7yyzxnr			单	dăng	1758	1	20	xcu5bqe8td7		2025-05-16 17:05:09	2025-05-16 17:05:09
xcwyezbc4x2	xw4wsthjasa	南	南	nàng	1758	2	1	xcu5bqe8td7		2025-05-16 17:05:09	2025-05-16 17:05:09
xm444dc84wb	xrsasf82qug	博	博	báuk	1758	2	2	xcu5bqe8td7		2025-05-16 17:05:09	2025-05-16 17:05:09
xh3ex7fx6m3			㔼	cūng	1758	2	3	xcu5bqe8td7		2025-05-16 17:05:09	2025-05-16 17:05:09
xu5z2tgsjrf			卜	bók	1758	2	4	x345m5kxfpp		2025-05-16 17:05:09	2025-05-16 17:05:09
xxpa64y3gn6			卜	báuk	1758	2	4	x345m5kxfpp		2025-05-16 17:05:09	2025-05-16 17:05:09
xx9wyn8z9kc	xn8e9wwet8s	卞	卞	biêng	1758	2	5	x345m5kxfpp		2025-05-16 17:05:09	2025-05-16 17:05:09
xgfzamhpfpu	xfak2zmjevz	卣	卣	īu	1758	2	8	x345m5kxfpp		2025-05-16 17:05:09	2025-05-16 17:05:09
xnhfebfe9g7	x227y7ev8nu	卦	卦	guá	1758	2	9	x345m5kxfpp		2025-05-16 17:05:09	2025-05-16 17:05:09
xdd6agfmtw4			卩	ciék	1758	2	10	xde733pmd6m		2025-05-16 17:05:09	2025-05-16 17:05:09
x2hcwkzhj8h			㔾	ciék	1758	2	10	xde733pmd6m		2025-05-16 17:05:09	2025-05-16 17:05:09
xuj4mkqzgeg	xjuaww9datd	卬	卬	ngòng	1758	2	11	xde733pmd6m		2025-05-16 17:05:09	2025-05-16 17:05:09
x7q5drxn29d	xcy7pc6p6hz	卯	卯	māu	1758	2	12	xde733pmd6m		2025-05-16 17:05:09	2025-05-16 17:05:09
xwzavvgrzss	x93vf37tbg8	印	印	éng	1758	2	13	xde733pmd6m		2025-05-16 17:05:09	2025-05-16 17:05:09
xvm53x96dgb	xn654kdrmdr	危	危	ngùi	1758	2	14	xde733pmd6m		2025-05-16 17:05:09	2025-05-16 17:05:09
xa987pmq54k			即	cék	1758	2	15	xde733pmd6m		2025-05-16 17:05:09	2025-05-16 17:05:09
xncqvzr7gyh			卺	cīng	1758	2	16	xde733pmd6m		2025-05-16 17:05:09	2025-05-16 17:05:09
x63btm9b7pn			卷	guóng	1758	2	17	xde733pmd6m		2025-05-16 17:05:09	2025-05-16 17:05:09
x5khf7pjcer			卷	guōng	1758	2	17	xde733pmd6m		2025-05-16 17:05:09	2025-05-16 17:05:09
xhtmjzkd4kx			却	kiók	1758	2	18	xde733pmd6m		2025-05-16 17:05:09	2025-05-16 17:05:09
xn3sbeuak6z			卵	luāng	1758	2	19	xde733pmd6m		2025-05-16 17:05:09	2025-05-16 17:05:09
xg7ncnj36qf	xej5jfy4zmw	卸	卸	siá	1758	2	20	xde733pmd6m		2025-05-16 17:05:09	2025-05-16 17:05:09
xk7zabda2ry			䘏	sók	1758	3	1	xde733pmd6m		2025-05-16 17:05:09	2025-05-16 17:05:09
xawdd5sexr7			卽	cék	1758	3	2	xde733pmd6m		2025-05-16 17:05:09	2025-05-16 17:05:09
x8afa8297s8			卷	guóng	1758	3	3	xde733pmd6m		2025-05-16 17:05:09	2025-05-16 17:05:09
xqxqts8fxpk			卼	uŏk	1758	3	4	xde733pmd6m		2025-05-16 17:05:09	2025-05-16 17:05:09
xevnqgxak34	x8vze6cu34m	卿	卿	dĭng	1758	3	5	xde733pmd6m		2025-05-16 17:05:09	2025-05-16 17:05:09
xt92uavdfhd			厂	háng	1758	3	6	xuz42eenjss		2025-05-16 17:05:09	2025-05-16 17:05:09
x8exdukscv4	xqbrg9vp7pe	厄	厄	áik	1758	3	7	xuz42eenjss		2025-05-16 17:05:09	2025-05-16 17:05:09
xxazcum4rfn			厎	dī	1758	3	8	xuz42eenjss		2025-05-16 17:05:09	2025-05-16 17:05:09
x4hp3t88mpd			厚	hâiu	1758	3	9	xuz42eenjss		2025-05-16 17:05:09	2025-05-16 17:05:09
xjufbcdy7dj			厚	gâu	1758	3	9	xuz42eenjss		2025-05-16 17:05:09	2025-05-16 17:05:09
xr2ekhf93mj	xk6hj27fg6y	厓	厓	ngài	1758	3	10	xuz42eenjss		2025-05-16 17:05:09	2025-05-16 17:05:09
xbvask5jwj6			厘	liè	1758	3	11	xuz42eenjss		2025-05-16 17:05:09	2025-05-16 17:05:09
xsdambqh247	x2n46rx9623	厝	厝	chuó	1758	3	12	xuz42eenjss	原書有誤，已更正	2025-05-16 17:05:09	2025-05-16 17:05:09
x9kuu4d9x6v	x39pedhkmt3	原	原	nguòng	1758	3	13	xuz42eenjss		2025-05-16 17:05:09	2025-05-16 17:05:09
xqgse4h9nv9	x39pedhkmt3	原	原	nguông	1758	3	13	xuz42eenjss		2025-05-16 17:05:09	2025-05-16 17:05:09
xsw9frty9ts			厠	cé̤ṳ	1758	3	14	xuz42eenjss		2025-05-16 17:05:09	2025-05-16 17:05:09
xzr9fz2rrfz	xackkf2zuas	廚	廚	duò	1758	3	15	xuz42eenjss	原書有誤，已更正	2025-05-16 17:05:09	2025-05-16 17:05:09
xgmqmjfjsug			厦	hâ	1758	3	16	xuz42eenjss		2025-05-16 17:05:09	2025-05-16 17:05:09
xv3we7erugv			厦	â	1758	3	16	xuz42eenjss		2025-05-16 17:05:09	2025-05-16 17:05:09
xmqahy9pkbx	xtgg5u7svev	厥	厥	kuók	1758	3	17	xuz42eenjss		2025-05-16 17:05:09	2025-05-16 17:05:09
x6x4s3j43ks			厰	chiōng	1758	3	18	xuz42eenjss		2025-05-16 17:05:09	2025-05-16 17:05:09
x97fhrejdyw	xvp9ytgvknp	厭	厭	iéng	1758	3	19	xuz42eenjss		2025-05-16 17:05:09	2025-05-16 17:05:09
xr6fed7s979	xvp9ytgvknp	厭	厭	iĕng	1758	3	19	xuz42eenjss		2025-05-16 17:05:09	2025-05-16 17:05:09
xnx566wpjqf	xvp9ytgvknp	厭	厭	ák	1758	3	19	xuz42eenjss		2025-05-16 17:05:09	2025-05-16 17:05:09
xc7ffgkm3fq	xvp9ytgvknp	厭	厭	iēng	1758	3	19	xuz42eenjss		2025-05-16 17:05:09	2025-05-16 17:05:09
xt9tsys4a7z			厮	sṳ̆	1758	3	20	xuz42eenjss		2025-05-16 17:05:09	2025-05-16 17:05:09
x2qc3w6pq86	xfgnzdm95qg	厲	厲	lâ̤	1758	3	21	xuz42eenjss		2025-05-16 17:05:09	2025-05-16 17:05:09
x3b8yea86kf			厶	sṳ̆	1759	1	1	xfvhdtsz3et		2025-05-16 17:05:09	2025-05-16 17:05:09
xd4y3hfwwgv	xsmft9en4xd	厹	厹	gìu	1759	1	2	xfvhdtsz3et		2025-05-16 17:05:09	2025-05-16 17:05:09
xssjqq9df4q			去	kṳ̄	1759	1	3	xfvhdtsz3et		2025-05-16 17:05:09	2025-05-16 17:05:09
xsrhtm3pec5			叁	săng	1759	1	4	xfvhdtsz3et		2025-05-16 17:05:09	2025-05-16 17:05:09
x2wby3c3ch7			𠫵	chăng	1759	1	5	xfvhdtsz3et		2025-05-16 17:05:09	2025-05-16 17:05:09
x37q6sh5ync			參	sĕng	1759	1	6	xfvhdtsz3et		2025-05-16 17:05:09	2025-05-16 17:05:09
xnxedskns9u			參	chăng	1759	1	6	xfvhdtsz3et		2025-05-16 17:05:09	2025-05-16 17:05:09
xus9xd2gc62	xjsttgc279q	叄	叄	săng	1759	1	7	xfvhdtsz3et		2025-05-16 17:05:09	2025-05-16 17:05:09
xgty667jtvn	x4d344b6uuq	又	又	êu	1759	1	8	x8yhexmuxnp		2025-05-16 17:05:09	2025-05-16 17:05:09
xhxasna8c2j	x5zjujp4vvy	占	占	ciĕng	1758	2	7	x345m5kxfpp		2025-09-18 17:50:15	2025-05-16 17:05:09
xqkc3r2rw53	xcje4vwwh82	占	占	ciéng	1758	2	7	x345m5kxfpp		2025-09-18 18:14:47	2025-05-16 17:05:09
xu9jdsp969m	xwujhq7u9uf	去	去	ké̤ṳ	1759	1	3	xfvhdtsz3et		2025-09-26 17:24:32	2025-05-16 17:05:09
x9bv4jh4xkz	xvnfzjqwfys	叉	叉	chă	1759	1	9	x8yhexmuxnp		2025-05-16 17:05:09	2025-05-16 17:05:09
xz3q3qb4usj	x3pxfps8zts	及	及	gĭk	1759	1	10	x8yhexmuxnp		2025-05-16 17:05:09	2025-05-16 17:05:09
xwvjcsbhw37			反	huāng	1759	1	11	x8yhexmuxnp		2025-05-16 17:05:09	2025-05-16 17:05:09
x9cn8knwyth	xr43ghjwt7z	友	友	īu	1759	1	12	x8yhexmuxnp		2025-05-16 17:05:09	2025-05-16 17:05:09
xxzeav2u57m			双	sĕ̤ng	1759	1	13	x8yhexmuxnp		2025-05-16 17:05:09	2025-05-16 17:05:09
xn59sknn26d			収	sĭu	1759	1	14	x8yhexmuxnp		2025-05-16 17:05:09	2025-05-16 17:05:09
xy9xkb99q8m	xm5myycjvxc	取	取	chṳ̄	1759	1	15	x8yhexmuxnp		2025-05-16 17:05:09	2025-05-16 17:05:09
x66u8p9ghhv	xm5myycjvxc	取	取	ché̤ṳ	1759	1	15	x8yhexmuxnp		2025-05-16 17:05:09	2025-05-16 17:05:09
xjx5frj4s6y			㕞	sáuk	1759	1	16	x8yhexmuxnp		2025-05-16 17:05:09	2025-05-16 17:05:09
x4jcd5e8adm	xk5ax553nx7	受	受	sêu	1759	1	17	x8yhexmuxnp		2025-05-16 17:05:09	2025-05-16 17:05:09
xvxg77zd3s5			叔	sé̤ṳk	1759	1	18	x8yhexmuxnp		2025-05-16 17:05:09	2025-05-16 17:05:09
xpw36f2be9k			叔	cé̤ṳk	1759	1	18	x8yhexmuxnp		2025-05-16 17:05:09	2025-05-16 17:05:09
xfugaw9zhek	xkhf83nc3pn	叛	叛	buâng	1759	1	19	x8yhexmuxnp		2025-05-16 17:05:09	2025-05-16 17:05:09
xbn6rqjsd8c			叚	dâung	1759	1	20	x8yhexmuxnp		2025-05-16 17:05:09	2025-05-16 17:05:09
xadshkdg7wn			叙	sê̤ṳ	1759	1	21	x8yhexmuxnp		2025-05-16 17:05:09	2025-05-16 17:05:09
xmzy3eqwexd	xvt6gtstbkm	叟	叟	sēu	1759	2	1	x8yhexmuxnp		2025-05-16 17:05:09	2025-05-16 17:05:09
xrpjka2xqjf	xvt6gtstbkm	叟	叟	sĕu	1759	2	1	x8yhexmuxnp		2025-05-16 17:05:09	2025-05-16 17:05:09
xhm5gbaw26g			叠	diĕk	1759	2	2	x8yhexmuxnp		2025-05-16 17:05:09	2025-05-16 17:05:09
xnvxqvv6ypb			叠	tăk	1759	2	2	x8yhexmuxnp		2025-05-16 17:05:09	2025-05-16 17:05:09
xpcr429arnu			叡	iô	1759	2	3	x8yhexmuxnp		2025-05-16 17:05:09	2025-05-16 17:05:09
xdp7338fnft	xsx5m7gq8ud	叢	叢	cùng	1759	2	4	x8yhexmuxnp		2025-05-16 17:05:09	2025-05-16 17:05:09
xqm3epsk8bq			口	kēu	1759	2	5	xs62838wqnx		2025-05-16 17:05:09	2025-05-16 17:05:09
x8pqdxev8pn			口	kāu	1759	2	5	xs62838wqnx		2025-05-16 17:05:09	2025-05-16 17:05:09
xyjx6f533uh			口	kèu	1759	2	5	xs62838wqnx		2025-05-16 17:05:09	2025-05-16 17:05:09
xrj8nupx7nr			叭	bá	1759	2	6	xs62838wqnx		2025-05-16 17:05:09	2025-05-16 17:05:09
xq26hec9rka			叭	bà̤	1759	2	6	xs62838wqnx		2025-05-16 17:05:10	2025-05-16 17:05:10
xm4amfw3mbq	xqfy6f4zce7	只	只	cī	1759	2	7	xs62838wqnx		2025-05-16 17:05:10	2025-05-16 17:05:10
xjqm6n2k8u9	xuncvx872y5	叱	叱	chék	1759	2	8	xs62838wqnx		2025-05-16 17:05:10	2025-05-16 17:05:10
xxkb45vw6e5	xuncvx872y5	叱	叱	chiĕ	1759	2	8	xs62838wqnx		2025-05-16 17:05:10	2025-05-16 17:05:10
xxfenyx73jx	xqj2kvrtqzw	召	召	diêu	1759	2	10	xs62838wqnx		2025-05-16 17:05:10	2025-05-16 17:05:10
xwkquk56gec	xqj2kvrtqzw	召	召	siêu	1759	2	10	xs62838wqnx		2025-05-16 17:05:10	2025-05-16 17:05:10
x7b4dutw9e3			叮	dĭng	1759	2	11	xs62838wqnx		2025-05-16 17:05:10	2025-05-16 17:05:10
xvjpxe26qkz	x743vu4zvdg	右	右	êu	1759	2	12	xs62838wqnx		2025-05-16 17:05:10	2025-05-16 17:05:10
x6bu47xe95z			句	gĕu	1759	2	13	xs62838wqnx		2025-05-16 17:05:10	2025-05-16 17:05:10
xwje6abr5bv			句	gău	1759	2	13	xs62838wqnx		2025-05-16 17:05:10	2025-05-16 17:05:10
xbbm2kedunh			句	guó	1759	2	13	xs62838wqnx		2025-05-16 17:05:10	2025-05-16 17:05:10
xz3cedzevqv	xwvtph679kf	叫	叫	giéu	1759	2	14	xs62838wqnx		2025-05-16 17:05:10	2025-05-16 17:05:10
x52sf2664vz			叴	gìu	1759	2	15	xs62838wqnx		2025-05-16 17:05:10	2025-05-16 17:05:10
xz9j8v33959	xn29d7ut76d	古	古	gū	1759	2	16	xs62838wqnx		2025-05-16 17:05:10	2025-05-16 17:05:10
xm26f9qkk9z	xn29d7ut76d	古	古	kŭ	1759	2	16	xs62838wqnx		2025-05-16 17:05:10	2025-05-16 17:05:10
xtb6k3tzxtw			叶	hiĕk	1759	2	17	xs62838wqnx		2025-05-16 17:05:10	2025-05-16 17:05:10
xvdsyh4z2km			号	hô̤	1759	2	18	xs62838wqnx		2025-05-16 17:05:10	2025-05-16 17:05:10
xmp5vh3epej			号	hò̤	1759	2	18	xs62838wqnx		2025-05-16 17:05:10	2025-05-16 17:05:10
x5t2bqt2ru9	x3vwyzeqsfb	叩	叩	káiu	1759	2	19	xs62838wqnx		2025-05-16 17:05:10	2025-05-16 17:05:10
xp8h5eukzvc	xm69x993wxk	可	可	kō̤	1759	2	20	xs62838wqnx		2025-05-16 17:05:10	2025-05-16 17:05:10
x9hjxyn7u92	xxadbs9mgms	另	另	lêng	1759	2	21	xs62838wqnx		2025-05-16 17:05:10	2025-05-16 17:05:10
xpnvnzt6ypg			叵	pō̤	1759	2	22	xs62838wqnx		2025-05-16 17:05:10	2025-05-16 17:05:10
x8p88kv29vg			司	sṳ̆	1759	3	1	xs62838wqnx		2025-05-16 17:05:10	2025-05-16 17:05:10
xbbupt5vpfv			司	sĭ	1759	3	1	xs62838wqnx		2025-05-16 17:05:10	2025-05-16 17:05:10
x5srjfchabj			司	să	1759	3	1	xs62838wqnx		2025-05-16 17:05:10	2025-05-16 17:05:10
xw5jd3a6wjw	xq8jv8zznk5	史	史	sṳ̄	1759	3	2	xs62838wqnx		2025-05-16 17:05:10	2025-05-16 17:05:10
xyf9makybmk			叨	tŏ̤	1759	3	3	xs62838wqnx		2025-05-16 17:05:10	2025-05-16 17:05:10
xzzaffpgt8k			吓	ā	1759	3	4	xs62838wqnx		2025-05-16 17:05:10	2025-05-16 17:05:10
xm4y6t5xnbd			吒	chá	1759	3	5	xs62838wqnx		2025-05-16 17:05:10	2025-05-16 17:05:10
xjz4vy4hxrh	xf7hjrdtyac	吋	吋	cháung	1759	3	6	xs62838wqnx		2025-05-16 17:05:10	2025-05-16 17:05:10
x5p5ynt2676			吊	dáiu	1759	3	7	xs62838wqnx		2025-05-16 17:05:10	2025-05-16 17:05:10
xqs9q665e2x			吊	diéu	1759	3	7	xs62838wqnx		2025-05-16 17:05:10	2025-05-16 17:05:10
xab5apfhgb4			同	dùng	1759	3	8	xs62838wqnx		2025-05-16 17:05:10	2025-05-16 17:05:10
xum6y7sc3tv			同	dè̤ng	1759	3	8	xs62838wqnx		2025-05-16 17:05:10	2025-05-16 17:05:10
xxhhwt64gg8	xpy2gg2jws7	后	后	hâiu	1759	3	9	xs62838wqnx		2025-05-16 17:05:10	2025-05-16 17:05:10
xzg88numsd7			合	hăk	1759	3	10	xs62838wqnx		2025-05-16 17:05:10	2025-05-16 17:05:10
xyg8qsrkrn9			合	gák	1759	3	10	xs62838wqnx		2025-05-16 17:05:10	2025-05-16 17:05:10
xz86fejnj6d	x83b9f9n96v	向	向	hióng	1759	3	11	xs62838wqnx		2025-05-16 17:05:10	2025-05-16 17:05:10
x9kdyghmn9d	xkxxk7rnc3f	吆	吆	iĕu	1759	3	13	xs62838wqnx		2025-05-16 17:05:10	2025-05-16 17:05:10
xgymtbxuprz			各	gáuk	1759	3	14	xs62838wqnx		2025-05-16 17:05:10	2025-05-16 17:05:10
xrsakdwem8u	xypfhn52w6g	吉	吉	gék	1759	3	15	xs62838wqnx		2025-05-16 17:05:10	2025-05-16 17:05:10
xm77p2p4qan	xw2eftew9q3	吏	吏	lê	1759	3	16	xs62838wqnx		2025-05-16 17:05:10	2025-05-16 17:05:10
x7wnru8vp67			吂	máung	1759	3	17	xs62838wqnx		2025-05-16 17:05:10	2025-05-16 17:05:10
xvm7xn4jpd8			名	mìng	1759	3	18	xs62838wqnx		2025-05-16 17:05:10	2025-05-16 17:05:10
xqn29nny8zq			名	miàng	1759	3	18	xs62838wqnx		2025-05-16 17:05:10	2025-05-16 17:05:10
xjy9c9tbw9c	xdmvvkry7r9	吃	吃	ngék	1759	3	19	xs62838wqnx		2025-05-16 17:05:10	2025-05-16 17:05:10
xjzuhj6frp2	xmv8jdy2yds	吐	吐	tó	1759	3	20	xs62838wqnx		2025-05-16 17:05:10	2025-05-16 17:05:10
xjyd3t3xfaa	xkrue86ren5	吧	吧	bă	1759	3	21	xs62838wqnx		2025-05-16 17:05:10	2025-05-16 17:05:10
xj59yden4m8			吱	ciĕ	1759	3	22	xs62838wqnx		2025-05-16 17:05:10	2025-05-16 17:05:10
x8g577aenfh			吮	cóng	1759	3	23	xs62838wqnx		2025-05-16 17:05:10	2025-05-16 17:05:10
xedx59x8nd7			吵	chā	1760	1	1	xs62838wqnx		2025-05-16 17:05:10	2025-05-16 17:05:10
xe8q8hw8aq6			吵	chāu	1760	1	1	xs62838wqnx		2025-05-16 17:05:10	2025-05-16 17:05:10
xe7r2t2rqh6	xmxg9jpmbhf	呎	呎	chióh	1760	1	2	xs62838wqnx		2025-05-16 17:05:10	2025-05-16 17:05:10
xxcemw6evvj	xh4dzqpuyqg	吹	吹	chuŏi	1760	1	3	xs62838wqnx		2025-05-16 17:05:10	2025-05-16 17:05:10
x785wpq68mj			呈	diàng	1760	1	4	xs62838wqnx		2025-05-16 17:05:10	2025-05-16 17:05:10
xmcuj58jdp9			呌	giéu	1760	1	5	xs62838wqnx		2025-05-16 17:05:10	2025-05-16 17:05:10
xmvddfssyhv			吿	gó̤	1760	1	6	xs62838wqnx		2025-05-16 17:05:10	2025-05-16 17:05:10
x4qzeqnn2ca	x57x69pd3cb	君	君	gŭng	1760	1	7	xs62838wqnx		2025-05-16 17:05:10	2025-05-16 17:05:10
xjg5v36m9j9			含	hàng	1760	1	8	xs62838wqnx		2025-05-16 17:05:10	2025-05-16 17:05:10
xycksmf2w9h			含	hâng	1760	1	8	xs62838wqnx		2025-05-16 17:05:10	2025-05-16 17:05:10
xgfsy6zpvmd	x78udv4sfqn	吁	吁	hṳ̆	1759	3	12	xs62838wqnx		2026-03-22 15:10:11	2025-05-16 17:05:10
xxcw2vpxqtt	xcyp3x2t975	吓	吓	à	1759	3	4	xs62838wqnx		2026-04-12 01:06:12	2025-05-16 17:05:10
x4tzp4fmxqd	x3g8mz2rn3m	吼	吼	hāu	1760	1	9	xs62838wqnx		2025-05-16 17:05:10	2025-05-16 17:05:10
xgj4wwzty6b			吠	hiê	1760	1	10	xs62838wqnx		2025-05-16 17:05:10	2025-05-16 17:05:10
xqysbktza96			吠	bôi	1760	1	10	xs62838wqnx		2025-05-16 17:05:10	2025-05-16 17:05:10
xgsdk6ckjgt	xmdz44znhrm	吭	吭	hòng	1760	1	11	xs62838wqnx		2025-05-16 17:05:10	2025-05-16 17:05:10
x7g9jyc7buz	xkzfw82b8d6	吩	吩	hŭng	1760	1	12	xs62838wqnx		2025-05-16 17:05:10	2025-05-16 17:05:10
x47my22yz46			吚	ĭ	1760	1	13	xs62838wqnx		2025-05-16 17:05:10	2025-05-16 17:05:10
x7erejznvnc	xe7wy7fmpjp	呀	呀	iá	1760	1	14	xs62838wqnx		2025-05-16 17:05:10	2025-05-16 17:05:10
x5ux4q9upj6	xe7wy7fmpjp	呀	呀	iă	1760	1	14	xs62838wqnx		2025-05-16 17:05:10	2025-05-16 17:05:10
xbjwpnemzb8	xkh9e3d85e8	吝	吝	lêng	1760	1	15	xs62838wqnx		2025-05-16 17:05:10	2025-05-16 17:05:10
xgsj9psufz8	xwzum8jzwvx	呂	呂	lṳ̄	1760	1	16	xs62838wqnx		2025-05-16 17:05:10	2025-05-16 17:05:10
xjfbdyqfeak	xcz77arshzy	吶	吶	nŏk	1760	1	17	xs62838wqnx		2025-05-16 17:05:10	2025-05-16 17:05:10
xmtay67cbke	xcz77arshzy	吶	吶	năk	1760	1	17	xs62838wqnx		2025-05-16 17:05:10	2025-05-16 17:05:10
xx9mgyeqb5y			吸	ngék	1760	1	19	xs62838wqnx		2025-05-16 17:05:10	2025-05-16 17:05:10
x9zs7wh9ncb	x88wmfc2q4t	吟	吟	ngìng	1760	1	20	xs62838wqnx		2025-05-16 17:05:10	2025-05-16 17:05:10
xvy8zh6d53w	xa55jhvyrc4	吾	吾	ngù	1760	1	21	xs62838wqnx		2025-05-16 17:05:10	2025-05-16 17:05:10
xep4m8byntu	xfcg7r8m9h3	吳	吳	ngù	1760	1	22	xs62838wqnx		2025-05-16 17:05:10	2025-05-16 17:05:10
xxxzkwzcvje			否	pēu	1760	1	23	xs62838wqnx		2025-05-16 17:05:10	2025-05-16 17:05:10
x9azfykbh4p			否	pī	1760	1	23	xs62838wqnx		2025-05-16 17:05:10	2025-05-16 17:05:10
xgnaaf963t4			𠯔	pói	1760	2	1	xs62838wqnx		2025-05-16 17:05:10	2025-05-16 17:05:10
xssqrnpe29n			听	téng	1760	2	2	xs62838wqnx		2025-05-16 17:05:10	2025-05-16 17:05:10
xjdjhmky4k5			呑	tŏng	1760	2	3	xs62838wqnx		2025-05-16 17:05:10	2025-05-16 17:05:10
xmq47d5axmg	x53t5b2fz53	吻	吻	ūng	1760	2	4	xs62838wqnx		2025-05-16 17:05:10	2025-05-16 17:05:10
xchcq7wgfbb	xyje5caxzdf	呷	呷	gák	1760	2	5	xs62838wqnx		2025-05-16 17:05:10	2025-05-16 17:05:10
xkcxuq9yq62	x5f89r2z7s8	咆	咆	bàu	1760	2	6	xs62838wqnx		2025-05-16 17:05:10	2025-05-16 17:05:10
xf67juh95sk			咋	cá	1760	2	7	xs62838wqnx		2025-05-16 17:05:10	2025-05-16 17:05:10
xqfwm3hyzw8	x26crfcxgax	𠰏	𠰏	ciăk	1760	2	8	xs62838wqnx		2025-05-16 17:05:10	2025-05-16 17:05:10
xwq8uc2qnsd	x26crfcxgax	𠰏	𠰏	ciák	1760	2	8	xs62838wqnx		2025-05-16 17:05:10	2025-05-16 17:05:10
x34s496c3mv			呰	ciē	1760	2	9	xs62838wqnx		2025-05-16 17:05:10	2025-05-16 17:05:10
xqzvspeq5e5			呪	ciéu	1760	2	10	xs62838wqnx		2025-05-16 17:05:10	2025-05-16 17:05:10
xfej7kbzc4j			呪	céu	1760	2	10	xs62838wqnx		2025-05-16 17:05:10	2025-05-16 17:05:10
x79wg2d9zv2	xehnbb2vujx	咒	咒	ciéu	1760	2	10	xs62838wqnx		2025-05-16 17:05:10	2025-05-16 17:05:10
xj8qhazf32d	xehnbb2vujx	咒	咒	céu	1760	2	10	xs62838wqnx		2025-05-16 17:05:10	2025-05-16 17:05:10
xx4guyu3nyg	x93ftt2f8g8	周	周	cĭu	1760	2	11	xs62838wqnx		2025-05-16 17:05:10	2025-05-16 17:05:10
xeeafjqbmvn	xe4hu7qkabu	咀	咀	có	1760	2	12	xs62838wqnx		2025-05-16 17:05:10	2025-05-16 17:05:10
xdprwrxw2wf	xe4hu7qkabu	咀	咀	cū	1760	2	12	xs62838wqnx		2025-05-16 17:05:10	2025-05-16 17:05:10
xqdabjhptqa			𠰍	dó	1760	2	13	xs62838wqnx		2025-05-16 17:05:10	2025-05-16 17:05:10
xxghntzhjaz			咄	duók	1760	2	14	xs62838wqnx		2025-05-16 17:05:10	2025-05-16 17:05:10
xksasgqpja7			味	ê	1760	2	15	xs62838wqnx		2025-05-16 17:05:10	2025-05-16 17:05:10
x3atsev5trt			咏	êng	1760	2	16	xs62838wqnx		2025-05-16 17:05:10	2025-05-16 17:05:10
xmf5pxn5xgh	xk9c5z5fey9	咖	咖	gă	1760	2	17	xs62838wqnx		2025-05-16 17:05:10	2025-05-16 17:05:10
xn8zkzxsqfz			奇	gì	1760	2	18	xs62838wqnx		2025-05-16 17:05:10	2025-05-16 17:05:10
xeu8xkxz6kv			奇	kiă	1760	2	18	xs62838wqnx		2025-05-16 17:05:10	2025-05-16 17:05:10
xpvmq7qmwx3			奇	kiĕ	1760	2	18	xs62838wqnx		2025-05-16 17:05:10	2025-05-16 17:05:10
xy47v4ma66q	xb728w8eujr	咍	咍	hăi	1760	2	19	xs62838wqnx		2025-05-16 17:05:10	2025-05-16 17:05:10
x8yv2uw8xjt	x5pjrajhd8z	呴	呴	hé̤ṳ	1760	2	20	xs62838wqnx		2025-05-16 17:05:10	2025-05-16 17:05:10
xc3ece3ecz2	x7vqq5t9sxc	咐	咐	hó	1760	2	21	xs62838wqnx		2025-05-16 17:05:10	2025-05-16 17:05:10
xb5zmffwjwk			呼	hù	1760	2	22	xs62838wqnx		2025-05-16 17:05:10	2025-05-16 17:05:10
xucwtvtukn2			呼	hŭ	1760	2	22	xs62838wqnx		2025-05-16 17:05:10	2025-05-16 17:05:10
x5xfhdfkskh			和	huò	1760	2	23	xs62838wqnx		2025-05-16 17:05:10	2025-05-16 17:05:10
xub5hwh5fh2			和	huô	1760	2	23	xs62838wqnx		2025-05-16 17:05:10	2025-05-16 17:05:10
x7n9vg2683r			和	hù	1760	2	23	xs62838wqnx		2025-05-16 17:05:10	2025-05-16 17:05:10
xrqe9d4heac	xjhgbxgr557	呦	呦	ĭu	1760	3	1	xs62838wqnx		2025-05-16 17:05:10	2025-05-16 17:05:10
xj47fxqw9vp			咎	kéu	1760	3	2	xs62838wqnx		2025-05-16 17:05:10	2025-05-16 17:05:10
xudgmk8gwwu			命	mêng	1760	3	3	xs62838wqnx		2025-05-16 17:05:10	2025-05-16 17:05:10
x24sszbhgeu			命	miâng	1760	3	3	xs62838wqnx		2025-05-16 17:05:10	2025-05-16 17:05:10
xux8r3akq38			呢	nà̤	1760	3	4	xs62838wqnx		2025-05-16 17:05:10	2025-05-16 17:05:10
xxxvs38z67k			呢	nì	1760	3	4	xs62838wqnx		2025-05-16 17:05:10	2025-05-16 17:05:10
xwdbwtrnc6g			呶	nàu	1760	3	5	xs62838wqnx		2025-05-16 17:05:10	2025-05-16 17:05:10
xgmectx9hvm			呵	hè̤	1760	3	6	xs62838wqnx		2025-05-16 17:05:10	2025-05-16 17:05:10
xvnup3m67mw			呞	sĭ	1760	3	7	xs62838wqnx		2025-05-16 17:05:10	2025-05-16 17:05:10
xmf8mznchmk			呻	sĭng	1760	3	8	xs62838wqnx		2025-05-16 17:05:10	2025-05-16 17:05:10
xg4brkaaajn	xzz527nfqwm	呱	呱	uă	1760	3	9	xs62838wqnx		2025-05-16 17:05:10	2025-05-16 17:05:10
x8qek3mx6bh	xevghqbd5ux	哊	哊	áe̤h	1760	3	10	xs62838wqnx		2025-05-16 17:05:10	2025-05-16 17:05:10
xjjezj7d8za	xugpfyxjzud	哀	哀	ăi	1760	3	11	xs62838wqnx		2025-05-16 17:05:10	2025-05-16 17:05:10
xzup6tbp3ph			咱	că	1760	3	12	xs62838wqnx		2025-05-16 17:05:10	2025-05-16 17:05:10
xe6v59843sk	x57p6znqbgq	哉	哉	căi	1760	3	13	xs62838wqnx		2025-05-16 17:05:10	2025-05-16 17:05:10
x6xaqu2gq75	x8gch94d7wx	咫	咫	cī	1760	3	14	xs62838wqnx		2025-05-16 17:05:10	2025-05-16 17:05:10
xeshkxuw3dr			咨	cṳ̆	1760	3	15	xs62838wqnx		2025-05-16 17:05:10	2025-05-16 17:05:10
xra32tmx2hk			咤	chá	1760	3	16	xs62838wqnx		2025-05-16 17:05:10	2025-05-16 17:05:10
xr3dr5pzzp6			哆	chiē	1760	3	17	xs62838wqnx		2025-05-16 17:05:10	2025-05-16 17:05:10
xjadthe7d2d			咲	chiéu	1760	3	18	xs62838wqnx		2025-05-16 17:05:10	2025-05-16 17:05:10
xepja2vq32w	xg6jynhhwdx	咥	咥	diĕk	1760	3	19	xs62838wqnx		2025-05-16 17:05:10	2025-05-16 17:05:10
xrprg2zqd54	xg6jynhhwdx	咥	咥	hé	1760	3	19	xs62838wqnx		2025-05-16 17:05:10	2025-05-16 17:05:10
xshedw2myyw			咮	diéu	1760	3	20	xs62838wqnx		2025-05-16 17:05:10	2025-05-16 17:05:10
x5hyzqwugub	xud4xe5ay3j	咷	咷	dò̤	1760	3	21	xs62838wqnx		2025-05-16 17:05:10	2025-05-16 17:05:10
xd7xj32cfz8			咬	gâ	1760	3	22	xs62838wqnx		2025-05-16 17:05:10	2025-05-16 17:05:10
x64aau475yt			咬	ngāu	1760	3	22	xs62838wqnx		2025-05-16 17:05:10	2025-05-16 17:05:10
xf8mj9qncy9			咬	gău	1760	3	22	xs62838wqnx		2025-05-16 17:05:10	2025-05-16 17:05:10
xgpbytmq8zm			咬	ngēu	1760	3	22	xs62838wqnx		2025-05-16 17:05:10	2025-05-16 17:05:10
xzmv4jnr7d6	xtk8rruz8vg	呵	呵	hŏ̤	1760	3	6	xs62838wqnx		2025-09-14 21:22:58	2025-05-16 17:05:10
xfe653g8dnh	xs9jg486r63	呵	呵	ŏ̤	1760	3	6	xs62838wqnx		2025-09-14 21:23:23	2025-05-16 17:05:10
xf9u7kqsn9p	xsgn24ke7gj	呵	呵	hĕ̤	1760	3	6	xs62838wqnx		2025-09-14 21:23:40	2025-05-16 17:05:10
x75u958x4dq	xdanejg9ja2	告	呼	gáe̤	1760	2	22	xs62838wqnx		2025-09-19 11:37:11	2025-05-16 17:05:10
xn66emjty5p	x75djbqqnpq	呆	呆	ngài	1760	1	18	xs62838wqnx		2025-10-22 02:12:09	2025-05-16 17:05:10
xxres2equts	xvjr4edtc3k	哈	哈	hăk	1760	3	23	xs62838wqnx		2026-04-12 00:57:41	2025-05-16 17:05:10
xr3ma9a8amu	x3bazgp8w9r	哈	哈	kăh	1760	3	23	xs62838wqnx		2026-04-12 00:59:32	2025-05-16 17:05:10
xwe8pdzeh5p	xp3krm8tq8h	哈	哈	hă	1760	3	23	xs62838wqnx		2026-04-12 02:07:36	2025-05-16 17:05:10
x7tuknq9ude			咳	hài	1761	1	1	xs62838wqnx		2025-05-16 17:05:10	2025-05-16 17:05:10
xqs7cpajznd			咸	hàng	1761	1	2	xs62838wqnx		2025-05-16 17:05:10	2025-05-16 17:05:10
xfryyhq6zme			响	hiōng	1761	1	3	xs62838wqnx		2025-05-16 17:05:10	2025-05-16 17:05:10
xqtkykb4dqe	x48phsanmu6	咻	咻	hĭu	1761	1	4	xs62838wqnx		2025-05-16 17:05:10	2025-05-16 17:05:10
xpj9f53m3np			哄	hūng	1761	1	5	xs62838wqnx		2025-05-16 17:05:10	2025-05-16 17:05:10
xca4nz82eme	xw8w2jqmgwb	咿	咿	ĭ	1761	1	6	xs62838wqnx		2025-05-16 17:05:10	2025-05-16 17:05:10
x3kcekgdxwa			㖇	ì	1761	1	7	xs62838wqnx		2025-05-16 17:05:10	2025-05-16 17:05:10
xkzxucxjkma			咽	iĕng	1761	1	8	xs62838wqnx		2025-05-16 17:05:10	2025-05-16 17:05:10
x9rn5dsxpcq			咽	iék	1761	1	8	xs62838wqnx		2025-05-16 17:05:10	2025-05-16 17:05:10
xmpa55f9vcy			咽	iēng	1761	1	8	xs62838wqnx		2025-05-16 17:05:10	2025-05-16 17:05:10
xajqu2f6vgn	x25vhgcp9fc	咯	咯	lŏk	1761	1	9	xs62838wqnx		2025-05-16 17:05:10	2025-05-16 17:05:10
xemqxg6nz7c	xpshnjadfpr	咡	咡	né	1761	1	10	xs62838wqnx		2025-05-16 17:05:10	2025-05-16 17:05:10
xcthzyb8eqw			咢	ngáuk	1761	1	11	xs62838wqnx		2025-05-16 17:05:10	2025-05-16 17:05:10
xadrfj9aw36	x6ajqwhhbh2	品	品	pīng	1761	1	12	xs62838wqnx		2025-05-16 17:05:10	2025-05-16 17:05:10
xtrmy292gja	xhzczrkbnaj	哂	哂	sīng	1761	1	13	xs62838wqnx		2025-05-16 17:05:10	2025-05-16 17:05:10
xncwp4bct4a	x3z38budqcc	哇	哇	uă	1761	1	14	xs62838wqnx		2025-05-16 17:05:10	2025-05-16 17:05:10
xtbb54xrt4r	xxd4h4gb4e4	唉	唉	ăi	1761	1	15	xs62838wqnx		2025-05-16 17:05:10	2025-05-16 17:05:10
xn92byshj7p	xxd4h4gb4e4	唉	唉	ài	1761	1	15	xs62838wqnx		2025-05-16 17:05:10	2025-05-16 17:05:10
xwhjx5dvz47	xxd4h4gb4e4	唉	唉	ôi	1761	1	15	xs62838wqnx		2025-05-16 17:05:10	2025-05-16 17:05:10
xc7rssjyka7			唄	bâi	1761	1	16	xs62838wqnx		2025-05-16 17:05:10	2025-05-16 17:05:10
xfqnx5akwbe	x6kdtrkthzp	哵	哵	bák	1761	1	17	xs62838wqnx		2025-05-16 17:05:10	2025-05-16 17:05:10
x82eu35az6g	x47ry6mq8n6	哺	哺	buô	1761	1	18	xs62838wqnx		2025-05-16 17:05:10	2025-05-16 17:05:10
xesrsvyhax2	x92kzz3sma2	哲	哲	diék	1761	1	19	xs62838wqnx		2025-05-16 17:05:10	2025-05-16 17:05:10
xgq2e4v2php	xndvvww4pu5	唐	唐	dòng	1761	1	20	xs62838wqnx		2025-05-16 17:05:10	2025-05-16 17:05:10
x62v8u2g96a			唈	ék	1761	1	21	xs62838wqnx		2025-05-16 17:05:10	2025-05-16 17:05:10
xcbp5wap7mp			哽	gēng	1761	1	22	xs62838wqnx		2025-05-16 17:05:10	2025-05-16 17:05:10
xk9stcpzt9v			哽	gāng	1761	1	22	xs62838wqnx		2025-05-16 17:05:10	2025-05-16 17:05:10
xge6a3bzf9b			哥	gŏ̤	1761	1	23	xs62838wqnx		2025-05-16 17:05:10	2025-05-16 17:05:10
xtvxhfuk8aj			㖑	hái	1761	2	1	xs62838wqnx		2025-05-16 17:05:10	2025-05-16 17:05:10
x79v2pk94yk			㖑	hâi	1761	2	1	xs62838wqnx		2025-05-16 17:05:10	2025-05-16 17:05:10
xm2622224eb			唅	hàng	1761	2	2	xs62838wqnx		2025-05-16 17:05:10	2025-05-16 17:05:10
xqqr8bttxtf			哮	hău	1761	2	3	xs62838wqnx		2025-05-16 17:05:10	2025-05-16 17:05:10
x3p39ckc6cc	xmdg26tf3vf	哼	哼	hĕng	1761	2	4	xs62838wqnx		2025-05-16 17:05:10	2025-05-16 17:05:10
xseyduwaceb	xy4wdpccf7k	啓	啓	kiē	1761	2	5	xs62838wqnx		2025-05-16 17:05:10	2025-05-16 17:05:10
xmvvj83gxjs			哿	kŏ̤	1761	2	6	xs62838wqnx		2025-05-16 17:05:10	2025-05-16 17:05:10
xg5dzeywh46	xvhe6d48gz8	哭	哭	kók	1761	2	7	xs62838wqnx		2025-05-16 17:05:10	2025-05-16 17:05:10
xhcn8utaqpt			哩	lī	1761	2	8	xs62838wqnx		2025-05-16 17:05:10	2025-05-16 17:05:10
xwvtjzhm8qn	x75ynt3e7ce	哢	哢	liông	1761	2	9	xs62838wqnx		2025-05-16 17:05:10	2025-05-16 17:05:10
xey67u7q4s4			哶	má̤h	1761	2	10	xs62838wqnx		2025-05-16 17:05:10	2025-05-16 17:05:10
xq5pzahkrx4	xqwp67c63vz	唁	唁	ngiêng	1761	2	11	xs62838wqnx		2025-05-16 17:05:10	2025-05-16 17:05:10
xre7gqenwy5			哦	ngò̤	1761	2	12	xs62838wqnx		2025-05-16 17:05:10	2025-05-16 17:05:10
xwx7sh9xfk2			𠲿	sáiu	1761	2	13	xs62838wqnx		2025-05-16 17:05:10	2025-05-16 17:05:10
x46y2pxjzx6			哨	sáu	1761	2	14	xs62838wqnx		2025-05-16 17:05:10	2025-05-16 17:05:10
xc78vcx5cnf			哨	siéu	1761	2	14	xs62838wqnx		2025-05-16 17:05:10	2025-05-16 17:05:10
xyvvgavwbz4	x2fkz53mmje	唆	唆	sŏ̤	1761	2	15	xs62838wqnx		2025-05-16 17:05:10	2025-05-16 17:05:10
x8bexk6hx64			唇	sùng	1761	2	16	xs62838wqnx		2025-05-16 17:05:10	2025-05-16 17:05:10
xstrfqgdzn7			唇	cĭng	1761	2	16	xs62838wqnx		2025-05-16 17:05:10	2025-05-16 17:05:10
xnmt567r7jg	xde8wgadz98	員	員	uòng	1761	2	17	xs62838wqnx		2025-05-16 17:05:10	2025-05-16 17:05:10
xs4sa8abktx	xrwfspe2akr	啞	啞	ā	1761	2	18	xs62838wqnx		2025-05-16 17:05:10	2025-05-16 17:05:10
xmw8qt32xns			啁	cĭu	1761	2	19	xs62838wqnx		2025-05-16 17:05:10	2025-05-16 17:05:10
xvdzmy3rsyg			啁	diĕu	1761	2	19	xs62838wqnx		2025-05-16 17:05:10	2025-05-16 17:05:10
xq84xbw3jav			啐	côi	1761	2	20	xs62838wqnx		2025-05-16 17:05:10	2025-05-16 17:05:10
xx8gykjfjgx			啜	cuók	1761	2	21	xs62838wqnx		2025-05-16 17:05:10	2025-05-16 17:05:10
xgsc36b56b6			啜	chuók	1761	2	21	xs62838wqnx	原書有誤，已更正	2025-05-16 17:05:10	2025-05-16 17:05:10
x8kyqdhtch2	x4m3bsdxywf	啛	啛	ché	1761	2	22	xs62838wqnx		2025-05-16 17:05:10	2025-05-16 17:05:10
x2pzkkph3g2	xuzqcpm2tct	唱	唱	chióng	1761	2	23	xs62838wqnx		2025-05-16 17:05:10	2025-05-16 17:05:10
xhda7qtpfjp			啖	dâng	1761	3	1	xs62838wqnx		2025-05-16 17:05:10	2025-05-16 17:05:10
xkkfeq4xyaa	xgvhrpc3u43	啄	啄	dáuk	1761	3	2	xs62838wqnx		2025-05-16 17:05:10	2025-05-16 17:05:10
x9w69se4mur			啍	dŭng	1761	3	3	xs62838wqnx		2025-05-16 17:05:10	2025-05-16 17:05:10
x97afhv8snr	xwptgux75hm	唲	唲	ĕ̤	1761	3	4	xs62838wqnx		2025-05-16 17:05:10	2025-05-16 17:05:10
xmt4dqr958e	xwptgux75hm	唲	唲	è̤	1761	3	4	xs62838wqnx		2025-05-16 17:05:10	2025-05-16 17:05:10
xt4m2z6jkka	xwptgux75hm	唲	唲	ì	1761	3	4	xs62838wqnx		2025-05-16 17:05:10	2025-05-16 17:05:10
x7zyz6x8yjc	xwptgux75hm	唲	唲	uă	1761	3	4	xs62838wqnx		2025-05-16 17:05:10	2025-05-16 17:05:10
xb9bm7d26av	xvzsx74dkym	啣	啣	gàng	1761	3	5	xs62838wqnx		2025-05-16 17:05:10	2025-05-16 17:05:10
xve33fpe936			啋	hiĕu	1761	3	6	xs62838wqnx		2025-05-16 17:05:10	2025-05-16 17:05:10
xag4acxeuf7			啟	kiē	1761	3	7	xs62838wqnx		2025-05-16 17:05:10	2025-05-16 17:05:10
xxudk82jcu4	xqfkhxc7b48	唳	唳	lâ̤	1761	3	8	xs62838wqnx		2025-05-16 17:05:10	2025-05-16 17:05:10
x6nenz9vuvn	x8wcps5jjtw	唯	唯	mì	1761	3	9	xs62838wqnx		2025-05-16 17:05:10	2025-05-16 17:05:10
xctzk79vpgk	x8wcps5jjtw	唯	唯	ūi	1761	3	9	xs62838wqnx		2025-05-16 17:05:10	2025-05-16 17:05:10
xbty6ghvre7			唫	ngìng	1761	3	10	xs62838wqnx		2025-05-16 17:05:10	2025-05-16 17:05:10
xb387sbgzy9			唫	géng	1761	3	10	xs62838wqnx		2025-05-16 17:05:10	2025-05-16 17:05:10
x3k657sp5eb			啎	nguô	1761	3	11	xs62838wqnx		2025-05-16 17:05:10	2025-05-16 17:05:10
x64jvhmfh5m	xevzmn2zve5	啊	啊	ô̤	1761	3	12	xs62838wqnx		2025-05-16 17:05:10	2025-05-16 17:05:10
x3vvrhbd7rb			問	ông	1761	3	13	xs62838wqnx		2025-05-16 17:05:10	2025-05-16 17:05:10
xdgvu7v8u2t			唪	pūng	1761	3	14	xs62838wqnx		2025-05-16 17:05:10	2025-05-16 17:05:10
xns85235bre			商	siŏng	1761	3	15	xs62838wqnx		2025-05-16 17:05:10	2025-05-16 17:05:10
xzq7vv6feph			商	sŏng	1761	3	15	xs62838wqnx		2025-05-16 17:05:10	2025-05-16 17:05:10
xebbtcgq3t8	xy9qnbpf5jw	售	售	sìu	1761	3	16	xs62838wqnx		2025-05-16 17:05:10	2025-05-16 17:05:10
xnjd9xhpg4j	x5tcudpzjuh	唾	唾	tó̤	1761	3	17	xs62838wqnx		2025-05-16 17:05:10	2025-05-16 17:05:10
xsg63wsmf6j	xyeg2eaytct	喔	喔	áuk	1761	3	18	xs62838wqnx		2025-05-16 17:05:10	2025-05-16 17:05:10
xku3duuepck			喞	cék	1761	3	19	xs62838wqnx		2025-05-16 17:05:10	2025-05-16 17:05:10
xyczfkz3m27	x87c9j6kb6j	啫	啫	ciā	1761	3	20	xs62838wqnx		2025-05-16 17:05:10	2025-05-16 17:05:10
xs3cbt4qwhm	xvr3xbduxrp	啾	啾	chĭu	1761	3	21	xs62838wqnx		2025-05-16 17:05:10	2025-05-16 17:05:10
xfat5q2d3bc	xt6ethctn8v	喘	喘	chuāng	1761	3	22	xs62838wqnx		2025-05-16 17:05:10	2025-05-16 17:05:10
xpdge5z2xzr	xt6ethctn8v	喘	喘	chuōng	1761	3	22	xs62838wqnx	原書有誤，已更正	2025-05-16 17:05:10	2025-05-16 17:05:10
xfk8sgssntr			單	dăng	1761	3	23	xs62838wqnx		2025-05-16 17:05:10	2025-05-16 17:05:10
x34s27yz7tf			單	siêng	1761	3	23	xs62838wqnx		2025-05-16 17:05:10	2025-05-16 17:05:10
xyw6fuu6wsa	xprmf2r28kb	喆	喆	diék	1762	1	1	xs62838wqnx		2025-05-16 17:05:10	2025-05-16 17:05:10
xt8bbue5pa8	xgtyczyg4j5	喋	喋	diĕk	1762	1	2	xs62838wqnx		2025-05-16 17:05:10	2025-05-16 17:05:10
x7vfut6hsxe	x99djdu8emj	喻	喻	ê̤ṳ	1762	1	3	xs62838wqnx		2025-05-16 17:05:10	2025-05-16 17:05:10
xm3qeqqn24w	xuf8e9h9hdn	喐	喐	é̤ṳh	1762	1	4	xs62838wqnx		2025-05-16 17:05:10	2025-05-16 17:05:10
xnsuffwahye	xdspae25jtc	喈	喈	găi	1762	1	5	xs62838wqnx		2025-05-16 17:05:10	2025-05-16 17:05:10
x6vwpumuwku	xqrb99xhu9h	喬	喬	gièu	1762	1	6	xs62838wqnx		2025-05-16 17:05:10	2025-05-16 17:05:10
x6dyddfk7tt	xdykcsh2rzr	喝	喝	hák	1762	1	7	xs62838wqnx		2025-05-16 17:05:10	2025-05-16 17:05:10
xnevg5umzmr	xcqsekr429b	喊	喊	hāng	1762	1	8	xs62838wqnx		2025-05-16 17:05:10	2025-05-16 17:05:10
x4b4rg48v8t			喉	hèu	1762	1	9	xs62838wqnx		2025-05-16 17:05:10	2025-05-16 17:05:10
x478cspva7x			喉	hò̤	1762	1	9	xs62838wqnx		2025-05-16 17:05:10	2025-05-16 17:05:10
xrmgmpmk28w			喉	hè̤	1762	1	9	xs62838wqnx		2025-05-16 17:05:10	2025-05-16 17:05:10
xfmcfepett4	x2z7rtpnhmc	喜	喜	hī	1762	1	10	xs62838wqnx		2025-05-16 17:05:10	2025-05-16 17:05:10
xbr449jppqy	xauz98vxeh5	喧	喧	hiŏng	1762	1	11	xs62838wqnx		2025-05-16 17:05:10	2025-05-16 17:05:10
xckmufvcd8v	x2fxhg7h9ep	喚	喚	huáng	1762	1	12	xs62838wqnx		2025-05-16 17:05:10	2025-05-16 17:05:10
xt7kazeha8u	xqjqg35zg44	喤	喤	huòng	1762	1	13	xs62838wqnx		2025-05-16 17:05:10	2025-05-16 17:05:10
x9jwbm8bdkt			喓	iĕu	1762	1	14	xs62838wqnx		2025-05-16 17:05:10	2025-05-16 17:05:10
xgkga7hwb6y	x5hdapvs2e4	喑	喑	ĭng	1762	1	15	xs62838wqnx		2025-05-16 17:05:10	2025-05-16 17:05:10
xahadd3p9qu	xtrqwyj3ydt	喀	喀	káik	1762	1	16	xs62838wqnx		2025-05-16 17:05:10	2025-05-16 17:05:10
xmj7ndu3p5m			喇	lăk	1762	1	17	xs62838wqnx		2025-05-16 17:05:10	2025-05-16 17:05:10
xavj2sg47dw			喇	lā	1762	1	17	xs62838wqnx		2025-05-16 17:05:10	2025-05-16 17:05:10
xp46m4z2pxk	x4ebsuf9jjy	喨	喨	liông	1762	1	18	xs62838wqnx		2025-05-16 17:05:10	2025-05-16 17:05:10
x4fav36fvv8	xjn7uqp6g24	喃	喃	nàng	1762	1	19	xs62838wqnx		2025-05-16 17:05:10	2025-05-16 17:05:10
xfvcfgvdg3m	x7tvr5aa4gx	喏	喏	nŏk	1762	1	20	xs62838wqnx		2025-05-16 17:05:10	2025-05-16 17:05:10
xf6auspn6td			啽	ngàng	1762	1	21	xs62838wqnx		2025-05-16 17:05:10	2025-05-16 17:05:10
xk2zgkg8j2g			啽	ngék	1762	1	21	xs62838wqnx		2025-05-16 17:05:10	2025-05-16 17:05:10
xryz9y65mxa			啽	kék	1762	1	21	xs62838wqnx		2025-05-16 17:05:10	2025-05-16 17:05:10
xbnj4rcm5y7	x2jwexsfjdx	喭	喭	ngiêng	1762	1	22	xs62838wqnx		2025-05-16 17:05:10	2025-05-16 17:05:10
xgg2cx6sbv4			喁	ngṳ̀	1762	1	23	xs62838wqnx		2025-05-16 17:05:10	2025-05-16 17:05:10
xdb4kapag56	xavh282p3eh	喟	喟	ôi	1762	2	1	xs62838wqnx		2025-05-16 17:05:10	2025-05-16 17:05:10
xp8pnq9b9gf	xdzzqze22t7	啻	啻	siê	1762	2	2	xs62838wqnx		2025-05-16 17:05:11	2025-05-16 17:05:11
x3s4nv9n5we	xxafhwuy5r7	善	善	siĕng	1762	2	3	xs62838wqnx		2025-05-16 17:05:11	2025-05-16 17:05:11
xd6dx4av28d			喪	sŏng	1762	2	4	xs62838wqnx		2025-05-16 17:05:11	2025-05-16 17:05:11
xfyhndupjwu			喪	sáung	1762	2	4	xs62838wqnx		2025-05-16 17:05:11	2025-05-16 17:05:11
xxg7kjquetr			啼	tà̤	1762	2	5	xs62838wqnx		2025-05-16 17:05:11	2025-05-16 17:05:11
xxy3md2sw5a			啼	tiè	1762	2	5	xs62838wqnx		2025-05-16 17:05:11	2025-05-16 17:05:11
x3wvmr53azz	xhderkth888	喂	喂	uŏi	1762	2	6	xs62838wqnx		2025-05-16 17:05:11	2025-05-16 17:05:11
xyg9yqnprys	xttzgux2cug	嗟	嗟	ciă	1762	2	7	xs62838wqnx		2025-05-16 17:05:11	2025-05-16 17:05:11
xsn4yjjy8my			嗔	cĭng	1762	2	8	xs62838wqnx		2025-05-16 17:05:11	2025-05-16 17:05:11
xk26jxqrru6	xjh993nac49	嗅	嗅	chéu	1762	2	9	xs62838wqnx		2025-05-16 17:05:11	2025-05-16 17:05:11
xj3rnacrpev	xyz5vs7tjqm	嗤	嗤	chĭ	1762	2	10	xs62838wqnx		2025-05-16 17:05:11	2025-05-16 17:05:11
xzn4cnjnkat	xcdxqd79bqp	嗆	嗆	chŏng	1762	2	11	xs62838wqnx		2025-05-16 17:05:11	2025-05-16 17:05:11
xt86yg37euw			㗖	dâng	1762	2	12	xs62838wqnx		2025-05-16 17:05:11	2025-05-16 17:05:11
x84skes7euf	xaydjpmkrub	嗌	嗌	ék	1762	2	13	xs62838wqnx		2025-05-16 17:05:11	2025-05-16 17:05:11
xnyyuyfzffc			嗃	gō̤	1762	2	14	xs62838wqnx		2025-05-16 17:05:11	2025-05-16 17:05:11
x87xc76k49s			嗑	hăk	1762	2	16	xs62838wqnx		2025-05-16 17:05:11	2025-05-16 17:05:11
xzrv9kmrze8			喙	huôi	1762	2	17	xs62838wqnx		2025-05-16 17:05:11	2025-05-16 17:05:11
xw3wtqekrys	xqfqy3n2bu7	嗛	嗛	kiĕng	1762	2	18	xs62838wqnx		2025-05-16 17:05:11	2025-05-16 17:05:11
xkfxgvhr6sn	xqfqy3n2bu7	嗛	嗛	gàng	1762	2	18	xs62838wqnx		2025-05-16 17:05:11	2025-05-16 17:05:11
xdjyyv39ver	xdpmq9kbxnv	嗎	嗎	má	1762	2	19	xs62838wqnx		2025-05-16 17:05:11	2025-05-16 17:05:11
xz669f4vvd8	xdpmq9kbxnv	嗎	嗎	mā	1762	2	19	xs62838wqnx		2025-05-16 17:05:11	2025-05-16 17:05:11
xeeyhspyrrz	xdpmq9kbxnv	嗎	嗎	mò̤	1762	2	19	xs62838wqnx		2025-05-16 17:05:11	2025-05-16 17:05:11
xtzvumtbhag			𠍒	muóng	1762	2	20	xs62838wqnx		2025-05-16 17:05:11	2025-05-16 17:05:11
xt388p79rm6			㗘	páuk	1762	2	21	xs62838wqnx		2025-05-16 17:05:11	2025-05-16 17:05:11
xyzvqs8buu9	xfv6nqmctgu	嗇	嗇	sáik	1762	2	22	xs62838wqnx		2025-05-16 17:05:11	2025-05-16 17:05:11
xuupabp6ch4	xtjavvkkwxx	嗣	嗣	sê̤ṳ	1762	2	23	xs62838wqnx		2025-05-16 17:05:11	2025-05-16 17:05:11
x9d298gpjqt			嗜	siê	1762	3	1	xs62838wqnx		2025-05-16 17:05:11	2025-05-16 17:05:11
xm6dqk8wy9e			嗜	iê	1762	3	1	xs62838wqnx		2025-05-16 17:05:11	2025-05-16 17:05:11
xfvdmunn9qr			嗜	siêu	1762	3	1	xs62838wqnx		2025-05-16 17:05:11	2025-05-16 17:05:11
x6mwvvbsx9r			嗁	tà̤	1762	3	2	xs62838wqnx		2025-05-16 17:05:11	2025-05-16 17:05:11
xxyaw4m4f2n	x8ex5ujxbhc	嗒	嗒	ták	1762	3	3	xs62838wqnx		2025-05-16 17:05:11	2025-05-16 17:05:11
xbkgnyftk9f	xjgw4k3kmnm	嗚	嗚	ŭ	1762	3	4	xs62838wqnx		2025-05-16 17:05:11	2025-05-16 17:05:11
xxp9t8q7usz	xktea767c9c	嗡	嗡	ŭng	1762	3	5	xs62838wqnx		2025-05-16 17:05:11	2025-05-16 17:05:11
xh8ds3kgjgs	x9tvxsxvjqm	嗶	嗶	bék	1762	3	6	xs62838wqnx		2025-05-16 17:05:11	2025-05-16 17:05:11
xf3ssje43kh	x9tvxsxvjqm	嗶	嗶	pék	1762	3	6	xs62838wqnx		2025-05-16 17:05:11	2025-05-16 17:05:11
xfah3v5getv	xef3fp5vfux	嘖	嘖	cáik	1762	3	7	xs62838wqnx		2025-05-16 17:05:11	2025-05-16 17:05:11
x7dq3dqf6u9			嘈	cău	1762	3	8	xs62838wqnx		2025-05-16 17:05:11	2025-05-16 17:05:11
xfknuurc4t4			嘈	cò̤	1762	3	8	xs62838wqnx		2025-05-16 17:05:11	2025-05-16 17:05:11
xve8mhxecfz			嘔	ēu	1762	3	9	xs62838wqnx		2025-05-16 17:05:11	2025-05-16 17:05:11
x6ev77ksnax			嘔	āu	1762	3	9	xs62838wqnx		2025-05-16 17:05:11	2025-05-16 17:05:11
xv59mzb5kkv	xuvkykjshhb	嘉	嘉	gă	1762	3	10	xs62838wqnx		2025-05-16 17:05:11	2025-05-16 17:05:11
xjusg79jq9f			嘐	gĕu	1762	3	11	xs62838wqnx		2025-05-16 17:05:11	2025-05-16 17:05:11
xk63vxg5jv9	x8erz9rmbxn	嘏	嘏	gū	1762	3	12	xs62838wqnx		2025-05-16 17:05:11	2025-05-16 17:05:11
x9nbtjsx9qb			嘑	hù	1762	3	13	xs62838wqnx		2025-05-16 17:05:11	2025-05-16 17:05:11
xrecq97jzb5	xr43ut6qw74	噓	噓	hṳ̆	1762	3	14	xs62838wqnx		2025-05-16 17:05:11	2025-05-16 17:05:11
x9tsdrfw8tf	xcdq2n8faa6	嘅	嘅	kái	1762	3	15	xs62838wqnx		2025-05-16 17:05:11	2025-05-16 17:05:11
xpc55n8sujz	xx3vp9fu69c	嘍	嘍	lèu	1762	3	16	xs62838wqnx		2025-05-16 17:05:11	2025-05-16 17:05:11
x7ydd98kgk3	xx3vp9fu69c	嘍	嘍	lìu	1762	3	16	xs62838wqnx		2025-05-16 17:05:11	2025-05-16 17:05:11
xqeq5kwe2dv	x7egqwdcunf	嘛	嘛	mà	1762	3	17	xs62838wqnx		2025-05-16 17:05:11	2025-05-16 17:05:11
xpake3fmxkd	xg3ymudrdjq	嘜	嘜	măh	1762	3	18	xs62838wqnx		2025-05-16 17:05:11	2025-05-16 17:05:11
x3c3qqj25zr			嗷	ngó̤	1762	3	19	xs62838wqnx		2025-05-16 17:05:11	2025-05-16 17:05:11
x8ysfyxeeqb			嗷	ngò̤	1762	3	19	xs62838wqnx		2025-05-16 17:05:11	2025-05-16 17:05:11
x5jm8vnvwbt	x3hx2338y3m	嘌	嘌	piĕu	1762	3	20	xs62838wqnx		2025-05-16 17:05:11	2025-05-16 17:05:11
xjdrajfsg7s	xs3jkp594yr	嗽	嗽	sáu	1762	3	21	xs62838wqnx		2025-05-16 17:05:11	2025-05-16 17:05:11
xpxg6tn5fvv			嗾	sĕu	1762	3	22	xs62838wqnx		2025-05-16 17:05:11	2025-05-16 17:05:11
x8adqkmdr6g	xxbetjea3fj	嘗	嘗	siòng	1762	3	23	xs62838wqnx		2025-05-16 17:05:11	2025-05-16 17:05:11
xrxvj7t677e			⿳龸口㫖	siòng	1762	3	23	xs62838wqnx		2025-05-16 17:05:11	2025-05-16 17:05:11
xasc3ag5axx			嗿	tăng	1763	1	1	xs62838wqnx		2025-05-16 17:05:11	2025-05-16 17:05:11
xbyq9kcz9vf	x4x3p7uakj5	嗄	嗄	hâ	1762	2	15	xs62838wqnx		2026-04-12 01:15:50	2025-05-16 17:05:11
xswdb6rtkbg	x8k3ekgxyuq	嘆	嘆	táng	1763	1	2	xs62838wqnx		2025-05-16 17:05:11	2025-05-16 17:05:11
xsm5nsaanc7			嘒	uói	1763	1	3	xs62838wqnx		2025-05-16 17:05:11	2025-05-16 17:05:11
xyu55de4j83	x5ze3nkseet	嘲	嘲	càu	1763	1	4	xs62838wqnx		2025-05-16 17:05:11	2025-05-16 17:05:11
x3vpq8szuhx	xp72cpzm9pg	噍	噍	cièu	1763	1	5	xs62838wqnx		2025-05-16 17:05:11	2025-05-16 17:05:11
x2r365wyw8n	xp72cpzm9pg	噍	噍	ciéu	1763	1	5	xs62838wqnx		2025-05-16 17:05:11	2025-05-16 17:05:11
xvwbcseqqtg	xy8vvvq4y94	噂	噂	cōng	1763	1	6	xs62838wqnx		2025-05-16 17:05:11	2025-05-16 17:05:11
x4q5jd8havp	xvs6defvs8t	嘬	嘬	chōi	1763	1	7	xs62838wqnx		2025-05-16 17:05:11	2025-05-16 17:05:11
x39zbv4h3z3	xutpdggqy5u	嘴	嘴	chói	1763	1	8	xs62838wqnx		2025-05-16 17:05:11	2025-05-16 17:05:11
xtx7z638bdp	xfdfnwdvm6j	嘽	嘽	dăng	1763	1	9	xs62838wqnx		2025-05-16 17:05:11	2025-05-16 17:05:11
xwkw3dwxwc3			噉	dâng	1763	1	10	xs62838wqnx		2025-05-16 17:05:11	2025-05-16 17:05:11
xd57xzjt76w	xfzfjex43nw	嘰	嘰	gĭ	1763	1	11	xs62838wqnx		2025-05-16 17:05:11	2025-05-16 17:05:11
x84yxhqtqb6			嘻	hĭ	1763	1	12	xs62838wqnx		2025-05-16 17:05:11	2025-05-16 17:05:11
xmkxgcr7swe			嘵	hiĕu	1763	1	13	xs62838wqnx		2025-05-16 17:05:11	2025-05-16 17:05:11
xy4je29tn2v			嘷	hò̤	1763	1	14	xs62838wqnx		2025-05-16 17:05:11	2025-05-16 17:05:11
xddnyjd7vjg	x3sk7n837d6	嘩	嘩	huà	1763	1	15	xs62838wqnx		2025-05-16 17:05:11	2025-05-16 17:05:11
xadtb4tgxuc	xvfxept8k4b	噎	噎	ié	1763	1	16	xs62838wqnx		2025-05-16 17:05:11	2025-05-16 17:05:11
x77rvw8yar2			噐	ké	1763	1	17	xs62838wqnx		2025-05-16 17:05:11	2025-05-16 17:05:11
xctr3tc5jza	xhtw2gf9c64	嘹	嘹	lièu	1763	1	18	xs62838wqnx		2025-05-16 17:05:11	2025-05-16 17:05:11
xn7dv7a8ppy			嘿	mĕk	1763	1	19	xs62838wqnx		2025-05-16 17:05:11	2025-05-16 17:05:11
xtcsmhmb7gn	xbbbzd7u9x5	嚀	嚀	nìng	1763	1	20	xs62838wqnx		2025-05-16 17:05:11	2025-05-16 17:05:11
xahhagbfqx8			㗴	ngàng	1763	1	21	xs62838wqnx		2025-05-16 17:05:11	2025-05-16 17:05:11
x779j54cd8e			嘶	săi	1763	1	22	xs62838wqnx		2025-05-16 17:05:11	2025-05-16 17:05:11
x9nyv7kumt4	x3n6wsuzz3m	嘯	嘯	siéu	1763	1	23	xs62838wqnx		2025-05-16 17:05:11	2025-05-16 17:05:11
xend54z9dsv	x22tap6ahj9	噈	噈	só̤h	1763	2	1	xs62838wqnx		2025-05-16 17:05:11	2025-05-16 17:05:11
xhhttskfssw	xgsyvttrqf4	噯	噯	ái	1763	2	2	xs62838wqnx		2025-05-16 17:05:11	2025-05-16 17:05:11
xwvmvfjrnc6			噠	dák	1763	2	3	xs62838wqnx		2025-05-16 17:05:11	2025-05-16 17:05:11
xwyytf887ph	xpdxspjq25t	噸	噸	dóng	1763	2	4	xs62838wqnx		2025-05-16 17:05:11	2025-05-16 17:05:11
xt6sua4a3cr			噫	é	1763	2	5	xs62838wqnx		2025-05-16 17:05:11	2025-05-16 17:05:11
xvsym97zhna			噢	é̤ṳk	1763	2	6	xs62838wqnx		2025-05-16 17:05:11	2025-05-16 17:05:11
xbsuy96ezf4	xbh2ehrjgxx	噤	噤	géng	1763	2	7	xs62838wqnx		2025-05-16 17:05:11	2025-05-16 17:05:11
xzeje82gyzt	xbh2ehrjgxx	噤	噤	gêng	1763	2	7	xs62838wqnx		2025-05-16 17:05:11	2025-05-16 17:05:11
xmpdudc28hm	xsqjg7c3u67	噭	噭	giéu	1763	2	8	xs62838wqnx		2025-05-16 17:05:11	2025-05-16 17:05:11
x8pyyvk5s2e	xedcsgpbnpc	噲	噲	guói	1763	2	9	xs62838wqnx		2025-05-16 17:05:11	2025-05-16 17:05:11
xczcb7xkuwy			㗿	hă	1763	2	10	xs62838wqnx		2025-05-16 17:05:11	2025-05-16 17:05:11
xd2shxfenq7	x9fx5whya7p	㗾	㗾	hĕ̤	1763	2	11	xs62838wqnx		2025-05-16 17:05:11	2025-05-16 17:05:11
xvzh343ynk9	xswrkj52vqa	器	器	ké	1763	2	12	xs62838wqnx		2025-05-16 17:05:11	2025-05-16 17:05:11
xrnumred63q			𠿕	kièu	1763	2	13	xs62838wqnx		2025-05-16 17:05:11	2025-05-16 17:05:11
x2hxerwjn5z			噱	kiŏk	1763	2	14	xs62838wqnx		2025-05-16 17:05:11	2025-05-16 17:05:11
x7ws3uyvuta			嗹	lièng	1763	2	15	xs62838wqnx		2025-05-16 17:05:11	2025-05-16 17:05:11
xb627nsaqw7			𠿛	luô	1763	2	16	xs62838wqnx	原書有誤，已更正	2025-05-16 17:05:11	2025-05-16 17:05:11
x2zn2yk27kw			噥	nùng	1763	2	17	xs62838wqnx		2025-05-16 17:05:11	2025-05-16 17:05:11
xdwjk522b5d			噥	nŭng	1763	2	17	xs62838wqnx		2025-05-16 17:05:11	2025-05-16 17:05:11
x7m9rr65ms8	xuq3c9jp9yu	噩	噩	ngáuk	1763	2	18	xs62838wqnx		2025-05-16 17:05:11	2025-05-16 17:05:11
xgnjpyukgve	x9qd4mtvy4r	噴	噴	póng	1763	2	19	xs62838wqnx		2025-05-16 17:05:11	2025-05-16 17:05:11
xukm6r76bjf	x9qd4mtvy4r	噴	噴	hūng	1763	2	19	xs62838wqnx		2025-05-16 17:05:11	2025-05-16 17:05:11
xj9c3xranvd	xcssg9qeguu	噬	噬	siê	1763	2	20	xs62838wqnx		2025-05-16 17:05:11	2025-05-16 17:05:11
xqja9t52weu			噪	só̤	1763	2	21	xs62838wqnx		2025-05-16 17:05:11	2025-05-16 17:05:11
xfx2v2wevn7	x7rtj7gexy7	噦	噦	uói	1763	2	22	xs62838wqnx		2025-05-16 17:05:11	2025-05-16 17:05:11
x5vsnb7mkka	xmb2pcbb3zr	嚌	嚌	că̤	1763	2	23	xs62838wqnx		2025-05-16 17:05:11	2025-05-16 17:05:11
xz39z8ezd6n			㘅	gàng	1763	3	1	xs62838wqnx		2025-05-16 17:05:11	2025-05-16 17:05:11
xp2eu45jeay			嚇	háik	1763	3	2	xs62838wqnx		2025-05-16 17:05:11	2025-05-16 17:05:11
xt6cq79gze7			嚇	hiáh	1763	3	2	xs62838wqnx		2025-05-16 17:05:11	2025-05-16 17:05:11
xv7q4g32k6j	xteyw76u4xm	嚆	嚆	hău	1763	3	3	xs62838wqnx		2025-05-16 17:05:11	2025-05-16 17:05:11
x4rdu3svsvv			嚊	pé	1763	3	4	xs62838wqnx		2025-05-16 17:05:11	2025-05-16 17:05:11
xjb49ezp68n			嚅	sṳ̆	1763	3	5	xs62838wqnx		2025-05-16 17:05:11	2025-05-16 17:05:11
xqh4cakcxmk			㘆	tăi	1763	3	6	xs62838wqnx		2025-05-16 17:05:11	2025-05-16 17:05:11
x963yjjc4g3	xzzhjw7tfe5	嚏	嚏	té	1763	3	7	xs62838wqnx		2025-05-16 17:05:11	2025-05-16 17:05:11
xqkx6ue2mnb			㘌	kék	1763	3	8	xs62838wqnx		2025-05-16 17:05:11	2025-05-16 17:05:11
x3t6gj4bsnz			㘌	kĭh	1763	3	8	xs62838wqnx		2025-05-16 17:05:11	2025-05-16 17:05:11
x397x6yngzm			嚙	ngāu	1763	3	9	xs62838wqnx		2025-05-16 17:05:11	2025-05-16 17:05:11
xsskhjex4x3			嚚	ngṳ̀ng	1763	3	10	xs62838wqnx		2025-05-16 17:05:11	2025-05-16 17:05:11
xdgrtsm6d52	x3hdvk32xwz	嚖	嚖	uói	1763	3	11	xs62838wqnx		2025-05-16 17:05:11	2025-05-16 17:05:11
xdwkv8jttfz			嚮	hióng	1763	3	12	xs62838wqnx		2025-05-16 17:05:11	2025-05-16 17:05:11
xrwumfwb4yx			嚨	lùng	1763	3	13	xs62838wqnx		2025-05-16 17:05:11	2025-05-16 17:05:11
xfyfrsyxgdk			嚨	lè̤ng	1763	3	13	xs62838wqnx		2025-05-16 17:05:11	2025-05-16 17:05:11
xjy2xmeym57			𡄙	cáik	1763	3	14	xs62838wqnx		2025-05-16 17:05:11	2025-05-16 17:05:11
xzdw29542vq			嚶	ĕng	1763	3	15	xs62838wqnx		2025-05-16 17:05:11	2025-05-16 17:05:11
xjsyaun8ymg			嚳	gók	1763	3	16	xs62838wqnx		2025-05-16 17:05:11	2025-05-16 17:05:11
xjdpszxqvqr			嚱	hĭ	1763	3	17	xs62838wqnx		2025-05-16 17:05:11	2025-05-16 17:05:11
xsg8fspuzgx	x9r2uggsfar	嚷	嚷	iông	1763	3	18	xs62838wqnx		2025-05-16 17:05:11	2025-05-16 17:05:11
xs2x2qafnxn	xy69qj9zd8k	㘓	㘓	làng	1763	3	19	xs62838wqnx		2025-05-16 17:05:11	2025-05-16 17:05:11
xkynpj7bweq	xzf3dz3nsfq	嚴	嚴	ngièng	1763	3	20	xs62838wqnx		2025-05-16 17:05:11	2025-05-16 17:05:11
x55hsj2w72e			嚼	ciók	1763	3	21	xs62838wqnx		2025-05-16 17:05:11	2025-05-16 17:05:11
xtj6k9u7qc9			嚼	ciŏh	1763	3	21	xs62838wqnx		2025-05-16 17:05:11	2025-05-16 17:05:11
xbqwfuycn4v	x8ntbjde8b8	囀	囀	duōng	1763	3	22	xs62838wqnx	原書有誤，已更正	2025-05-16 17:05:11	2025-05-16 17:05:11
x88g3hxef66	xrxe8k3mc2u	囁	囁	niék	1763	3	23	xs62838wqnx		2025-05-16 17:05:11	2025-05-16 17:05:11
xfaumgskpqp			囂	ngò̤	1764	1	1	xs62838wqnx		2025-05-16 17:05:11	2025-05-16 17:05:11
xdk8gcrxggr			囉	lò̤	1764	1	2	xs62838wqnx		2025-05-16 17:05:11	2025-05-16 17:05:11
xu8easusdwf			囉	lō̤	1764	1	2	xs62838wqnx		2025-05-16 17:05:11	2025-05-16 17:05:11
xdxh2hnqhcg			囉	lŏ̤	1764	1	2	xs62838wqnx		2025-05-16 17:05:11	2025-05-16 17:05:11
x3w5px49gzv	x24yg7kydxv	囊	囊	nòng	1764	1	3	xs62838wqnx		2025-05-16 17:05:11	2025-05-16 17:05:11
x8aw9kymqhq	xyzjgtv2ax8	囈	囈	ngiê	1764	1	4	xs62838wqnx		2025-05-16 17:05:11	2025-05-16 17:05:11
xtmc377dmsp			⿳吅貢吅	ngò̤	1764	1	5	xs62838wqnx		2025-05-16 17:05:11	2025-05-16 17:05:11
xuxf7426m9u	xpwuasgfugy	囑	囑	cé̤ṳk	1764	1	6	xs62838wqnx		2025-05-16 17:05:11	2025-05-16 17:05:11
x7rqznyxz48			囓	ngák	1764	1	7	xs62838wqnx		2025-05-16 17:05:11	2025-05-16 17:05:11
xj7ycgvgbq2			囗	ùi	1764	1	8	xsaasjm8ej9		2025-05-16 17:05:11	2025-05-16 17:05:11
xcfr57zp239			囚	chìu	1764	1	9	xsaasjm8ej9		2025-05-16 17:05:11	2025-05-16 17:05:11
xentpju2rve			囘	huòi	1764	1	10	xsaasjm8ej9		2025-05-16 17:05:11	2025-05-16 17:05:11
xwqzbxb7qej			四	sé̤ṳ	1764	1	11	xsaasjm8ej9		2025-05-16 17:05:11	2025-05-16 17:05:11
xvrvh9r37a6			四	sé	1764	1	11	xsaasjm8ej9		2025-05-16 17:05:11	2025-05-16 17:05:11
x9e8jughub7	xwmxnvqzkfq	回	回	huòi	1764	1	12	xsaasjm8ej9		2025-05-16 17:05:11	2025-05-16 17:05:11
x6kp4cwwyzk	xbdvdn7rfuv	因	因	ĭng	1764	1	13	xsaasjm8ej9		2025-05-16 17:05:11	2025-05-16 17:05:11
x9d4vw7ardf	xbeqat4s57m	囟	囟	séng	1764	1	14	xsaasjm8ej9		2025-05-16 17:05:11	2025-05-16 17:05:11
x9jqp3gtth8			囱	chŭng	1764	1	15	xsaasjm8ej9		2025-05-16 17:05:11	2025-05-16 17:05:11
xjbyqn9895p	xgukd9ggu2c	囤	囤	dóng	1764	1	16	xsaasjm8ej9		2025-05-16 17:05:11	2025-05-16 17:05:11
xkhzyru23kh			囯	guók	1764	1	17	xsaasjm8ej9		2025-05-16 17:05:11	2025-05-16 17:05:11
xj3f6yhqc7n			囫	huók	1764	1	18	xsaasjm8ej9		2025-05-16 17:05:11	2025-05-16 17:05:11
xdywd794ft6	x6qzbp8yb3v	困	困	káung	1764	1	19	xsaasjm8ej9		2025-05-16 17:05:11	2025-05-16 17:05:11
x8zwczaj4mg			园	nguàng	1764	1	20	xsaasjm8ej9		2025-05-16 17:05:11	2025-05-16 17:05:11
x84ckpsts2e	xn85jq5c4aw	囮	囮	nguò	1764	1	21	xsaasjm8ej9		2025-05-16 17:05:11	2025-05-16 17:05:11
x7xdv7n9wth	xqy4dvxxmq8	固	固	gó	1764	2	1	xsaasjm8ej9		2025-05-16 17:05:11	2025-05-16 17:05:11
x3k6c6q8ctt	xqpjdwctb2v	囷	囷	kūng	1764	2	2	xsaasjm8ej9		2025-05-16 17:05:11	2025-05-16 17:05:11
xuhy3zy7hkh	xqpjdwctb2v	囷	囷	kṳ̀ng	1764	2	2	xsaasjm8ej9		2025-05-16 17:05:11	2025-05-16 17:05:11
xywcpazcas5	xv62vzfxx94	囹	囹	lìng	1764	2	3	xsaasjm8ej9		2025-05-16 17:05:11	2025-05-16 17:05:11
xzjt4vza4ex			图	dù	1764	2	4	xsaasjm8ej9		2025-05-16 17:05:11	2025-05-16 17:05:11
xpz2hc2zkzm	x455vxdw8q7	囿	囿	êu	1764	2	5	xsaasjm8ej9		2025-05-16 17:05:11	2025-05-16 17:05:11
x6pax8ug4f9	xhu62kyyuuz	圄	圄	ngṳ̄	1764	2	6	xsaasjm8ej9		2025-05-16 17:05:11	2025-05-16 17:05:11
xqa6r9v4fyg	x55g37u54wg	圃	圃	puō	1764	2	7	xsaasjm8ej9		2025-05-16 17:05:11	2025-05-16 17:05:11
xjcaw85rzpp	xjjmeqxga68	國	國	guók	1764	2	8	xsaasjm8ej9		2025-05-16 17:05:11	2025-05-16 17:05:11
xakc8jxcp2v			圈	kuŏng	1764	2	9	xsaasjm8ej9		2025-05-16 17:05:11	2025-05-16 17:05:11
x5w8y3gjqg8	x7qrfb4nfmh	圉	圉	ngṳ̄	1764	2	10	xsaasjm8ej9		2025-05-16 17:05:11	2025-05-16 17:05:11
xk33ufdcxt8	x4hcg22epj3	圍	圍	ùi	1764	2	11	xsaasjm8ej9		2025-05-16 17:05:11	2025-05-16 17:05:11
x94u49jwtnt			圗	dù	1764	2	12	xsaasjm8ej9		2025-05-16 17:05:11	2025-05-16 17:05:11
x3r93nm8f4k	x8w2q58g7vn	園	園	huòng	1764	2	13	xsaasjm8ej9		2025-05-16 17:05:11	2025-05-16 17:05:11
x52hhn33md3			圓	uòng	1764	2	14	xsaasjm8ej9		2025-05-16 17:05:11	2025-05-16 17:05:11
xqzvnqm2xkr	x3ry7bjaa97	圖	圖	dù	1764	2	15	xsaasjm8ej9		2025-05-16 17:05:11	2025-05-16 17:05:11
x4wdw6jswdh			團	tuàng	1764	2	16	xsaasjm8ej9		2025-05-16 17:05:11	2025-05-16 17:05:11
x9e9rww52z2	xn2j4xk3j96	圜	圜	kuàng	1764	2	17	xsaasjm8ej9		2025-05-16 17:05:11	2025-05-16 17:05:11
xr2c47ve4g8			圝	luàng	1764	2	18	xsaasjm8ej9		2025-05-16 17:05:11	2025-05-16 17:05:11
xhq5dbh2byq	x6nagffyacn	土	土	tū	1764	2	19	x6ghb5e7u8e		2025-05-16 17:05:11	2025-05-16 17:05:11
xrdva5ry2ct	x6nagffyacn	土	土	tù	1764	2	19	x6ghb5e7u8e		2025-05-16 17:05:11	2025-05-16 17:05:11
x28n92h66ws			圣	séng	1764	2	20	x6ghb5e7u8e		2025-05-16 17:05:11	2025-05-16 17:05:11
xsgmx9pyhmm	xy2xaux2hr8	在	在	câi	1764	2	21	x6ghb5e7u8e		2025-05-16 17:05:11	2025-05-16 17:05:11
xcjdcku6eya			地	dê	1764	2	22	x6ghb5e7u8e		2025-05-16 17:05:11	2025-05-16 17:05:11
x3mtf6e9znz	x6ur5fvu67v	圯	圯	gī	1764	3	1	x6ghb5e7u8e		2025-05-16 17:05:11	2025-05-16 17:05:11
x7mptaqxhgx	x6ur5fvu67v	圯	圯	ì	1764	3	1	x6ghb5e7u8e		2025-05-16 17:05:11	2025-05-16 17:05:11
xzmmmkfshrw	xk4adjm8ac6	圭	圭	giĕ	1764	3	2	x6ghb5e7u8e		2025-05-16 17:05:11	2025-05-16 17:05:11
x7a4nryf4z6	xd4dmdh5qhu	圬	圬	ŭ	1764	3	3	x6ghb5e7u8e		2025-05-16 17:05:11	2025-05-16 17:05:11
xbd2urb5x2t	xjrcc78ekqf	坂	坂	bāng	1764	3	4	x6ghb5e7u8e		2025-05-16 17:05:11	2025-05-16 17:05:11
xtuxx5ezxx7	x2gashp9b93	址	址	cī	1764	3	5	x6ghb5e7u8e		2025-05-16 17:05:11	2025-05-16 17:05:11
xzmargpc3p2			坐	cô̤	1764	3	6	x6ghb5e7u8e		2025-05-16 17:05:11	2025-05-16 17:05:11
x9yv88vcr7n			坐	sô̤i	1764	3	6	x6ghb5e7u8e		2025-05-16 17:05:11	2025-05-16 17:05:11
x8kz86psmqg	x4npes8quuy	圻	圻	gì	1764	3	7	x6ghb5e7u8e		2025-05-16 17:05:11	2025-05-16 17:05:11
xs4ru69ttdx	xpe4crh9hxw	均	均	gĭng	1764	3	8	x6ghb5e7u8e		2025-05-16 17:05:11	2025-05-16 17:05:11
x6erkzpntjx	xs5jcmu2srs	坊	坊	huŏng	1764	3	9	x6ghb5e7u8e		2025-05-16 17:05:11	2025-05-16 17:05:11
xvd723rw3jh			坑	kăng	1764	3	10	x6ghb5e7u8e		2025-05-16 17:05:11	2025-05-16 17:05:11
x6zvc49skq6	xdwfr74gpww	坎	坎	kāng	1764	3	11	x6ghb5e7u8e		2025-05-16 17:05:11	2025-05-16 17:05:11
xn9wunqkgpe	xj6dku5w4bj	坍	坍	tăng	1764	3	12	x6ghb5e7u8e		2025-05-16 17:05:11	2025-05-16 17:05:11
x5bezfkhq89	xhyzzzfa4hj	坼	坼	cháik	1764	3	13	x6ghb5e7u8e		2025-05-16 17:05:11	2025-05-16 17:05:11
xvv89pha89t	xz6eqa2vckz	坻	坻	dì	1764	3	14	x6ghb5e7u8e		2025-05-16 17:05:11	2025-05-16 17:05:11
xdcs8kprdn2	xz92kavqgs7	坫	坫	diéng	1764	3	15	x6ghb5e7u8e		2025-05-16 17:05:11	2025-05-16 17:05:11
xbsscj42ys8	xvxek32uznr	坰	坰	hĭng	1764	3	16	x6ghb5e7u8e		2025-05-16 17:05:11	2025-05-16 17:05:11
x74yyys2s45	xt4eszng7dw	坵	坵	kĭu	1764	3	17	x6ghb5e7u8e		2025-05-16 17:05:11	2025-05-16 17:05:11
xr3kvej2sfc	xt4eszng7dw	坵	坵	kŭ	1764	3	17	x6ghb5e7u8e		2025-05-16 17:05:11	2025-05-16 17:05:11
xpbgktmac4u	xxhmuvz8zsk	坷	坷	kó̤	1764	3	18	x6ghb5e7u8e		2025-05-16 17:05:11	2025-05-16 17:05:11
xv7z3zxjbth	xdu3gtywm8c	坤	坤	kŏng	1764	3	19	x6ghb5e7u8e		2025-05-16 17:05:11	2025-05-16 17:05:11
xt6yg3j73z2	xde4yqmgb2s	坭	坭	nà̤	1764	3	21	x6ghb5e7u8e		2025-05-16 17:05:11	2025-05-16 17:05:11
xtdz4chhb8b	xggbyhfdc8j	坡	坡	pŏ̤	1764	3	22	x6ghb5e7u8e		2025-05-16 17:05:11	2025-05-16 17:05:11
x69ehe87vf5	xggbyhfdc8j	坡	坡	bŏ̤	1764	3	22	x6ghb5e7u8e		2025-05-16 17:05:11	2025-05-16 17:05:11
xs3ucjav2c7	x55r46es5bq	坯	坯	puŏi	1764	3	23	x6ghb5e7u8e		2025-05-16 17:05:11	2025-05-16 17:05:11
xpg2jcbu4j9			坏	puŏi	1764	3	23	x6ghb5e7u8e		2025-05-16 17:05:11	2025-05-16 17:05:11
x7vh6qxnfku	xrtu6ha4aef	垂	垂	sùi	1765	1	1	x6ghb5e7u8e		2025-05-16 17:05:11	2025-05-16 17:05:11
xsfay8bcnmy	xg7ew7pghxc	坦	坦	tāng	1765	1	2	x6ghb5e7u8e		2025-05-16 17:05:11	2025-05-16 17:05:11
x69f3cc9bay	xtjbrmphfkt	垤	垤	diĕk	1765	1	3	x6ghb5e7u8e		2025-05-16 17:05:11	2025-05-16 17:05:11
x54s7ny37d7	xzw6bmfp5b6	垛	垛	duō	1765	1	4	x6ghb5e7u8e	原書有誤，已更正	2025-05-16 17:05:11	2025-05-16 17:05:11
xa5a4ubhp5m			垜	duō	1765	1	4	x6ghb5e7u8e	原書有誤，已更正	2025-05-16 17:05:11	2025-05-16 17:05:11
xnbh9qffuhj	x3wzzrcrtwc	垓	垓	găi	1765	1	5	x6ghb5e7u8e		2025-05-16 17:05:11	2025-05-16 17:05:11
xyyvpbntn9j	x66uap6y29g	垢	垢	gáiu	1765	1	6	x6ghb5e7u8e		2025-05-16 17:05:11	2025-05-16 17:05:11
x34p4e9shdb	x66uap6y29g	垢	垢	gāu	1765	1	6	x6ghb5e7u8e		2025-05-16 17:05:11	2025-05-16 17:05:11
xftzk49qtmx	xaaq6hfnh88	垝	垝	gūi	1765	1	7	x6ghb5e7u8e		2025-05-16 17:05:11	2025-05-16 17:05:11
xax7vqyxzac	x3mnjsk6r34	型	型	hìng	1765	1	8	x6ghb5e7u8e		2025-05-16 17:05:11	2025-05-16 17:05:11
xjc8pgwhnr9			垔	ĭng	1765	1	9	x6ghb5e7u8e		2025-05-16 17:05:11	2025-05-16 17:05:11
xr7z6ubyzab			垠	ngṳ̀ng	1765	1	10	x6ghb5e7u8e		2025-05-16 17:05:11	2025-05-16 17:05:11
x7qr6a79pqh			垠	ngìng	1765	1	10	x6ghb5e7u8e		2025-05-16 17:05:11	2025-05-16 17:05:11
x5ytaa7c3af	xucu2jcr73c	垣	垣	uòng	1765	1	11	x6ghb5e7u8e		2025-05-16 17:05:11	2025-05-16 17:05:11
x3svkaxr5zv	xg8jvt5vumz	埃	埃	ăi	1765	1	12	x6ghb5e7u8e		2025-05-16 17:05:11	2025-05-16 17:05:11
xgb9c6ugss6			垻	bá	1765	1	13	x6ghb5e7u8e		2025-05-16 17:05:11	2025-05-16 17:05:11
xcsv5s5t823			埔	buô	1765	1	14	x6ghb5e7u8e		2025-05-16 17:05:11	2025-05-16 17:05:11
xh5s3w5buc4			埕	diàng	1765	1	15	x6ghb5e7u8e		2025-05-16 17:05:11	2025-05-16 17:05:11
x63n4rfz4mx			埕	dìng	1765	1	15	x6ghb5e7u8e		2025-05-16 17:05:11	2025-05-16 17:05:11
x95u5dw9ndq	xeyd2s8t63q	埆	埆	gáuk	1765	1	16	x6ghb5e7u8e		2025-05-16 17:05:11	2025-05-16 17:05:11
xkqjfbd8jz7	xve9nzdqkfc	埏	埏	iòng	1765	1	17	x6ghb5e7u8e		2025-05-16 17:05:11	2025-05-16 17:05:11
x3mrcy93u9b	xvpt7v7yy5h	埌	埌	lâung	1765	1	18	x6ghb5e7u8e		2025-05-16 17:05:11	2025-05-16 17:05:11
xeb6k2jpfwr	x6bk8xv56n3	垃	垃	lă	1764	3	20	x6ghb5e7u8e		2025-09-23 02:03:29	2025-05-16 17:05:11
xh23fsmyt7w			埓	luók	1765	1	19	x6ghb5e7u8e	原書有誤，已更正	2025-05-16 17:05:11	2025-05-16 17:05:11
xm9y5g9shr4			埋	mài	1765	1	20	x6ghb5e7u8e		2025-05-16 17:05:11	2025-05-16 17:05:11
xs5g4dfmmha			埋	muài	1765	1	20	x6ghb5e7u8e		2025-05-16 17:05:11	2025-05-16 17:05:11
xm4rgczrwkv			城	sìng	1765	1	21	x6ghb5e7u8e		2025-05-16 17:05:11	2025-05-16 17:05:11
x2mjnyqxruf			城	siàng	1765	1	21	x6ghb5e7u8e		2025-05-16 17:05:11	2025-05-16 17:05:11
xswgjnseegt			埀	sùi	1765	1	22	x6ghb5e7u8e		2025-05-16 17:05:11	2025-05-16 17:05:11
xedzax547nm	xr3ymf4yvtc	埤	埤	bī	1765	1	23	x6ghb5e7u8e		2025-05-16 17:05:11	2025-05-16 17:05:11
x43ex8d2byp	xtw66vrsrn8	埠	埠	buô	1765	2	1	x6ghb5e7u8e		2025-05-16 17:05:11	2025-05-16 17:05:11
xvp49ya8ysn	xkymyttacwy	培	培	buòi	1765	2	2	x6ghb5e7u8e		2025-05-16 17:05:11	2025-05-16 17:05:11
xuug8wmunzd			埶	cék	1765	2	3	x6ghb5e7u8e		2025-05-16 17:05:11	2025-05-16 17:05:11
xfwtehnw4af	xbpz8mvcbvz	埭	埭	dâi	1765	2	4	x6ghb5e7u8e		2025-05-16 17:05:11	2025-05-16 17:05:11
xw6nsmamqpb	xa632vv68v8	堆	堆	dŏi	1765	2	5	x6ghb5e7u8e		2025-05-16 17:05:11	2025-05-16 17:05:11
xts9kdexqdr	xnszu65m6mz	堂	堂	dòng	1765	2	6	x6ghb5e7u8e		2025-05-16 17:05:11	2025-05-16 17:05:11
xrxg8x93emz	x658v247efv	埧	埧	gê̤ṳ	1765	2	7	x6ghb5e7u8e		2025-05-16 17:05:11	2025-05-16 17:05:11
xqq3g5b5uwh	xhaj4yfye73	基	基	gĭ	1765	2	8	x6ghb5e7u8e		2025-05-16 17:05:11	2025-05-16 17:05:11
x9q93mzy6s8	xe9mj5tyn4r	堅	堅	giĕng	1765	2	9	x6ghb5e7u8e		2025-05-16 17:05:11	2025-05-16 17:05:11
xsps9a7cwrx			埯	iēng	1765	2	10	x6ghb5e7u8e		2025-05-16 17:05:11	2025-05-16 17:05:11
xvnxz97axdh			埳	kāng	1765	2	11	x6ghb5e7u8e		2025-05-16 17:05:11	2025-05-16 17:05:11
xfyyd5swafk	xphbw4jgp9n	堇	堇	kṳ̀ng	1765	2	12	x6ghb5e7u8e		2025-05-16 17:05:11	2025-05-16 17:05:11
x2er2eanrht	xphbw4jgp9n	堇	堇	gê̤ṳng	1765	2	12	x6ghb5e7u8e		2025-05-16 17:05:11	2025-05-16 17:05:11
xgy3gthdhft			域	mĭk	1765	2	13	x6ghb5e7u8e		2025-05-16 17:05:11	2025-05-16 17:05:11
x2ap297dtcb			埿	nà̤	1765	2	14	x6ghb5e7u8e		2025-05-16 17:05:11	2025-05-16 17:05:11
xqw7wtkxhjc	xxawqrx26pw	埴	埴	sĭk	1765	2	15	x6ghb5e7u8e		2025-05-16 17:05:12	2025-05-16 17:05:12
xxg2dnswgfc	xch7b8gwjwt	埽	埽	suā	1765	2	16	x6ghb5e7u8e		2025-05-16 17:05:12	2025-05-16 17:05:12
x92gbxyy7kw			埵	tuō	1765	2	17	x6ghb5e7u8e	原書有誤，已更正	2025-05-16 17:05:12	2025-05-16 17:05:12
x7gxxxew294	xdmg2bugah6	堡	堡	bō̤	1765	2	18	x6ghb5e7u8e		2025-05-16 17:05:12	2025-05-16 17:05:12
xpgs64yzcn2	xvbgqkpkxye	報	報	bó̤	1765	2	19	x6ghb5e7u8e		2025-05-16 17:05:12	2025-05-16 17:05:12
xh99awk6p52	x4kw5n362gb	堲	堲	cék	1765	2	20	x6ghb5e7u8e		2025-05-16 17:05:12	2025-05-16 17:05:12
xx36jd3yxxw			堘	chìng	1765	2	21	x6ghb5e7u8e		2025-05-16 17:05:12	2025-05-16 17:05:12
x9uet72bxct	xpcuekfvbm7	堞	堞	diĕk	1765	2	22	x6ghb5e7u8e		2025-05-16 17:05:12	2025-05-16 17:05:12
xpbb9dur7vk	xryq4rmx5qw	場	場	diòng	1765	2	23	x6ghb5e7u8e		2025-05-16 17:05:12	2025-05-16 17:05:12
xf4vb79a34r	xrhws9kvb5r	堵	堵	dū	1765	3	1	x6ghb5e7u8e		2025-05-16 17:05:12	2025-05-16 17:05:12
x69jpubtcea			𡍼	dù	1765	3	2	x6ghb5e7u8e		2025-05-16 17:05:12	2025-05-16 17:05:12
xd4cpxwg4za			堦	găi	1765	3	3	x6ghb5e7u8e		2025-05-16 17:05:12	2025-05-16 17:05:12
xrg3hhb7fmh	xzqk5s3v2r9	堠	堠	hâiu	1765	3	4	x6ghb5e7u8e		2025-05-16 17:05:12	2025-05-16 17:05:12
xsntpnf9dsc	xf5pyrcvhd6	堰	堰	iēng	1765	3	5	x6ghb5e7u8e		2025-05-16 17:05:12	2025-05-16 17:05:12
x8y9j8jchyy			堙	ĭng	1765	3	6	x6ghb5e7u8e		2025-05-16 17:05:12	2025-05-16 17:05:12
x4a5anttv4a	x8wfepyn3xn	堪	堪	kăng	1765	3	7	x6ghb5e7u8e		2025-05-16 17:05:12	2025-05-16 17:05:12
xwqkm4qumew	x48j4apukpr	堯	堯	ngièu	1765	3	8	x6ghb5e7u8e		2025-05-16 17:05:12	2025-05-16 17:05:12
xm5zbqh3sm2			堤	tì	1765	3	9	x6ghb5e7u8e		2025-05-16 17:05:12	2025-05-16 17:05:12
xq7kv6za8t7			塟	cáung	1765	3	10	x6ghb5e7u8e		2025-05-16 17:05:12	2025-05-16 17:05:12
x9pdhgtprwc	xbq2w9d8vgf	塍	塍	chìng	1765	3	11	x6ghb5e7u8e		2025-05-16 17:05:12	2025-05-16 17:05:12
x36st88h2w9			塡	dèng	1765	3	12	x6ghb5e7u8e		2025-05-16 17:05:12	2025-05-16 17:05:12
x3mpa5jneqa			塡	dièng	1765	3	12	x6ghb5e7u8e		2025-05-16 17:05:12	2025-05-16 17:05:12
xeu88s3bemx			塡	dĭng	1765	3	12	x6ghb5e7u8e		2025-05-16 17:05:12	2025-05-16 17:05:12
xvp9xh5nn5j			塡	diēng	1765	3	12	x6ghb5e7u8e		2025-05-16 17:05:12	2025-05-16 17:05:12
xjxy6rxfdus			塡	dìng	1765	3	12	x6ghb5e7u8e		2025-05-16 17:05:12	2025-05-16 17:05:12
xtnydf39c5y	xtqkfgfdcwt	塘	塘	dòng	1765	3	13	x6ghb5e7u8e		2025-05-16 17:05:12	2025-05-16 17:05:12
xhykxnnyqpt			塗	dù	1765	3	14	x6ghb5e7u8e		2025-05-16 17:05:12	2025-05-16 17:05:12
xn64a6ckx2g			塤	hṳ̆ng	1765	3	15	x6ghb5e7u8e		2025-05-16 17:05:12	2025-05-16 17:05:12
xzzsun6pp5s	xeb5kywvewu	塋	塋	ìng	1765	3	16	x6ghb5e7u8e		2025-05-16 17:05:12	2025-05-16 17:05:12
xsycezetxf2	xh52bf3kmer	塏	塏	kāi	1765	3	17	x6ghb5e7u8e		2025-05-16 17:05:12	2025-05-16 17:05:12
xkjn59a4tc8			塊	kuāi	1765	3	18	x6ghb5e7u8e		2025-05-16 17:05:12	2025-05-16 17:05:12
xhn3hsr79ma			塊	dó̤i	1765	3	18	x6ghb5e7u8e		2025-05-16 17:05:12	2025-05-16 17:05:12
xqj945eemff	xd5pxna9v2n	塢	塢	ó	1765	3	19	x6ghb5e7u8e		2025-05-16 17:05:12	2025-05-16 17:05:12
xevjt7mg944			塞	sáik	1765	3	20	x6ghb5e7u8e		2025-05-16 17:05:12	2025-05-16 17:05:12
xrxx7qsf9dd			塞	sái	1765	3	20	x6ghb5e7u8e		2025-05-16 17:05:12	2025-05-16 17:05:12
xjwbfeddgs3			塞	sék	1765	3	20	x6ghb5e7u8e		2025-05-16 17:05:12	2025-05-16 17:05:12
xevrbnasse7	xdzx3est52g	塒	塒	sì	1765	3	21	x6ghb5e7u8e		2025-05-16 17:05:12	2025-05-16 17:05:12
xvh7np9fyxm			𥂁	sièng	1765	3	22	x6ghb5e7u8e		2025-05-16 17:05:12	2025-05-16 17:05:12
xhwm6f5zmsz	x2cx4478kb4	塑	塑	só	1766	1	1	x6ghb5e7u8e		2025-05-16 17:05:12	2025-05-16 17:05:12
xuw7j8n37hq			塐	só	1766	1	1	x6ghb5e7u8e		2025-05-16 17:05:12	2025-05-16 17:05:12
x6t5j5jq322	x9hzzfwu7sv	塔	塔	ták	1766	1	2	x6ghb5e7u8e		2025-05-16 17:05:12	2025-05-16 17:05:12
xtz78pfjt9a			墖	ták	1766	1	2	x6ghb5e7u8e		2025-05-16 17:05:12	2025-05-16 17:05:12
xgsmjppwmhb	xs2k2rj9cnm	塌	塌	ták	1766	1	3	x6ghb5e7u8e		2025-05-16 17:05:12	2025-05-16 17:05:12
xnb424dv8jh			塜	tūng	1766	1	4	x6ghb5e7u8e		2025-05-16 17:05:12	2025-05-16 17:05:12
x2vxzms7s2p	x659tpkygqc	塕	塕	ŭng	1766	1	5	x6ghb5e7u8e		2025-05-16 17:05:12	2025-05-16 17:05:12
x6xkgdcuajj	x659tpkygqc	塕	塕	ūng	1766	1	5	x6ghb5e7u8e		2025-05-16 17:05:12	2025-05-16 17:05:12
xu2muh5gbg3	xa4qte8anze	塹	塹	ciêng	1766	1	6	x6ghb5e7u8e		2025-05-16 17:05:12	2025-05-16 17:05:12
xqchgece9hc	xa4qte8anze	塹	塹	chiêng	1766	1	6	x6ghb5e7u8e		2025-05-16 17:05:12	2025-05-16 17:05:12
x9b4cgxukej			墊	dâing	1766	1	7	x6ghb5e7u8e		2025-05-16 17:05:12	2025-05-16 17:05:12
x98ubnqqzpp			墊	diéng	1766	1	7	x6ghb5e7u8e		2025-05-16 17:05:12	2025-05-16 17:05:12
xb9ukhft2zy	x29y6n2ssvp	墀	墀	dì	1766	1	8	x6ghb5e7u8e		2025-05-16 17:05:12	2025-05-16 17:05:12
xjrcvpt95qj	x9sb8nv9a8u	塵	塵	dìng	1766	1	9	x6ghb5e7u8e		2025-05-16 17:05:12	2025-05-16 17:05:12
xvr25ecet5m	xryq4rmx5qw	場	場	diòng	1766	1	10	x6ghb5e7u8e		2025-05-16 17:05:12	2025-05-16 17:05:12
xhstnv67689	xpdh3dt9kga	墐	墐	gê̤ṳng	1766	1	11	x6ghb5e7u8e		2025-05-16 17:05:12	2025-05-16 17:05:12
xdnafd7ck62	xkrad93ntdv	墘	墘	gièng	1766	1	12	x6ghb5e7u8e		2025-05-16 17:05:12	2025-05-16 17:05:12
xeau937jd9a	xanhyv97m3j	境	境	gīng	1766	1	13	x6ghb5e7u8e		2025-05-16 17:05:12	2025-05-16 17:05:12
xfaqsqft895			墅	iā	1766	1	15	x6ghb5e7u8e		2025-05-16 17:05:12	2025-05-16 17:05:12
xcgrrdsseg5	xw9jkxz7s2h	墍	墍	kái	1766	1	16	x6ghb5e7u8e		2025-05-16 17:05:12	2025-05-16 17:05:12
xjxj73pt2sb			墁	mâng	1766	1	17	x6ghb5e7u8e		2025-05-16 17:05:12	2025-05-16 17:05:12
xcv3ey3u85y	xkh38zxpdbg	墓	墓	muó	1766	1	18	x6ghb5e7u8e		2025-05-16 17:05:12	2025-05-16 17:05:12
xdps3ph86nw			塳	pùng	1766	1	19	x6ghb5e7u8e		2025-05-16 17:05:12	2025-05-16 17:05:12
x89xssjbfdg	xcv3fd2bc7w	塾	塾	sṳ̆k	1766	1	20	x6ghb5e7u8e		2025-05-16 17:05:12	2025-05-16 17:05:12
x8c2qzcbbdm	xx8ub9gfgv8	墉	墉	ṳ̀ng	1766	1	21	x6ghb5e7u8e		2025-05-16 17:05:12	2025-05-16 17:05:12
xbg7v8trjjx	xea8crdwva4	增	增	cĕng	1766	1	22	x6ghb5e7u8e		2025-05-16 17:05:12	2025-05-16 17:05:12
xgzauku8bgr	xmjqy44mhs2	墜	墜	dôi	1766	1	23	x6ghb5e7u8e		2025-05-16 17:05:12	2025-05-16 17:05:12
xjeptvmyujm	xd6v9y6nwyr	墮	墮	dôi	1766	2	1	x6ghb5e7u8e		2025-05-16 17:05:12	2025-05-16 17:05:12
xy2f6axzpgz	xd6v9y6nwyr	墮	墮	dô̤	1766	2	1	x6ghb5e7u8e		2025-05-16 17:05:12	2025-05-16 17:05:12
xr3fzj3d9du			墩	dŏng	1766	2	2	x6ghb5e7u8e		2025-05-16 17:05:12	2025-05-16 17:05:12
x68a5jfmqr6			墩	dŭng	1766	2	2	x6ghb5e7u8e		2025-05-16 17:05:12	2025-05-16 17:05:12
xupqnfgbbj8	x2xr4d4f77s	墟	墟	hṳ̆	1766	2	3	x6ghb5e7u8e		2025-05-16 17:05:12	2025-05-16 17:05:12
x2safq5jeja	xvawegwpsdp	墦	墦	huăng	1766	2	4	x6ghb5e7u8e		2025-05-16 17:05:12	2025-05-16 17:05:12
xrkyb9ce7eh	x4ntnwkks9s	墳	墳	hùng	1766	2	5	x6ghb5e7u8e		2025-05-16 17:05:12	2025-05-16 17:05:12
xzyjrwp3ugs	x4ntnwkks9s	墳	墳	hūng	1766	2	5	x6ghb5e7u8e		2025-05-16 17:05:12	2025-05-16 17:05:12
xwzbxf8x8zz	xgz2twn8ah6	墨	墨	mĕ̤k	1766	2	6	x6ghb5e7u8e		2025-05-16 17:05:12	2025-05-16 17:05:12
xqjsmggs8g3	xg6tb5vmfa6	墡	墡	siêng	1766	2	7	x6ghb5e7u8e		2025-05-16 17:05:12	2025-05-16 17:05:12
x4c5ejjbjgv			墰	tàng	1766	2	8	x6ghb5e7u8e		2025-05-16 17:05:12	2025-05-16 17:05:12
xkcgp4wmmps	x7kkte2d5v6	牆	牆	chiòng	1766	2	9	x6ghb5e7u8e		2025-05-16 17:05:12	2025-05-16 17:05:12
xv2yjzkxzvz			壇	dàng	1766	2	10	x6ghb5e7u8e		2025-05-16 17:05:12	2025-05-16 17:05:12
xdeaa96u7m7	xtqas8dgjvk	壅	壅	é̤ṳng	1766	2	11	x6ghb5e7u8e		2025-05-16 17:05:12	2025-05-16 17:05:12
xg5vqztv6p6			墾	kōng	1766	2	12	x6ghb5e7u8e		2025-05-16 17:05:12	2025-05-16 17:05:12
x6e3vabp4x2			壁	pék	1766	2	13	x6ghb5e7u8e		2025-05-16 17:05:12	2025-05-16 17:05:12
x2s85em95y7			壁	biáh	1766	2	13	x6ghb5e7u8e		2025-05-16 17:05:12	2025-05-16 17:05:12
xzvtqn4uz68			墺	ó̤	1766	2	14	x6ghb5e7u8e		2025-05-16 17:05:12	2025-05-16 17:05:12
xpp947mw9u7	x7cssfuue5v	壓	壓	ák	1766	2	15	x6ghb5e7u8e		2025-05-16 17:05:12	2025-05-16 17:05:12
xw3cmbq8hqq	x7cssfuue5v	壓	壓	dáh	1766	2	15	x6ghb5e7u8e		2025-05-16 17:05:12	2025-05-16 17:05:12
x5a9s33ucqr			壍	ciêng	1766	2	16	x6ghb5e7u8e		2025-05-16 17:05:12	2025-05-16 17:05:12
xbuw7k5efg3	x3k3t2dnpfa	壕	壕	hò̤	1766	2	17	x6ghb5e7u8e		2025-05-16 17:05:12	2025-05-16 17:05:12
xqmdzzz75dq	xq5wm24bg5c	壎	壎	hṳ̆ng	1766	2	18	x6ghb5e7u8e		2025-05-16 17:05:12	2025-05-16 17:05:12
xz5ab75wjnm	xnudxduf64y	壑	壑	káuk	1766	2	19	x6ghb5e7u8e		2025-05-16 17:05:12	2025-05-16 17:05:12
xad28kry4az	xjgcqw3gher	壙	壙	kuōng	1766	2	20	x6ghb5e7u8e		2025-05-16 17:05:12	2025-05-16 17:05:12
x7qpk2jjfpb	x2mc4gtar4h	壘	壘	lūi	1766	2	21	x6ghb5e7u8e		2025-05-16 17:05:12	2025-05-16 17:05:12
x69mdestqms	xb2f7qq9n39	壚	壚	lù	1766	2	23	x6ghb5e7u8e		2025-05-16 17:05:12	2025-05-16 17:05:12
xxes8xr4zrd			壟	lūng	1766	3	1	x6ghb5e7u8e		2025-05-16 17:05:12	2025-05-16 17:05:12
xns7h7trzfs	xej2gjx2mwh	壝	壝	mì	1766	3	2	x6ghb5e7u8e		2025-05-16 17:05:12	2025-05-16 17:05:12
xdkfy23f7u8			壜	tàng	1766	3	3	x6ghb5e7u8e		2025-05-16 17:05:12	2025-05-16 17:05:12
xu6rt2h45vh	xhrhmcubgjm	壤	壤	iōng	1766	3	4	x6ghb5e7u8e		2025-05-16 17:05:12	2025-05-16 17:05:12
xknxx9uu5b5	xsq989vkc3u	壩	壩	bá	1766	3	5	x6ghb5e7u8e		2025-05-16 17:05:12	2025-05-16 17:05:12
xqqf3cdm7cf			士	sê̤ṳ	1766	3	6	x3q3ksfu5mf		2025-05-16 17:05:12	2025-05-16 17:05:12
x2w5fjd2kq5			壯	cáung	1766	3	8	x3q3ksfu5mf		2025-05-16 17:05:12	2025-05-16 17:05:12
xtkvt7a8bjf			声	sĭng	1766	3	9	x3q3ksfu5mf		2025-05-16 17:05:12	2025-05-16 17:05:12
xu6g3rjy9en			声	siăng	1766	3	9	x3q3ksfu5mf		2025-05-16 17:05:12	2025-05-16 17:05:12
xtq4uevmkk5	xm3tkqphq7b	壹	壹	ék	1766	3	10	x3q3ksfu5mf		2025-05-16 17:05:12	2025-05-16 17:05:12
xrgkvhqxu26	xutdapx4p2y	壺	壺	hù	1766	3	11	x3q3ksfu5mf		2025-05-16 17:05:12	2025-05-16 17:05:12
x67zv5hnbuq	xj38hf8msnt	壼	壼	kūng	1766	3	12	x3q3ksfu5mf		2025-05-16 17:05:12	2025-05-16 17:05:12
xzvezbctc7f			壻	sá̤	1766	3	13	x3q3ksfu5mf		2025-05-16 17:05:12	2025-05-16 17:05:12
xaenuydckh9			壻	sái	1766	3	13	x3q3ksfu5mf		2025-05-16 17:05:12	2025-05-16 17:05:12
xu4b829ng53			壽	sêu	1766	3	14	x3q3ksfu5mf		2025-05-16 17:05:12	2025-05-16 17:05:12
xqj5d52wgj2			夊	sŏi	1766	3	15	x2fvqs8hf28	原書有誤，已更正	2025-05-16 17:05:12	2025-05-16 17:05:12
xgvqwfhpzyd			夂	cṳ̆ng	1766	3	16	xpmfwbzwnju	原書有誤，已更正	2025-05-16 17:05:12	2025-05-16 17:05:12
xnncubm3q6t	xdpg5w5fayh	夏	夏	hă	1766	3	17	xpmfwbzwnju		2025-05-16 17:05:12	2025-05-16 17:05:12
xxbc5z4ktea	xy9982qwcfz	夕	夕	sĭk	1766	3	18	xxy3rnvmgff		2025-05-16 17:05:12	2025-05-16 17:05:12
xkcwesetu45			外	nguôi	1766	3	19	xxy3rnvmgff		2025-05-16 17:05:12	2025-05-16 17:05:12
x72zyq9kdyn			外	ngiê	1766	3	19	xxy3rnvmgff		2025-05-16 17:05:12	2025-05-16 17:05:12
xvwgx44mvu4	xy7t2zn33xa	多	多	dŏ̤	1767	1	1	xxy3rnvmgff		2025-05-16 17:05:12	2025-05-16 17:05:12
xe2bc7q674k	xava225crzz	夙	夙	sé̤ṳk	1767	1	2	xxy3rnvmgff		2025-05-16 17:05:12	2025-05-16 17:05:12
x37bbmjyfna	xvh8thj6r56	夜	夜	iâ	1767	1	3	xxy3rnvmgff		2025-05-16 17:05:12	2025-05-16 17:05:12
xgydabn6cmv	xvh8thj6r56	夜	夜	iê	1767	1	3	xxy3rnvmgff		2025-05-16 17:05:12	2025-05-16 17:05:12
x7r3kbzbsvq			够	gáiu	1767	1	4	xxy3rnvmgff		2025-05-16 17:05:12	2025-05-16 17:05:12
xtjf9abc87t			夠	gáiu	1767	1	4	xxy3rnvmgff		2025-05-16 17:05:12	2025-05-16 17:05:12
xuk4bpnbet5			夥	huō	1767	1	5	xxy3rnvmgff		2025-05-16 17:05:12	2025-05-16 17:05:12
xdmm5w7sjht	xjbnetmn8bj	夤	夤	ìng	1767	1	6	xxy3rnvmgff		2025-05-16 17:05:12	2025-05-16 17:05:12
x26fesffj3w			夢	móng	1767	1	7	xxy3rnvmgff		2025-05-16 17:05:12	2025-05-16 17:05:12
xg6dcy8yst4			夢	máe̤ng	1767	1	7	xxy3rnvmgff		2025-05-16 17:05:12	2025-05-16 17:05:12
xcrtb72mhvg			大	dâi	1767	1	8	x6rucbsxw9t		2025-05-16 17:05:12	2025-05-16 17:05:12
xucv68gcb9q			大	duâi	1767	1	8	x6rucbsxw9t		2025-05-16 17:05:12	2025-05-16 17:05:12
xwu243g25az			大	tái	1767	1	8	x6rucbsxw9t		2025-05-16 17:05:12	2025-05-16 17:05:12
xhkddphbrej			夫	hŭ	1767	1	9	x6rucbsxw9t		2025-05-16 17:05:12	2025-05-16 17:05:12
xdtpvazumbx			夫	hù	1767	1	9	x6rucbsxw9t		2025-05-16 17:05:12	2025-05-16 17:05:12
xs4b9747vqd	xwsg78ua5dq	夭	夭	iĕu	1767	1	10	x6rucbsxw9t		2025-05-16 17:05:12	2025-05-16 17:05:12
xmmxyzst7y2	xwsg78ua5dq	夭	夭	iēu	1767	1	10	x6rucbsxw9t		2025-05-16 17:05:12	2025-05-16 17:05:12
xk4yh6xkj2f	xf3s5g97926	夬	夬	kuāi	1767	1	11	x6rucbsxw9t		2025-05-16 17:05:12	2025-05-16 17:05:12
xqdf8jdkch8	xnd7nry9bxg	太	太	tái	1767	1	12	x6rucbsxw9t		2025-05-16 17:05:12	2025-05-16 17:05:12
xh8atte6u7d	xnd7nry9bxg	太	太	kák	1767	1	12	x6rucbsxw9t		2025-05-16 17:05:12	2025-05-16 17:05:12
xr4g6c2vk37	xb3c4nm4abg	天	天	tiĕng	1767	1	13	x6rucbsxw9t		2025-05-16 17:05:12	2025-05-16 17:05:12
xc9vddezq44	xt9ghyuxk6h	央	央	iŏng	1767	1	14	x6rucbsxw9t		2025-05-16 17:05:12	2025-05-16 17:05:12
xdmyq4pnyd8	xcnszptdpps	失	失	sék	1767	1	15	x6rucbsxw9t		2025-05-16 17:05:12	2025-05-16 17:05:12
x53fhrq2vjr	x7rr4m9a6cx	夷	夷	ì	1767	1	16	x6rucbsxw9t		2025-05-16 17:05:12	2025-05-16 17:05:12
xb6ycpyh3sx			夸	kuă	1767	1	17	x6rucbsxw9t		2025-05-16 17:05:12	2025-05-16 17:05:12
xe596r9devn			夾	gák	1767	1	18	x6rucbsxw9t		2025-05-16 17:05:12	2025-05-16 17:05:12
xaknd486uf9			夾	gĕk	1767	1	18	x6rucbsxw9t		2025-05-16 17:05:12	2025-05-16 17:05:12
xt5c2p3xutk			奇	gì	1767	1	19	x6rucbsxw9t		2025-05-16 17:05:12	2025-05-16 17:05:12
xnskjg236e7			奇	kiă	1767	1	19	x6rucbsxw9t		2025-05-16 17:05:12	2025-05-16 17:05:12
xyf5aky23fg			奇	kiĕ	1767	1	19	x6rucbsxw9t		2025-05-16 17:05:12	2025-05-16 17:05:12
x83s2esv5bm	xxq8qstc9vg	奉	奉	hông	1767	1	20	x6rucbsxw9t		2025-05-16 17:05:12	2025-05-16 17:05:12
xmayybzy8sr	xdegv6vbgg9	奄	奄	iĕng	1767	1	21	x6rucbsxw9t		2025-05-16 17:05:12	2025-05-16 17:05:12
x97q8sqw9jx	x38fek6wekp	奈	奈	nâi	1767	1	22	x6rucbsxw9t		2025-05-16 17:05:12	2025-05-16 17:05:12
xgz95xhy563	xzp5h62jupx	奔	奔	buŏng	1767	2	1	x6rucbsxw9t		2025-05-16 17:05:12	2025-05-16 17:05:12
xj6dnnm8jdw	xrryjauqh5q	奏	奏	cáiu	1767	2	2	x6rucbsxw9t		2025-05-16 17:05:12	2025-05-16 17:05:12
xanykpru2aq	xm9rsrfutnm	奎	奎	giĕ	1767	2	3	x6rucbsxw9t		2025-05-16 17:05:12	2025-05-16 17:05:12
x2mfsbm2gen	xw4xeeqt6fd	壬	壬	ìng	1766	3	7	x3q3ksfu5mf		2026-03-22 20:40:02	2025-05-16 17:05:12
x9p2vpk6g88	xkt4jaqwrf5	奐	奐	huáng	1767	2	4	x6rucbsxw9t		2025-05-16 17:05:12	2025-05-16 17:05:12
xd925r3h64b	xtxem8wx33q	奕	奕	ĭk	1767	2	5	x6rucbsxw9t		2025-05-16 17:05:12	2025-05-16 17:05:12
x3k3y2cuc3a			契	kié	1767	2	6	x6rucbsxw9t		2025-05-16 17:05:12	2025-05-16 17:05:12
xy8emrssmv6			契	siék	1767	2	6	x6rucbsxw9t		2025-05-16 17:05:12	2025-05-16 17:05:12
xft834khhmw	xywd5sd8epq	奚	奚	hiè	1767	2	7	x6rucbsxw9t		2025-05-16 17:05:12	2025-05-16 17:05:12
xum29vrzzjm	x9zq6qm2v37	套	套	tó̤	1767	2	8	x6rucbsxw9t		2025-05-16 17:05:12	2025-05-16 17:05:12
x64dgwmzcwn	xjfzhg52fqu	奢	奢	chiă	1767	2	9	x6rucbsxw9t		2025-05-16 17:05:12	2025-05-16 17:05:12
xt7bk7yz8uz	xvzm2znucgy	奠	奠	diêng	1767	2	10	x6rucbsxw9t		2025-05-16 17:05:12	2025-05-16 17:05:12
xwnxtmcsw24	x4b5f78j3pb	奡	奡	ngô̤	1767	2	11	x6rucbsxw9t		2025-05-16 17:05:12	2025-05-16 17:05:12
x42ftefxn4a			奧	ó̤	1767	2	12	x6rucbsxw9t		2025-05-16 17:05:12	2025-05-16 17:05:12
xmben2vsfwd	xvrrdwkcx8y	獎	獎	ciōng	1767	2	13	x6rucbsxw9t		2025-05-16 17:05:12	2025-05-16 17:05:12
xfgh8vyyexs			奪	duăk	1767	2	14	x6rucbsxw9t		2025-05-16 17:05:12	2025-05-16 17:05:12
xdrcg8w6psm			奪	dŏk	1767	2	14	x6rucbsxw9t		2025-05-16 17:05:12	2025-05-16 17:05:12
xg5jpr6xcez	xps9h28rdfn	奩	奩	lièng	1767	2	15	x6rucbsxw9t		2025-05-16 17:05:12	2025-05-16 17:05:12
x6876yxzt3y			奭	hék	1767	2	16	x6rucbsxw9t		2025-05-16 17:05:12	2025-05-16 17:05:12
x49g3mb24c8	xnjsd2zqxsw	奮	奮	hóng	1767	2	17	x6rucbsxw9t		2025-05-16 17:05:12	2025-05-16 17:05:12
xwfgdf4kwuv	xqtpghhkd83	女	女	nṳ̄	1767	2	18	x8st5v3we7p		2025-05-16 17:05:12	2025-05-16 17:05:12
x6mf3vgecms	xty4cxf3nfy	奶	奶	nā̤	1767	2	19	x8st5v3we7p		2025-05-16 17:05:12	2025-05-16 17:05:12
xc3p8k78hwf	xty4cxf3nfy	奶	奶	nāi	1767	2	19	x8st5v3we7p		2025-05-16 17:05:12	2025-05-16 17:05:12
x5gj2vpjuvc	xp2xsjug6ng	奴	奴	nù	1767	2	20	x8st5v3we7p		2025-05-16 17:05:12	2025-05-16 17:05:12
xcysyfu6f54	x7qfxvehegk	奼	奼	chá	1767	2	21	x8st5v3we7p		2025-05-16 17:05:12	2025-05-16 17:05:12
xt4q3ctzhd4	xxtxdsc75ud	妁	妁	chiók	1767	2	22	x8st5v3we7p		2025-05-16 17:05:12	2025-05-16 17:05:12
x8u5djfs2tp	x7kquvbgct2	奸	奸	găng	1767	3	1	x8st5v3we7p		2025-05-16 17:05:12	2025-05-16 17:05:12
x7f9c35mtag	xty37dsnkxp	妃	妃	hĭ	1767	3	2	x8st5v3we7p		2025-05-16 17:05:12	2025-05-16 17:05:12
xzb3c44rabu			好	hō̤	1767	3	3	x8st5v3we7p		2025-05-16 17:05:12	2025-05-16 17:05:12
xypkcdxx3vb			好	hó̤	1767	3	3	x8st5v3we7p		2025-05-16 17:05:12	2025-05-16 17:05:12
xdd4fj6xfu6	xsppmyhm6k8	她	她	ĭ	1767	3	4	x8st5v3we7p		2025-05-16 17:05:12	2025-05-16 17:05:12
x6t4mwceq9d	xpyh6nqz8uv	𡚸	𡚸	muō	1767	3	5	x8st5v3we7p		2025-05-16 17:05:12	2025-05-16 17:05:12
xzzajqbdmuf	xtb7yj6t4mn	如	如	ṳ̀	1767	3	6	x8st5v3we7p		2025-05-16 17:05:12	2025-05-16 17:05:12
xtefqa9xcus	x9bpgwqvng6	妄	妄	uông	1767	3	7	x8st5v3we7p		2025-05-16 17:05:12	2025-05-16 17:05:12
xtqpanhyveu	xkpw2vzsm7g	妣	妣	bī	1767	3	8	x8st5v3we7p		2025-05-16 17:05:12	2025-05-16 17:05:12
xva38ppqhg5	xk2jq7jtgn7	妝	妝	cŏng	1767	3	9	x8st5v3we7p		2025-05-16 17:05:12	2025-05-16 17:05:12
xestberkqfm	x54t5q8ny3h	妊	妊	êng	1767	3	11	x8st5v3we7p		2025-05-16 17:05:12	2025-05-16 17:05:12
xh66knwtrdy	xdsq978673k	妓	妓	gê	1767	3	12	x8st5v3we7p		2025-05-16 17:05:12	2025-05-16 17:05:12
xngqrbvh4j6	xs532ncs95g	妨	妨	huòng	1767	3	13	x8st5v3we7p		2025-05-16 17:05:12	2025-05-16 17:05:12
xqfk3c4u3gm	xzvpjprfd8u	妖	妖	iĕu	1767	3	14	x8st5v3we7p		2025-05-16 17:05:12	2025-05-16 17:05:12
xvankjne8vz	xwwguz3k2gy	妙	妙	miêu	1767	3	15	x8st5v3we7p		2025-05-16 17:05:12	2025-05-16 17:05:12
xxnd4fw2g2x			妥	tuō	1767	3	16	x8st5v3we7p	原書有誤，已更正	2025-05-16 17:05:12	2025-05-16 17:05:12
x2nhzmssrvj			妤	ṳ̀	1767	3	17	x8st5v3we7p		2025-05-16 17:05:12	2025-05-16 17:05:12
xkmmr4qu7jr	xsf2gswdjhm	姊	姊	cī	1767	3	18	x8st5v3we7p		2025-05-16 17:05:12	2025-05-16 17:05:12
xvhkn2ufe53	xhtass4bjhf	姐	姐	ciā	1767	3	19	x8st5v3we7p		2025-05-16 17:05:12	2025-05-16 17:05:12
xwphz3rcw27	xztbh2t5kdx	妻	妻	chă̤	1767	3	20	x8st5v3we7p		2025-05-16 17:05:12	2025-05-16 17:05:12
x34p6yu5bdt	xjbkz64wdpw	妾	妾	chiék	1767	3	21	x8st5v3we7p		2025-05-16 17:05:12	2025-05-16 17:05:12
xfhu768jvm9	xzwt6348uup	妲	妲	dák	1767	3	22	x8st5v3we7p		2025-05-16 17:05:12	2025-05-16 17:05:12
xd5nqn6jsh8	xc5pkujhh9u	妯	妯	dṳ̆k	1768	1	1	x8st5v3we7p		2025-05-16 17:05:12	2025-05-16 17:05:12
x5yjwb4hufu	xc5pkujhh9u	妯	妯	tĭu	1768	1	1	x8st5v3we7p		2025-05-16 17:05:12	2025-05-16 17:05:12
xb2ewhgkj4w	xwjzs2nh2en	妗	妗	gêng	1768	1	2	x8st5v3we7p		2025-05-16 17:05:12	2025-05-16 17:05:12
xqpzdnchk9m			姑	gŭ	1768	1	3	x8st5v3we7p		2025-05-16 17:05:12	2025-05-16 17:05:12
xtccpsa3f27	xmfgwx69q8g	姁	姁	hé̤ṳ	1768	1	4	x8st5v3we7p		2025-05-16 17:05:12	2025-05-16 17:05:12
xwhrwbmkmyg	xmfgwx69q8g	姁	姁	hṳ̆	1768	1	4	x8st5v3we7p		2025-05-16 17:05:12	2025-05-16 17:05:12
x6ef944dmyn	xmfgwx69q8g	姁	姁	hṳ̄	1768	1	4	x8st5v3we7p		2025-05-16 17:05:12	2025-05-16 17:05:12
xq8fxpndu7f	x98ytnur97u	姆	姆	mū	1768	1	5	x8st5v3we7p		2025-05-16 17:05:12	2025-05-16 17:05:12
x6ntzvb857g			妹	muói	1768	1	6	x8st5v3we7p		2025-05-16 17:05:12	2025-05-16 17:05:12
x49r2mhy7pd			妳	nā̤	1768	1	7	x8st5v3we7p		2025-05-16 17:05:12	2025-05-16 17:05:12
xe9p46arz6s	x4x6fvz8h33	妮	妮	nà̤	1768	1	8	x8st5v3we7p		2025-05-16 17:05:12	2025-05-16 17:05:12
xumpp3rxvfz			妸	ō̤	1768	1	9	x8st5v3we7p		2025-05-16 17:05:12	2025-05-16 17:05:12
xuwv6exkzdu	xk86ntc8683	姍	姍	săng	1768	1	10	x8st5v3we7p		2025-05-16 17:05:12	2025-05-16 17:05:12
x2qhewn54f9			姓	séng	1768	1	11	x8st5v3we7p		2025-05-16 17:05:12	2025-05-16 17:05:12
xfjqww4nmm5			姓	sáng	1768	1	11	x8st5v3we7p		2025-05-16 17:05:12	2025-05-16 17:05:12
xfptpfrntad			娰	sê̤ṳ	1768	1	12	x8st5v3we7p		2025-05-16 17:05:12	2025-05-16 17:05:12
x9r884p9fcp	xd6wqugpawk	始	始	sṳ̄	1768	1	13	x8st5v3we7p		2025-05-16 17:05:12	2025-05-16 17:05:12
xjhq8shdfjt	xd6wqugpawk	始	始	sé̤ṳ	1768	1	13	x8st5v3we7p		2025-05-16 17:05:12	2025-05-16 17:05:12
x5njhba3aqf	xfkgfc6ha95	委	委	ūi	1768	1	14	x8st5v3we7p		2025-05-16 17:05:12	2025-05-16 17:05:12
x8tr7r44we7	xsuyw7huv4a	姿	姿	cṳ̆	1768	1	15	x8st5v3we7p		2025-05-16 17:05:12	2025-05-16 17:05:12
xzpdne543je			姪	dĭk	1768	1	16	x8st5v3we7p		2025-05-16 17:05:12	2025-05-16 17:05:12
xrcuwcxq3gc			姙	êng	1768	1	17	x8st5v3we7p		2025-05-16 17:05:12	2025-05-16 17:05:12
xn77ue9tru2	xn2am6cyn4n	姤	姤	gáiu	1768	1	18	x8st5v3we7p		2025-05-16 17:05:12	2025-05-16 17:05:12
xy6qheppdx3			姦	găng	1768	1	19	x8st5v3we7p		2025-05-16 17:05:12	2025-05-16 17:05:12
xvcr6n56mmm	xzabf8x3pr4	姣	姣	giēu	1768	1	20	x8st5v3we7p		2025-05-16 17:05:12	2025-05-16 17:05:12
xhczdntbzcx	xma7ajejm4g	姜	姜	giŏng	1768	1	21	x8st5v3we7p		2025-05-16 17:05:12	2025-05-16 17:05:12
xp7cfbtbfwr	x38jewyjksn	姬	姬	hĭ	1768	1	22	x8st5v3we7p		2025-05-16 17:05:12	2025-05-16 17:05:12
xpu5qgtr6jh	xbewg76k66v	姨	姨	ì	1768	1	23	x8st5v3we7p		2025-05-16 17:05:12	2025-05-16 17:05:12
xhtdmg6565a	xdd4xecqvdq	姚	姚	ièu	1768	2	1	x8st5v3we7p		2025-05-16 17:05:12	2025-05-16 17:05:12
xnnk3ptjped	x6xwk2gegtv	姻	姻	ĭng	1768	2	2	x8st5v3we7p		2025-05-16 17:05:12	2025-05-16 17:05:12
x9wukqjndg2	x2wu5teasw9	姱	姱	kuă	1768	2	3	x8st5v3we7p		2025-05-16 17:05:12	2025-05-16 17:05:12
xxc286djxjp			娄	lèu	1768	2	4	x8st5v3we7p		2025-05-16 17:05:12	2025-05-16 17:05:12
xstp9byjvgs	x94urrv3sa3	姥	姥	mū	1768	2	5	x8st5v3we7p		2025-05-16 17:05:12	2025-05-16 17:05:12
xcxtgy7a5sy	xga7xg68zft	妍	妍	ngiĕng	1768	2	6	x8st5v3we7p		2025-05-16 17:05:12	2025-05-16 17:05:12
xursx9bse3u			㛂	nguō	1768	2	7	x8st5v3we7p		2025-05-16 17:05:12	2025-05-16 17:05:12
xt56pcubg8w	xz9a42vnv6r	姝	姝	tṳ̆	1768	2	8	x8st5v3we7p		2025-05-16 17:05:12	2025-05-16 17:05:12
x48rqhfpv4a	xzjt68jvxep	娃	娃	uă	1768	2	9	x8st5v3we7p		2025-05-16 17:05:12	2025-05-16 17:05:12
xfzsh32bf8r	xvy83nrewba	威	威	ŭi	1768	2	10	x8st5v3we7p		2025-05-16 17:05:12	2025-05-16 17:05:12
xsdyz52nfqn			娣	dâ̤	1768	2	11	x8st5v3we7p		2025-05-16 17:05:12	2025-05-16 17:05:12
xe23p8mcvdp	x8szzpmfm5d	娟	娟	giŏng	1768	2	12	x8st5v3we7p		2025-05-16 17:05:12	2025-05-16 17:05:12
xe4b7kv254p	xkan4vjxgwh	娌	娌	lī	1768	2	13	x8st5v3we7p		2025-05-16 17:05:12	2025-05-16 17:05:12
xmtwvfq3g3v	xfttkxa6uaz	娩	娩	miēng	1768	2	14	x8st5v3we7p		2025-05-16 17:05:12	2025-05-16 17:05:12
xsq9kg3h44t	xes9q4u4pvy	妒	妬	dó	1767	3	23	x8st5v3we7p		2026-04-12 00:32:35	2025-05-16 17:05:12
xjjrubb9zbw	xfttkxa6uaz	娩	娩	uāng	1768	2	14	x8st5v3we7p		2025-05-16 17:05:12	2025-05-16 17:05:12
xqpyepzycze			娘	niòng	1768	2	15	x8st5v3we7p		2025-05-16 17:05:12	2025-05-16 17:05:12
xp5s5a9cr25			娘	nòng	1768	2	15	x8st5v3we7p		2025-05-16 17:05:12	2025-05-16 17:05:12
xcqn5vkrufw			娜	nō̤	1768	2	16	x8st5v3we7p		2025-05-16 17:05:12	2025-05-16 17:05:12
xserb45yqxb	xpjkm5ufc7q	娥	娥	ngò̤	1768	2	17	x8st5v3we7p		2025-05-16 17:05:12	2025-05-16 17:05:12
xg9zznwgzjg	xs9d4de28bm	娛	娛	ngṳ̀	1768	2	18	x8st5v3we7p		2025-05-16 17:05:12	2025-05-16 17:05:12
x3kttcjfd6b			𡜮	nguō	1768	2	19	x8st5v3we7p		2025-05-16 17:05:12	2025-05-16 17:05:12
xzcq7st7874	xrbh8wvjr27	娉	娉	péng	1768	2	20	x8st5v3we7p		2025-05-16 17:05:12	2025-05-16 17:05:12
xnky58zja2x	x3n7xwzgb6s	娠	娠	sĭng	1768	2	21	x8st5v3we7p		2025-05-16 17:05:12	2025-05-16 17:05:12
xjkd7vkx3rk			㛛	sĭng	1768	2	21	x8st5v3we7p		2025-05-16 17:05:12	2025-05-16 17:05:12
x75a6bt65vk	xbr46uy9mhc	娑	娑	sŏ̤	1768	2	22	x8st5v3we7p		2025-05-16 17:05:12	2025-05-16 17:05:12
xq7kht2sbjj	xcc8bbqw4qg	婭	婭	ā	1768	2	23	x8st5v3we7p		2025-05-16 17:05:12	2025-05-16 17:05:12
xvn767pz5cg	x7w6chry9jz	婗	婗	â	1768	3	1	x8st5v3we7p		2025-05-16 17:05:12	2025-05-16 17:05:12
xhg8d3u95ea	xfxhb7yzdq5	婢	婢	bê	1768	3	2	x8st5v3we7p		2025-05-16 17:05:12	2025-05-16 17:05:12
xshuect8sh4	xt7dk2wwpc6	婊	婊	biēu	1768	3	3	x8st5v3we7p		2025-05-16 17:05:12	2025-05-16 17:05:12
x3bjdwta37a			婆	bò̤	1768	3	4	x8st5v3we7p		2025-05-16 17:05:12	2025-05-16 17:05:12
xwf5whdyr6u	xtxnr6dvedw	婧	婧	cêng	1768	3	5	x8st5v3we7p		2025-05-16 17:05:12	2025-05-16 17:05:12
xmkqhmyp73p	x9y58rut98x	婕	婕	ciĕk	1768	3	6	x8st5v3we7p		2025-05-16 17:05:12	2025-05-16 17:05:12
x539gt24had	xct366488nv	娶	娶	ché̤ṳ	1768	3	7	x8st5v3we7p		2025-05-16 17:05:12	2025-05-16 17:05:12
xmqd8a92ru7	xx7vd29xexs	娼	娼	chiŏng	1768	3	8	x8st5v3we7p		2025-05-16 17:05:12	2025-05-16 17:05:12
xhce83aavx6			婦	hô	1768	3	9	x8st5v3we7p		2025-05-16 17:05:12	2025-05-16 17:05:12
x2xrnq5agev	x644dekhc33	婚	婚	huŏng	1768	3	10	x8st5v3we7p		2025-05-16 17:05:12	2025-05-16 17:05:12
x6s88p6sm5r			婣	ĭng	1768	3	11	x8st5v3we7p		2025-05-16 17:05:12	2025-05-16 17:05:12
xmbkhmjaxqn			婬	ìng	1768	3	12	x8st5v3we7p		2025-05-16 17:05:12	2025-05-16 17:05:12
xuuvnr98xf2	xvsvy2c4kpy	婪	婪	làng	1768	3	13	x8st5v3we7p		2025-05-16 17:05:12	2025-05-16 17:05:12
xgup9r2nkkp	xqmmtnukjep	婁	婁	lèu	1768	3	14	x8st5v3we7p		2025-05-16 17:05:12	2025-05-16 17:05:12
xxtdpfqra7t	xaksypj85gx	姘	姘	pĕng	1768	3	15	x8st5v3we7p		2025-05-16 17:05:12	2025-05-16 17:05:12
xf6utsw8fh2	xkc544eyhtd	婉	婉	uāng	1768	3	16	x8st5v3we7p		2025-05-16 17:05:12	2025-05-16 17:05:12
xjf6fpwjfeq	xxsp9qydf3g	婐	婐	uō	1768	3	17	x8st5v3we7p		2025-05-16 17:05:12	2025-05-16 17:05:12
x3cnke4z3r9	xnwsawgspwm	媎	媎	ciā	1768	3	18	x8st5v3we7p		2025-05-16 17:05:12	2025-05-16 17:05:12
xb86umv2gty	xs8rvrc3qbz	媞	媞	dà̤	1768	3	19	x8st5v3we7p		2025-05-16 17:05:12	2025-05-16 17:05:12
xukxsmbbc39	xqzakvqeven	婷	婷	dìng	1768	3	20	x8st5v3we7p		2025-05-16 17:05:12	2025-05-16 17:05:12
xc93wgj2r4j			𡞥	hèu	1768	3	21	x8st5v3we7p		2025-05-16 17:05:13	2025-05-16 17:05:13
x56upamsvwq			媍	hô	1768	3	22	x8st5v3we7p		2025-05-16 17:05:13	2025-05-16 17:05:13
x6vsb9h4z2y	xqnmspug3rh	媚	媚	mê	1768	3	23	x8st5v3we7p		2025-05-16 17:05:13	2025-05-16 17:05:13
x3wqcnqrvkv	xydth7a4r23	媢	媢	mô̤	1769	1	1	x8st5v3we7p		2025-05-16 17:05:13	2025-05-16 17:05:13
xyazbmeyx79	xfnmfxxdqyg	媒	媒	muòi	1769	1	2	x8st5v3we7p		2025-05-16 17:05:13	2025-05-16 17:05:13
xssz66wvzfm	x7332qf8urm	婺	婺	ô	1769	1	3	x8st5v3we7p		2025-05-16 17:05:13	2025-05-16 17:05:13
x2r8xsd4m8z			婿	sá̤	1769	1	4	x8st5v3we7p		2025-05-16 17:05:13	2025-05-16 17:05:13
xdm9q9jk97x	xaxmp5bjqgb	媟	媟	siék	1769	1	5	x8st5v3we7p		2025-05-16 17:05:13	2025-05-16 17:05:13
x3854wkyuxr			媧	uŏ	1769	1	6	x8st5v3we7p		2025-05-16 17:05:13	2025-05-16 17:05:13
x7rqwpevrgv	xb95gbazmgj	媛	媛	uông	1769	1	7	x8st5v3we7p		2025-05-16 17:05:13	2025-05-16 17:05:13
x352kgesmuf			嫓	bê	1769	1	8	x8st5v3we7p		2025-05-16 17:05:13	2025-05-16 17:05:13
xjetz6ajbde	xu9fkfwjsyy	嫉	嫉	cĭk	1769	1	9	x8st5v3we7p		2025-05-16 17:05:13	2025-05-16 17:05:13
xnfjdw72ch7	xq8bcfv6m6j	媸	媸	chĭ	1769	1	10	x8st5v3we7p		2025-05-16 17:05:13	2025-05-16 17:05:13
xyugxqwqqaz	xhgeh7mtr6z	嫁	嫁	gá	1769	1	11	x8st5v3we7p		2025-05-16 17:05:13	2025-05-16 17:05:13
xvxx9snhjwr	x5y7nn3m7y9	媾	媾	gáiu	1769	1	12	x8st5v3we7p		2025-05-16 17:05:13	2025-05-16 17:05:13
x4hkjyve9z2	xf8trag3kae	嫌	嫌	hièng	1769	1	13	x8st5v3we7p		2025-05-16 17:05:13	2025-05-16 17:05:13
xzcwghszqtt			媿	kói	1769	1	14	x8st5v3we7p		2025-05-16 17:05:13	2025-05-16 17:05:13
x9w5nhdj2ds	xycwjzg4kra	媽	媽	mā	1769	1	15	x8st5v3we7p		2025-05-16 17:05:13	2025-05-16 17:05:13
xvwqzjfj5qb	xuu99knbr3h	媺	媺	mì	1769	1	16	x8st5v3we7p		2025-05-16 17:05:13	2025-05-16 17:05:13
x4grcq87x9m	xpxjmbcxh9m	媵	媵	nêng	1769	1	17	x8st5v3we7p		2025-05-16 17:05:13	2025-05-16 17:05:13
xyqmc7wfsmf	xh3mdpceam2	嫋	嫋	niēu	1769	1	18	x8st5v3we7p		2025-05-16 17:05:13	2025-05-16 17:05:13
xpfzku5fxx6	xh3mdpceam2	嫋	嫋	nēu	1769	1	18	x8st5v3we7p		2025-05-16 17:05:13	2025-05-16 17:05:13
xv22wmsnbe6			嫐	nō̤	1769	1	19	x8st5v3we7p		2025-05-16 17:05:13	2025-05-16 17:05:13
xtcex6nurdy	xqh9c4s9nnh	嫄	嫄	nguòng	1769	1	20	x8st5v3we7p		2025-05-16 17:05:13	2025-05-16 17:05:13
xy7fh6nawd9	xkxga5g78dj	媳	媳	sék	1769	1	21	x8st5v3we7p		2025-05-16 17:05:13	2025-05-16 17:05:13
xdurunrpgpe	xkxga5g78dj	媳	媳	sĭng	1769	1	21	x8st5v3we7p		2025-05-16 17:05:13	2025-05-16 17:05:13
xhaudg3ccdm	xba4h5emwtn	嫂	嫂	sō̤	1769	1	22	x8st5v3we7p		2025-05-16 17:05:13	2025-05-16 17:05:13
xqujv4hbst8	x8cmcdwqx6d	媼	媼	ūng	1769	1	23	x8st5v3we7p		2025-05-16 17:05:13	2025-05-16 17:05:13
xj6s7rsuvjj	xjp8x6z99pb	嫜	嫜	ciŏng	1769	2	1	x8st5v3we7p		2025-05-16 17:05:13	2025-05-16 17:05:13
x7u2ug6hj5k	xtne5xwkvq7	嫡	嫡	dék	1769	2	2	x8st5v3we7p		2025-05-16 17:05:13	2025-05-16 17:05:13
x984qz9dnty	xezjexwbetm	嫗	嫗	hé̤ṳ	1769	2	3	x8st5v3we7p		2025-05-16 17:05:13	2025-05-16 17:05:13
xg4vm9sff3f			嫣	iŏng	1769	2	4	x8st5v3we7p		2025-05-16 17:05:13	2025-05-16 17:05:13
xn4zufctpbs	x4eue372wtd	嫠	嫠	liè	1769	2	5	x8st5v3we7p		2025-05-16 17:05:13	2025-05-16 17:05:13
xnggg47q65h	xc4624tuntt	嫪	嫪	lô̤	1769	2	6	x8st5v3we7p		2025-05-16 17:05:13	2025-05-16 17:05:13
xpjje6b3n6d	x2qbv8e3459	嫚	嫚	mâng	1769	2	7	x8st5v3we7p		2025-05-16 17:05:13	2025-05-16 17:05:13
xa3vsrhnuzu			嫫	muò	1769	2	8	x8st5v3we7p		2025-05-16 17:05:13	2025-05-16 17:05:13
xzgc3ujf92q	xx55h2vu8d2	嫩	嫩	nâung	1769	2	9	x8st5v3we7p		2025-05-16 17:05:13	2025-05-16 17:05:13
xzf8aw7jud2	xnw3y26kcxr	嫖	嫖	pièu	1769	2	10	x8st5v3we7p		2025-05-16 17:05:13	2025-05-16 17:05:13
xud8a4u2upz	xpfz4snftv7	嫦	嫦	siòng	1769	2	11	x8st5v3we7p		2025-05-16 17:05:13	2025-05-16 17:05:13
x5tgnx9danm	xghnj8sv99b	嬌	嬌	giĕu	1769	2	12	x8st5v3we7p		2025-05-16 17:05:13	2025-05-16 17:05:13
xke8kbqtm8u	x4qemk5mqxa	嫺	嫺	hàng	1769	2	13	x8st5v3we7p		2025-05-16 17:05:13	2025-05-16 17:05:13
xkhvegsbq36			嬉	hĭ	1769	2	14	x8st5v3we7p		2025-05-16 17:05:13	2025-05-16 17:05:13
xrwwbga4g9v	xqncj5dn4fm	嫽	嫽	lièu	1769	2	15	x8st5v3we7p		2025-05-16 17:05:13	2025-05-16 17:05:13
xzbhwzrdpcb	x4h7yj7ev3g	嬈	嬈	nièu	1769	2	16	x8st5v3we7p		2025-05-16 17:05:13	2025-05-16 17:05:13
xddrynbg4fd	xxv9re34q48	嬋	嬋	sièng	1769	2	17	x8st5v3we7p		2025-05-16 17:05:13	2025-05-16 17:05:13
xkubwjr6qpq	x7qh9253ksk	嬙	嬙	chiòng	1769	2	18	x8st5v3we7p		2025-05-16 17:05:13	2025-05-16 17:05:13
xnbtdpzrc3c	xsyt73scfxb	嬛	嬛	gìng	1769	2	19	x8st5v3we7p		2025-05-16 17:05:13	2025-05-16 17:05:13
xc2erwexnqb	xdepvp7rs9q	嬝	嬝	niēu	1769	2	20	x8st5v3we7p		2025-05-16 17:05:13	2025-05-16 17:05:13
xmr9gdbnet2	xdepvp7rs9q	嬝	嬝	niŏ	1769	2	20	x8st5v3we7p		2025-05-16 17:05:13	2025-05-16 17:05:13
xpwe2u5mha2	xckekurtm49	嬖	嬖	pé	1769	2	21	x8st5v3we7p		2025-05-16 17:05:13	2025-05-16 17:05:13
x3utmuezxm6	xv8nzj3xmk8	嬪	嬪	béng	1769	2	22	x8st5v3we7p		2025-05-16 17:05:13	2025-05-16 17:05:13
xhzjyetmep2			嬰	ĕng	1769	2	23	x8st5v3we7p		2025-05-16 17:05:13	2025-05-16 17:05:13
xtzdv2z8tfm	xm6nk4hquty	贏	贏	ìng	1769	3	1	x8st5v3we7p		2025-05-16 17:05:13	2025-05-16 17:05:13
x44u8kxqts4	xm6nk4hquty	贏	贏	iàng	1769	3	1	x8st5v3we7p		2025-05-16 17:05:13	2025-05-16 17:05:13
xu4a9d72fgp	xydcmt2dfe5	嬤	嬤	mă	1769	3	2	x8st5v3we7p		2025-05-16 17:05:13	2025-05-16 17:05:13
x5z73439t2g			嬭	nā̤	1769	3	3	x8st5v3we7p		2025-05-16 17:05:13	2025-05-16 17:05:13
xpxymvnptrh	xdm9xp6nukz	嬲	嬲	nō̤	1769	3	4	x8st5v3we7p		2025-05-16 17:05:13	2025-05-16 17:05:13
xkmaax4fxcy	x8em4j5x87m	嬸	嬸	sīng	1769	3	5	x8st5v3we7p		2025-05-16 17:05:13	2025-05-16 17:05:13
x7prqbffck7	x56fafqdh7y	孅	孅	chiĕng	1769	3	6	x8st5v3we7p		2025-05-16 17:05:13	2025-05-16 17:05:13
xt976q2jp77	xfhyqwskw23	孀	孀	sŏng	1769	3	7	x8st5v3we7p		2025-05-16 17:05:13	2025-05-16 17:05:13
xw6kywa2tt6	x52x2mhy878	孌	孌	luāng	1769	3	8	x8st5v3we7p		2025-05-16 17:05:13	2025-05-16 17:05:13
xeyvtjc5sgk			子	cṳ̄	1769	3	9	xn6awthhme8		2025-05-16 17:05:13	2025-05-16 17:05:13
xz63vkqx88k			子	cī	1769	3	9	xn6awthhme8		2025-05-16 17:05:13	2025-05-16 17:05:13
xkkqrvxvdug			孑	kiók	1769	3	10	xn6awthhme8		2025-05-16 17:05:13	2025-05-16 17:05:13
xufwdvdg9ch	xabnt4wzsz5	孓	孓	kuók	1769	3	11	xn6awthhme8		2025-05-16 17:05:13	2025-05-16 17:05:13
xgqdbnyge6z	xfwzfmpxfm2	孔	孔	kūng	1769	3	12	xn6awthhme8		2025-05-16 17:05:13	2025-05-16 17:05:13
xxwxehphbt5	x75v5h8atzz	孕	孕	êng	1769	3	13	xn6awthhme8		2025-05-16 17:05:13	2025-05-16 17:05:13
x2xx52jh769			字	cê	1769	3	14	xn6awthhme8		2025-05-16 17:05:13	2025-05-16 17:05:13
x3a62m2j3c5	xweycjv97d2	存	存	còng	1769	3	15	xn6awthhme8		2025-05-16 17:05:13	2025-05-16 17:05:13
xtwbw7r8zp2	xjx9d46dcdk	孖	孖	cṳ̀	1769	3	16	xn6awthhme8		2025-05-16 17:05:13	2025-05-16 17:05:13
xzk2habwffd	xxn2pf7fz3y	孛	孛	buŏk	1769	3	17	xn6awthhme8		2025-05-16 17:05:13	2025-05-16 17:05:13
xnx3gb4f5wk	xg67syqy4zp	孜	孜	cṳ̆	1769	3	18	xn6awthhme8		2025-05-16 17:05:13	2025-05-16 17:05:13
xsnb5n7z4ea			孝	háu	1769	3	19	xn6awthhme8		2025-05-16 17:05:13	2025-05-16 17:05:13
xheyyysypj4			斈	hŏk	1769	3	20	xn6awthhme8		2025-05-16 17:05:13	2025-05-16 17:05:13
xz9pf7w2557	xut7vqt8js5	孚	孚	hŭ	1769	3	21	xn6awthhme8		2025-05-16 17:05:13	2025-05-16 17:05:13
xpeuvfrg4nw	x9zc59jqezv	季	季	gié	1770	1	1	xn6awthhme8		2025-05-16 17:05:13	2025-05-16 17:05:13
x7apac4mvh3	xw9y2hcxyyg	孤	孤	gŭ	1770	1	2	xn6awthhme8		2025-05-16 17:05:13	2025-05-16 17:05:13
xumh2hddpzu	x43mjkwcgyb	孟	孟	mâing	1770	1	3	xn6awthhme8		2025-05-16 17:05:13	2025-05-16 17:05:13
x9vnttfz5kq	xk33t2mv2t8	孥	孥	nù	1770	1	4	xn6awthhme8		2025-05-16 17:05:13	2025-05-16 17:05:13
xx259deama2	xfcqbc7k2q4	孩	孩	hài	1770	1	5	xn6awthhme8		2025-05-16 17:05:13	2025-05-16 17:05:13
x8yxjzmg8nr			㝃	miēng	1770	1	6	xn6awthhme8		2025-05-16 17:05:13	2025-05-16 17:05:13
xnkw7dvccw6	x4cwt5xyg8y	孫	孫	sŏng	1770	1	7	xn6awthhme8		2025-05-16 17:05:13	2025-05-16 17:05:13
xjdackgwcas	xarzfpyecay	孰	孰	sṳ̆k	1770	1	8	xn6awthhme8		2025-05-16 17:05:13	2025-05-16 17:05:13
xyepkmey2jr	xfyg5qxjrr9	孱	孱	càng	1770	1	9	xn6awthhme8		2025-05-16 17:05:13	2025-05-16 17:05:13
xvpyfsp3kep	x4ewxzg57rn	孳	孳	cṳ̀	1770	1	10	xn6awthhme8		2025-05-16 17:05:13	2025-05-16 17:05:13
x3k5jypq753	xzk269zmr8u	孵	孵	hŭ	1770	1	11	xn6awthhme8		2025-05-16 17:05:13	2025-05-16 17:05:13
xr5pwqc72se			學	hŏk	1770	1	12	xn6awthhme8		2025-05-16 17:05:13	2025-05-16 17:05:13
xncevjytyyg	xa8e9dbhvn3	孺	孺	ṳ̀	1770	1	13	xn6awthhme8		2025-05-16 17:05:13	2025-05-16 17:05:13
xwnrjrqan8v	xtexemkejpb	孽	孽	ngiĕk	1770	1	14	xn6awthhme8		2025-05-16 17:05:13	2025-05-16 17:05:13
xs69y8hp7jn	xykas6p8zbe	孿	孿	luāng	1770	1	15	xn6awthhme8		2025-05-16 17:05:13	2025-05-16 17:05:13
xybrcrh8ea4			宀	mièng	1770	1	16	x4v4xdscqfw		2025-05-16 17:05:13	2025-05-16 17:05:13
xx4jpcwpvz6	xkbwm6rtcpa	宄	宄	gūi	1770	1	17	x4v4xdscqfw		2025-05-16 17:05:13	2025-05-16 17:05:13
xnuhh9j88rf			冗	nōng	1770	1	18	x4v4xdscqfw		2025-05-16 17:05:13	2025-05-16 17:05:13
xw358mtgcmt	x4muwnvmggt	它	它	tă	1770	1	19	x4v4xdscqfw		2025-05-16 17:05:13	2025-05-16 17:05:13
xn4sb32qv6y			宁	tṳ̄	1770	1	20	x4v4xdscqfw		2025-05-16 17:05:13	2025-05-16 17:05:13
xz7jqhdjsun	xyd6nngx26t	安	安	ăng	1770	1	21	x4v4xdscqfw		2025-05-16 17:05:13	2025-05-16 17:05:13
xpet6kxyydn	xyd6nngx26t	安	安	ĕng	1770	1	21	x4v4xdscqfw		2025-05-16 17:05:13	2025-05-16 17:05:13
xyvahtwu8ww			守	sīu	1770	1	22	x4v4xdscqfw		2025-05-16 17:05:13	2025-05-16 17:05:13
xkfd9yx5wyh			宅	tĕk	1770	2	1	x4v4xdscqfw		2025-05-16 17:05:13	2025-05-16 17:05:13
x6axed9eqbb			宅	dăh	1770	2	1	x4v4xdscqfw		2025-05-16 17:05:13	2025-05-16 17:05:13
xnsrwkmvj4n			宅	cĕk	1770	2	1	x4v4xdscqfw		2025-05-16 17:05:13	2025-05-16 17:05:13
xexs78pwzqj	xdec9f8q6se	宇	宇	ṳ̄	1770	2	2	x4v4xdscqfw		2025-05-16 17:05:13	2025-05-16 17:05:13
x32q53awsxy			㝎	dêng	1770	2	3	x4v4xdscqfw		2025-05-16 17:05:13	2025-05-16 17:05:13
xrqegjqxw6z	xsc9yft7b8s	宏	宏	hèng	1770	2	4	x4v4xdscqfw		2025-05-16 17:05:13	2025-05-16 17:05:13
x6hyvuq7qfs			宋	sóng	1770	2	5	x4v4xdscqfw		2025-05-16 17:05:13	2025-05-16 17:05:13
xbqkuzjdyhy			宋	sáe̤ng	1770	2	5	x4v4xdscqfw		2025-05-16 17:05:13	2025-05-16 17:05:13
xpngvt83hgp	xrjsm2fqpza	完	完	uòng	1770	2	6	x4v4xdscqfw		2025-05-16 17:05:13	2025-05-16 17:05:13
xq339v58a49	xwymsr6n82t	宗	宗	cŭng	1770	2	7	x4v4xdscqfw		2025-05-16 17:05:13	2025-05-16 17:05:13
xz77wy694qr	xht39rh9fza	宕	宕	dâung	1770	2	8	x4v4xdscqfw		2025-05-16 17:05:13	2025-05-16 17:05:13
x5xggbfvfge			定	dêng	1770	2	9	x4v4xdscqfw		2025-05-16 17:05:13	2025-05-16 17:05:13
x6ehj5nxdkp			定	déng	1770	2	9	x4v4xdscqfw		2025-05-16 17:05:13	2025-05-16 17:05:13
xkdwqqxpqve			定	diâng	1770	2	9	x4v4xdscqfw		2025-05-16 17:05:13	2025-05-16 17:05:13
xwkjva3xnk2	xu353q3vb6f	宙	宙	dêu	1770	2	10	x4v4xdscqfw		2025-05-16 17:05:13	2025-05-16 17:05:13
x5tp7w5zjkc	xkm8dvevf76	官	官	guăng	1770	2	11	x4v4xdscqfw		2025-05-16 17:05:13	2025-05-16 17:05:13
x7akkqtnb3f	x73ryjan7jk	宓	宓	mĭk	1770	2	12	x4v4xdscqfw		2025-05-16 17:05:13	2025-05-16 17:05:13
xtas597qne7			宜	ngì	1770	2	13	x4v4xdscqfw		2025-05-16 17:05:13	2025-05-16 17:05:13
xbykvjvbmje			宜	ngiè	1770	2	13	x4v4xdscqfw		2025-05-16 17:05:13	2025-05-16 17:05:13
xcnky6cb4pn			实	sĭk	1770	2	14	x4v4xdscqfw		2025-05-16 17:05:13	2025-05-16 17:05:13
xyhqumb54ej	xw6dj4q3y9g	宛	宛	uāng	1770	2	15	x4v4xdscqfw		2025-05-16 17:05:13	2025-05-16 17:05:13
xrj67py7dyb	xu3eb7qu784	宥	宥	êu	1770	2	16	x4v4xdscqfw		2025-05-16 17:05:13	2025-05-16 17:05:13
xtxtgy5v4kr	x8kyjzyewwq	宦	宦	huâng	1770	2	17	x4v4xdscqfw		2025-05-16 17:05:13	2025-05-16 17:05:13
x9g8486f9w5			客	káik	1770	2	18	x4v4xdscqfw		2025-05-16 17:05:13	2025-05-16 17:05:13
x4dzukr6msh			客	káh	1770	2	18	x4v4xdscqfw		2025-05-16 17:05:13	2025-05-16 17:05:13
xumdvupcrxv	xvv8qkwg8qd	室	室	sék	1770	2	19	x4v4xdscqfw		2025-05-16 17:05:13	2025-05-16 17:05:13
xgp5r226gm8			宣	sŏng	1770	2	20	x4v4xdscqfw		2025-05-16 17:05:13	2025-05-16 17:05:13
x9qpfd9vtvg	xx8ympyhmbe	宰	宰	cāi	1770	2	21	x4v4xdscqfw		2025-05-16 17:05:13	2025-05-16 17:05:13
xc5mdn6jekd			家	gă	1770	2	22	x4v4xdscqfw		2025-05-16 17:05:13	2025-05-16 17:05:13
xydgx2nncpz	xcgecqxpfe4	宮	宮	gṳ̆ng	1770	2	23	x4v4xdscqfw		2025-05-16 17:05:13	2025-05-16 17:05:13
xm9teh8xcau	xtsahhx7wfd	害	害	hâi	1770	3	1	x4v4xdscqfw		2025-05-16 17:05:13	2025-05-16 17:05:13
xp9b62xcukb	xtsahhx7wfd	害	害	hăk	1770	3	1	x4v4xdscqfw		2025-05-16 17:05:13	2025-05-16 17:05:13
x2mt3arz5uw			宴	iéng	1770	3	2	x4v4xdscqfw		2025-05-16 17:05:13	2025-05-16 17:05:13
xb4ep5et3vq			宻	mĭk	1770	3	3	x4v4xdscqfw		2025-05-16 17:05:13	2025-05-16 17:05:13
xpzmnjdet9a			宻	mĕk	1770	3	3	x4v4xdscqfw		2025-05-16 17:05:13	2025-05-16 17:05:13
xta7dd2m9ez	xhnncj6qn4u	宵	宵	siĕu	1770	3	4	x4v4xdscqfw		2025-05-16 17:05:13	2025-05-16 17:05:13
xyebtmmt55u	xbbnhx95jh8	宸	宸	sìng	1770	3	5	x4v4xdscqfw		2025-05-16 17:05:13	2025-05-16 17:05:13
xrdy6b3qk8a	xym6shxp4x9	容	容	ṳ̀ng	1770	3	6	x4v4xdscqfw		2025-05-16 17:05:13	2025-05-16 17:05:13
xt4pr98j2ku	x99z238c2kn	寁	寁	cāng	1770	3	7	x4v4xdscqfw		2025-05-16 17:05:13	2025-05-16 17:05:13
xw8vs3msyj3	x485jnxwn7x	寂	寂	cĭk	1770	3	8	x4v4xdscqfw		2025-05-16 17:05:13	2025-05-16 17:05:13
xex5ajararr	xg35dn946v3	寀	寀	chāi	1770	3	9	x4v4xdscqfw		2025-05-16 17:05:13	2025-05-16 17:05:13
xhgwfu2ed9g	xb63kzvt57e	寄	寄	gié	1770	3	10	x4v4xdscqfw		2025-05-16 17:05:13	2025-05-16 17:05:13
x9ewqmuhu56	xjcng952djy	寅	寅	ìng	1770	3	11	x4v4xdscqfw		2025-05-16 17:05:13	2025-05-16 17:05:13
x4n56rntcws	x4pux4x3yjr	寇	寇	káiu	1770	3	12	x4v4xdscqfw		2025-05-16 17:05:13	2025-05-16 17:05:13
x39j4brt39c			密	mĭk	1770	3	13	x4v4xdscqfw		2025-05-16 17:05:13	2025-05-16 17:05:13
x9mrh6pp8ry			寕	nìng	1770	3	14	x4v4xdscqfw		2025-05-16 17:05:13	2025-05-16 17:05:13
xjbsusp6e9s			宿	séu	1770	3	15	x4v4xdscqfw		2025-05-16 17:05:13	2025-05-16 17:05:13
xc8bxpez7r2			宿	sé̤ṳk	1770	3	15	x4v4xdscqfw		2025-05-16 17:05:13	2025-05-16 17:05:13
xrw4d7zpuhv			寃	uŏng	1770	3	16	x4v4xdscqfw		2025-05-16 17:05:13	2025-05-16 17:05:13
x64jjhxrtrd			寒	hàng	1770	3	17	x4v4xdscqfw		2025-05-16 17:05:13	2025-05-16 17:05:13
xu2bv4pqdnk			寒	gàng	1770	3	17	x4v4xdscqfw		2025-05-16 17:05:13	2025-05-16 17:05:13
xg68r4s8e78			富	hó	1770	3	18	x4v4xdscqfw		2025-05-16 17:05:13	2025-05-16 17:05:13
x4dmnpw2suz			富	bó	1770	3	18	x4v4xdscqfw		2025-05-16 17:05:13	2025-05-16 17:05:13
xmcpcqfupx7	x2pp346ayuq	寐	寐	mê	1770	3	19	x4v4xdscqfw		2025-05-16 17:05:13	2025-05-16 17:05:13
xq27na5u7rf	xhcd94v8xrf	寓	寓	ngê̤ṳ	1770	3	20	x4v4xdscqfw		2025-05-16 17:05:13	2025-05-16 17:05:13
xzwcv5yh3x4			寔	sĭk	1770	3	21	x4v4xdscqfw		2025-05-16 17:05:13	2025-05-16 17:05:13
xzgs92ramq5			寘	dé	1770	3	22	x4v4xdscqfw		2025-05-16 17:05:13	2025-05-16 17:05:13
xrkf9xc9g6w	xkpj8y84mk6	寨	寨	câi	1771	1	1	x4v4xdscqfw		2025-05-16 17:05:13	2025-05-16 17:05:13
x863tvgynfj	xrb947xeexm	察	察	chák	1771	1	2	x4v4xdscqfw		2025-05-16 17:05:13	2025-05-16 17:05:13
x2nx8kdpqjn	xe2z276ettv	寢	寢	chīng	1771	1	3	x4v4xdscqfw		2025-05-16 17:05:13	2025-05-16 17:05:13
x9x7fs8h85r	x8tyut4ve29	寡	寡	guā	1771	1	4	x4v4xdscqfw		2025-05-16 17:05:13	2025-05-16 17:05:13
x79tyqwn9tc	x8afda7apbr	寥	寥	lièu	1771	1	5	x4v4xdscqfw		2025-05-16 17:05:13	2025-05-16 17:05:13
xr5ch9wr4bt	xab52aj8d7s	寞	寞	mŏk	1771	1	6	x4v4xdscqfw		2025-05-16 17:05:13	2025-05-16 17:05:13
xkd6zutu7ya	xu28kjje8dd	寤	寤	nguô	1771	1	7	x4v4xdscqfw		2025-05-16 17:05:13	2025-05-16 17:05:13
xr8zb4pn8jg	xn6r2n4nehe	實	實	sĭk	1771	1	8	x4v4xdscqfw		2025-05-16 17:05:13	2025-05-16 17:05:13
xspg6kevdzy	xyuabm8kn4h	寬	寬	kuăng	1771	1	9	x4v4xdscqfw		2025-05-16 17:05:13	2025-05-16 17:05:13
x7de9fqer2b			寮	lièu	1771	1	10	x4v4xdscqfw		2025-05-16 17:05:13	2025-05-16 17:05:13
xzzm32xypfm	x2ru6b74n2r	寫	寫	siā	1771	1	11	x4v4xdscqfw		2025-05-16 17:05:13	2025-05-16 17:05:13
xws5ah4aby2	xkshjv74cam	審	審	sīng	1771	1	12	x4v4xdscqfw		2025-05-16 17:05:13	2025-05-16 17:05:13
xm579bjfqhk			寰	kuàng	1771	1	13	x4v4xdscqfw		2025-05-16 17:05:13	2025-05-16 17:05:13
x97yx72baqe	x4j7gm8ue2r	寶	寶	bō̤	1771	1	14	x4v4xdscqfw		2025-05-16 17:05:13	2025-05-16 17:05:13
xge9umjprrc	xxxur275p22	寵	寵	tūng	1771	1	15	x4v4xdscqfw		2025-05-16 17:05:13	2025-05-16 17:05:13
xhkff6365pa	xxxur275p22	寵	寵	tṳ̄ng	1771	1	15	x4v4xdscqfw		2025-05-16 17:05:13	2025-05-16 17:05:13
xy76mcmk2jm	xbn9az632dx	寸	寸	cháung	1771	1	16	x2rny2wvhq4		2025-05-16 17:05:13	2025-05-16 17:05:13
xjdch72twh6			对	dó̤i	1771	1	17	x2rny2wvhq4		2025-05-16 17:05:13	2025-05-16 17:05:13
xv2txgu3rdn	xs4ncv5ehzj	寺	寺	sê	1771	1	18	x2rny2wvhq4		2025-05-16 17:05:13	2025-05-16 17:05:13
xtq27zuwxqk			尀	pō̤	1771	1	19	x2rny2wvhq4		2025-05-16 17:05:13	2025-05-16 17:05:13
xuns2d7fj53			寿	sêu	1771	1	20	x2rny2wvhq4		2025-05-16 17:05:13	2025-05-16 17:05:13
xmxwx7s56mz	xmq8t3zubdn	封	封	hŭng	1771	1	21	x2rny2wvhq4		2025-05-16 17:05:13	2025-05-16 17:05:13
xmh4hncb4w4			尅	káik	1771	1	22	x2rny2wvhq4		2025-05-16 17:05:13	2025-05-16 17:05:13
xxzybfg98ey			射	siâ	1771	2	1	x2rny2wvhq4		2025-05-16 17:05:13	2025-05-16 17:05:13
x8t8vvk39r3			射	ĭk	1771	2	1	x2rny2wvhq4		2025-05-16 17:05:13	2025-05-16 17:05:13
xxdw38uewfa			將	ciŏng	1771	2	2	x2rny2wvhq4		2025-05-16 17:05:13	2025-05-16 17:05:13
x96fd23mpdp			將	cióng	1771	2	2	x2rny2wvhq4		2025-05-16 17:05:13	2025-05-16 17:05:13
xntx635c3fd	x8jrp48f8wb	專	專	cuŏng	1771	2	3	x2rny2wvhq4	原書有誤，已更正	2025-05-16 17:05:13	2025-05-16 17:05:13
x5hazjdxdq5	x3zqq5jbqyc	尉	尉	ói	1771	2	4	x2rny2wvhq4		2025-05-16 17:05:13	2025-05-16 17:05:13
xfb3szcd3wh	xr9yqcdfzmx	尊	尊	cŏng	1771	2	5	x2rny2wvhq4		2025-05-16 17:05:13	2025-05-16 17:05:13
xtrx2cp4gst			𡬶	sìng	1771	2	6	x2rny2wvhq4		2025-05-16 17:05:13	2025-05-16 17:05:13
xpmyjjgc82d			尋	sìng	1771	2	6	x2rny2wvhq4		2025-05-16 17:05:13	2025-05-16 17:05:13
xgvhujtas6n	xyx7p2st6c5	導	導	dô̤	1771	2	7	x2rny2wvhq4		2025-05-16 17:05:13	2025-05-16 17:05:13
xky8tw5rj3d	x9r9zvj4myz	對	對	dó̤i	1771	2	8	x2rny2wvhq4		2025-05-16 17:05:13	2025-05-16 17:05:13
xyndasnem9a	xkdqfa4qrga	小	小	siēu	1771	2	9	x2kupcewsnz		2025-05-16 17:05:13	2025-05-16 17:05:13
xe9w5wakq9y			少	siēu	1771	2	10	x2kupcewsnz		2025-05-16 17:05:13	2025-05-16 17:05:13
xwkx2enkrz7			少	siéu	1771	2	10	x2kupcewsnz		2025-05-16 17:05:13	2025-05-16 17:05:13
x2gcrjzjx4u			少	ciēu	1771	2	10	x2kupcewsnz		2025-05-16 17:05:13	2025-05-16 17:05:13
xr4gg5f7m72			尔	ī	1771	2	11	x2kupcewsnz		2025-05-16 17:05:13	2025-05-16 17:05:13
xd4wu4y5qjs	x26wyzgm4w5	尖	尖	ciĕng	1771	2	12	x2kupcewsnz		2025-05-16 17:05:13	2025-05-16 17:05:13
xd9jaq42gh7	xrwrt82rvj9	尚	尚	siông	1771	2	13	x2kupcewsnz		2025-05-16 17:05:13	2025-05-16 17:05:13
xjecgw7vt3h			尠	siēng	1771	2	14	x2kupcewsnz		2025-05-16 17:05:13	2025-05-16 17:05:13
xh2javdq47e			尢	uŏng	1771	2	15	xmd9fneqk8f		2025-05-16 17:05:13	2025-05-16 17:05:13
xgsnhzmdkjg	xj3zvhqrtr5	尤	尤	ìu	1771	2	16	xmd9fneqk8f		2025-05-16 17:05:13	2025-05-16 17:05:13
xdt2gb2f2kf	xebhry4r4ke	尬	尬	gái	1771	2	17	xmd9fneqk8f		2025-05-16 17:05:13	2025-05-16 17:05:13
x97x7twsm6g	xhq6se6zpuj	尨	尨	màng	1771	2	18	xmd9fneqk8f		2025-05-16 17:05:13	2025-05-16 17:05:13
x3tjzvsh5vm			尩	uŏng	1771	2	19	xmd9fneqk8f		2025-05-16 17:05:13	2025-05-16 17:05:13
xxppuzyzuwu			就	cêu	1771	2	20	xmd9fneqk8f		2025-05-16 17:05:13	2025-05-16 17:05:13
xhrjqrebz93			尲	giĕng	1771	3	1	xmd9fneqk8f		2025-05-16 17:05:13	2025-05-16 17:05:13
xup6g3yf37b			尶	găng	1771	3	2	xmd9fneqk8f		2025-05-16 17:05:13	2025-05-16 17:05:13
xum7pcajj3z			尸	sĭ	1771	3	3	xf8hn338utr		2025-05-16 17:05:13	2025-05-16 17:05:13
xq2e4hf4at3			尺	chék	1771	3	4	xf8hn338utr		2025-05-16 17:05:13	2025-05-16 17:05:13
x3sggwxza3n			尺	chióh	1771	3	4	xf8hn338utr		2025-05-16 17:05:13	2025-05-16 17:05:13
xwyhqgp8cq2			尺	chiĕ	1771	3	4	xf8hn338utr		2025-05-16 17:05:13	2025-05-16 17:05:13
xz9ub9q83k5	xkxb8abf7rg	尹	尹	ṳ̄ng	1771	3	5	xf8hn338utr		2025-05-16 17:05:13	2025-05-16 17:05:13
xsen3t87brj	x8evt96n9ar	尻	尻	kŏ̤	1771	3	6	xf8hn338utr		2025-05-16 17:05:13	2025-05-16 17:05:13
xw2jtm38k99			尼	nà̤	1771	3	7	xf8hn338utr		2025-05-16 17:05:13	2025-05-16 17:05:13
x7v33eph7jj			尼	nék	1771	3	7	xf8hn338utr		2025-05-16 17:05:13	2025-05-16 17:05:13
x7zdppyxk78	xcms9u4aax4	居	居	gṳ̆	1771	3	8	xf8hn338utr		2025-05-16 17:05:13	2025-05-16 17:05:13
xtqz9zpr8h7	x34r5kc3myr	尾	尾	muōi	1771	3	10	xf8hn338utr		2025-05-16 17:05:13	2025-05-16 17:05:13
xdp34ujnj3n	xxza43p836b	尿	尿	niêu	1771	3	11	xf8hn338utr		2025-05-16 17:05:13	2025-05-16 17:05:13
x9dy4xsjfvm			屁	pói	1771	3	12	xf8hn338utr		2025-05-16 17:05:13	2025-05-16 17:05:13
xhvz4jfkzs3			屁	pé	1771	3	12	xf8hn338utr		2025-05-16 17:05:13	2025-05-16 17:05:13
xrw9858audx	xbet458y3zh	屄	屄	bĭ	1771	3	13	xf8hn338utr		2025-05-16 17:05:13	2025-05-16 17:05:13
xprgz3ybtm3	xx7v8e5cub3	屆	屆	gái	1771	3	14	xf8hn338utr		2025-05-16 17:05:13	2025-05-16 17:05:13
xhn7uwrvtba			届	gái	1771	3	14	xf8hn338utr		2025-05-16 17:05:13	2025-05-16 17:05:13
xrgfmem7afj			屈	kók	1771	3	15	xf8hn338utr		2025-05-16 17:05:13	2025-05-16 17:05:13
x6mv89wz4q7			𡱁	chī	1771	3	16	xf8hn338utr		2025-05-16 17:05:13	2025-05-16 17:05:13
x3byjcbuk28			𡱁	sāi	1771	3	16	xf8hn338utr		2025-05-16 17:05:13	2025-05-16 17:05:13
xjgqtwzq3vc	x2pbeq5nk3q	屎	屎	chī	1771	3	16	xf8hn338utr		2025-05-16 17:05:13	2025-05-16 17:05:13
xuk6thcexvy	x2pbeq5nk3q	屎	屎	sāi	1771	3	16	xf8hn338utr		2025-05-16 17:05:13	2025-05-16 17:05:13
xaq8h8kwu7c	xqu8w4vc93w	屋	屋	ók	1771	3	17	xf8hn338utr		2025-05-16 17:05:13	2025-05-16 17:05:13
xt5x4nc5kvc	xbb4x83ayr8	屍	屍	sī	1771	3	18	xf8hn338utr		2025-05-16 17:05:13	2025-05-16 17:05:13
xgum2m5kegy	xdq5mzmd8wc	局	局	huŏh	1771	3	9	xf8hn338utr		2025-09-12 20:29:57	2025-05-16 17:05:13
xv9ceewsr65	x2ru6b74n2r	寫	⿱宀⿹⿺㇉⿴囗三灬	siā	1770	3	23	x4v4xdscqfw		2025-09-26 19:23:21	2025-05-16 17:05:13
x3t2adasq65	xgyr4ntc5ru	展	展	diēng	1771	3	19	xf8hn338utr		2025-05-16 17:05:13	2025-05-16 17:05:13
xwwa3ex7pt2			屐	kiăk	1771	3	20	xf8hn338utr		2025-05-16 17:05:13	2025-05-16 17:05:13
xn99rfrvqjj	xb5x8ku6tv9	屑	屑	siék	1771	3	21	xf8hn338utr		2025-05-16 17:05:13	2025-05-16 17:05:13
xkdngq6wkb9			屛	bìng	1772	1	1	xf8hn338utr		2025-05-16 17:05:13	2025-05-16 17:05:13
xuwrukcqejb	x9gv26fxdt6	屙	屙	ŏ̤	1772	1	2	xf8hn338utr		2025-05-16 17:05:13	2025-05-16 17:05:13
x8umqffz4kj			屝	hói	1772	1	3	xf8hn338utr		2025-05-16 17:05:13	2025-05-16 17:05:13
xzppctxa4n3	x9ygp3cj48p	屠	屠	duò	1772	1	4	xf8hn338utr	原書有誤，已更正	2025-05-16 17:05:13	2025-05-16 17:05:13
xe7kdqx2hfc			属	sṳ̆k	1772	1	5	xf8hn338utr		2025-05-16 17:05:13	2025-05-16 17:05:13
xprr3y3d546	xpvqd3heet5	屢	屢	lé̤ṳ	1772	1	6	xf8hn338utr		2025-05-16 17:05:13	2025-05-16 17:05:13
xbpgsdyu737			屡	lé̤ṳ	1772	1	6	xf8hn338utr		2025-05-16 17:05:13	2025-05-16 17:05:13
xaamw3e57jp	xhg7dq56bu5	屣	屣	sā̤	1772	1	7	xf8hn338utr		2025-05-16 17:05:13	2025-05-16 17:05:13
xsbr36z9z54	xecvks3gux9	層	層	cèng	1772	1	8	xf8hn338utr		2025-05-16 17:05:13	2025-05-16 17:05:13
xrckh7pmk57	xw35p29rtvp	履	履	lī	1772	1	9	xf8hn338utr		2025-05-16 17:05:13	2025-05-16 17:05:13
xg2se8t7wj2			屧	siék	1772	1	10	xf8hn338utr		2025-05-16 17:05:13	2025-05-16 17:05:13
xvh32u2yqm9	xq9xj5ssjva	屨	屨	lé̤ṳ	1772	1	11	xf8hn338utr		2025-05-16 17:05:13	2025-05-16 17:05:13
xe5jerfmdyx	xhz6f8v92xe	屩	屩	giók	1772	1	12	xf8hn338utr		2025-05-16 17:05:13	2025-05-16 17:05:13
x8v59zqh7g3	xekqks3d3sg	屬	屬	sṳ̆k	1772	1	13	xf8hn338utr		2025-05-16 17:05:13	2025-05-16 17:05:13
xwcxydpudnk			屭	hié	1772	1	14	xf8hn338utr		2025-05-16 17:05:13	2025-05-16 17:05:13
xhmzprw6wr4			屮	tiék	1772	1	15	xn9qhahx2ep		2025-05-16 17:05:13	2025-05-16 17:05:13
xvzafzchcxq			屯	dŭng	1772	1	16	xn9qhahx2ep		2025-05-16 17:05:13	2025-05-16 17:05:13
xq6ywzdrya9			屯	dòng	1772	1	16	xn9qhahx2ep		2025-05-16 17:05:13	2025-05-16 17:05:13
xgdtpytv38q	xhat3tq4kwq	山	山	săng	1772	1	17	xvapbrmax5t		2025-05-16 17:05:13	2025-05-16 17:05:13
x7bf98pd7w7	xes8hjzjdn4	屺	屺	gī	1772	1	18	xvapbrmax5t		2025-05-16 17:05:13	2025-05-16 17:05:13
xw49y2gsqpc	xfhxu7bue5e	屹	屹	ngék	1772	1	19	xvapbrmax5t		2025-05-16 17:05:13	2025-05-16 17:05:13
xk5x3kwjzkq			屼	uŏk	1772	1	20	xvapbrmax5t		2025-05-16 17:05:13	2025-05-16 17:05:13
x9wdzj3gfrf	xv6ah48xpaz	岔	岔	chă	1772	2	1	xvapbrmax5t		2025-05-16 17:05:13	2025-05-16 17:05:13
xuqhwafvjdc			岐	gì	1772	2	2	xvapbrmax5t		2025-05-16 17:05:13	2025-05-16 17:05:13
xafz6dpjyfp			岐	giè	1772	2	2	xvapbrmax5t		2025-05-16 17:05:13	2025-05-16 17:05:13
xup359zpu3y			岑	kièng	1772	2	3	xvapbrmax5t		2025-05-16 17:05:13	2025-05-16 17:05:13
xrkpkp8vvk6			岌	ngék	1772	2	4	xvapbrmax5t		2025-05-16 17:05:14	2025-05-16 17:05:14
xncz3jhz3yn	xskwy8ehuj7	岨	岨	cù	1772	2	5	xvapbrmax5t		2025-05-16 17:05:14	2025-05-16 17:05:14
xm5tr2636qe	x9drsy5jybg	岱	岱	dâi	1772	2	6	xvapbrmax5t		2025-05-16 17:05:14	2025-05-16 17:05:14
xdad9nurh8q	xyc89whw4ax	岡	岡	gŏng	1772	2	7	xvapbrmax5t		2025-05-16 17:05:14	2025-05-16 17:05:14
x35j5mvqjqk			岵	hô	1772	2	8	xvapbrmax5t		2025-05-16 17:05:14	2025-05-16 17:05:14
xdzh35kc4wz	xp3hudg92fs	岢	岢	kō̤	1772	2	9	xvapbrmax5t		2025-05-16 17:05:14	2025-05-16 17:05:14
x9phnxhgea8	xjg9rvr58t2	岷	岷	mìng	1772	2	10	xvapbrmax5t		2025-05-16 17:05:14	2025-05-16 17:05:14
xaqxr3gxq6r			岩	ngàng	1772	2	11	xvapbrmax5t		2025-05-16 17:05:14	2025-05-16 17:05:14
xatrsn4ysy3			岸	ngâng	1772	2	12	xvapbrmax5t		2025-05-16 17:05:14	2025-05-16 17:05:14
x44y63m3pgf			岸	ngiâng	1772	2	12	xvapbrmax5t		2025-05-16 17:05:14	2025-05-16 17:05:14
xv5mp2n9urp	xpkm4czs2e8	岳	岳	ngŏk	1772	2	13	xvapbrmax5t		2025-05-16 17:05:14	2025-05-16 17:05:14
xee4gz6tvvk	xtr7pnqp9aj	岫	岫	sêu	1772	2	14	xvapbrmax5t		2025-05-16 17:05:14	2025-05-16 17:05:14
x2vstvqcnb2	xenq96mu5sq	峒	峒	dùng	1772	2	15	xvapbrmax5t		2025-05-16 17:05:14	2025-05-16 17:05:14
x9vhcckb4rk	xk9xy3a4zwx	峙	峙	sê	1772	2	16	xvapbrmax5t		2025-05-16 17:05:14	2025-05-16 17:05:14
xdsavhf44d3	x6swmjks54h	峋	峋	sŭng	1772	2	17	xvapbrmax5t		2025-05-16 17:05:14	2025-05-16 17:05:14
x4g44kewj2v	xxrvcc7p64a	峻	峻	cóng	1772	2	18	xvapbrmax5t		2025-05-16 17:05:14	2025-05-16 17:05:14
x88hpxw4eh5	x86x8ubaghk	峭	峭	chiēu	1772	2	19	xvapbrmax5t		2025-05-16 17:05:14	2025-05-16 17:05:14
xrqcv9x6z7z	xf6jtwuvdh2	島	島	dō̤	1772	2	20	xvapbrmax5t		2025-05-16 17:05:14	2025-05-16 17:05:14
xbbtk7kx2hn			峽	hiĕk	1772	2	21	xvapbrmax5t		2025-05-16 17:05:14	2025-05-16 17:05:14
xb5jqcgpwtb			峴	hiēng	1772	2	22	xvapbrmax5t		2025-05-16 17:05:14	2025-05-16 17:05:14
x48pj7bgnwd	x66tej58vmx	峰	峰	hŭng	1772	2	23	xvapbrmax5t		2025-05-16 17:05:14	2025-05-16 17:05:14
x29ypm2gg6c			峯	hŭng	1772	2	23	xvapbrmax5t		2025-05-16 17:05:14	2025-05-16 17:05:14
xhcyfcw2dwt			峱	nàu	1772	3	1	xvapbrmax5t		2025-05-16 17:05:14	2025-05-16 17:05:14
xtfuk92duzr			峩	ngò̤	1772	3	2	xvapbrmax5t		2025-05-16 17:05:14	2025-05-16 17:05:14
xm7h4a4jzqc			崩	bĕng	1772	3	3	xvapbrmax5t		2025-05-16 17:05:14	2025-05-16 17:05:14
xnnzcy8tsk4			崩	bŭng	1772	3	3	xvapbrmax5t		2025-05-16 17:05:14	2025-05-16 17:05:14
xrp9zzgyhuf	xf62zzg9hav	崢	崢	cĕng	1772	3	4	xvapbrmax5t		2025-05-16 17:05:14	2025-05-16 17:05:14
xtandn8q3gv	xapcumbztrg	崇	崇	cùng	1772	3	5	xvapbrmax5t		2025-05-16 17:05:14	2025-05-16 17:05:14
x8hpumv9426			崔	chŏi	1772	3	6	xvapbrmax5t		2025-05-16 17:05:14	2025-05-16 17:05:14
xmgtb3rkes3			崗	gŏng	1772	3	7	xvapbrmax5t		2025-05-16 17:05:14	2025-05-16 17:05:14
x29a8zm9zg4	xw8hyz5qu3p	崛	崛	gŭk	1772	3	8	xvapbrmax5t		2025-05-16 17:05:14	2025-05-16 17:05:14
xfbw4wzu49v	xxjd5yhw4em	崦	崦	iĕng	1772	3	9	xvapbrmax5t		2025-05-16 17:05:14	2025-05-16 17:05:14
x8m3h8tx4gx			崎	kĭ	1772	3	10	xvapbrmax5t		2025-05-16 17:05:14	2025-05-16 17:05:14
x6pe3v8yjga			崎	gì	1772	3	10	xvapbrmax5t		2025-05-16 17:05:14	2025-05-16 17:05:14
xreejk6mqrq			崎	kié	1772	3	10	xvapbrmax5t		2025-05-16 17:05:14	2025-05-16 17:05:14
x38mva64xgw			崑	kŏng	1772	3	11	xvapbrmax5t		2025-05-16 17:05:14	2025-05-16 17:05:14
xzxvnuvb9j7	xrunwef3u3t	崆	崆	kŭng	1772	3	12	xvapbrmax5t		2025-05-16 17:05:14	2025-05-16 17:05:14
xzcvqyw4hsn	xymjhgkm992	崍	崍	lài	1772	3	13	xvapbrmax5t		2025-05-16 17:05:14	2025-05-16 17:05:14
xb9wmb5yqcg			崙	lùng	1772	3	14	xvapbrmax5t		2025-05-16 17:05:14	2025-05-16 17:05:14
x6zcum99drk			崙	láung	1772	3	14	xvapbrmax5t		2025-05-16 17:05:14	2025-05-16 17:05:14
x53ck5bd8dd	x6ct4ssgjdb	崖	崖	ngài	1772	3	15	xvapbrmax5t		2025-05-16 17:05:14	2025-05-16 17:05:14
xrytcsauycx			崤	ngàu	1772	3	16	xvapbrmax5t		2025-05-16 17:05:14	2025-05-16 17:05:14
xrbrv3brwgs			崧	sŭng	1772	3	17	xvapbrmax5t		2025-05-16 17:05:14	2025-05-16 17:05:14
x3hkzb6cd7f	xaeka9s238m	崽	崽	cāi	1772	3	18	xvapbrmax5t		2025-05-16 17:05:14	2025-05-16 17:05:14
x4rfkthw47d	xd6d2zfwwtz	崱	崱	cáik	1772	3	19	xvapbrmax5t		2025-05-16 17:05:14	2025-05-16 17:05:14
xn2j5xwu4vr	x9qusm8e6z4	嵌	嵌	gàng	1772	3	20	xvapbrmax5t		2025-05-16 17:05:14	2025-05-16 17:05:14
xz2ura3gjhg	xvpkhhgx26s	嵇	嵇	kiĕ	1772	3	21	xvapbrmax5t		2025-05-16 17:05:14	2025-05-16 17:05:14
xyj52uxkycs	xes96dhfuen	嵐	嵐	làng	1772	3	22	xvapbrmax5t		2025-05-16 17:05:14	2025-05-16 17:05:14
x2e6udcwt3j	xq897m3gumf	嵋	嵋	mì	1772	3	23	xvapbrmax5t		2025-05-16 17:05:14	2025-05-16 17:05:14
xbtcn57akt9			嵒	ngàng	1773	1	1	xvapbrmax5t		2025-05-16 17:05:14	2025-05-16 17:05:14
xas33cx6xk5			嵎	ngṳ̀	1773	1	2	xvapbrmax5t		2025-05-16 17:05:14	2025-05-16 17:05:14
x59n2569qvp	xdbym4ddh5f	嵯	嵯	chŏ̤	1773	1	3	xvapbrmax5t		2025-05-16 17:05:14	2025-05-16 17:05:14
x6gqge256kz	xjbhev4gsc7	嵬	嵬	ngùi	1773	1	4	xvapbrmax5t		2025-05-16 17:05:14	2025-05-16 17:05:14
xsdr73ueudq	x9hfa5x3bz9	嵩	嵩	sŭng	1773	1	5	xvapbrmax5t		2025-05-16 17:05:14	2025-05-16 17:05:14
x64czkyex8a	xc7njsrtafd	嶇	嶇	kṳ̆	1773	1	6	xvapbrmax5t		2025-05-16 17:05:14	2025-05-16 17:05:14
x47c4ays6zg	xj9pwtnv4fj	嵼	嵼	sāng	1773	1	7	xvapbrmax5t		2025-05-16 17:05:14	2025-05-16 17:05:14
x9nd28xj7k6	x28x8w6gb2f	嶞	嶞	dô̤	1773	1	8	xvapbrmax5t		2025-05-16 17:05:14	2025-05-16 17:05:14
x7und3f8npm	x57dyyydhh3	嶠	嶠	gìu	1773	1	9	xvapbrmax5t		2025-05-16 17:05:14	2025-05-16 17:05:14
xbb9dx26zvt	xvg25hfa9dj	嶔	嶔	kĭng	1773	1	10	xvapbrmax5t		2025-05-16 17:05:14	2025-05-16 17:05:14
xm32m23sjbh	x9w2nkpkkjb	嶙	嶙	lìng	1773	1	11	xvapbrmax5t		2025-05-16 17:05:14	2025-05-16 17:05:14
xzz7z6st767	xjd3hfezn9z	嶸	嶸	ìng	1773	1	12	xvapbrmax5t		2025-05-16 17:05:14	2025-05-16 17:05:14
x2j6z85c8fq	xncr3dde97y	嶺	嶺	liāng	1773	1	13	xvapbrmax5t		2025-05-16 17:05:14	2025-05-16 17:05:14
xptk5593pr6	xvyvnz77x5s	嶷	嶷	ngì	1773	1	14	xvapbrmax5t		2025-05-16 17:05:14	2025-05-16 17:05:14
xf8d5sduwxg	x9cgvg634zc	嶽	嶽	ngŏk	1773	1	15	xvapbrmax5t		2025-05-16 17:05:14	2025-05-16 17:05:14
xt6nwftydf2			㠘	sê̤ṳ	1773	1	16	xvapbrmax5t		2025-05-16 17:05:14	2025-05-16 17:05:14
xc2y9pvnthb	xheq294aevd	嶼	嶼	sê̤ṳ	1773	1	16	xvapbrmax5t		2025-05-16 17:05:14	2025-05-16 17:05:14
xchhjmzuvgr	xs9gdjetzhf	巉	巉	càng	1773	1	17	xvapbrmax5t		2025-05-16 17:05:14	2025-05-16 17:05:14
xeq8vwx27zu			𡾰	giōng	1773	1	18	xvapbrmax5t		2025-05-16 17:05:14	2025-05-16 17:05:14
x9yd4mtg5fp	xmvh5dzxyuf	巍	巍	ngùi	1773	1	19	xvapbrmax5t		2025-05-16 17:05:14	2025-05-16 17:05:14
xd6du3r37fg			巓	diĕng	1773	1	20	xvapbrmax5t		2025-05-16 17:05:14	2025-05-16 17:05:14
xdtd9bj6nzc	xrxm6zajqbe	巒	巒	luàng	1773	1	21	xvapbrmax5t		2025-05-16 17:05:14	2025-05-16 17:05:14
x8bkrdgm495	xjr9qf84v62	巖	巖	ngàng	1773	1	22	xvapbrmax5t		2025-05-16 17:05:14	2025-05-16 17:05:14
xvjkp777dvy	xxg5u8n2nae	巘	巘	ngiōng	1773	1	23	xvapbrmax5t		2025-05-16 17:05:14	2025-05-16 17:05:14
xf24bd6cwjn			巛	chuŏng	1773	2	1	xjg8czfrp34	原書有誤，已更正	2025-05-16 17:05:14	2025-05-16 17:05:14
xvshbagftc4	x954ubkjeuz	川	川	chuŏng	1773	2	1	xjg8czfrp34	原書有誤，已更正	2025-05-16 17:05:14	2025-05-16 17:05:14
xqtc9nh4tsv	x4e2entv2ur	州	州	cĭu	1773	2	2	xjg8czfrp34		2025-05-16 17:05:14	2025-05-16 17:05:14
xh5xkukmpw3	xzwrqw58cwg	巡	巡	sùng	1773	2	3	xjg8czfrp34		2025-05-16 17:05:14	2025-05-16 17:05:14
xqzh9t77ys6			廵	sùng	1773	2	3	xjg8czfrp34		2025-05-16 17:05:14	2025-05-16 17:05:14
xsvr3gr42gm	x5xyzmkkbut	巢	巢	càu	1773	2	4	xjg8czfrp34		2025-05-16 17:05:14	2025-05-16 17:05:14
x23yy5af2y6			工	gŭng	1773	2	5	xxpe8xubbxa		2025-05-16 17:05:14	2025-05-16 17:05:14
xnjfas5qbtk			工	gĕ̤ng	1773	2	5	xxpe8xubbxa		2025-05-16 17:05:14	2025-05-16 17:05:14
x7tvm29yebs	x95xgez7gvr	左	左	cō̤	1773	2	6	xxpe8xubbxa		2025-05-16 17:05:14	2025-05-16 17:05:14
xsy6fw9tqcv	xbskwatae79	巨	巨	gé̤ṳ	1773	2	7	xxpe8xubbxa		2025-05-16 17:05:14	2025-05-16 17:05:14
xp8h5bgtsyg	xbkys44g9tv	巧	巧	kiēu	1773	2	8	xxpe8xubbxa		2025-05-16 17:05:14	2025-05-16 17:05:14
xsbzw83q2vt	xqxt88nsgtr	巫	巫	ŭ	1773	2	9	xxpe8xubbxa		2025-05-16 17:05:14	2025-05-16 17:05:14
xz5857c3w9z			差	chă	1773	2	10	xxpe8xubbxa		2025-05-16 17:05:14	2025-05-16 17:05:14
x7t6chera4v			差	chă̤	1773	2	10	xxpe8xubbxa		2025-05-16 17:05:14	2025-05-16 17:05:14
xt8njfvgtdd			差	chĭ	1773	2	10	xxpe8xubbxa		2025-05-16 17:05:14	2025-05-16 17:05:14
xyqk4auy5hf	xj9yxe8brhn	己	己	gī	1773	2	11	xvrbknbd47n		2025-05-16 17:05:14	2025-05-16 17:05:14
xnhryd33s8f	xfa3d5xtmer	已	已	ī	1773	2	12	xvrbknbd47n		2025-05-16 17:05:14	2025-05-16 17:05:14
x7wg7pk9wrt	xekf326ve8f	巳	巳	sê̤ṳ	1773	2	13	xvrbknbd47n		2025-05-16 17:05:14	2025-05-16 17:05:14
x4fswhrcd6z	xq5qx6cqtch	巴	巴	bă	1773	2	14	xvrbknbd47n		2025-05-16 17:05:14	2025-05-16 17:05:14
xmgfuzt9hj7			巵	ciĕ	1773	2	15	xvrbknbd47n		2025-05-16 17:05:14	2025-05-16 17:05:14
xxyg3e3jmpu			巷	háe̤ng	1773	2	16	xvrbknbd47n		2025-05-16 17:05:14	2025-05-16 17:05:14
xq8jf62mx8x	x7dg7w93zhd	巽	巽	sáung	1773	2	17	xvrbknbd47n		2025-05-16 17:05:14	2025-05-16 17:05:14
xhkhhn86bv9	xu6h52785qd	巾	巾	gṳ̆ng	1773	2	18	xac5jhqmta3		2025-05-16 17:05:14	2025-05-16 17:05:14
x8ttwh4zzrp			帀	cák	1773	2	19	xac5jhqmta3		2025-05-16 17:05:14	2025-05-16 17:05:14
x6jd89wweke	xdr74xu5xdb	布	布	buó	1773	2	20	xac5jhqmta3		2025-05-16 17:05:14	2025-05-16 17:05:14
x36y4naa4fb	x2q547t8cn5	市	市	chê	1773	3	1	xac5jhqmta3		2025-05-16 17:05:14	2025-05-16 17:05:14
xuwhp2vc42c			帆	huàng	1773	3	2	xac5jhqmta3		2025-05-16 17:05:14	2025-05-16 17:05:14
x9h68mtu7ac			帆	pùng	1773	3	2	xac5jhqmta3		2025-05-16 17:05:14	2025-05-16 17:05:14
xv35u4z6b8w			㠶	huàng	1773	3	2	xac5jhqmta3		2025-05-16 17:05:14	2025-05-16 17:05:14
x8djeenkn5v			㠶	pùng	1773	3	2	xac5jhqmta3		2025-05-16 17:05:14	2025-05-16 17:05:14
x4resfubb66	xqtmt6adthk	希	希	hĭ	1773	3	3	xac5jhqmta3		2025-05-16 17:05:14	2025-05-16 17:05:14
x8gkmn9pwgc	xyu8gv4k793	帊	帊	pá	1773	3	4	xac5jhqmta3		2025-05-16 17:05:14	2025-05-16 17:05:14
xbsb25w9mcn			帛	bĕk	1773	3	5	xac5jhqmta3		2025-05-16 17:05:14	2025-05-16 17:05:14
xc45xz4s8w4	xzdc2692ppz	帚	帚	chīu	1773	3	6	xac5jhqmta3		2025-05-16 17:05:14	2025-05-16 17:05:14
xv6y8zd8f3w			帙	diĕk	1773	3	7	xac5jhqmta3		2025-05-16 17:05:14	2025-05-16 17:05:14
xwghq5ytgeq			帘	lièng	1773	3	8	xac5jhqmta3		2025-05-16 17:05:14	2025-05-16 17:05:14
xycruk6m8qr			帓	muăk	1773	3	9	xac5jhqmta3		2025-05-16 17:05:14	2025-05-16 17:05:14
xg5rbkhtncm	xvgdxky4krz	帑	帑	nù	1773	3	10	xac5jhqmta3		2025-05-16 17:05:14	2025-05-16 17:05:14
xph6tv9sd78	xvgdxky4krz	帑	帑	tōng	1773	3	10	xac5jhqmta3		2025-05-16 17:05:14	2025-05-16 17:05:14
xpdh7454zsz	xmcnqnb7chw	帕	帕	pá	1773	3	11	xac5jhqmta3		2025-05-16 17:05:14	2025-05-16 17:05:14
x7hu3qvx4s4	xggtx67qgpm	帔	帔	piĕ	1773	3	12	xac5jhqmta3		2025-05-16 17:05:14	2025-05-16 17:05:14
xhentaxx46s	xv3qq79jz2c	帖	帖	táik	1773	3	13	xac5jhqmta3		2025-05-16 17:05:14	2025-05-16 17:05:14
xjw6p2puzbm	xetjazu58qr	帡	帡	bìng	1773	3	14	xac5jhqmta3		2025-05-16 17:05:14	2025-05-16 17:05:14
xh55gmrpt2a	x9nhpjegdwj	帝	帝	dá̤	1773	3	15	xac5jhqmta3		2025-05-16 17:05:14	2025-05-16 17:05:14
xdzd6q5upav			𢂑	sék	1773	3	16	xac5jhqmta3		2025-05-16 17:05:14	2025-05-16 17:05:14
xvy62m7q8ba			帥	só̤i	1773	3	17	xac5jhqmta3		2025-05-16 17:05:14	2025-05-16 17:05:14
x2fm34abppn			帥	sáuk	1773	3	17	xac5jhqmta3		2025-05-16 17:05:14	2025-05-16 17:05:14
xch3uafkz54			帮	bŏng	1773	3	18	xac5jhqmta3		2025-05-16 17:05:14	2025-05-16 17:05:14
xtrc2qgktkn			帪	cĭng	1773	3	19	xac5jhqmta3		2025-05-16 17:05:14	2025-05-16 17:05:14
x87ehum45s8			𢃄	dái	1773	3	20	xac5jhqmta3		2025-05-16 17:05:14	2025-05-16 17:05:14
x9hmht6bvh7			席	sĭk	1773	3	21	xac5jhqmta3		2025-05-16 17:05:14	2025-05-16 17:05:14
xw79gzz8nb3			師	sṳ̆	1773	3	22	xac5jhqmta3		2025-05-16 17:05:14	2025-05-16 17:05:14
xgk4zcumyc4			師	săi	1773	3	22	xac5jhqmta3		2025-05-16 17:05:14	2025-05-16 17:05:14
xgaxfr3qxpb			師	să	1773	3	22	xac5jhqmta3		2025-05-16 17:05:14	2025-05-16 17:05:14
x3w8ukq6s6z	xmjq7ngbskb	帨	帨	suói	1773	3	23	xac5jhqmta3		2025-05-16 17:05:14	2025-05-16 17:05:14
xa6tfhggc7v	x6utm7bq94a	帶	帶	dái	1774	1	1	xac5jhqmta3		2025-05-16 17:05:14	2025-05-16 17:05:14
xng3rbud3eq	x5gxwwb2f8b	帳	帳	dióng	1774	1	2	xac5jhqmta3		2025-05-16 17:05:14	2025-05-16 17:05:14
xfvkr5jwgev	xr4t7xty7xb	帷	帷	mì	1774	1	3	xac5jhqmta3		2025-05-16 17:05:14	2025-05-16 17:05:14
xmn45prf35g	xx3tptfqc2n	帽	帽	mô̤	1774	1	4	xac5jhqmta3		2025-05-16 17:05:14	2025-05-16 17:05:14
xvjp9brvkau	xu8e6fupsvt	常	常	siòng	1774	1	5	xac5jhqmta3		2025-05-16 17:05:14	2025-05-16 17:05:14
xn4spspxk56			幇	bŏng	1774	1	6	xac5jhqmta3		2025-05-16 17:05:14	2025-05-16 17:05:14
xf9azzfcqxb	xppekme5dg6	幅	幅	hók	1774	1	7	xac5jhqmta3		2025-05-16 17:05:14	2025-05-16 17:05:14
xvxqyjhnaj8	xt9z3nhqjp5	幄	幄	ók	1774	1	8	xac5jhqmta3		2025-05-16 17:05:14	2025-05-16 17:05:14
xpkasdg6mf3	xt9z3nhqjp5	幄	幄	áuk	1774	1	8	xac5jhqmta3		2025-05-16 17:05:14	2025-05-16 17:05:14
xx2dnfgm7kg	xqpjj7rts3t	幃	幃	ùi	1774	1	9	xac5jhqmta3		2025-05-16 17:05:14	2025-05-16 17:05:14
x3cthdxh8jp	xrvjkvcyq6b	幌	幌	huōng	1774	1	10	xac5jhqmta3		2025-05-16 17:05:14	2025-05-16 17:05:14
x9czgehwwc5	xvwpyrypv73	幖	幖	biĕu	1774	1	11	xac5jhqmta3		2025-05-16 17:05:14	2025-05-16 17:05:14
xa5y5yxxy72	xskbxsdy4zc	幘	幘	cáik	1774	1	12	xac5jhqmta3		2025-05-16 17:05:14	2025-05-16 17:05:14
xqcfz894vbt	xa6c8a7c8hp	幗	幗	guók	1774	1	13	xac5jhqmta3		2025-05-16 17:05:14	2025-05-16 17:05:14
xdswfhzq88j			幔	mâng	1774	1	14	xac5jhqmta3		2025-05-16 17:05:14	2025-05-16 17:05:14
x6xgm4mkrcj			幕	mŏk	1774	1	15	xac5jhqmta3		2025-05-16 17:05:14	2025-05-16 17:05:14
xtqtdzy63hu			幕	máuk	1774	1	15	xac5jhqmta3		2025-05-16 17:05:14	2025-05-16 17:05:14
xguesp2gung	x45ynvfpdpz	幣	幣	bê	1774	1	16	xac5jhqmta3		2025-05-16 17:05:14	2025-05-16 17:05:14
x7kj5gcpu72			幞	bŭk	1774	1	17	xac5jhqmta3		2025-05-16 17:05:14	2025-05-16 17:05:14
xfzm59vascg	xz3m9hhtu8r	幟	幟	chié	1774	1	18	xac5jhqmta3		2025-05-16 17:05:14	2025-05-16 17:05:14
xc88wfkqgy9			幢	dùng	1774	1	19	xac5jhqmta3		2025-05-16 17:05:14	2025-05-16 17:05:14
xp6wbnu2yd3	x2vz2cc3udq	幡	幡	huăng	1774	1	20	xac5jhqmta3		2025-05-16 17:05:14	2025-05-16 17:05:14
x3qdvqr3b75			幨	ciĕng	1774	1	21	xac5jhqmta3		2025-05-16 17:05:14	2025-05-16 17:05:14
xccg79fmuhg	xj38amjbxd3	幩	幩	hùng	1774	1	22	xac5jhqmta3		2025-05-16 17:05:14	2025-05-16 17:05:14
xmay6wnph4c			𢅖	lièng	1774	1	23	xac5jhqmta3		2025-05-16 17:05:14	2025-05-16 17:05:14
xq6bpf52t3p	xz8a98nzdn3	幫	幫	bŏng	1774	2	1	xac5jhqmta3		2025-05-16 17:05:14	2025-05-16 17:05:14
xpeufgwe7be	xh7r2jj4h9z	幪	幪	mùng	1774	2	2	xac5jhqmta3		2025-05-16 17:05:14	2025-05-16 17:05:14
xuxedgscyyr			幬	tìu	1774	2	3	xac5jhqmta3		2025-05-16 17:05:14	2025-05-16 17:05:14
xfcsz4enz95			幬	dō̤	1774	2	3	xac5jhqmta3		2025-05-16 17:05:14	2025-05-16 17:05:14
xtgpv5enz4k			幰	hiēng	1774	2	4	xac5jhqmta3		2025-05-16 17:05:14	2025-05-16 17:05:14
x2egbdxds3n	xtmsxmwa9pr	干	干	găng	1774	2	5	x2fkfnbk975		2025-05-16 17:05:14	2025-05-16 17:05:14
xrvcptukx9g			平	bìng	1774	2	6	x2fkfnbk975		2025-05-16 17:05:14	2025-05-16 17:05:14
x82ggkqr38r	xdxp2fzxx89	并	并	béng	1774	2	7	x2fkfnbk975		2025-05-16 17:05:14	2025-05-16 17:05:14
xzzhxf8qae6			幵	giĕng	1774	2	8	x2fkfnbk975		2025-05-16 17:05:14	2025-05-16 17:05:14
xrfw43mhxds	xmmk896kcwt	年	年	nièng	1774	2	9	x2fkfnbk975		2025-05-16 17:05:14	2025-05-16 17:05:14
xcya93vs48z			幷	béng	1774	2	10	x2fkfnbk975		2025-05-16 17:05:14	2025-05-16 17:05:14
xztchdz4zhe	xh6px3dkh29	幸	幸	hâing	1774	2	11	x2fkfnbk975		2025-05-16 17:05:14	2025-05-16 17:05:14
xrsjscnw75q	xarkuv3x6m3	幹	幹	gáng	1774	2	12	x2fkfnbk975		2025-05-16 17:05:14	2025-05-16 17:05:14
xqjfnr2xumk	xzan47g777t	幺	幺	iĕu	1774	2	13	x8r6dwz27br		2025-05-16 17:05:14	2025-05-16 17:05:14
x4y6urz978a			么	iĕu	1774	2	13	x8r6dwz27br		2025-05-16 17:05:14	2025-05-16 17:05:14
xhc5bqt4xg5	xrrdx3cfbuh	幻	幻	huâng	1774	2	14	x8r6dwz27br		2025-05-16 17:05:14	2025-05-16 17:05:14
xfk484dzvxh	xh3u7n4d9yr	幼	幼	éu	1774	2	15	x8r6dwz27br		2025-05-16 17:05:14	2025-05-16 17:05:14
xhxcpnahfxy			茲	cṳ̀	1774	2	16	x8r6dwz27br		2025-05-16 17:05:14	2025-05-16 17:05:14
xhq5zennjp4	x2g32pupmvn	幽	幽	hĭu	1774	2	17	x8r6dwz27br		2025-05-16 17:05:14	2025-05-16 17:05:14
xhaeyze5zka			幾	gĭ	1774	2	18	x8r6dwz27br		2025-05-16 17:05:14	2025-05-16 17:05:14
x8e4rnzmpax			幾	gī	1774	2	18	x8r6dwz27br		2025-05-16 17:05:14	2025-05-16 17:05:14
xr6sgc5r8b9			幾	gūi	1774	2	18	x8r6dwz27br		2025-05-16 17:05:14	2025-05-16 17:05:14
x9zp7yh3tru	xnmet4mcysn	广	广	iēng	1774	2	19	xrgrxqycuch		2025-05-16 17:05:14	2025-05-16 17:05:14
x4njdycd9ge	x5np6q234w5	庀	庀	bê	1774	3	1	xrgrxqycuch		2025-05-16 17:05:14	2025-05-16 17:05:14
xv4fctdrear			庄	cŏng	1774	3	2	xrgrxqycuch		2025-05-16 17:05:14	2025-05-16 17:05:14
x8xmeaquc8g			𢇝	dī	1774	3	3	xrgrxqycuch		2025-05-16 17:05:14	2025-05-16 17:05:14
xh8qxq5tp7h	xneny2td7kp	庇	庇	bé	1774	3	4	xrgrxqycuch		2025-05-16 17:05:14	2025-05-16 17:05:14
xnvek5747en	xneny2td7kp	庇	庇	bī	1774	3	4	xrgrxqycuch		2025-05-16 17:05:14	2025-05-16 17:05:14
x2q9stm8np5			床	chòng	1774	3	5	xrgrxqycuch		2025-05-16 17:05:14	2025-05-16 17:05:14
x2vs3q4p9gv	xr2brqe6bp7	庋	庋	gī	1774	3	6	xrgrxqycuch		2025-05-16 17:05:14	2025-05-16 17:05:14
x2sg77k4b2p	xrvw8v7e3pd	序	序	sê̤ṳ	1774	3	7	xrgrxqycuch		2025-05-16 17:05:14	2025-05-16 17:05:14
xr47wf8y9fy	xy785gyw9cb	庖	庖	bàu	1774	3	8	xrgrxqycuch		2025-05-16 17:05:14	2025-05-16 17:05:14
x62jz9hhvnw	xdf6unap93m	店	店	dáing	1774	3	9	xrgrxqycuch		2025-05-16 17:05:14	2025-05-16 17:05:14
xyvm7nj32qg			底	dī	1774	3	10	xrgrxqycuch		2025-05-16 17:05:14	2025-05-16 17:05:14
x5w6zmk9j4x			底	dā̤	1774	3	10	xrgrxqycuch		2025-05-16 17:05:14	2025-05-16 17:05:14
xz773vqkqrx	xqq25nzxm5c	庚	庚	gĕng	1774	3	11	xrgrxqycuch		2025-05-16 17:05:14	2025-05-16 17:05:14
xkwyjaydysx	xnm4j2ujh6e	府	府	hū	1774	3	12	xrgrxqycuch		2025-05-16 17:05:14	2025-05-16 17:05:14
xe3grzqz4eg			庙	miêu	1774	3	13	xrgrxqycuch		2025-05-16 17:05:14	2025-05-16 17:05:14
x5f4y3j782b	xa3wefrr6sw	㡾	㡾	âing	1774	3	14	xrgrxqycuch		2025-05-16 17:05:14	2025-05-16 17:05:14
xvderwgyj6k			度	dô	1774	3	15	xrgrxqycuch		2025-05-16 17:05:14	2025-05-16 17:05:14
x7uuhqdtr5b			度	dŏk	1774	3	15	xrgrxqycuch		2025-05-16 17:05:14	2025-05-16 17:05:14
xjtpbkm78vp	xeh7k4mda4h	庥	庥	hĭu	1774	3	16	xrgrxqycuch		2025-05-16 17:05:14	2025-05-16 17:05:14
x5rg6xykn5f			𢈈	kiák	1774	3	17	xrgrxqycuch		2025-05-16 17:05:14	2025-05-16 17:05:14
xkz79wwbrb2	xy6f66bqgct	庠	庠	siòng	1774	3	18	xrgrxqycuch		2025-05-16 17:05:14	2025-05-16 17:05:14
xat2xmg8bkm	xebxjwdaggw	座	座	cô̤	1774	3	19	xrgrxqycuch		2025-05-16 17:05:14	2025-05-16 17:05:14
xwg68994aew	xm4gjfydff2	庭	庭	dìng	1774	3	20	xrgrxqycuch		2025-05-16 17:05:14	2025-05-16 17:05:14
xgckgksjx3b	x8c2pyhm3tv	庫	庫	kó	1774	3	21	xrgrxqycuch		2025-05-16 17:05:14	2025-05-16 17:05:14
xnneac776a9	x23htrt7v2t	庬	庬	màng	1774	3	22	xrgrxqycuch		2025-05-16 17:05:14	2025-05-16 17:05:14
xeqc6uyqwt3	x3hkx8jg95y	庵	庵	ăng	1775	1	1	xrgrxqycuch		2025-05-16 17:05:14	2025-05-16 17:05:14
x4vjh9mazj5	xz4wp4wejsz	庳	庳	bĭ	1775	1	2	xrgrxqycuch		2025-05-16 17:05:14	2025-05-16 17:05:14
xyj7gve62uq	x7wh9cp2z6b	康	康	kŏng	1775	1	3	xrgrxqycuch		2025-05-16 17:05:14	2025-05-16 17:05:14
xc4d6gmes7m	xymghfqky39	庶	庶	sé̤ṳ	1775	1	4	xrgrxqycuch		2025-05-16 17:05:14	2025-05-16 17:05:14
xtnqd5tpgws	xt3gj6ekx3b	庸	庸	ṳ̀ng	1775	1	5	xrgrxqycuch		2025-05-16 17:05:14	2025-05-16 17:05:14
xbg3xb5ntg3			廁	cé̤ṳ	1775	1	6	xrgrxqycuch		2025-05-16 17:05:14	2025-05-16 17:05:14
xsyzzf87ujx			庽	ngê̤ṳ	1775	1	7	xrgrxqycuch		2025-05-16 17:05:14	2025-05-16 17:05:14
xkqqw88ubvq			廀	sĕu	1775	1	8	xrgrxqycuch		2025-05-16 17:05:14	2025-05-16 17:05:14
x3tb69zp3kk	xxc3tn3zsu9	廂	廂	siŏng	1775	1	9	xrgrxqycuch		2025-05-16 17:05:14	2025-05-16 17:05:14
xm5s8xbfzxw	xec4gx4vnam	庾	庾	ṳ̄	1775	1	10	xrgrxqycuch		2025-05-16 17:05:14	2025-05-16 17:05:14
x4fd9ybbjkk	x2bq53hf9u6	廉	廉	lièng	1775	1	11	xrgrxqycuch		2025-05-16 17:05:14	2025-05-16 17:05:14
xquv6t7dnd2	x2yspjh6bm2	廊	廊	lòng	1775	1	12	xrgrxqycuch		2025-05-16 17:05:14	2025-05-16 17:05:14
xwm339uf7bq	xutbztq9t3n	廋	廋	sĕu	1775	1	13	xrgrxqycuch		2025-05-16 17:05:14	2025-05-16 17:05:14
xge92td5pxd			廕	éng	1775	1	14	xrgrxqycuch		2025-05-16 17:05:14	2025-05-16 17:05:14
xbz9pbankrq	xumzftwztea	廑	廑	gê̤ṳng	1775	1	15	xrgrxqycuch		2025-05-16 17:05:14	2025-05-16 17:05:14
xxpj4dhtent	x9rn5jkzskk	廓	廓	guóh	1775	1	16	xrgrxqycuch		2025-05-16 17:05:14	2025-05-16 17:05:14
xwhvnkvwzjm			廐	kéu	1775	1	17	xrgrxqycuch		2025-05-16 17:05:14	2025-05-16 17:05:14
xqr3mjhwdee	xtuev9hgd39	廖	廖	lâiu	1775	1	18	xrgrxqycuch		2025-05-16 17:05:14	2025-05-16 17:05:14
xxs99g4auhx	xkjagg5crap	廒	廒	ngò̤	1775	1	19	xrgrxqycuch		2025-05-16 17:05:14	2025-05-16 17:05:14
xez356uwcf9	x76u6x7bkze	廠	廠	chiōng	1775	1	20	xrgrxqycuch		2025-05-16 17:05:14	2025-05-16 17:05:14
xuygd6er64w	xshvsgrrh7y	廛	廛	dièng	1775	1	21	xrgrxqycuch		2025-05-16 17:05:14	2025-05-16 17:05:14
xr9gkajy5fs	xackkf2zuas	廚	廚	duò	1775	1	22	xrgrxqycuch	原書有誤，已更正	2025-05-16 17:05:14	2025-05-16 17:05:14
x7hj4eddxeh	x5mry68sw5v	廣	廣	guōng	1775	1	23	xrgrxqycuch		2025-05-16 17:05:14	2025-05-16 17:05:14
x2vks59h4xe	xfj5hgga7wf	廢	廢	hié	1775	2	1	xrgrxqycuch		2025-05-16 17:05:14	2025-05-16 17:05:14
xjqx8gbhxmb			㢘	lièng	1775	2	2	xrgrxqycuch		2025-05-16 17:05:14	2025-05-16 17:05:14
x3aqzntjxvd	xrgmrwtc9z9	廟	廟	miêu	1775	2	3	xrgrxqycuch		2025-05-16 17:05:14	2025-05-16 17:05:14
xgvbt93zj5t	x2tbhgrc6pq	廝	廝	sṳ̆	1775	2	4	xrgrxqycuch		2025-05-16 17:05:14	2025-05-16 17:05:14
xqp2nu985na	xcv84ht7945	廡	廡	ū	1775	2	5	xrgrxqycuch		2025-05-16 17:05:14	2025-05-16 17:05:14
xsma543tma2	xcv84ht7945	廡	廡	ù	1775	2	5	xrgrxqycuch		2025-05-16 17:05:14	2025-05-16 17:05:14
xdkxvuutx6z	xc6jqu4h632	廨	廨	gá̤	1775	2	6	xrgrxqycuch		2025-05-16 17:05:14	2025-05-16 17:05:14
x36zfh6tjsr	xc6jqu4h632	廨	廨	hâi	1775	2	6	xrgrxqycuch		2025-05-16 17:05:14	2025-05-16 17:05:14
xxshu8v4w55	xxwzqq734jc	廩	廩	līng	1775	2	7	xrgrxqycuch		2025-05-16 17:05:14	2025-05-16 17:05:14
x8uuyu7r5dw	xs384aecywt	廬	廬	lù	1775	2	8	xrgrxqycuch		2025-05-16 17:05:14	2025-05-16 17:05:14
xj9h9g23n7q			㢝	sŭ	1775	2	9	xrgrxqycuch		2025-05-16 17:05:14	2025-05-16 17:05:14
xuvnpvk7vgu			廯	siēng	1775	2	10	xrgrxqycuch		2025-05-16 17:05:14	2025-05-16 17:05:14
xt4m9n64s8v	xvks99xbtx5	廱	廱	ṳ̆ng	1775	2	11	xrgrxqycuch		2025-05-16 17:05:14	2025-05-16 17:05:14
xnje7zgp5jy	xcauaud9h4n	廳	廳	tiăng	1775	2	12	xrgrxqycuch		2025-05-16 17:05:14	2025-05-16 17:05:14
xsmj6hcmtq7	xcauaud9h4n	廳	廳	tĭng	1775	2	12	xrgrxqycuch		2025-05-16 17:05:14	2025-05-16 17:05:14
x5cee9k96eu			廴	īng	1775	2	13	xgvrjgtyefp		2025-05-16 17:05:14	2025-05-16 17:05:14
x6dudaqzb93	xsksgxgr3r7	廷	廷	dìng	1775	2	14	xgvrjgtyefp		2025-05-16 17:05:14	2025-05-16 17:05:14
xzpt2mstps5			𢌜	dìng	1775	2	14	xgvrjgtyefp		2025-05-16 17:05:14	2025-05-16 17:05:14
xqwvwp82d5a	xq24puk6wkq	延	延	iòng	1775	2	15	xgvrjgtyefp		2025-05-16 17:05:14	2025-05-16 17:05:14
x98a7m9v3sk			廸	dĭk	1775	2	16	xgvrjgtyefp		2025-05-16 17:05:14	2025-05-16 17:05:14
xhnudptgwrb			廹	páik	1775	2	17	xgvrjgtyefp		2025-05-16 17:05:14	2025-05-16 17:05:14
xrcwtg69xrp			廹	páe̤k	1775	2	17	xgvrjgtyefp		2025-05-16 17:05:14	2025-05-16 17:05:14
x5q6ddm4rfa	xhhmswy9cw5	建	建	gióng	1775	2	18	xgvrjgtyefp		2025-05-16 17:05:14	2025-05-16 17:05:14
xg9vyumcc7m			廻	huòi	1775	2	19	xgvrjgtyefp		2025-05-16 17:05:14	2025-05-16 17:05:14
xmn3qw3sgtt			廼	nāi	1775	2	20	xgvrjgtyefp		2025-05-16 17:05:14	2025-05-16 17:05:14
xgmnzukmx2v			廾	gṳ̄ng	1775	2	21	xufds6sx3fq		2025-05-16 17:05:14	2025-05-16 17:05:14
xzumakn34cc	xk6t487fj84	廿	廿	nĭk	1775	3	1	xufds6sx3fq		2025-05-16 17:05:14	2025-05-16 17:05:14
x4hn2qzhrbr	xk6t487fj84	廿	廿	niêng	1775	3	1	xufds6sx3fq		2025-05-16 17:05:14	2025-05-16 17:05:14
xbkyp8fer2m	xk6t487fj84	廿	廿	niék	1775	3	1	xufds6sx3fq		2025-05-16 17:05:14	2025-05-16 17:05:14
xrbmhr3shqk	xax3ca7whkg	弁	弁	biêng	1775	3	2	xufds6sx3fq		2025-05-16 17:05:14	2025-05-16 17:05:14
xnyjfqxk4f8			弄	luông	1775	3	3	xufds6sx3fq	原書有誤，已更正	2025-05-16 17:05:14	2025-05-16 17:05:14
xvknffq3hsu			弄	lâe̤ng	1775	3	3	xufds6sx3fq		2025-05-16 17:05:14	2025-05-16 17:05:14
xjn5kv3gjs3	xg2yqcp9gja	弇	弇	iēng	1775	3	4	xufds6sx3fq		2025-05-16 17:05:14	2025-05-16 17:05:14
x9t2rqx9nvt	xetpgxe4ukx	弈	弈	ĭk	1775	3	5	xufds6sx3fq		2025-05-16 17:05:14	2025-05-16 17:05:14
xffeaaqbzfn			𢍕	guóng	1775	3	6	xufds6sx3fq		2025-05-16 17:05:14	2025-05-16 17:05:14
x89nhxvp47e	xb8nmcyynan	弊	弊	bê	1775	3	7	xufds6sx3fq		2025-05-16 17:05:14	2025-05-16 17:05:14
xeb7kx66nng	xj2nxfddy47	弋	弋	ĭk	1775	3	8	xnze3uqr7dq		2025-05-16 17:05:14	2025-05-16 17:05:14
xkfnepe446f			弍	nê	1775	3	9	xnze3uqr7dq		2025-05-16 17:05:14	2025-05-16 17:05:14
x8hsq4gkvr7	xy3d26zup4q	式	式	sék	1775	3	10	xnze3uqr7dq		2025-05-16 17:05:14	2025-05-16 17:05:14
xb2r65xxv25			弑	sé̤ṳ	1775	3	11	xnze3uqr7dq		2025-05-16 17:05:14	2025-05-16 17:05:14
x7c6qqskva4	xak7rj88kjs	弓	弓	gṳ̆ng	1775	3	12	xs64yyskthe		2025-05-16 17:05:14	2025-05-16 17:05:14
x48c46p53sw			弔	diéu	1775	3	13	xs64yyskthe		2025-05-16 17:05:15	2025-05-16 17:05:15
x8nuamwayma			引	īng	1775	3	14	xs64yyskthe		2025-05-16 17:05:15	2025-05-16 17:05:15
x8qk27jpyse	xhan5jehn8q	弘	弘	hèng	1775	3	15	xs64yyskthe		2025-05-16 17:05:15	2025-05-16 17:05:15
xya4nakg8zr	xe25d5qe6en	弗	弗	hók	1775	3	16	xs64yyskthe		2025-05-16 17:05:15	2025-05-16 17:05:15
xp2k72ycrqv			弛	chiē	1775	3	17	xs64yyskthe		2025-05-16 17:05:15	2025-05-16 17:05:15
xncb3zxhkek	xhn67hwn6eu	弟	弟	dâ̤	1775	3	18	xs64yyskthe		2025-05-16 17:05:15	2025-05-16 17:05:15
xf8vnu2czq3	xhn67hwn6eu	弟	弟	diê	1775	3	18	xs64yyskthe		2025-05-16 17:05:15	2025-05-16 17:05:15
xune5mxkquc	xurkjcvtety	弨	弨	ciĕu	1775	3	19	xs64yyskthe		2025-05-16 17:05:15	2025-05-16 17:05:15
xacm7nufq2a			弤	dī	1775	3	20	xs64yyskthe		2025-05-16 17:05:15	2025-05-16 17:05:15
xrvce7n6bk6	xhn289kap7c	弦	弦	hièng	1776	1	1	xs64yyskthe		2025-05-16 17:05:15	2025-05-16 17:05:15
x42pbfqnkdz	xw4wt9nw3yn	弧	弧	hù	1776	1	2	xs64yyskthe		2025-05-16 17:05:15	2025-05-16 17:05:15
xwgpbpcdg8p	x7mea76mm9q	弩	弩	nū	1776	1	3	xs64yyskthe		2025-05-16 17:05:15	2025-05-16 17:05:15
x3ynkqq3vg4			弢	tŏ̤	1776	1	4	xs64yyskthe		2025-05-16 17:05:15	2025-05-16 17:05:15
x2ncuke7aud	x84rb7b8bjd	弣	弣	ū	1776	1	5	xs64yyskthe		2025-05-16 17:05:15	2025-05-16 17:05:15
xpayrkrjwv4	x3gnatt29ed	弱	弱	iŏk	1776	1	6	xs64yyskthe		2025-05-16 17:05:15	2025-05-16 17:05:15
xuejeuxu2bh	x3gnatt29ed	弱	弱	iók	1776	1	6	xs64yyskthe		2025-05-16 17:05:15	2025-05-16 17:05:15
xcfx3ekq3rf	x3gnatt29ed	弱	弱	iō	1776	1	6	xs64yyskthe		2025-05-16 17:05:15	2025-05-16 17:05:15
x2y43xvgv3k	xdh636b2cy4	弭	弭	né	1776	1	7	xs64yyskthe		2025-05-16 17:05:15	2025-05-16 17:05:15
x5vn686sktw			㢲	sáung	1776	1	9	xs64yyskthe		2025-05-16 17:05:15	2025-05-16 17:05:15
x9ap7jnedgh			弹	dàng	1776	1	10	xs64yyskthe		2025-05-16 17:05:15	2025-05-16 17:05:15
x6u4r9apwr7			張	diŏng	1776	1	11	xs64yyskthe		2025-05-16 17:05:15	2025-05-16 17:05:15
x7nfra4uv27	x99scsrwqfg	強	強	giòng	1776	1	12	xs64yyskthe		2025-05-16 17:05:15	2025-05-16 17:05:15
xshns7s4vu7	xbk6z95mpum	弼	弼	bĭk	1776	1	13	xs64yyskthe		2025-05-16 17:05:15	2025-05-16 17:05:15
xr3mtqgavay	xaynpetbj5z	彀	彀	gáiu	1776	1	14	xs64yyskthe		2025-05-16 17:05:15	2025-05-16 17:05:15
x66uvcqu3xt	xaynpetbj5z	彀	彀	gáu	1776	1	14	xs64yyskthe		2025-05-16 17:05:15	2025-05-16 17:05:15
xcta6vd89nw	xgyee2xhatx	彄	彄	kĕu	1776	1	15	xs64yyskthe		2025-05-16 17:05:15	2025-05-16 17:05:15
xh2yhhzeptd			彈	dàng	1776	1	16	xs64yyskthe		2025-05-16 17:05:15	2025-05-16 17:05:15
x2nda8ncavy			彈	dâng	1776	1	16	xs64yyskthe		2025-05-16 17:05:15	2025-05-16 17:05:15
xxz3u6m24xj			彈	àng	1776	1	16	xs64yyskthe		2025-05-16 17:05:15	2025-05-16 17:05:15
xe95yyb3yje	xuskcfndt9j	疆	疆	giŏng	1776	1	17	xs64yyskthe		2025-05-16 17:05:15	2025-05-16 17:05:15
xdrr9dkz8hk	xuskcfndt9j	疆	疆	giòng	1776	1	17	xs64yyskthe		2025-05-16 17:05:15	2025-05-16 17:05:15
xm7qtre6uyz	xbzmqj3ur2g	彌	彌	mì	1776	1	18	xs64yyskthe		2025-05-16 17:05:15	2025-05-16 17:05:15
xg85u3rcsh4			𢐹	ciĕng	1776	1	19	xs64yyskthe		2025-05-16 17:05:15	2025-05-16 17:05:15
xu22tc7xu4y	xrdnaywmden	彎	彎	uăng	1776	1	20	xs64yyskthe		2025-05-16 17:05:15	2025-05-16 17:05:15
xmwu82gfrbe			彐	gié	1776	1	21	xc8zz9929hz		2025-05-16 17:05:15	2025-05-16 17:05:15
xfqpuv7znpy			当	dŏng	1776	1	22	xc8zz9929hz		2025-05-16 17:05:15	2025-05-16 17:05:15
xcn7nbwy27t	x9yx7rdebsr	彖	彖	tuáng	1776	2	1	xc8zz9929hz		2025-05-16 17:05:15	2025-05-16 17:05:15
x68q3td2qfb	xeughecn544	彗	彗	suói	1776	2	2	xc8zz9929hz		2025-05-16 17:05:15	2025-05-16 17:05:15
x7env2js5sx	xdwakqxn9ay	彘	彘	dê	1776	2	3	xc8zz9929hz		2025-05-16 17:05:15	2025-05-16 17:05:15
xv3m67qgpj6	xwuhr7av4zk	彙	彙	lôi	1776	2	4	xc8zz9929hz		2025-05-16 17:05:15	2025-05-16 17:05:15
x5ecse4k6su	xtdevupghxg	彝	彝	ì	1776	2	5	xc8zz9929hz		2025-05-16 17:05:15	2025-05-16 17:05:15
xfm66n53mpu			彡	săng	1776	2	6	xbdc9tnbmz8		2025-05-16 17:05:15	2025-05-16 17:05:15
xyg9hr5jqcm	x6w7dbddw2g	彤	彤	dùng	1776	2	7	xbdc9tnbmz8		2025-05-16 17:05:15	2025-05-16 17:05:15
x7nmujjywas	xt87frbdsnx	形	形	hìng	1776	2	8	xbdc9tnbmz8		2025-05-16 17:05:15	2025-05-16 17:05:15
x6t99yujfjd	xqkswngzaut	彥	彥	ngiêng	1776	2	9	xbdc9tnbmz8		2025-05-16 17:05:15	2025-05-16 17:05:15
xcgxy9byzem	xkg3jnanh87	彧	彧	é̤ṳk	1776	2	10	xbdc9tnbmz8		2025-05-16 17:05:15	2025-05-16 17:05:15
x85w8h7b5ft	xbff32ym973	彪	彪	biĕu	1776	2	11	xbdc9tnbmz8		2025-05-16 17:05:15	2025-05-16 17:05:15
xwwp65jpahj	x9pk8a7s2gs	彬	彬	bĭng	1776	2	12	xbdc9tnbmz8		2025-05-16 17:05:15	2025-05-16 17:05:15
x5y5ypj4n5h	xgr8bn5tus9	彩	彩	chāi	1776	2	13	xbdc9tnbmz8		2025-05-16 17:05:15	2025-05-16 17:05:15
xabr9ak454s	xtw5hf8b2zb	彭	彭	pàng	1776	2	14	xbdc9tnbmz8		2025-05-16 17:05:15	2025-05-16 17:05:15
xsxmsnqh2km	xajypujzbs6	彰	彰	ciŏng	1776	2	15	xbdc9tnbmz8		2025-05-16 17:05:15	2025-05-16 17:05:15
x882ss5s5sa			影	īng	1776	2	16	xbdc9tnbmz8		2025-05-16 17:05:15	2025-05-16 17:05:15
x8snb22kq7m			影	ōng	1776	2	16	xbdc9tnbmz8		2025-05-16 17:05:15	2025-05-16 17:05:15
x7uw9uhgn4j	xd86u24egv5	彳	彳	ték	1776	2	17	xtvmjpjrbnx		2025-05-16 17:05:15	2025-05-16 17:05:15
xg7ssfc2abu			㣔	dĭng	1776	2	18	xtvmjpjrbnx		2025-05-16 17:05:15	2025-05-16 17:05:15
xa6bbj965jr	xr729r4t3eh	弰	弰	său	1776	1	8	xs64yyskthe		2026-03-26 19:19:18	2025-05-16 17:05:15
xmymzdxnqe7			彸	cṳ̆ng	1776	2	19	xtvmjpjrbnx		2025-05-16 17:05:15	2025-05-16 17:05:15
xaxkfhuqrt9	xk6dmy8bm3f	彷	彷	huōng	1776	2	20	xtvmjpjrbnx		2025-05-16 17:05:15	2025-05-16 17:05:15
xtat2scbrgf			役	ĭk	1776	3	1	xtvmjpjrbnx		2025-05-16 17:05:15	2025-05-16 17:05:15
xe9wu2f9yb7			役	iăh	1776	3	1	xtvmjpjrbnx		2025-05-16 17:05:15	2025-05-16 17:05:15
x2cgv87vjvs	x4ssejugbdn	彼	彼	bī	1776	3	2	xtvmjpjrbnx		2025-05-16 17:05:15	2025-05-16 17:05:15
xjuq9ywc4yd	x23kqzeprhq	征	征	cĭng	1776	3	3	xtvmjpjrbnx		2025-05-16 17:05:15	2025-05-16 17:05:15
xfup6ae8qga	xh4cebbvrpd	徂	徂	cù	1776	3	4	xtvmjpjrbnx		2025-05-16 17:05:15	2025-05-16 17:05:15
xsbfstqxy7z	x5hrkrfcg46	彿	彿	hók	1776	3	5	xtvmjpjrbnx		2025-05-16 17:05:15	2025-05-16 17:05:15
x9udvfk676s	xrxpa937msf	往	往	uōng	1776	3	6	xtvmjpjrbnx		2025-05-16 17:05:15	2025-05-16 17:05:15
xxwkzx8dwcz			徃	uōng	1776	3	6	xtvmjpjrbnx		2025-05-16 17:05:15	2025-05-16 17:05:15
xnvwm5gyp3r			後	hâiu	1776	3	8	xtvmjpjrbnx		2025-05-16 17:05:15	2025-05-16 17:05:15
xy4hev3uej8			後	âu	1776	3	8	xtvmjpjrbnx		2025-05-16 17:05:15	2025-05-16 17:05:15
xcxt7kecw92			後	â	1776	3	8	xtvmjpjrbnx		2025-05-16 17:05:15	2025-05-16 17:05:15
x5mms5c5pex	xmbuqu338m4	很	很	hōng	1776	3	9	xtvmjpjrbnx		2025-05-16 17:05:15	2025-05-16 17:05:15
xk8zpeeycqe	xmbuqu338m4	很	很	hēng	1776	3	9	xtvmjpjrbnx		2025-05-16 17:05:15	2025-05-16 17:05:15
x3j2f4gckub	xgnjs89r2z7	徊	徊	huòi	1776	3	10	xtvmjpjrbnx		2025-05-16 17:05:15	2025-05-16 17:05:15
xpbvy62euf7	x3mgp6xm7dc	徉	徉	iòng	1776	3	11	xtvmjpjrbnx		2025-05-16 17:05:15	2025-05-16 17:05:15
xpgesztpzfu	xr9qcjxum5c	律	律	lŭk	1776	3	12	xtvmjpjrbnx		2025-05-16 17:05:15	2025-05-16 17:05:15
xwsd3utna7w			徇	sŭng	1776	3	13	xtvmjpjrbnx		2025-05-16 17:05:15	2025-05-16 17:05:15
xcsmuv8vhhr	xeu74eqegd9	徒	徒	dù	1776	3	14	xtvmjpjrbnx		2025-05-16 17:05:15	2025-05-16 17:05:15
x5re449pd6k	x85an56jge6	徑	徑	géng	1776	3	15	xtvmjpjrbnx		2025-05-16 17:05:15	2025-05-16 17:05:15
xsk7989296y	xqwhpndrhvt	徐	徐	sṳ̀	1776	3	16	xtvmjpjrbnx		2025-05-16 17:05:15	2025-05-16 17:05:15
xzkr3y2c3n8	xkcmz98x2dj	徘	徘	bài	1776	3	17	xtvmjpjrbnx		2025-05-16 17:05:15	2025-05-16 17:05:15
xakxm68eweg			從	cṳ̀ng	1776	3	18	xtvmjpjrbnx		2025-05-16 17:05:15	2025-05-16 17:05:15
xdued8bxa74			從	cê̤ṳng	1776	3	18	xtvmjpjrbnx		2025-05-16 17:05:15	2025-05-16 17:05:15
x227acnpb72			從	cŭng	1776	3	18	xtvmjpjrbnx		2025-05-16 17:05:15	2025-05-16 17:05:15
xc3e3nd7jkg			從	chṳ̆ng	1776	3	18	xtvmjpjrbnx		2025-05-16 17:05:15	2025-05-16 17:05:15
xeur7kuu3y4	xvme28a8njc	得	得	dáik	1776	3	19	xtvmjpjrbnx		2025-05-16 17:05:15	2025-05-16 17:05:15
xjuea87wu63	xntvrwutunj	徠	徠	lài	1776	3	20	xtvmjpjrbnx		2025-05-16 17:05:15	2025-05-16 17:05:15
x49gxmfqv5m			御	ngê̤ṳ	1776	3	21	xtvmjpjrbnx		2025-05-16 17:05:15	2025-05-16 17:05:15
x8ardt6vgx8			御	ngâ	1776	3	21	xtvmjpjrbnx		2025-05-16 17:05:15	2025-05-16 17:05:15
xds4zgts5u4	x48379t4dce	徙	徙	sā̤	1776	3	22	xtvmjpjrbnx		2025-05-16 17:05:15	2025-05-16 17:05:15
xqyjmjz3ea3	xryb2wxuasj	徜	徜	siòng	1777	1	1	xtvmjpjrbnx		2025-05-16 17:05:15	2025-05-16 17:05:15
xunjfp4wtge			復	hŭk	1777	1	2	xtvmjpjrbnx		2025-05-16 17:05:15	2025-05-16 17:05:15
xdyt4dqj95d	xpjcvhmkasx	徨	徨	huòng	1777	1	3	xtvmjpjrbnx		2025-05-16 17:05:15	2025-05-16 17:05:15
xvydnw3mty3			徧	piéng	1777	1	4	xtvmjpjrbnx		2025-05-16 17:05:15	2025-05-16 17:05:15
x9ms84ahj4r	x6vyvkry7cf	循	循	sùng	1777	1	5	xtvmjpjrbnx		2025-05-16 17:05:15	2025-05-16 17:05:15
xjgbzd7fpgv			徬	bâung	1777	1	6	xtvmjpjrbnx		2025-05-16 17:05:15	2025-05-16 17:05:15
xfgpnx6cqqy	xb4h6mzep48	徯	徯	hiè	1777	1	7	xtvmjpjrbnx		2025-05-16 17:05:15	2025-05-16 17:05:15
xk9kgt62c5w	x7mud636pdg	徭	徭	ièu	1777	1	8	xtvmjpjrbnx		2025-05-16 17:05:15	2025-05-16 17:05:15
xqte2aretve	x7jpd6nfmkz	微	微	mì	1777	1	9	xtvmjpjrbnx		2025-05-16 17:05:15	2025-05-16 17:05:15
xvwtvcuxx48			㣲	mì	1777	1	10	xtvmjpjrbnx		2025-05-16 17:05:15	2025-05-16 17:05:15
x67dxp452sw	x8p7tptrxkh	德	德	dáik	1777	1	11	xtvmjpjrbnx		2025-05-16 17:05:15	2025-05-16 17:05:15
xpm7ea3ttay			徵	dĭng	1777	1	12	xtvmjpjrbnx		2025-05-16 17:05:15	2025-05-16 17:05:15
xyk4sycmemk	x2y88mtp832	徹	徹	tiék	1777	1	13	xtvmjpjrbnx		2025-05-16 17:05:15	2025-05-16 17:05:15
xvxpyzdqqab			徼	hiĕu	1777	1	14	xtvmjpjrbnx		2025-05-16 17:05:15	2025-05-16 17:05:15
xcbqsubxqxe			徼	giéu	1777	1	14	xtvmjpjrbnx		2025-05-16 17:05:15	2025-05-16 17:05:15
xszvr46jjfs	xuxtzgkhqab	徽	徽	hŭi	1777	1	15	xtvmjpjrbnx		2025-05-16 17:05:15	2025-05-16 17:05:15
xqbq7xtttdn	x76yuxvevs4	心	心	sĭng	1777	1	16	xwj4guq9faf		2025-05-16 17:05:15	2025-05-16 17:05:15
xc2e355sf6s			忄	sĭng	1777	1	16	xwj4guq9faf		2025-05-16 17:05:15	2025-05-16 17:05:15
xbnfpt5sapu			㣺	sĭng	1777	1	16	xwj4guq9faf		2025-05-16 17:05:15	2025-05-16 17:05:15
xbjy4asxmpm	x3abnukfvhq	忉	忉	dŏ̤	1777	1	18	xwj4guq9faf		2025-05-16 17:05:15	2025-05-16 17:05:15
xfxxzf86tnd			⿰忄刁	tiĕu	1777	1	19	xwj4guq9faf		2025-05-16 17:05:15	2025-05-16 17:05:15
xsd8mmry5by	xmxep8rckkr	志	志	cé	1777	1	20	xwj4guq9faf		2025-05-16 17:05:15	2025-05-16 17:05:15
xtsbeqs5aaf	xu3nbv4k8j8	忖	忖	chōng	1777	1	21	xwj4guq9faf		2025-05-16 17:05:15	2025-05-16 17:05:15
xydryjuc9dp	xasb9k3xmr3	忓	忓	găng	1777	2	1	xwj4guq9faf		2025-05-16 17:05:15	2025-05-16 17:05:15
xm7438xx9m2	xkxke9bapa8	忌	忌	gê	1777	2	2	xwj4guq9faf		2025-05-16 17:05:15	2025-05-16 17:05:15
xabnrw4s2h6			忙	mòng	1777	2	3	xwj4guq9faf		2025-05-16 17:05:15	2025-05-16 17:05:15
xxteyfksqvs	xnk63f3r959	忒	忒	táik	1777	2	4	xwj4guq9faf		2025-05-16 17:05:15	2025-05-16 17:05:15
xpckyxn54cj			忍	ṳ̄ng	1777	2	5	xwj4guq9faf		2025-05-16 17:05:15	2025-05-16 17:05:15
x38ty3k9cgr			忍	nūng	1777	2	5	xwj4guq9faf		2025-05-16 17:05:15	2025-05-16 17:05:15
xjsqw93ybme	xu5eurttmmb	忘	忘	uòng	1777	2	6	xwj4guq9faf		2025-05-16 17:05:15	2025-05-16 17:05:15
x8qcakj3ejz	xb9jd9zfv68	忭	忭	biêng	1777	2	7	xwj4guq9faf		2025-05-16 17:05:15	2025-05-16 17:05:15
xby66ysftd6	xzfcmmrwpf6	忮	忮	cé	1777	2	8	xwj4guq9faf		2025-05-16 17:05:15	2025-05-16 17:05:15
xhrta479xte	xzy7pr75bsf	忪	忪	cṳ̆ng	1777	2	9	xwj4guq9faf		2025-05-16 17:05:15	2025-05-16 17:05:15
xck9p4hk7v6	xv2xa6uzqe9	忣	忣	chiák	1777	2	10	xwj4guq9faf		2025-05-16 17:05:15	2025-05-16 17:05:15
x7gmnettcxt	xn2cxhcqt87	忡	忡	chṳ̆ng	1777	2	11	xwj4guq9faf		2025-05-16 17:05:15	2025-05-16 17:05:15
xykqu4fcxrr	xf28y4gr9mk	忠	忠	dṳ̆ng	1777	2	12	xwj4guq9faf		2025-05-16 17:05:15	2025-05-16 17:05:15
xagvgv2c42n			怀	huài	1777	2	13	xwj4guq9faf		2025-05-16 17:05:15	2025-05-16 17:05:15
xdqxh7fptnz			㤆	huáng	1777	2	14	xwj4guq9faf		2025-05-16 17:05:15	2025-05-16 17:05:15
xg7bypt5h2u	x2ycsr4zdet	忿	忿	hūng	1777	2	15	xwj4guq9faf		2025-05-16 17:05:15	2025-05-16 17:05:15
x6kk5dbu2n8	xfczyjg9pfy	忻	忻	hṳ̆ng	1777	2	16	xwj4guq9faf		2025-05-16 17:05:15	2025-05-16 17:05:15
xzee4eas9u6			忽	huók	1777	2	17	xwj4guq9faf		2025-05-16 17:05:15	2025-05-16 17:05:15
xffuf6v793k			快	kuái	1777	2	18	xwj4guq9faf		2025-05-16 17:05:15	2025-05-16 17:05:15
xscqznfp6jt			快	ká̤	1777	2	18	xwj4guq9faf		2025-05-16 17:05:15	2025-05-16 17:05:15
xzycqxh2q3p			念	niêng	1777	2	19	xwj4guq9faf		2025-05-16 17:05:15	2025-05-16 17:05:15
x96ccwcxwat			念	nâing	1777	2	19	xwj4guq9faf		2025-05-16 17:05:15	2025-05-16 17:05:15
xpn5bgy8xmu			忸	nīu	1777	2	20	xwj4guq9faf		2025-05-16 17:05:15	2025-05-16 17:05:15
x9qx8t27dj7			忤	ngū	1777	2	21	xwj4guq9faf		2025-05-16 17:05:15	2025-05-16 17:05:15
xcxm6zhybbb			忲	tái	1777	2	22	xwj4guq9faf		2025-05-16 17:05:15	2025-05-16 17:05:15
xnqq7qzkvnp	xydjq49j9dy	忑	忑	táik	1777	2	23	xwj4guq9faf		2025-05-16 17:05:15	2025-05-16 17:05:15
xvtsumwaff6	x8uernhe3dx	忐	忐	tāng	1777	3	1	xwj4guq9faf		2025-05-16 17:05:15	2025-05-16 17:05:15
xveazpksu63	xttwepkhtbg	忝	忝	tiēng	1777	3	2	xwj4guq9faf		2025-05-16 17:05:15	2025-05-16 17:05:15
xvpmt4jqx3k	x7rdjnwpqy4	忱	忱	tĭng	1777	3	3	xwj4guq9faf		2025-05-16 17:05:15	2025-05-16 17:05:15
xnfpywxyj94			怭	bĭk	1777	3	4	xwj4guq9faf		2025-05-16 17:05:15	2025-05-16 17:05:15
x8nqm98haps	x6hmcanxsxh	待	待	dâi	1776	3	7	xtvmjpjrbnx		2025-09-06 21:26:12	2025-05-16 17:05:15
xsuzh9g9rqz			怲	bīng	1777	3	5	xwj4guq9faf		2025-05-16 17:05:15	2025-05-16 17:05:15
xztuv97wvgb	xzqrfxe6tkh	怖	怖	buó	1777	3	6	xwj4guq9faf		2025-05-16 17:05:15	2025-05-16 17:05:15
xgczqm23g7r			怎	cĕng	1777	3	7	xwj4guq9faf		2025-05-16 17:05:15	2025-05-16 17:05:15
xgy9wnvvmbz			怚	cé̤ṳ	1777	3	8	xwj4guq9faf		2025-05-16 17:05:15	2025-05-16 17:05:15
xtp6gq6r7fx			怔	cĭng	1777	3	9	xwj4guq9faf		2025-05-16 17:05:15	2025-05-16 17:05:15
x33t2ejxdkg	x2a4ucds2tf	怍	怍	cŏk	1777	3	10	xwj4guq9faf		2025-05-16 17:05:15	2025-05-16 17:05:15
xnt3sspwmg9	xp9y3a95wfa	怠	怠	dâi	1777	3	11	xwj4guq9faf		2025-05-16 17:05:15	2025-05-16 17:05:15
x5azcp4wna7	x9yzqesgm3r	急	急	gék	1777	3	12	xwj4guq9faf		2025-05-16 17:05:15	2025-05-16 17:05:15
x3jd9x7kffv	xr6vttfx8be	怪	怪	guái	1777	3	13	xwj4guq9faf		2025-05-16 17:05:15	2025-05-16 17:05:15
xvxrswa6y8b	xr6vttfx8be	怪	怪	guâi	1777	3	13	xwj4guq9faf		2025-05-16 17:05:15	2025-05-16 17:05:15
xpvwt3j2utu			怤	hó	1777	3	14	xwj4guq9faf		2025-05-16 17:05:15	2025-05-16 17:05:15
xq7z9hg5rkh	xwute5putmg	怙	怙	hô	1777	3	15	xwj4guq9faf		2025-05-16 17:05:15	2025-05-16 17:05:15
xvdbv3ta8aj	xvemajpqccp	怫	怫	hók	1777	3	16	xwj4guq9faf		2025-05-16 17:05:15	2025-05-16 17:05:15
xhrjuxeuxsx	x5p83r5ccye	怋	怋	huŏng	1777	3	17	xwj4guq9faf		2025-05-16 17:05:15	2025-05-16 17:05:15
xcw3wesvcrz	xgsaggv5xn8	怳	怳	huōng	1777	3	18	xwj4guq9faf		2025-05-16 17:05:15	2025-05-16 17:05:15
x3znn6wp57t	xrq5gyb3jsk	怡	怡	ì	1777	3	19	xwj4guq9faf		2025-05-16 17:05:15	2025-05-16 17:05:15
xzw7v9qbmw7	x4ctw2rww9s	怏	怏	ióng	1777	3	20	xwj4guq9faf		2025-05-16 17:05:15	2025-05-16 17:05:15
xedb4qchk94	xmepjbxktjg	怯	怯	kiék	1777	3	21	xwj4guq9faf		2025-05-16 17:05:15	2025-05-16 17:05:15
xvych7prfsd			怩	nà̤	1777	3	22	xwj4guq9faf		2025-05-16 17:05:15	2025-05-16 17:05:15
xnq8km6njfj	xedhtbkywhw	怓	怓	nàu	1777	3	23	xwj4guq9faf		2025-05-16 17:05:15	2025-05-16 17:05:15
xbjkyxs46gu	x5cdk23exxm	怒	怒	nô	1778	1	1	xwj4guq9faf		2025-05-16 17:05:15	2025-05-16 17:05:15
xrhxu74rdg9	xahguggmbfm	怕	怕	pá	1778	1	2	xwj4guq9faf		2025-05-16 17:05:15	2025-05-16 17:05:15
xfuuefdgn2e	xvutmudy5mh	怦	怦	pĕng	1778	1	3	xwj4guq9faf		2025-05-16 17:05:15	2025-05-16 17:05:15
xtgrm49gjbp			性	séng	1778	1	4	xwj4guq9faf		2025-05-16 17:05:15	2025-05-16 17:05:15
xzkqqgnn9me			性	sáng	1778	1	4	xwj4guq9faf		2025-05-16 17:05:15	2025-05-16 17:05:15
xfcmd9vd6qc			思	sṳ̆	1778	1	5	xwj4guq9faf		2025-05-16 17:05:15	2025-05-16 17:05:15
x7cxnqpr4pr	xxs58agr5g2	怗	怗	táik	1778	1	6	xwj4guq9faf		2025-05-16 17:05:15	2025-05-16 17:05:15
x69z5x3jymh	x956ufnqgmd	怛	怛	ták	1778	1	7	xwj4guq9faf		2025-05-16 17:05:15	2025-05-16 17:05:15
xzy4ac367tk	xqy7pzq5e54	怵	怵	tók	1778	1	8	xwj4guq9faf		2025-05-16 17:05:15	2025-05-16 17:05:15
xbtdfu4r789	xdgd3nqrg4a	怨	怨	uóng	1778	1	9	xwj4guq9faf		2025-05-16 17:05:15	2025-05-16 17:05:15
xajtxxkfe99	xu9cdk3kk9q	恣	恣	cé̤ṳ	1778	1	10	xwj4guq9faf		2025-05-16 17:05:15	2025-05-16 17:05:15
xrs87q5z5r4	xbu4avmhgha	㤝	㤝	chṳ̆ng	1778	1	11	xwj4guq9faf		2025-05-16 17:05:15	2025-05-16 17:05:15
xje2ztxwtap	xxcmv2apc79	恁	恁	êng	1778	1	12	xwj4guq9faf		2025-05-16 17:05:15	2025-05-16 17:05:15
x35prv4f73t	xn6m9cxm8zx	恭	恭	gṳ̆ng	1778	1	13	xwj4guq9faf		2025-05-16 17:05:15	2025-05-16 17:05:15
xwsvmgh2bsr	xjb2k5rh26f	恔	恔	hâu	1778	1	14	xwj4guq9faf		2025-05-16 17:05:15	2025-05-16 17:05:15
xwc56cad2xq	xayh2rgvmpc	恨	恨	hâung	1778	1	15	xwj4guq9faf		2025-05-16 17:05:15	2025-05-16 17:05:15
xwgbqutbkfw			恒	hèng	1778	1	16	xwj4guq9faf		2025-05-16 17:05:15	2025-05-16 17:05:15
xrt7392hwj9	xdgzbk5r5hc	恆	恆	hèng	1778	1	16	xwj4guq9faf		2025-05-16 17:05:15	2025-05-16 17:05:15
xawqse8hqy4			恚	hiê	1778	1	17	xwj4guq9faf		2025-05-16 17:05:15	2025-05-16 17:05:15
xmgcyx2e2m6			恢	hŭi	1778	1	18	xwj4guq9faf		2025-05-16 17:05:15	2025-05-16 17:05:15
xwu4n2yvasd			㤺	huŏng	1778	1	19	xwj4guq9faf		2025-05-16 17:05:15	2025-05-16 17:05:15
xkmcxwmxdra	xyae7x554cu	恍	恍	huōng	1778	1	20	xwj4guq9faf		2025-05-16 17:05:15	2025-05-16 17:05:15
xre8c8r4w7p	xp8x3bhwhf3	恙	恙	ióng	1778	1	21	xwj4guq9faf		2025-05-16 17:05:15	2025-05-16 17:05:15
xw8s7pgmc7f	xwrwgaytfs8	恰	恰	kák	1778	1	22	xwj4guq9faf		2025-05-16 17:05:15	2025-05-16 17:05:15
xe9nc23bwng	xmjhanmf32q	恪	恪	káuk	1778	1	23	xwj4guq9faf		2025-05-16 17:05:15	2025-05-16 17:05:15
x3sg78y2qmt	xr7t226gu6b	恐	恐	kṳ̄ng	1778	2	1	xwj4guq9faf		2025-05-16 17:05:15	2025-05-16 17:05:15
xfpeyj7pppm	xr7t226gu6b	恐	恐	kūng	1778	2	1	xwj4guq9faf		2025-05-16 17:05:15	2025-05-16 17:05:15
xa2csrrvm5v			𢙢	kṳ̄ng	1778	2	1	xwj4guq9faf		2025-05-16 17:05:15	2025-05-16 17:05:15
xaqnz8whswt			𢙢	kūng	1778	2	1	xwj4guq9faf		2025-05-16 17:05:15	2025-05-16 17:05:15
xgcgxdby6ax	x96q82uw7y2	恇	恇	kuŏng	1778	2	2	xwj4guq9faf		2025-05-16 17:05:15	2025-05-16 17:05:15
xzax3tqpc2k	xk5jhmzbejx	恡	恡	lêng	1778	2	3	xwj4guq9faf		2025-05-16 17:05:15	2025-05-16 17:05:15
x6xbb9mnjrs			𢘴	luāng	1778	2	4	xwj4guq9faf		2025-05-16 17:05:15	2025-05-16 17:05:15
xy3u9dc57wa	xsktvn6r5es	恧	恧	nīu	1778	2	5	xwj4guq9faf		2025-05-16 17:05:15	2025-05-16 17:05:15
x9vtebujdwy	xej2fx9t75w	恝	恝	ngák	1778	2	6	xwj4guq9faf		2025-05-16 17:05:15	2025-05-16 17:05:15
xfcck7g6a9d	xdvs9b8vv9m	恩	恩	ŏng	1778	2	7	xwj4guq9faf		2025-05-16 17:05:15	2025-05-16 17:05:15
x8xes2jdd75	xnp8g6s62m8	恓	恓	să̤	1778	2	8	xwj4guq9faf		2025-05-16 17:05:15	2025-05-16 17:05:15
x4h3ub2g23y	xfs3re88bv8	恃	恃	sê	1778	2	9	xwj4guq9faf		2025-05-16 17:05:15	2025-05-16 17:05:15
xh7gku3pwan	x6t4dscxxdm	息	息	sĭk	1778	2	10	xwj4guq9faf	原書有誤，已更正	2025-05-16 17:05:15	2025-05-16 17:05:15
xamaa62xef3	xazt9m942r6	恕	恕	sé̤ṳ	1778	2	11	xwj4guq9faf		2025-05-16 17:05:15	2025-05-16 17:05:15
xvsqw7yw5u7	xwvvcp7p24r	恤	恤	sók	1778	2	12	xwj4guq9faf		2025-05-16 17:05:15	2025-05-16 17:05:15
x3y6mgewseg	xet5a3twyhg	恂	恂	sūng	1778	2	13	xwj4guq9faf		2025-05-16 17:05:15	2025-05-16 17:05:15
x6vcwzszvsq	xmzsts8ztgt	恥	恥	tī	1778	2	14	xwj4guq9faf		2025-05-16 17:05:15	2025-05-16 17:05:15
xys52zxv46u	x5vasdzrc9z	恬	恬	tièng	1778	2	15	xwj4guq9faf		2025-05-16 17:05:15	2025-05-16 17:05:15
xnmh43gtdjm	xzusq2ed87a	恌	恌	tiĕu	1778	2	16	xwj4guq9faf		2025-05-16 17:05:15	2025-05-16 17:05:15
xgcxaxk7gmw			恫	tŭng	1778	2	17	xwj4guq9faf		2025-05-16 17:05:15	2025-05-16 17:05:15
x6tpp2mt3fx			恫	tông	1778	2	17	xwj4guq9faf		2025-05-16 17:05:15	2025-05-16 17:05:15
xmaeesgngmw			悖	buôi	1778	2	18	xwj4guq9faf		2025-05-16 17:05:15	2025-05-16 17:05:15
xxfz7g373ga	xyzq3t9m2rr	悄	悄	chiēu	1778	2	19	xwj4guq9faf		2025-05-16 17:05:15	2025-05-16 17:05:15
x22jexp34vq			悛	chuăng	1778	2	20	xwj4guq9faf		2025-05-16 17:05:15	2025-05-16 17:05:15
xye4mh7bpe8			悤	chŭng	1778	2	21	xwj4guq9faf		2025-05-16 17:05:15	2025-05-16 17:05:15
xmbkh9yvq92	xf66a3rsx8e	悌	悌	dâ̤	1778	2	22	xwj4guq9faf		2025-05-16 17:05:15	2025-05-16 17:05:15
x2edpump8dv	xreh7y49dyv	悒	悒	ék	1778	2	23	xwj4guq9faf		2025-05-16 17:05:15	2025-05-16 17:05:15
x4mwwyfg3jm	xf573j9kqyw	悈	悈	gái	1778	3	1	xwj4guq9faf		2025-05-16 17:05:15	2025-05-16 17:05:15
xfb233neu8m			悁	giŏng	1778	3	2	xwj4guq9faf		2025-05-16 17:05:15	2025-05-16 17:05:15
xp2rbbugurv	xt5zvghxqkg	悍	悍	hāng	1778	3	3	xwj4guq9faf		2025-05-16 17:05:15	2025-05-16 17:05:15
xc76y7896aa	x8kcfj3sgun	患	患	huâng	1778	3	4	xwj4guq9faf		2025-05-16 17:05:15	2025-05-16 17:05:15
xp87jrwjwn2			悝	huŏi	1778	3	5	xwj4guq9faf		2025-05-16 17:05:15	2025-05-16 17:05:15
xmz93ecjtnr			悝	lī	1778	3	5	xwj4guq9faf		2025-05-16 17:05:15	2025-05-16 17:05:15
xsb38qry7es	xvxkfscptgn	悔	悔	huói	1778	3	6	xwj4guq9faf		2025-05-16 17:05:15	2025-05-16 17:05:15
xnchqs7p8ew	xvpnd9wv99k	悅	悅	iŏk	1778	3	7	xwj4guq9faf		2025-05-16 17:05:15	2025-05-16 17:05:15
x9jkk7tz6t5	xztv56d4vc7	悠	悠	ìu	1778	3	8	xwj4guq9faf		2025-05-16 17:05:15	2025-05-16 17:05:15
x2k32c2zfve			悃	kūng	1778	3	9	xwj4guq9faf		2025-05-16 17:05:15	2025-05-16 17:05:15
xwz75bv5nz9			悋	lêng	1778	3	10	xwj4guq9faf		2025-05-16 17:05:15	2025-05-16 17:05:15
x9g3f8724xt			悞	nguô	1778	3	11	xwj4guq9faf		2025-05-16 17:05:15	2025-05-16 17:05:15
xrhj7zp42n2	xs3vzvk9pec	悉	悉	sék	1778	3	12	xwj4guq9faf		2025-05-16 17:05:15	2025-05-16 17:05:15
xcf9u73tqky	xf9a9q42zyp	悚	悚	sūng	1778	3	13	xwj4guq9faf		2025-05-16 17:05:15	2025-05-16 17:05:15
x9jnexhh2mz	xe5d5cq7yfd	恿	恿	ṳ̄ng	1778	3	14	xwj4guq9faf		2025-05-16 17:05:15	2025-05-16 17:05:15
x6ys3kamp5h			惡	áuk	1778	3	15	xwj4guq9faf		2025-05-16 17:05:15	2025-05-16 17:05:15
x5pjtu4yuw5			惡	ó	1778	3	15	xwj4guq9faf		2025-05-16 17:05:15	2025-05-16 17:05:15
xxhdrsba7hj			惡	ū	1778	3	15	xwj4guq9faf		2025-05-16 17:05:15	2025-05-16 17:05:15
x59r38v4zz8	xykn2hpfg2t	情	情	cìng	1778	3	16	xwj4guq9faf		2025-05-16 17:05:15	2025-05-16 17:05:15
x6qgh7t889x	xxaq39f2fpx	悴	悴	côi	1778	3	17	xwj4guq9faf		2025-05-16 17:05:15	2025-05-16 17:05:15
x4a9sdb5txq			悰	cŭng	1778	3	18	xwj4guq9faf		2025-05-16 17:05:15	2025-05-16 17:05:15
xdhez6u4j8m	xtqt2xjuar6	惙	惙	cuók	1778	3	19	xwj4guq9faf		2025-05-16 17:05:15	2025-05-16 17:05:15
xgaxyqp27nx	xqzdmmra7xy	悽	悽	chă̤	1778	3	20	xwj4guq9faf		2025-05-16 17:05:15	2025-05-16 17:05:15
xy3keg8njy7			悳	dáik	1778	3	21	xwj4guq9faf		2025-05-16 17:05:15	2025-05-16 17:05:15
xu2qanyufbs	x5sn43akgxz	惆	惆	dièu	1778	3	22	xwj4guq9faf		2025-05-16 17:05:15	2025-05-16 17:05:15
xhbsqzm4a24			悼	dô̤	1778	3	23	xwj4guq9faf		2025-05-16 17:05:15	2025-05-16 17:05:15
xam3mnaknrm	xd67qr687f4	惇	惇	dŭng	1779	1	1	xwj4guq9faf		2025-05-16 17:05:15	2025-05-16 17:05:15
xfvcz6dnmcf	xentt5sysh8	惎	惎	gê	1779	1	2	xwj4guq9faf		2025-05-16 17:05:15	2025-05-16 17:05:15
x7rt34tvcsg			惧	gê̤ṳ	1779	1	3	xwj4guq9faf		2025-05-16 17:05:15	2025-05-16 17:05:15
x5p3fdrm63r	xs6gz5wcjze	悸	悸	gié	1779	1	4	xwj4guq9faf		2025-05-16 17:05:15	2025-05-16 17:05:15
xv8usrb7hf4	xxtbagv2auu	惓	惓	guòng	1779	1	5	xwj4guq9faf		2025-05-16 17:05:15	2025-05-16 17:05:15
xbrmfjzcu3k			惑	hĕ̤k	1779	1	6	xwj4guq9faf		2025-05-16 17:05:15	2025-05-16 17:05:15
xwc4kjj8yxu			悻	hēng	1779	1	7	xwj4guq9faf		2025-05-16 17:05:15	2025-05-16 17:05:15
xh2zrxubhvk	xfe2vvqv6vp	惠	惠	hiê	1779	1	8	xwj4guq9faf		2025-05-16 17:05:15	2025-05-16 17:05:15
xfu7fbmt8w3			惚	huók	1779	1	9	xwj4guq9faf		2025-05-16 17:05:15	2025-05-16 17:05:15
x24s3tfze7q	xyktqxesty6	惛	惛	huŏng	1779	1	10	xwj4guq9faf		2025-05-16 17:05:15	2025-05-16 17:05:15
xw26w664qds	xdmgu879t2g	悾	悾	kŭng	1779	1	11	xwj4guq9faf		2025-05-16 17:05:15	2025-05-16 17:05:15
x8uccdkqfwp	x58yr8qhgrx	惟	惟	mì	1779	1	12	xwj4guq9faf		2025-05-16 17:05:15	2025-05-16 17:05:15
xu4cqwnkcwr	xqq5993e7c3	悶	悶	mông	1779	1	13	xwj4guq9faf		2025-05-16 17:05:15	2025-05-16 17:05:15
x5fnfggucmb	xeqgxuwchn3	惄	惄	nĭk	1779	1	14	xwj4guq9faf		2025-05-16 17:05:15	2025-05-16 17:05:15
xnp96bet423	x7wdcqvafg7	悲	悲	pĭ	1779	1	15	xwj4guq9faf		2025-05-16 17:05:15	2025-05-16 17:05:15
x9tcwmm22zq	xru3n2rbr79	悱	悱	pī	1779	1	16	xwj4guq9faf		2025-05-16 17:05:15	2025-05-16 17:05:15
xm74e92drsf			惜	sék	1779	1	17	xwj4guq9faf		2025-05-16 17:05:15	2025-05-16 17:05:15
x3ffd66nc8z	xesdaeh7r48	惕	惕	ték	1779	1	18	xwj4guq9faf		2025-05-16 17:05:15	2025-05-16 17:05:15
x3gypqfzzmz	xjawju4vjm6	㥏	㥏	tiēng	1779	1	19	xwj4guq9faf		2025-05-16 17:05:15	2025-05-16 17:05:15
x5bbyd6kxsk	xajy4des3s5	悵	悵	tióng	1779	1	20	xwj4guq9faf		2025-05-16 17:05:15	2025-05-16 17:05:15
xgjygxrdv6j	xhdsrjaxnug	惋	惋	uāng	1779	1	21	xwj4guq9faf		2025-05-16 17:05:15	2025-05-16 17:05:15
xuntwdnrvq6	xfz3b6yqs7k	惘	惘	uōng	1779	1	22	xwj4guq9faf		2025-05-16 17:05:15	2025-05-16 17:05:15
xda9ubdaqjf			愛	ái	1779	1	23	xwj4guq9faf		2025-05-16 17:05:15	2025-05-16 17:05:15
x446tfqgr36			愛	tiáng	1779	1	23	xwj4guq9faf		2025-05-16 17:05:15	2025-05-16 17:05:15
x5rbra38wv5	xhw5q9yvjwm	惼	惼	biēng	1779	2	1	xwj4guq9faf		2025-05-16 17:05:15	2025-05-16 17:05:15
x2q6yt4xhk3	xurfjepet8d	愎	愎	bĭk	1779	2	2	xwj4guq9faf		2025-05-16 17:05:15	2025-05-16 17:05:15
xz6a36hus4y			𢡖	chāng	1779	2	4	xwj4guq9faf		2025-05-16 17:05:15	2025-05-16 17:05:15
xjs8hue2mpx			愁	chèu	1779	2	5	xwj4guq9faf		2025-05-16 17:05:15	2025-05-16 17:05:15
x9wee37yaaw	xtkw5857zj7	惴	惴	chōi	1779	2	6	xwj4guq9faf		2025-05-16 17:05:16	2025-05-16 17:05:16
xx4ybmzdgvm	xx7fhu4sxyc	惰	惰	dô̤	1779	2	7	xwj4guq9faf		2025-05-16 17:05:16	2025-05-16 17:05:16
xgbeu269zwx	xbydz89xz54	意	意	é	1779	2	8	xwj4guq9faf		2025-05-16 17:05:16	2025-05-16 17:05:16
xcubbhksf5n	xc4kgqghm9x	感	感	gāng	1779	2	9	xwj4guq9faf		2025-05-16 17:05:16	2025-05-16 17:05:16
xsyeegj2bu6	xdkapkr4rss	惶	惶	huòng	1779	2	10	xwj4guq9faf		2025-05-16 17:05:16	2025-05-16 17:05:16
xny5gnp9p3s	xxjmujcr8ss	愔	愔	ĭng	1779	2	11	xwj4guq9faf		2025-05-16 17:05:16	2025-05-16 17:05:16
xj5xun53cs9			愒	kái	1779	2	12	xwj4guq9faf		2025-05-16 17:05:16	2025-05-16 17:05:16
xv2s37bdm3j	xqvy74cm5a4	愜	愜	kiék	1779	2	13	xwj4guq9faf		2025-05-16 17:05:16	2025-05-16 17:05:16
xjfmfq45wkt	xhma8mae6mg	愆	愆	kiĕng	1779	2	14	xwj4guq9faf		2025-05-16 17:05:16	2025-05-16 17:05:16
xr76a8zavdq	x755a5hhxfw	愐	愐	miēng	1779	2	15	xwj4guq9faf		2025-05-16 17:05:16	2025-05-16 17:05:16
xm78r8exc72	xgyg3kc8dhz	愍	愍	mīng	1779	2	16	xwj4guq9faf		2025-05-16 17:05:16	2025-05-16 17:05:16
x9myyc96f66	xttfrrjzz5k	惹	惹	niā	1779	2	17	xwj4guq9faf		2025-05-16 17:05:16	2025-05-16 17:05:16
xsr7expcvck	xdqvmzhjmct	惱	惱	nō̤	1779	2	18	xwj4guq9faf		2025-05-16 17:05:16	2025-05-16 17:05:16
x6guwt3brgr			愞	nô̤	1779	2	19	xwj4guq9faf		2025-05-16 17:05:16	2025-05-16 17:05:16
xyhjbt7quqw	xyuf4cpswpk	愕	愕	ngáuk	1779	2	20	xwj4guq9faf		2025-05-16 17:05:16	2025-05-16 17:05:16
xtpn2gnmvwc			愚	ngṳ̀	1779	2	21	xwj4guq9faf		2025-05-16 17:05:16	2025-05-16 17:05:16
xesy3yakgmq			愠	óng	1779	2	22	xwj4guq9faf		2025-05-16 17:05:16	2025-05-16 17:05:16
x7uxhadr8gx	x9h2zy9y3ex	惺	惺	sīng	1779	2	23	xwj4guq9faf		2025-05-16 17:05:16	2025-05-16 17:05:16
xu5gtk5pjtc			𢜫	sīng	1779	2	23	xwj4guq9faf		2025-05-16 17:05:16	2025-05-16 17:05:16
xdjb7vzut4u	xwxkfkd2kz5	想	想	siōng	1779	3	1	xwj4guq9faf		2025-05-16 17:05:16	2025-05-16 17:05:16
xtxqnvg4x82			愢	sṳ̆	1779	3	2	xwj4guq9faf		2025-05-16 17:05:16	2025-05-16 17:05:16
xx2gpvmaphj	xb545s73hu2	愈	愈	ṳ̄	1779	3	3	xwj4guq9faf		2025-05-16 17:05:16	2025-05-16 17:05:16
x6wcru4wpbf	xj37pjaazjv	愉	愉	ṳ̀	1779	3	4	xwj4guq9faf		2025-05-16 17:05:16	2025-05-16 17:05:16
xh5ccvubvs5	xfjrcjy8f9e	惲	惲	ūng	1779	3	5	xwj4guq9faf		2025-05-16 17:05:16	2025-05-16 17:05:16
xa4tyrp26jn	xkdda2vvrr5	㥬	㥬	bòng	1779	3	6	xwj4guq9faf		2025-05-16 17:05:16	2025-05-16 17:05:16
x6gth7899up	xxnprvc69ks	慈	慈	cṳ̀	1779	3	7	xwj4guq9faf		2025-05-16 17:05:16	2025-05-16 17:05:16
xpy2e8eb3pw			慅	chō̤	1779	3	8	xwj4guq9faf		2025-05-16 17:05:16	2025-05-16 17:05:16
xrvw8sqevq2	xxm34ev95j7	愴	愴	chōng	1779	3	9	xwj4guq9faf		2025-05-16 17:05:16	2025-05-16 17:05:16
xugfhnzn6jy	xssq96w895p	慉	慉	hé̤ṳk	1779	3	10	xwj4guq9faf		2025-05-16 17:05:16	2025-05-16 17:05:16
xasue4jxrbx			慁	hông	1779	3	11	xwj4guq9faf		2025-05-16 17:05:16	2025-05-16 17:05:16
xwqhzyava8h			㥵	hông	1779	3	11	xwj4guq9faf		2025-05-16 17:05:16	2025-05-16 17:05:16
xqrtgvusg4w	xqfaawct6ew	慌	慌	huŏng	1779	3	12	xwj4guq9faf		2025-05-16 17:05:16	2025-05-16 17:05:16
xhyd94dk8rb			愮	ièu	1779	3	13	xwj4guq9faf		2025-05-16 17:05:16	2025-05-16 17:05:16
x7ayvf4sgfg			愮	iêu	1779	3	13	xwj4guq9faf		2025-05-16 17:05:16	2025-05-16 17:05:16
xbmxmf3yp4z	x7w6gzp822j	愷	愷	kāi	1779	3	14	xwj4guq9faf		2025-05-16 17:05:16	2025-05-16 17:05:16
xcvutepvmc8			愾	kái	1779	3	15	xwj4guq9faf		2025-05-16 17:05:16	2025-05-16 17:05:16
xsp9x3hbbuv	x3cjcy8t96n	慊	慊	kiék	1779	3	16	xwj4guq9faf		2025-05-16 17:05:16	2025-05-16 17:05:16
x4yrvukk5k9	x3cjcy8t96n	慊	慊	kiĕng	1779	3	16	xwj4guq9faf		2025-05-16 17:05:16	2025-05-16 17:05:16
xj8z9thuzfv	xzs6tdrk6sv	愧	愧	kói	1779	3	17	xwj4guq9faf		2025-05-16 17:05:16	2025-05-16 17:05:16
xvscmr4vt9q	xsxrfzzjmnq	慄	慄	lék	1779	3	18	xwj4guq9faf		2025-05-16 17:05:16	2025-05-16 17:05:16
xd3423pg93w			愿	nguông	1779	3	19	xwj4guq9faf		2025-05-16 17:05:16	2025-05-16 17:05:16
x6gc3q544rj			愼	sêng	1779	3	20	xwj4guq9faf		2025-05-16 17:05:16	2025-05-16 17:05:16
xy99axpe6za	xgrtx933v5t	慎	慎	sêng	1779	3	20	xwj4guq9faf		2025-05-16 17:05:16	2025-05-16 17:05:16
xxthcuaust3	xy6dy7dj3qd	愫	愫	só	1779	3	21	xwj4guq9faf		2025-05-16 17:05:16	2025-05-16 17:05:16
xutf4gkqu8s	xwuc4ny6b2n	愬	愬	só	1779	3	22	xwj4guq9faf		2025-05-16 17:05:16	2025-05-16 17:05:16
x33r8dykrne	xwuc4ny6b2n	愬	愬	sáuk	1779	3	22	xwj4guq9faf		2025-05-16 17:05:16	2025-05-16 17:05:16
xt2bxq249z5	xuc9nsj5rzr	態	態	tái	1779	3	23	xwj4guq9faf		2025-05-16 17:05:16	2025-05-16 17:05:16
x3jfczwxhvx	xqsxud7ynst	慆	慆	tŏ̤	1780	1	1	xwj4guq9faf		2025-05-16 17:05:16	2025-05-16 17:05:16
xmkjt5pqkrg			慇	ṳ̆ng	1780	1	2	xwj4guq9faf		2025-05-16 17:05:16	2025-05-16 17:05:16
xjpphmsr7sd			慂	ṳ̄ng	1780	1	3	xwj4guq9faf		2025-05-16 17:05:16	2025-05-16 17:05:16
xzm354rvdat	xptfsk9vnvn	憑	憑	bìng	1780	1	4	xwj4guq9faf		2025-05-16 17:05:16	2025-05-16 17:05:16
x4knnjj4gmn			慙	càng	1780	1	5	xwj4guq9faf		2025-05-16 17:05:16	2025-05-16 17:05:16
xcuznbk5jm5	xb462uf6x89	慚	慚	càng	1780	1	5	xwj4guq9faf		2025-05-16 17:05:16	2025-05-16 17:05:16
xnp76y3c5ux	x9s38ctpgtr	慞	慞	ciŏng	1780	1	6	xwj4guq9faf		2025-05-16 17:05:16	2025-05-16 17:05:16
xg8g38j2wk3	x7ztz26bmzn	慘	慘	chāng	1780	1	7	xwj4guq9faf		2025-05-16 17:05:16	2025-05-16 17:05:16
x5huzeq8syf	xpfbpgzfmyp	慼	慼	chék	1780	1	8	xwj4guq9faf		2025-05-16 17:05:16	2025-05-16 17:05:16
xd22szkzc68	xw56b9cph89	慟	慟	dông	1780	1	9	xwj4guq9faf		2025-05-16 17:05:16	2025-05-16 17:05:16
x7745buerag			慣	guáng	1780	1	10	xwj4guq9faf		2025-05-16 17:05:16	2025-05-16 17:05:16
xqme84e9czc	xww6yhz2txd	慧	慧	hiê	1780	1	11	xwj4guq9faf		2025-05-16 17:05:16	2025-05-16 17:05:16
xuwkn8bn8pu	xm86ywjvt5m	憂	憂	ĭu	1780	1	12	xwj4guq9faf		2025-05-16 17:05:16	2025-05-16 17:05:16
x9smwrz7d3p	xzmh8ya88u3	慨	慨	kái	1780	1	13	xwj4guq9faf		2025-05-16 17:05:16	2025-05-16 17:05:16
xfayk455dxr			憇	kái	1780	1	14	xwj4guq9faf		2025-05-16 17:05:16	2025-05-16 17:05:16
xs69u3gwkte			慤	káuk	1780	1	15	xwj4guq9faf		2025-05-16 17:05:16	2025-05-16 17:05:16
xea4dszj5ce	xuzc7v5z38x	慶	慶	kéng	1780	1	16	xwj4guq9faf		2025-05-16 17:05:16	2025-05-16 17:05:16
xm4wqfgsgc2	x254jm7sedt	慳	慳	kiĕng	1780	1	17	xwj4guq9faf		2025-05-16 17:05:16	2025-05-16 17:05:16
xszmqqh9qyc	xgppnykr6sx	慷	慷	kōng	1780	1	18	xwj4guq9faf		2025-05-16 17:05:16	2025-05-16 17:05:16
x4jfvafkgcf			慺	lèu	1780	1	19	xwj4guq9faf		2025-05-16 17:05:16	2025-05-16 17:05:16
x5mzag4tues	xnrr5s4txp8	慮	慮	lê̤ṳ	1780	1	20	xwj4guq9faf		2025-05-16 17:05:16	2025-05-16 17:05:16
xa984nzg8c9			憀	lièu	1780	1	21	xwj4guq9faf		2025-05-16 17:05:16	2025-05-16 17:05:16
x865xeah6vh			慢	mâng	1780	1	22	xwj4guq9faf		2025-05-16 17:05:16	2025-05-16 17:05:16
xw2w4r8crs8	xwmdxav2zdc	慕	慕	muô	1780	1	23	xwj4guq9faf		2025-05-16 17:05:16	2025-05-16 17:05:16
xdyek4mstg4			㥾	nĭk	1780	2	1	xwj4guq9faf		2025-05-16 17:05:16	2025-05-16 17:05:16
xyg9cfw973r	x2bhmxzjzr9	慰	慰	ói	1780	2	2	xwj4guq9faf		2025-05-16 17:05:16	2025-05-16 17:05:16
xkgmg4f6vxu			慴	sĭk	1780	2	3	xwj4guq9faf		2025-05-16 17:05:16	2025-05-16 17:05:16
xqv7ek7wv63	xhgme6vhqvj	慫	慫	sūng	1780	2	4	xwj4guq9faf		2025-05-16 17:05:16	2025-05-16 17:05:16
xw526uj6uuf	xypkqx34e7f	慝	慝	táik	1780	2	5	xwj4guq9faf		2025-05-16 17:05:16	2025-05-16 17:05:16
x47h3xy7w86	xyuw5s8b97t	慱	慱	tuàng	1780	2	6	xwj4guq9faf		2025-05-16 17:05:16	2025-05-16 17:05:16
xv7vpnd8c9z			慾	ṳ̆k	1780	2	7	xwj4guq9faf		2025-05-16 17:05:16	2025-05-16 17:05:16
x5nf8tzmyry	xqqxb59bfm9	慵	慵	ṳ̀ng	1780	2	8	xwj4guq9faf		2025-05-16 17:05:16	2025-05-16 17:05:16
x95xgwxkx7j	x9nswcd58n6	憊	憊	bâi	1780	2	9	xwj4guq9faf		2025-05-16 17:05:16	2025-05-16 17:05:16
x42kp52zjc9	xptfsk9vnvn	憑	憑	bìng	1780	2	10	xwj4guq9faf		2025-05-16 17:05:16	2025-05-16 17:05:16
x53brm639k6	x2nkm4y4zq5	憎	憎	cĕng	1780	2	11	xwj4guq9faf		2025-05-16 17:05:16	2025-05-16 17:05:16
x7avnmmy94t			憔	cièu	1780	2	12	xwj4guq9faf		2025-05-16 17:05:16	2025-05-16 17:05:16
xr8nxcf734f	xeam6m4wp8y	憯	憯	chāng	1780	2	13	xwj4guq9faf		2025-05-16 17:05:16	2025-05-16 17:05:16
xtyvytp6rkx			𢠵	chiōng	1780	2	14	xwj4guq9faf		2025-05-16 17:05:16	2025-05-16 17:05:16
xybtb7kzd8k			憚	dâng	1780	2	15	xwj4guq9faf		2025-05-16 17:05:16	2025-05-16 17:05:16
xftuhpsb679	xm4c7k8cfhn	憝	憝	dói	1780	2	16	xwj4guq9faf		2025-05-16 17:05:16	2025-05-16 17:05:16
xpxjk4v7fn3			憧	dùng	1780	2	17	xwj4guq9faf		2025-05-16 17:05:16	2025-05-16 17:05:16
xkm2xbk3vr3	xpgckrqkp87	憬	憬	gīng	1780	2	18	xwj4guq9faf		2025-05-16 17:05:16	2025-05-16 17:05:16
xy7sn8gpsdg	xsadz6ups3p	憨	憨	hăng	1780	2	19	xwj4guq9faf		2025-05-16 17:05:16	2025-05-16 17:05:16
xkyckysq8c5	xt9r2h66j27	憪	憪	hàng	1780	2	20	xwj4guq9faf		2025-05-16 17:05:16	2025-05-16 17:05:16
xdmrknm7ve4			憲	hióng	1780	2	21	xwj4guq9faf		2025-05-16 17:05:16	2025-05-16 17:05:16
xkpsgbgs8bb			憲	hiēng	1780	2	21	xwj4guq9faf		2025-05-16 17:05:16	2025-05-16 17:05:16
x7vncgaby8s	x7dsgn7psf6	憤	憤	hūng	1780	2	22	xwj4guq9faf		2025-05-16 17:05:16	2025-05-16 17:05:16
xp9kwp5uvh8			憒	huôi	1780	2	23	xwj4guq9faf		2025-05-16 17:05:16	2025-05-16 17:05:16
xy9jjvzmtx9	xetmb49eup6	憩	憩	kái	1780	3	1	xwj4guq9faf		2025-05-16 17:05:16	2025-05-16 17:05:16
xdvhy3bm29n	xvw5qvq3zaz	憭	憭	liēu	1780	3	2	xwj4guq9faf		2025-05-16 17:05:16	2025-05-16 17:05:16
xejmssk8mhd			憐	lìng	1780	3	3	xwj4guq9faf		2025-05-16 17:05:16	2025-05-16 17:05:16
xxhe34evuaa			憐	lèng	1780	3	3	xwj4guq9faf		2025-05-16 17:05:16	2025-05-16 17:05:16
xex3ka3zmrk	x77nvhk72fn	憫	憫	mīng	1780	3	4	xwj4guq9faf		2025-05-16 17:05:16	2025-05-16 17:05:16
x4pdf9dhvem			憗	ngé̤ṳng	1780	3	5	xwj4guq9faf		2025-05-16 17:05:16	2025-05-16 17:05:16
x228hd5v29t	x2ka6b32ujz	憮	憮	ū	1780	3	6	xwj4guq9faf		2025-05-16 17:05:16	2025-05-16 17:05:16
xnmb3pj7wfz			憸	chiĕng	1780	3	7	xwj4guq9faf		2025-05-16 17:05:16	2025-05-16 17:05:16
xfe2sja7f7v	xzgfwqwte46	懆	懆	chō̤	1780	3	8	xwj4guq9faf		2025-05-16 17:05:16	2025-05-16 17:05:16
xk4bdzy7exh	xzgfwqwte46	懆	懆	chó̤	1780	3	8	xwj4guq9faf		2025-05-16 17:05:16	2025-05-16 17:05:16
xusd4sx763f	xkawex8zepf	懂	懂	dūng	1780	3	9	xwj4guq9faf		2025-05-16 17:05:16	2025-05-16 17:05:16
xw4vn9w4hs7	xmetqnxe27b	憶	憶	é	1780	3	10	xwj4guq9faf		2025-05-16 17:05:16	2025-05-16 17:05:16
x76w96bzp5j			應	éng	1780	3	11	xwj4guq9faf		2025-05-16 17:05:16	2025-05-16 17:05:16
xbp9vahp9bq			應	ĭng	1780	3	11	xwj4guq9faf		2025-05-16 17:05:16	2025-05-16 17:05:16
xj6qaexxrqc	xyb8x5pb4g7	懈	懈	hâi	1780	3	12	xwj4guq9faf		2025-05-16 17:05:16	2025-05-16 17:05:16
x55ff7nh5c2	x8vg4u38arg	憾	憾	hâng	1780	3	13	xwj4guq9faf		2025-05-16 17:05:16	2025-05-16 17:05:16
x9qbpe4qhyn	xuxfmaqua3b	懌	懌	ĭk	1780	3	14	xwj4guq9faf		2025-05-16 17:05:16	2025-05-16 17:05:16
xjaqb3wmts2	xejqkcjemyc	懇	懇	kōng	1780	3	15	xwj4guq9faf		2025-05-16 17:05:16	2025-05-16 17:05:16
xs79xztsyan	x6eqxm5pc7q	懃	懃	kṳ̀ng	1780	3	16	xwj4guq9faf		2025-05-16 17:05:16	2025-05-16 17:05:16
xcersn4n2kx	xbjfm646p3r	懍	懍	līng	1780	3	17	xwj4guq9faf		2025-05-16 17:05:16	2025-05-16 17:05:16
x3hzcz9kyj6	xs6srhqykj5	懋	懋	mâiu	1780	3	18	xwj4guq9faf		2025-05-16 17:05:16	2025-05-16 17:05:16
xcprczn2v4r	xapnegta4n2	憹	憹	nùng	1780	3	19	xwj4guq9faf		2025-05-16 17:05:16	2025-05-16 17:05:16
x5tqdrf37pv			懊	ō̤	1780	3	20	xwj4guq9faf		2025-05-16 17:05:16	2025-05-16 17:05:16
xz2gu6fxpuc	xtbuxvqvrjb	懠	懠	că̤	1780	3	21	xwj4guq9faf		2025-05-16 17:05:16	2025-05-16 17:05:16
xry2thv743x	xgmg9am9zk5	懟	懟	dói	1780	3	22	xwj4guq9faf		2025-05-16 17:05:16	2025-05-16 17:05:16
xtevbd3zmss	xjucrkh7kep	懜	懜	móng	1780	3	23	xwj4guq9faf		2025-05-16 17:05:16	2025-05-16 17:05:16
xstxchf9fhm	xjucrkh7kep	懜	懜	máe̤ng	1780	3	23	xwj4guq9faf		2025-05-16 17:05:16	2025-05-16 17:05:16
xng5ume427d	x5cya63792c	懣	懣	mông	1781	1	1	xwj4guq9faf		2025-05-16 17:05:16	2025-05-16 17:05:16
xzye8q494nz	xr2bgnqytu5	懦	懦	nô̤	1781	1	2	xwj4guq9faf		2025-05-16 17:05:16	2025-05-16 17:05:16
xs66kjbv56c			懥	té	1781	1	3	xwj4guq9faf		2025-05-16 17:05:16	2025-05-16 17:05:16
xc4dyms73f2			懪	bô̤	1781	1	4	xwj4guq9faf		2025-05-16 17:05:16	2025-05-16 17:05:16
x2umrc5ysr7	xxgrng2s22e	懲	懲	dĭng	1781	1	5	xwj4guq9faf		2025-05-16 17:05:16	2025-05-16 17:05:16
x6m5epm2ube	x3462gemdd7	懮	懮	ĭu	1781	1	6	xwj4guq9faf		2025-05-16 17:05:16	2025-05-16 17:05:16
xwzwtean7dn			𢤦	dūng	1781	1	7	xwj4guq9faf		2025-05-16 17:05:16	2025-05-16 17:05:16
xb25urzzpzg			懸	hièng	1781	1	8	xwj4guq9faf		2025-05-16 17:05:16	2025-05-16 17:05:16
xpp3jjmknhg	xj2fevthz63	懷	懷	huài	1781	1	9	xwj4guq9faf		2025-05-16 17:05:16	2025-05-16 17:05:16
xyy94m8uryc	xus3pz4gkrk	懶	懶	lāng	1781	1	10	xwj4guq9faf		2025-05-16 17:05:16	2025-05-16 17:05:16
xb4p7tvdtrd	xdhch9uydte	懵	懵	móng	1781	1	11	xwj4guq9faf		2025-05-16 17:05:16	2025-05-16 17:05:16
xgwmpgc244s			懺	chiĕng	1781	1	12	xwj4guq9faf		2025-05-16 17:05:16	2025-05-16 17:05:16
xz35hzn6v6d			懻	gé	1781	1	13	xwj4guq9faf		2025-05-16 17:05:16	2025-05-16 17:05:16
x628chq2asr	x4nfv3tc778	懼	懼	gê̤ṳ	1781	1	14	xwj4guq9faf		2025-05-16 17:05:16	2025-05-16 17:05:16
xbzy775ut9w			懿	hé	1781	1	15	xwj4guq9faf		2025-05-16 17:05:16	2025-05-16 17:05:16
x5xefyn47s7			懽	huăng	1781	1	16	xwj4guq9faf		2025-05-16 17:05:16	2025-05-16 17:05:16
x54z9h6vx8q			懾	niék	1781	1	17	xwj4guq9faf		2025-05-16 17:05:16	2025-05-16 17:05:16
xftumzy3r3w	xys4va54eah	戀	戀	luông	1781	1	18	xwj4guq9faf	原書有誤，已更正	2025-05-16 17:05:16	2025-05-16 17:05:16
xejgmn9d46x	x5fdr3bk7s9	戁	戁	nāng	1781	1	19	xwj4guq9faf		2025-05-16 17:05:16	2025-05-16 17:05:16
xs43snayst8	xkf3ze2bzen	戇	戇	góng	1781	1	20	xwj4guq9faf		2025-05-16 17:05:16	2025-05-16 17:05:16
x2mwu59246e	xkf3ze2bzen	戇	戇	nóng	1781	1	20	xwj4guq9faf		2025-05-16 17:05:16	2025-05-16 17:05:16
xb79tqgygbc	xe5h7b4sa52	戈	戈	kuŏ	1781	1	21	xe7cu28k24c		2025-05-16 17:05:16	2025-05-16 17:05:16
xx5kbkv99e6	xsbxx7gpdc6	戊	戊	muô	1781	1	22	xe7cu28k24c		2025-05-16 17:05:16	2025-05-16 17:05:16
xpzmtv5mfeq			戉	uŏk	1781	2	1	xe7cu28k24c		2025-05-16 17:05:16	2025-05-16 17:05:16
xr5p46b52fw			戍	sé̤ṳ	1781	2	2	xe7cu28k24c		2025-05-16 17:05:16	2025-05-16 17:05:16
xtc4kkhz5fw	xj4zh6djhyx	戌	戌	sók	1781	2	3	xe7cu28k24c		2025-05-16 17:05:16	2025-05-16 17:05:16
xmg2hmfxfsp	xbzkdumph6p	戎	戎	ṳ̀ng	1781	2	4	xe7cu28k24c		2025-05-16 17:05:16	2025-05-16 17:05:16
xywqsr9tj24	xe5kqz24ezq	戒	戒	gái	1781	2	5	xe7cu28k24c		2025-05-16 17:05:16	2025-05-16 17:05:16
xw8kn7upmxc			我	ngō̤	1781	2	6	xe7cu28k24c		2025-05-16 17:05:16	2025-05-16 17:05:16
xw7brkzn793			我	nguāi	1781	2	6	xe7cu28k24c		2025-05-16 17:05:16	2025-05-16 17:05:16
xbnxc4fj4ds			成	sìng	1781	2	7	xe7cu28k24c		2025-05-16 17:05:16	2025-05-16 17:05:16
xg7a3ph4ukt			成	siàng	1781	2	7	xe7cu28k24c		2025-05-16 17:05:16	2025-05-16 17:05:16
xhg2j2tp2cj			成	chiàng	1781	2	7	xe7cu28k24c		2025-05-16 17:05:16	2025-05-16 17:05:16
xwbma7mf2bn	xvx6gxt4j9m	戔	戔	chiĕng	1781	2	8	xe7cu28k24c		2025-05-16 17:05:16	2025-05-16 17:05:16
xsy3buz7crc	xvx6gxt4j9m	戔	戔	ciĕng	1781	2	8	xe7cu28k24c		2025-05-16 17:05:16	2025-05-16 17:05:16
xtd5z9bzzxw			戕	chiòng	1781	2	9	xe7cu28k24c		2025-05-16 17:05:16	2025-05-16 17:05:16
xydr32z3zqq	x95anydt2qm	或	或	hĕ̤k	1781	2	10	xe7cu28k24c		2025-05-16 17:05:16	2025-05-16 17:05:16
xmmc92jzkx2	xu3692r3us6	戚	戚	chék	1781	2	11	xe7cu28k24c		2025-05-16 17:05:16	2025-05-16 17:05:16
xz4hg4rnc9p	xrnxpmgpy5p	戛	戛	ngák	1781	2	12	xe7cu28k24c		2025-05-16 17:05:16	2025-05-16 17:05:16
xmdttv5n5q8			㦸	gék	1781	2	13	xe7cu28k24c		2025-05-16 17:05:16	2025-05-16 17:05:16
xj38gcngvad	x5r8m43nh38	戢	戢	cék	1781	2	14	xe7cu28k24c		2025-05-16 17:05:16	2025-05-16 17:05:16
xysaxge3f46			𢧐	ciéng	1781	2	15	xe7cu28k24c		2025-05-16 17:05:16	2025-05-16 17:05:16
xnk897avz3r			𢧔	chūng	1781	2	16	xe7cu28k24c		2025-05-16 17:05:16	2025-05-16 17:05:16
xxdk97k92qk	xx7wcdv8xa3	戥	戥	dīng	1781	2	17	xe7cu28k24c		2025-05-16 17:05:16	2025-05-16 17:05:16
x8c48n823qa			戡	kăng	1781	2	18	xe7cu28k24c		2025-05-16 17:05:16	2025-05-16 17:05:16
xfr6ptwkt2x	xvhq95w5qae	截	截	cĕk	1781	2	19	xe7cu28k24c		2025-05-16 17:05:16	2025-05-16 17:05:16
xbnwr7cur5u			戩	ciēng	1781	2	20	xe7cu28k24c		2025-05-16 17:05:16	2025-05-16 17:05:16
x48ufkt2wsv	xp6k4tqf35t	戮	戮	lṳ̆k	1781	2	21	xe7cu28k24c		2025-05-16 17:05:16	2025-05-16 17:05:16
xqedfwgw88u	xp6k4tqf35t	戮	戮	lièu	1781	2	21	xe7cu28k24c		2025-05-16 17:05:16	2025-05-16 17:05:16
xduhneskekj			𢨉	cĕng	1781	2	22	xe7cu28k24c		2025-05-16 17:05:16	2025-05-16 17:05:16
xjp2uymagmj			戰	ciéng	1781	2	23	xe7cu28k24c		2025-05-16 17:05:16	2025-05-16 17:05:16
xhd4khapbuq			戱	hié	1781	3	1	xe7cu28k24c		2025-05-16 17:05:16	2025-05-16 17:05:16
xca7bnw69ge			戲	hié	1781	3	2	xe7cu28k24c		2025-05-16 17:05:16	2025-05-16 17:05:16
xs2y5ud2qag			戳	cĕk	1781	3	3	xe7cu28k24c		2025-05-16 17:05:16	2025-05-16 17:05:16
xf5dd79465h	xarrujvx3qh	戴	戴	dái	1781	3	4	xe7cu28k24c		2025-05-16 17:05:16	2025-05-16 17:05:16
xsepm7hvtfc	xp9az5c6dw7	戶	戶	hô	1781	3	5	xxnsba27wsj		2025-05-16 17:05:16	2025-05-16 17:05:16
xgypg2c6nbx	xjpwtyhujyt	戹	戹	áik	1781	3	6	xxnsba27wsj		2025-05-16 17:05:16	2025-05-16 17:05:16
xdmuavypkhu			房	bùng	1781	3	7	xxnsba27wsj		2025-05-16 17:05:16	2025-05-16 17:05:16
x6925z3d58u	xm7exnvmhks	戽	戽	hô	1781	3	8	xxnsba27wsj		2025-05-16 17:05:16	2025-05-16 17:05:16
xyqhs3ymxkh	xm7exnvmhks	戽	戽	hó	1781	3	8	xxnsba27wsj		2025-05-16 17:05:16	2025-05-16 17:05:16
xxgmfdd6vku	xq75kva8vjv	戾	戾	lâ̤	1781	3	9	xxnsba27wsj		2025-05-16 17:05:16	2025-05-16 17:05:16
x6jpu8zdy22			所	sū	1781	3	10	xxnsba27wsj		2025-05-16 17:05:16	2025-05-16 17:05:16
xxxtwfsg2sn			所	sē̤	1781	3	10	xxnsba27wsj		2025-05-16 17:05:16	2025-05-16 17:05:16
xy2uv287bs6	xabphkr5g5m	扁	扁	biēng	1781	3	11	xxnsba27wsj		2025-05-16 17:05:16	2025-05-16 17:05:16
x4c26j38r62	xabphkr5g5m	扁	扁	bēng	1781	3	11	xxnsba27wsj		2025-05-16 17:05:16	2025-05-16 17:05:16
xu9pevvsgrk	xabphkr5g5m	扁	扁	piĕng	1781	3	11	xxnsba27wsj		2025-05-16 17:05:16	2025-05-16 17:05:16
xqpyhqqv6gn	xmh6budq2sy	扃	扃	hĭng	1781	3	12	xxnsba27wsj		2025-05-16 17:05:16	2025-05-16 17:05:16
xkr4c7ujqst	xmh6budq2sy	扃	扃	gēng	1781	3	12	xxnsba27wsj		2025-05-16 17:05:16	2025-05-16 17:05:16
xnxxy92xsev	xjdm4a8fw9y	扆	扆	é	1781	3	13	xxnsba27wsj		2025-05-16 17:05:16	2025-05-16 17:05:16
xvxnfmxd2u6	xgqfha8e5rv	扅	扅	iè	1781	3	14	xxnsba27wsj		2025-05-16 17:05:16	2025-05-16 17:05:16
x2pns5ats96			扇	siéng	1781	3	15	xxnsba27wsj		2025-05-16 17:05:16	2025-05-16 17:05:16
xuwyn6p2m2w	x42hn98ckuw	扈	扈	hô	1781	3	16	xxnsba27wsj		2025-05-16 17:05:16	2025-05-16 17:05:16
xkxsrg6yj8t	xjpach85hgv	扊	扊	iēng	1781	3	17	xxnsba27wsj		2025-05-16 17:05:16	2025-05-16 17:05:16
x8xxnw58w99	x94vnjnuf5p	扉	扉	pĭ	1781	3	18	xxnsba27wsj		2025-05-16 17:05:16	2025-05-16 17:05:16
xf2erpgt5z9	x9dgsnqebgq	手	手	chīu	1781	3	19	xmnaz3aswp4		2025-05-16 17:05:16	2025-05-16 17:05:16
x4ss9fxgp2k			才	cài	1781	3	20	xmnaz3aswp4		2025-05-16 17:05:16	2025-05-16 17:05:16
xncv4p9hy4u			才	chài	1781	3	20	xmnaz3aswp4		2025-05-16 17:05:16	2025-05-16 17:05:16
x6d27vwvurn	xzbw26x86rv	扎	扎	cák	1782	1	1	xmnaz3aswp4		2025-05-16 17:05:16	2025-05-16 17:05:16
xs8dvah5py5			扒	bà	1782	1	2	xmnaz3aswp4		2025-05-16 17:05:16	2025-05-16 17:05:16
xhp5nw6zt4w	xhht6cfkwt9	打	打	dā	1782	1	3	xmnaz3aswp4		2025-05-16 17:05:16	2025-05-16 17:05:16
x8fkd8x66nb			㧄	guâng	1782	1	4	xmnaz3aswp4		2025-05-16 17:05:16	2025-05-16 17:05:16
xnk56cbjjgt			扐	lĕk	1782	1	5	xmnaz3aswp4		2025-05-16 17:05:16	2025-05-16 17:05:16
x3pc72eh2k8			扑	páuk	1782	1	6	xmnaz3aswp4		2025-05-16 17:05:16	2025-05-16 17:05:16
xx2fyzvmpae	xvsusecufms	扠	扠	chă	1782	1	7	xmnaz3aswp4		2025-05-16 17:05:16	2025-05-16 17:05:16
xax88rvpe2r			扛	gŏng	1782	1	8	xmnaz3aswp4		2025-05-16 17:05:16	2025-05-16 17:05:16
xupxmne46du	x9srrr5wfsf	扞	扞	hāng	1782	1	9	xmnaz3aswp4		2025-05-16 17:05:16	2025-05-16 17:05:16
xsshrmfczy5	xvjp3s24e3u	扣	扣	káiu	1782	1	10	xmnaz3aswp4		2025-05-16 17:05:16	2025-05-16 17:05:16
xh6htsjxh4s			托	táuk	1782	1	11	xmnaz3aswp4		2025-05-16 17:05:16	2025-05-16 17:05:16
xvnants35u2			托	tó̤h	1782	1	11	xmnaz3aswp4		2025-05-16 17:05:16	2025-05-16 17:05:16
xjzm9f4hc2e	xcazca5zwqt	扤	扤	uŏk	1782	1	12	xmnaz3aswp4		2025-05-16 17:05:16	2025-05-16 17:05:16
xbfzhyrph3c	xdrznwhfpjn	扼	扼	áik	1782	1	13	xmnaz3aswp4		2025-05-16 17:05:16	2025-05-16 17:05:16
xwhpf5v586b	xhhvjagrpdx	把	把	bā	1782	1	14	xmnaz3aswp4		2025-05-16 17:05:16	2025-05-16 17:05:16
xb2wc3exnq8	xgrwkdkqv26	抃	抃	biêng	1782	1	15	xmnaz3aswp4		2025-05-16 17:05:16	2025-05-16 17:05:16
x7zr8xbatqt	xxb62cczzc2	抓	抓	cāu	1782	1	16	xmnaz3aswp4		2025-05-16 17:05:16	2025-05-16 17:05:16
xbq4cskyb9b	xxb62cczzc2	抓	抓	cuā	1782	1	16	xmnaz3aswp4		2025-05-16 17:05:16	2025-05-16 17:05:16
xvkazbdxuat	xegmrzm7u7f	找	找	cāu	1782	1	17	xmnaz3aswp4		2025-05-16 17:05:16	2025-05-16 17:05:16
xmqe9hpy72e			折	ciék	1782	1	18	xmnaz3aswp4		2025-05-16 17:05:16	2025-05-16 17:05:16
xtn7n9fszwb			折	siĕk	1782	1	18	xmnaz3aswp4		2025-05-16 17:05:16	2025-05-16 17:05:16
xzm9yddz7z4			扱	chák	1782	1	19	xmnaz3aswp4		2025-05-16 17:05:16	2025-05-16 17:05:16
xbxbag6wtv7			扱	ngék	1782	1	19	xmnaz3aswp4		2025-05-16 17:05:16	2025-05-16 17:05:16
xd8y64rvkmx	x8963hwthdq	抄	抄	chău	1782	1	20	xmnaz3aswp4		2025-05-16 17:05:16	2025-05-16 17:05:16
xn5eqfbm5nx			扯	chiē	1782	1	21	xmnaz3aswp4		2025-05-16 17:05:16	2025-05-16 17:05:16
xf6jx8cjmb2			抖	dēu	1782	1	22	xmnaz3aswp4		2025-05-16 17:05:16	2025-05-16 17:05:16
x6yj23atv5s			抖	dāu	1782	1	22	xmnaz3aswp4		2025-05-16 17:05:16	2025-05-16 17:05:16
xcscv2ca9bz			投	dèu	1782	1	23	xmnaz3aswp4		2025-05-16 17:05:16	2025-05-16 17:05:16
xm2akcfa5ys			投	dàu	1782	1	23	xmnaz3aswp4		2025-05-16 17:05:16	2025-05-16 17:05:16
xam6ps34wrt			抑	ék	1782	2	1	xmnaz3aswp4		2025-05-16 17:05:16	2025-05-16 17:05:16
xqudr8xuzg4	xtjhe58z788	技	技	gê	1782	2	2	xmnaz3aswp4		2025-05-16 17:05:16	2025-05-16 17:05:16
x32nwtu5fn9	xz39c2284ju	抉	抉	giók	1782	2	3	xmnaz3aswp4		2025-05-16 17:05:16	2025-05-16 17:05:16
x2kfpqyyasw			扶	hù	1782	2	4	xmnaz3aswp4		2025-05-16 17:05:16	2025-05-16 17:05:16
x393j2996vn			扶	hô	1782	2	4	xmnaz3aswp4		2025-05-16 17:05:16	2025-05-16 17:05:16
xg8aqruvbk7	xxq6ca9aqdt	扮	扮	hūng	1782	2	5	xmnaz3aswp4		2025-05-16 17:05:16	2025-05-16 17:05:16
xxm59qqnu63			抗	káung	1782	2	6	xmnaz3aswp4		2025-05-16 17:05:16	2025-05-16 17:05:16
x4gsaqvdu8n	xu2afxaqbzs	扭	扭	nīu	1782	2	7	xmnaz3aswp4		2025-05-16 17:05:16	2025-05-16 17:05:16
x5emu3ukf6n	xfjqz5hq9he	扳	扳	păng	1782	2	8	xmnaz3aswp4		2025-05-16 17:05:16	2025-05-16 17:05:16
x6a6mfjdg85			抔	pèu	1782	2	9	xmnaz3aswp4		2025-05-16 17:05:16	2025-05-16 17:05:16
xmxfs8xucj8	x462zhgc7pa	批	批	piĕ	1782	2	10	xmnaz3aswp4		2025-05-16 17:05:16	2025-05-16 17:05:16
xepqp4y8amu	xgbey3upnae	承	承	sìng	1782	2	11	xmnaz3aswp4		2025-05-16 17:05:16	2025-05-16 17:05:16
xxcdhfmh43j	xb7uq35657c	抒	抒	tṳ̄	1782	2	12	xmnaz3aswp4		2025-05-16 17:05:16	2025-05-16 17:05:16
xjppzgk6rj2			扵	ṳ̆	1782	2	13	xmnaz3aswp4		2025-05-16 17:05:16	2025-05-16 17:05:16
xejge5jcatv			抆	ùng	1782	2	14	xmnaz3aswp4		2025-05-16 17:05:16	2025-05-16 17:05:16
x6bg5v8a9jn			㧖	áik	1782	2	15	xmnaz3aswp4		2025-05-16 17:05:16	2025-05-16 17:05:16
xx3m7vx9enk	xbdnaptubym	押	押	ák	1782	2	16	xmnaz3aswp4		2025-05-16 17:05:16	2025-05-16 17:05:16
xuq974mv5nt			拗	āu	1782	2	17	xmnaz3aswp4		2025-05-16 17:05:16	2025-05-16 17:05:16
xqnuyj3e2mz			拗	áu	1782	2	17	xmnaz3aswp4		2025-05-16 17:05:16	2025-05-16 17:05:16
x8fdygbbp2k			拜	bái	1782	2	18	xmnaz3aswp4		2025-05-16 17:05:16	2025-05-16 17:05:16
xpefcqpe8th			拔	băk	1782	2	19	xmnaz3aswp4		2025-05-16 17:05:16	2025-05-16 17:05:16
xpn64sbwhn5			拔	bĕk	1782	2	19	xmnaz3aswp4		2025-05-16 17:05:16	2025-05-16 17:05:16
xt658ayn3p8			拔	bĭ	1782	2	19	xmnaz3aswp4		2025-05-16 17:05:16	2025-05-16 17:05:16
x7h7cb8fx7q			㧞	băk	1782	2	19	xmnaz3aswp4		2025-05-16 17:05:16	2025-05-16 17:05:16
x757uj8usmp			㧞	bĕk	1782	2	19	xmnaz3aswp4		2025-05-16 17:05:16	2025-05-16 17:05:16
xy5y3uv2569			㧞	bĭ	1782	2	19	xmnaz3aswp4		2025-05-16 17:05:16	2025-05-16 17:05:16
xuwybm4emtg	x2emy6742f5	㧙	㧙	biék	1782	2	20	xmnaz3aswp4		2025-05-16 17:05:16	2025-05-16 17:05:16
xzr8rsmmw79			拚	biêng	1782	2	21	xmnaz3aswp4		2025-05-16 17:05:16	2025-05-16 17:05:16
xxrc7u8kj9e			拚	pĭng	1782	2	21	xmnaz3aswp4		2025-05-16 17:05:16	2025-05-16 17:05:16
xqb997zz5up			拚	piăng	1782	2	21	xmnaz3aswp4		2025-05-16 17:05:16	2025-05-16 17:05:16
xxshpampubz	xemb8ytjf3h	抨	抨	bìng	1782	2	22	xmnaz3aswp4		2025-05-16 17:05:16	2025-05-16 17:05:16
xr96wzfdkp2	xemb8ytjf3h	抨	抨	pĕng	1782	2	22	xmnaz3aswp4		2025-05-16 17:05:16	2025-05-16 17:05:16
xsc8j9n4j2g			抱	bô̤	1782	2	23	xmnaz3aswp4		2025-05-16 17:05:16	2025-05-16 17:05:16
xcvtdh7dnfz			抪	buó	1782	3	1	xmnaz3aswp4		2025-05-16 17:05:16	2025-05-16 17:05:16
xk23r46rbtm	x6ks22bd24m	招	招	ciĕu	1782	3	2	xmnaz3aswp4		2025-05-16 17:05:16	2025-05-16 17:05:16
x36s9tj9ksa			拄	cṳ̄	1782	3	3	xmnaz3aswp4		2025-05-16 17:05:16	2025-05-16 17:05:16
xg2gxrnj73g	x4awxmngyfv	拙	拙	cuók	1782	3	4	xmnaz3aswp4		2025-05-16 17:05:16	2025-05-16 17:05:16
x8guyf4jwat			拆	cháik	1782	3	5	xmnaz3aswp4		2025-05-16 17:05:16	2025-05-16 17:05:16
xm5v7hcycjw			拆	tiáh	1782	3	5	xmnaz3aswp4		2025-05-16 17:05:16	2025-05-16 17:05:16
xwmcqkzsy28			担	dăng	1782	3	6	xmnaz3aswp4		2025-05-16 17:05:16	2025-05-16 17:05:16
xk2n8p4cmgf			担	dáng	1782	3	6	xmnaz3aswp4		2025-05-16 17:05:16	2025-05-16 17:05:16
xuqg39jqmh9			抵	dī	1782	3	7	xmnaz3aswp4		2025-05-16 17:05:17	2025-05-16 17:05:17
xqas88d2v4v			抵	dā̤	1782	3	7	xmnaz3aswp4		2025-05-16 17:05:17	2025-05-16 17:05:17
x5efjhhgzhp	xcuj3asj59k	拒	拒	gé̤ṳ	1782	3	8	xmnaz3aswp4		2025-05-16 17:05:17	2025-05-16 17:05:17
x74dubyquxp	xqm78xs9usg	拘	拘	gṳ̆	1782	3	9	xmnaz3aswp4		2025-05-16 17:05:17	2025-05-16 17:05:17
xdm23cufwrp			拐	guāi	1782	3	10	xmnaz3aswp4		2025-05-16 17:05:17	2025-05-16 17:05:17
xkk8t5q8xyu	x9nkwjm866v	拂	拂	hók	1782	3	11	xmnaz3aswp4		2025-05-16 17:05:17	2025-05-16 17:05:17
xrc6mzpysq2	x9nkwjm866v	拂	拂	bĭk	1782	3	11	xmnaz3aswp4		2025-05-16 17:05:17	2025-05-16 17:05:17
x49x6t8jraf			抰	iōng	1782	3	12	xmnaz3aswp4		2025-05-16 17:05:17	2025-05-16 17:05:17
xtkh4p4wht8			拑	kièng	1782	3	13	xmnaz3aswp4		2025-05-16 17:05:17	2025-05-16 17:05:17
x98n6mu4bpn			拇	mū	1782	3	15	xmnaz3aswp4		2025-05-16 17:05:17	2025-05-16 17:05:17
xw3zdk5u5ug			拇	mō̤	1782	3	15	xmnaz3aswp4		2025-05-16 17:05:17	2025-05-16 17:05:17
xr22cwn9h8n			抹	muák	1782	3	16	xmnaz3aswp4		2025-05-16 17:05:17	2025-05-16 17:05:17
xvepfmmymzt			拏	nā	1782	3	17	xmnaz3aswp4		2025-05-16 17:05:17	2025-05-16 17:05:17
xxcmcsx447s	x4ezddh3dbj	拈	拈	niĕng	1782	3	18	xmnaz3aswp4		2025-05-16 17:05:17	2025-05-16 17:05:17
xe2fs98sfge			拍	páh	1782	3	19	xmnaz3aswp4		2025-05-16 17:05:17	2025-05-16 17:05:17
xxxbzcguxuv			拋	pău	1782	3	20	xmnaz3aswp4		2025-05-16 17:05:17	2025-05-16 17:05:17
xtrcjpwzxtz			拋	pă	1782	3	20	xmnaz3aswp4		2025-05-16 17:05:17	2025-05-16 17:05:17
xwkzdw7tz2w	xtw5zuuynpm	披	披	piĕ	1782	3	21	xmnaz3aswp4		2025-05-16 17:05:17	2025-05-16 17:05:17
xrpmrz7ey8v	xuxx3uup58b	拌	拌	puăng	1782	3	22	xmnaz3aswp4		2025-05-16 17:05:17	2025-05-16 17:05:17
xmzt8ydvpn8			抬	tăi	1782	3	23	xmnaz3aswp4		2025-05-16 17:05:17	2025-05-16 17:05:17
xfa6ucskntt			拓	táuk	1783	1	1	xmnaz3aswp4		2025-05-16 17:05:17	2025-05-16 17:05:17
x5br656yzkx			抽	tĭu	1783	1	2	xmnaz3aswp4		2025-05-16 17:05:17	2025-05-16 17:05:17
xmpgkvvmu6z			拖	tŏ̤	1783	1	3	xmnaz3aswp4		2025-05-16 17:05:17	2025-05-16 17:05:17
x8x8crxysxy			拖	tuă	1783	1	3	xmnaz3aswp4		2025-05-16 17:05:17	2025-05-16 17:05:17
xbffh9fp9yp			拖	tuà	1783	1	3	xmnaz3aswp4		2025-05-16 17:05:17	2025-05-16 17:05:17
xevwe3zaegn			拕	tŏ̤	1783	1	3	xmnaz3aswp4		2025-05-16 17:05:17	2025-05-16 17:05:17
xrzv8s85ump			拕	tuă	1783	1	3	xmnaz3aswp4		2025-05-16 17:05:17	2025-05-16 17:05:17
x2wrk4ymemn			拕	tuà	1783	1	3	xmnaz3aswp4		2025-05-16 17:05:17	2025-05-16 17:05:17
xswhjzmynmq	xz8tnjwr8qe	拊	拊	ū	1783	1	4	xmnaz3aswp4		2025-05-16 17:05:17	2025-05-16 17:05:17
xkkp7cz38t8	xsqws8xme5v	按	按	áng	1783	1	5	xmnaz3aswp4		2025-05-16 17:05:17	2025-05-16 17:05:17
xb96vp5qaef			㧩	buōi	1783	1	6	xmnaz3aswp4		2025-05-16 17:05:17	2025-05-16 17:05:17
x2pxdjcvv7w			拶	cāng	1783	1	7	xmnaz3aswp4		2025-05-16 17:05:17	2025-05-16 17:05:17
xn5dt9pemp9			指	cī	1783	1	8	xmnaz3aswp4		2025-05-16 17:05:17	2025-05-16 17:05:17
xz4pe85m9mm			指	bī	1783	1	8	xmnaz3aswp4		2025-05-16 17:05:17	2025-05-16 17:05:17
xv27k5qxuq5			指	cāi	1783	1	8	xmnaz3aswp4		2025-05-16 17:05:17	2025-05-16 17:05:17
xvzdnaa866x	xat78rdjpry	拯	拯	cīng	1783	1	9	xmnaz3aswp4		2025-05-16 17:05:17	2025-05-16 17:05:17
xuqqa6ugp49	xnkcgx55nex	拴	拴	chuăng	1783	1	10	xmnaz3aswp4		2025-05-16 17:05:17	2025-05-16 17:05:17
x599nsfk9js	xvdqattdh5j	挃	挃	dék	1783	1	11	xmnaz3aswp4		2025-05-16 17:05:17	2025-05-16 17:05:17
x3v7zezkptb	xv9gavwcx2q	挏	挏	dông	1783	1	12	xmnaz3aswp4		2025-05-16 17:05:17	2025-05-16 17:05:17
xd9g6czyg4k	xxxwe99wj7z	挌	挌	gáik	1783	1	13	xmnaz3aswp4		2025-05-16 17:05:17	2025-05-16 17:05:17
x6d7gag323r	xpkd2gyntmn	拮	拮	gék	1783	1	14	xmnaz3aswp4		2025-05-16 17:05:17	2025-05-16 17:05:17
xsgh9meynty	xvkmfcqaeye	拉	拉	lă	1782	3	14	xmnaz3aswp4		2025-09-23 02:05:55	2025-05-16 17:05:17
xg95hme979a	xw3ghxga3ks	挈	挈	giék	1783	1	15	xmnaz3aswp4		2025-05-16 17:05:17	2025-05-16 17:05:17
xuzg3htnsjt	xw3ghxga3ks	挈	挈	giĕk	1783	1	15	xmnaz3aswp4		2025-05-16 17:05:17	2025-05-16 17:05:17
xy6fsbe5r82			挂	guá	1783	1	16	xmnaz3aswp4		2025-05-16 17:05:17	2025-05-16 17:05:17
xdc2xk28j5z	xy2wyqb7hsq	括	括	guák	1783	1	17	xmnaz3aswp4		2025-05-16 17:05:17	2025-05-16 17:05:17
xfm9j52mw3n			拳	gùng	1783	1	18	xmnaz3aswp4		2025-05-16 17:05:17	2025-05-16 17:05:17
xkrpbq86q9m			拳	guòng	1783	1	18	xmnaz3aswp4		2025-05-16 17:05:17	2025-05-16 17:05:17
x98hydaqydc			拽	iô	1783	1	19	xmnaz3aswp4		2025-05-16 17:05:17	2025-05-16 17:05:17
xypnrj49h92	x227qwt4zx7	拷	拷	kō̤	1783	1	20	xmnaz3aswp4		2025-05-16 17:05:17	2025-05-16 17:05:17
x9xnyeak8va	xxryygt5csb	拿	拿	nā	1783	1	21	xmnaz3aswp4		2025-05-16 17:05:17	2025-05-16 17:05:17
xewqztjxdgm	xx2a2agdjjy	拭	拭	sék	1783	1	22	xmnaz3aswp4		2025-05-16 17:05:17	2025-05-16 17:05:17
xbn65hx8k6e	xx2a2agdjjy	拭	拭	chék	1783	1	22	xmnaz3aswp4		2025-05-16 17:05:17	2025-05-16 17:05:17
xz4h8xw5jpn			拾	sĭk	1783	1	23	xmnaz3aswp4		2025-05-16 17:05:17	2025-05-16 17:05:17
xjztfg6bufm			拾	sĕk	1783	1	23	xmnaz3aswp4		2025-05-16 17:05:17	2025-05-16 17:05:17
x7a979nwnuz			拾	kák	1783	1	23	xmnaz3aswp4		2025-05-16 17:05:17	2025-05-16 17:05:17
xpww3r8jnrz	xmhsq8kmm3q	持	持	tì	1783	2	1	xmnaz3aswp4		2025-05-16 17:05:17	2025-05-16 17:05:17
xayub32p8kq			挑	tiĕu	1783	2	2	xmnaz3aswp4		2025-05-16 17:05:17	2025-05-16 17:05:17
xr6yckt357r			挑	tièu	1783	2	2	xmnaz3aswp4		2025-05-16 17:05:17	2025-05-16 17:05:17
xagfn5x62w5			挖	uák	1783	2	3	xmnaz3aswp4		2025-05-16 17:05:17	2025-05-16 17:05:17
xwgmy9u2muf	xhz7jeeqr3y	捌	捌	báik	1783	2	5	xmnaz3aswp4		2025-05-16 17:05:17	2025-05-16 17:05:17
xwndztbcz6w			挷	bōng	1783	2	6	xmnaz3aswp4		2025-05-16 17:05:17	2025-05-16 17:05:17
x3uez7v4sxm	xpxjuwcx9nr	捕	捕	buô	1783	2	7	xmnaz3aswp4		2025-05-16 17:05:17	2025-05-16 17:05:17
xt67ubht6s5			⿰扌𣧄	cāng	1783	2	8	xmnaz3aswp4		2025-05-16 17:05:17	2025-05-16 17:05:17
x69rr22meqx			振	cīng	1783	2	9	xmnaz3aswp4		2025-05-16 17:05:17	2025-05-16 17:05:17
xtuya2np9ks			挿	chák	1783	2	10	xmnaz3aswp4		2025-05-16 17:05:17	2025-05-16 17:05:17
xdwg5f8vaks	xu5sgv8nzg4	捉	捉	ché̤ṳk	1783	2	11	xmnaz3aswp4		2025-05-16 17:05:17	2025-05-16 17:05:17
x5hbb4cmd4d	xm9wjs6auva	挫	挫	chó̤	1783	2	12	xmnaz3aswp4		2025-05-16 17:05:17	2025-05-16 17:05:17
xda9g522u2r	xrvf5z694mj	挹	挹	ék	1783	2	13	xmnaz3aswp4		2025-05-16 17:05:17	2025-05-16 17:05:17
xfv6vybfywq	x2g793crgmn	捔	捔	gáuk	1783	2	14	xmnaz3aswp4		2025-05-16 17:05:17	2025-05-16 17:05:17
x32d4c4k54w	x9yjph7duvn	捐	捐	giŏng	1783	2	15	xmnaz3aswp4		2025-05-16 17:05:17	2025-05-16 17:05:17
x2g9f99vrjq	xuxuasn5sat	捄	捄	gìu	1783	2	16	xmnaz3aswp4		2025-05-16 17:05:17	2025-05-16 17:05:17
xrhm5whvdmj	xuxuasn5sat	捄	捄	gṳ̆	1783	2	16	xmnaz3aswp4		2025-05-16 17:05:17	2025-05-16 17:05:17
xv75rhb8c5f	xuxuasn5sat	捄	捄	géu	1783	2	16	xmnaz3aswp4		2025-05-16 17:05:17	2025-05-16 17:05:17
x3eq3xg8geg	x2ha9j72wjk	捍	捍	hāng	1783	2	17	xmnaz3aswp4		2025-05-16 17:05:17	2025-05-16 17:05:17
x592ru6ectz			挾	hiĕk	1783	2	18	xmnaz3aswp4		2025-05-16 17:05:17	2025-05-16 17:05:17
xt29h9fybs6			挾	gĕk	1783	2	18	xmnaz3aswp4		2025-05-16 17:05:17	2025-05-16 17:05:17
xt3eh5ekht5			挾	gă̤h	1783	2	18	xmnaz3aswp4		2025-05-16 17:05:17	2025-05-16 17:05:17
xwk2rpfmpbx			捓	ià	1783	2	19	xmnaz3aswp4		2025-05-16 17:05:17	2025-05-16 17:05:17
xcxmzj5a8au	xsrumvm2es6	捆	捆	kūng	1783	2	20	xmnaz3aswp4		2025-05-16 17:05:17	2025-05-16 17:05:17
xcg7eqpnydu			捋	luók	1783	2	21	xmnaz3aswp4	原書有誤，已更正	2025-05-16 17:05:17	2025-05-16 17:05:17
xttcc3nj5pd			揑	niĕk	1783	2	22	xmnaz3aswp4		2025-05-16 17:05:17	2025-05-16 17:05:17
xaju4qx77s2	x2m557q8zfb	捏	捏	niĕk	1783	2	22	xmnaz3aswp4		2025-05-16 17:05:17	2025-05-16 17:05:17
xpcf8fbakp3	x2jw9wfvxb7	挪	挪	nò̤	1783	2	23	xmnaz3aswp4		2025-05-16 17:05:17	2025-05-16 17:05:17
xmdsbc26eum			挼	nò̤	1783	3	1	xmnaz3aswp4		2025-05-16 17:05:17	2025-05-16 17:05:17
xc2cvdg2jhd			挼	nùi	1783	3	1	xmnaz3aswp4		2025-05-16 17:05:17	2025-05-16 17:05:17
xg2846jmdtv			捎	său	1783	3	2	xmnaz3aswp4		2025-05-16 17:05:17	2025-05-16 17:05:17
xzdqm5wyvbq			挱	sŭk	1783	3	3	xmnaz3aswp4		2025-05-16 17:05:17	2025-05-16 17:05:17
xxue9wxntus			挱	sŏ̤	1783	3	3	xmnaz3aswp4		2025-05-16 17:05:17	2025-05-16 17:05:17
xmzev6uthha	xegzv76twrq	挺	挺	tīng	1783	3	4	xmnaz3aswp4		2025-05-16 17:05:17	2025-05-16 17:05:17
x3nmh4yshxh	xegzv76twrq	挺	挺	tēng	1783	3	4	xmnaz3aswp4		2025-05-16 17:05:17	2025-05-16 17:05:17
xn7bt7g3pb4			捅	tūng	1783	3	6	xmnaz3aswp4		2025-05-16 17:05:17	2025-05-16 17:05:17
xedhb5e8hvv	xx6qd73kstv	挽	挽	uāng	1783	3	7	xmnaz3aswp4		2025-05-16 17:05:17	2025-05-16 17:05:17
x8qtppsth5d			捭	bāi	1783	3	8	xmnaz3aswp4		2025-05-16 17:05:17	2025-05-16 17:05:17
xtmc5aus5nx	x6cf334jd2w	排	排	bài	1783	3	9	xmnaz3aswp4		2025-05-16 17:05:17	2025-05-16 17:05:17
xrdmxrcux42	x6cf334jd2w	排	排	bà̤	1783	3	9	xmnaz3aswp4		2025-05-16 17:05:17	2025-05-16 17:05:17
xesrf2xx3nr			掤	bĭng	1783	3	10	xmnaz3aswp4		2025-05-16 17:05:17	2025-05-16 17:05:17
xmywffzsuxa			掉	câu	1783	3	11	xmnaz3aswp4		2025-05-16 17:05:17	2025-05-16 17:05:17
xrgc7ce22pu	xb3eyxpvhcz	掙	掙	cĕng	1783	3	12	xmnaz3aswp4		2025-05-16 17:05:17	2025-05-16 17:05:17
x68kve6qdcv	xprycnqjxqt	掫	掫	cĕu	1783	3	13	xmnaz3aswp4		2025-05-16 17:05:17	2025-05-16 17:05:17
xh8gga5ygbt	xnxwsw3vmym	掣	掣	cié	1783	3	14	xmnaz3aswp4		2025-05-16 17:05:17	2025-05-16 17:05:17
xm8g7v5wymm	x6vw9mkk47n	接	接	ciék	1783	3	15	xmnaz3aswp4		2025-05-16 17:05:17	2025-05-16 17:05:17
xbnwbe5xjac	x8ets6s7jh5	捷	捷	ciĕk	1783	3	16	xmnaz3aswp4		2025-05-16 17:05:17	2025-05-16 17:05:17
xg599pftb3m			掌	ciōng	1783	3	17	xmnaz3aswp4		2025-05-16 17:05:17	2025-05-16 17:05:17
x9b588cjdfe	xhrw4c9jydd	捽	捽	cók	1783	3	18	xmnaz3aswp4		2025-05-16 17:05:17	2025-05-16 17:05:17
xnk725v9vg7			掇	cuók	1783	3	19	xmnaz3aswp4		2025-05-16 17:05:17	2025-05-16 17:05:17
xjhh7zteyda	x9eexageyks	採	採	chāi	1783	3	20	xmnaz3aswp4		2025-05-16 17:05:17	2025-05-16 17:05:17
xzf3qczdq8t	xp6p8qfqa2n	措	措	chó	1783	3	21	xmnaz3aswp4		2025-05-16 17:05:17	2025-05-16 17:05:17
xvxjgtdfxrz			推	chŭi	1783	3	22	xmnaz3aswp4		2025-05-16 17:05:17	2025-05-16 17:05:17
xujrmp8n2v8			推	tŏi	1783	3	22	xmnaz3aswp4		2025-05-16 17:05:17	2025-05-16 17:05:17
x7f6zrmv65b			㧻	dáuk	1783	3	23	xmnaz3aswp4		2025-05-16 17:05:17	2025-05-16 17:05:17
xznwz3dae9k	x844s7m6qsa	掏	掏	dò̤	1784	1	1	xmnaz3aswp4		2025-05-16 17:05:17	2025-05-16 17:05:17
x2yfhhq9d43			据	gé̤ṳ	1784	1	2	xmnaz3aswp4		2025-05-16 17:05:17	2025-05-16 17:05:17
xusfqg56tga	xeewtux5ynr	掬	掬	gé̤ṳk	1784	1	3	xmnaz3aswp4		2025-05-16 17:05:17	2025-05-16 17:05:17
xyb8twm2ruj			掛	guá	1784	1	4	xmnaz3aswp4		2025-05-16 17:05:17	2025-05-16 17:05:17
x83kc3rjyvp			掛	kuá	1784	1	4	xmnaz3aswp4		2025-05-16 17:05:17	2025-05-16 17:05:17
xxsrjryzrpz	xp8xmvz6kbd	掘	掘	gŭk	1784	1	5	xmnaz3aswp4		2025-05-16 17:05:17	2025-05-16 17:05:17
xrtemkbmc8d	x882e85xpmc	捲	捲	guōng	1784	1	6	xmnaz3aswp4		2025-05-16 17:05:17	2025-05-16 17:05:17
xnvnxwdxu2j	xt9cfe8pe5g	掀	掀	hṳ̆ng	1784	1	7	xmnaz3aswp4		2025-05-16 17:05:17	2025-05-16 17:05:17
xnfe3d2v3tq	xt9cfe8pe5g	掀	掀	hiĕng	1784	1	7	xmnaz3aswp4		2025-05-16 17:05:17	2025-05-16 17:05:17
xw9szc6729h			掩	iēng	1784	1	8	xmnaz3aswp4		2025-05-16 17:05:17	2025-05-16 17:05:17
xm9qu66g6fa			掩	iĕng	1784	1	8	xmnaz3aswp4		2025-05-16 17:05:17	2025-05-16 17:05:17
x4jdjr7mh2z			掖	ĭk	1784	1	9	xmnaz3aswp4		2025-05-16 17:05:17	2025-05-16 17:05:17
x53b35pq3j4	xj8z6ufdpr6	掯	掯	káing	1784	1	10	xmnaz3aswp4		2025-05-16 17:05:17	2025-05-16 17:05:17
xxuz9rgdprn	xmkugv95cb4	掐	掐	kák	1784	1	11	xmnaz3aswp4		2025-05-16 17:05:17	2025-05-16 17:05:17
x4vrd9b5nhc	xgttu9yahsk	掎	掎	kiē	1784	1	12	xmnaz3aswp4		2025-05-16 17:05:17	2025-05-16 17:05:17
x9y4tt3y5m7			𢬳	dŭh	1783	3	5	xmnaz3aswp4		2025-10-04 13:38:11	2025-05-16 17:05:17
x4sgjfqtnd6	xsw9tf6a3tj	挨	挨	ă̤	1783	2	4	xmnaz3aswp4		2025-10-22 01:45:44	2025-05-16 17:05:17
x5t4rrunp64	xz5uybu2j5p	控	控	kóng	1784	1	13	xmnaz3aswp4		2025-05-16 17:05:17	2025-05-16 17:05:17
xtjnvbesrnd	xvyad8vqqsa	捩	捩	là̤	1784	1	14	xmnaz3aswp4		2025-05-16 17:05:17	2025-05-16 17:05:17
x7yt77u6tcs	xvyad8vqqsa	捩	捩	lòi	1784	1	14	xmnaz3aswp4		2025-05-16 17:05:17	2025-05-16 17:05:17
xkxdu9bjqsy	xgqqd8cch4f	掠	掠	liŏk	1784	1	15	xmnaz3aswp4		2025-05-16 17:05:17	2025-05-16 17:05:17
xug9tk8q2hq	xm69ddup8m6	掄	掄	lùng	1784	1	16	xmnaz3aswp4		2025-05-16 17:05:17	2025-05-16 17:05:17
xm3edqkwq9k			捫	muŏ	1784	1	17	xmnaz3aswp4		2025-05-16 17:05:17	2025-05-16 17:05:17
xx5cfprcj7u			捫	muòng	1784	1	17	xmnaz3aswp4		2025-05-16 17:05:17	2025-05-16 17:05:17
xxxgsuauyr3			捺	năk	1784	1	18	xmnaz3aswp4		2025-05-16 17:05:17	2025-05-16 17:05:17
xrqq8w7t8a9	xdpj9efpzta	捻	捻	niék	1784	1	19	xmnaz3aswp4		2025-05-16 17:05:17	2025-05-16 17:05:17
xkqsw8b97jj	xdpj9efpzta	捻	捻	niĕng	1784	1	19	xmnaz3aswp4		2025-05-16 17:05:17	2025-05-16 17:05:17
xpnyyz4zmuu	xgkqjv3dycr	捼	捼	nuòi	1784	1	20	xmnaz3aswp4		2025-05-16 17:05:17	2025-05-16 17:05:17
x9d96xrt8nu			掊	pâiu	1784	1	22	xmnaz3aswp4		2025-05-16 17:05:17	2025-05-16 17:05:17
xuxnzmjhthy			掊	pēu	1784	1	22	xmnaz3aswp4		2025-05-16 17:05:17	2025-05-16 17:05:17
xvy4vfm354b			捧	pūng	1784	1	23	xmnaz3aswp4		2025-05-16 17:05:17	2025-05-16 17:05:17
xzmqj5ggtbj			捧	pùng	1784	1	23	xmnaz3aswp4		2025-05-16 17:05:17	2025-05-16 17:05:17
xr6wr9y594s	xukmdwggt8m	授	授	sêu	1784	2	1	xmnaz3aswp4		2025-05-16 17:05:17	2025-05-16 17:05:17
xgna6qfrp34	xd74zrmefmg	捨	捨	siā	1784	2	2	xmnaz3aswp4		2025-05-16 17:05:17	2025-05-16 17:05:17
xpks4tebq3k			掃	suā	1784	2	3	xmnaz3aswp4		2025-05-16 17:05:17	2025-05-16 17:05:17
xwzppaxu4q6			掃	sáu	1784	2	3	xmnaz3aswp4		2025-05-16 17:05:17	2025-05-16 17:05:17
x7fx8c5b2tz			探	tăng	1784	2	4	xmnaz3aswp4		2025-05-16 17:05:17	2025-05-16 17:05:17
x9b95qfsjxf	xfv6ptafuyu	捵	捵	tiāng	1784	2	5	xmnaz3aswp4		2025-05-16 17:05:17	2025-05-16 17:05:17
x92uju8tzes			捶	tùi	1784	2	6	xmnaz3aswp4		2025-05-16 17:05:17	2025-05-16 17:05:17
xpp9aqn4buu			捬	ū	1784	2	7	xmnaz3aswp4		2025-05-16 17:05:17	2025-05-16 17:05:17
x3wyjt6xw28			捥	uāng	1784	2	8	xmnaz3aswp4		2025-05-16 17:05:17	2025-05-16 17:05:17
xgkf5w26a2t	xh7p6xvmrse	揞	揞	āng	1784	2	9	xmnaz3aswp4		2025-05-16 17:05:17	2025-05-16 17:05:17
xgkbuzhvwtz			揸	că	1784	2	10	xmnaz3aswp4		2025-05-16 17:05:17	2025-05-16 17:05:17
xrtvt5na5t2	xmapu9hwp5j	插	插	chák	1784	2	11	xmnaz3aswp4		2025-05-16 17:05:17	2025-05-16 17:05:17
xpdhn7nm3j3	x7e372up72q	揪	揪	chĭu	1784	2	12	xmnaz3aswp4		2025-05-16 17:05:17	2025-05-16 17:05:17
xuvkukxf9hs	x7e372up72q	揪	揪	chìu	1784	2	12	xmnaz3aswp4		2025-05-16 17:05:17	2025-05-16 17:05:17
xwun7x7u33p	xyaa8nfrb49	揣	揣	chōi	1784	2	13	xmnaz3aswp4		2025-05-16 17:05:17	2025-05-16 17:05:17
xgxxchkzsu6	xhxcfa9zmrs	揲	揲	diĕk	1784	2	14	xmnaz3aswp4		2025-05-16 17:05:17	2025-05-16 17:05:17
xcg8cqccqgd	xhxcfa9zmrs	揲	揲	siék	1784	2	14	xmnaz3aswp4		2025-05-16 17:05:17	2025-05-16 17:05:17
xhaav259rdy			揖	ék	1784	2	15	xmnaz3aswp4		2025-05-16 17:05:17	2025-05-16 17:05:17
xu5t4j2ppxc			揖	ák	1784	2	15	xmnaz3aswp4		2025-05-16 17:05:17	2025-05-16 17:05:17
x9fehh6uj7d	xx8hzscrmdd	揀	揀	gēng	1784	2	16	xmnaz3aswp4		2025-05-16 17:05:17	2025-05-16 17:05:17
xj35uer895z			揭	giék	1784	2	17	xmnaz3aswp4		2025-05-16 17:05:17	2025-05-16 17:05:17
x5ywfwb2uqw			揵	giăk	1784	2	18	xmnaz3aswp4		2025-05-16 17:05:17	2025-05-16 17:05:17
xgundnd8e6c			揵	gièng	1784	2	18	xmnaz3aswp4		2025-05-16 17:05:17	2025-05-16 17:05:17
x439zefnt86	xgvg8c2nrne	揮	揮	hŭi	1784	2	19	xmnaz3aswp4		2025-05-16 17:05:17	2025-05-16 17:05:17
xsn7ksg2d5e	xgvg8c2nrne	揮	揮	hùng	1784	2	19	xmnaz3aswp4		2025-05-16 17:05:17	2025-05-16 17:05:17
xun3wyycmfb	xmueumsjah6	揶	揶	ià	1784	2	20	xmnaz3aswp4		2025-05-16 17:05:17	2025-05-16 17:05:17
x4agstkwce5	x8cqxjtgbv9	揚	揚	iòng	1784	2	21	xmnaz3aswp4		2025-05-16 17:05:17	2025-05-16 17:05:17
xhk4k35gvqz			揉	ìu	1784	2	22	xmnaz3aswp4		2025-05-16 17:05:17	2025-05-16 17:05:17
xxcdw47ctms	xp44ah6jav9	揩	揩	kăi	1784	3	1	xmnaz3aswp4		2025-05-16 17:05:17	2025-05-16 17:05:17
x7qdwek444v	xksewnyfhfw	揆	揆	kūi	1784	3	2	xmnaz3aswp4		2025-05-16 17:05:17	2025-05-16 17:05:17
x39m55xzf8e			揦	lăk	1784	3	3	xmnaz3aswp4		2025-05-16 17:05:17	2025-05-16 17:05:17
xh88qthstsx	xsna92hsspv	描	描	mièu	1784	3	4	xmnaz3aswp4		2025-05-16 17:05:17	2025-05-16 17:05:17
x6fjfbz5bxt	xxk39f4gm9f	揇	揇	nāng	1784	3	5	xmnaz3aswp4		2025-05-16 17:05:17	2025-05-16 17:05:17
xqqufc4vj63	x2hr88r9s8a	掾	掾	ngiéng	1784	3	6	xmnaz3aswp4		2025-05-16 17:05:17	2025-05-16 17:05:17
xk2k5ycdvjs			揾	óng	1784	3	7	xmnaz3aswp4		2025-05-16 17:05:17	2025-05-16 17:05:17
xa5g5smnk6n			握	ók	1784	3	8	xmnaz3aswp4		2025-05-16 17:05:17	2025-05-16 17:05:17
xzsu49hts57			掽	pâung	1784	3	9	xmnaz3aswp4		2025-05-16 17:05:17	2025-05-16 17:05:17
xajxga2vat6			𢯱	sĕu	1784	3	10	xmnaz3aswp4		2025-05-16 17:05:17	2025-05-16 17:05:17
xejzsr4hj7y			揳	siék	1784	3	11	xmnaz3aswp4		2025-05-16 17:05:17	2025-05-16 17:05:17
xnj3v8smn5s	xv68ervcvjv	揗	揗	sùng	1784	3	12	xmnaz3aswp4		2025-05-16 17:05:17	2025-05-16 17:05:17
xus7jgafwcz			揥	tá̤	1784	3	13	xmnaz3aswp4		2025-05-16 17:05:17	2025-05-16 17:05:17
xsm8rzb7tww			提	tì	1784	3	14	xmnaz3aswp4		2025-05-16 17:05:17	2025-05-16 17:05:17
xm2cxxx5m97	xs8p8mxgjqe	揄	揄	ṳ̀	1784	3	15	xmnaz3aswp4		2025-05-16 17:05:17	2025-05-16 17:05:17
x7s8gwzvcdj	xzhfn8mvam9	換	換	uâng	1784	3	16	xmnaz3aswp4		2025-05-16 17:05:17	2025-05-16 17:05:17
xxaawzekqwz			换	uâng	1784	3	16	xmnaz3aswp4		2025-05-16 17:05:17	2025-05-16 17:05:17
xax347fj36n	x6bued5knb7	援	援	uông	1784	3	17	xmnaz3aswp4		2025-05-16 17:05:17	2025-05-16 17:05:17
x86cx5uvvr9	x6bued5knb7	援	援	uòng	1784	3	17	xmnaz3aswp4		2025-05-16 17:05:17	2025-05-16 17:05:17
xhzxd8kygbz	xm5hj6mn4sb	搏	搏	báuk	1784	3	18	xmnaz3aswp4		2025-05-16 17:05:17	2025-05-16 17:05:17
xk656pfvf82	xgcama64raj	搒	搒	bōng	1784	3	19	xmnaz3aswp4		2025-05-16 17:05:17	2025-05-16 17:05:17
xbpnttbhmbt	xzeb5e8snyy	搬	搬	buăng	1784	3	20	xmnaz3aswp4		2025-05-16 17:05:17	2025-05-16 17:05:17
xt9vpqjmddw	xezsswxy4pb	搢	搢	céng	1784	3	21	xmnaz3aswp4		2025-05-16 17:05:17	2025-05-16 17:05:17
x8m9ajcchxv			搊	chĕu	1784	3	22	xmnaz3aswp4		2025-05-16 17:05:17	2025-05-16 17:05:17
xnkhurfsgqb			搊	chău	1784	3	22	xmnaz3aswp4		2025-05-16 17:05:17	2025-05-16 17:05:17
xra8w46pwtm	xgcfrpvmtpq	搶	搶	chiōng	1785	1	1	xmnaz3aswp4		2025-05-16 17:05:17	2025-05-16 17:05:17
xqntyjbdnk4	xgcfrpvmtpq	搶	搶	chōng	1785	1	1	xmnaz3aswp4		2025-05-16 17:05:17	2025-05-16 17:05:17
xy96xw6kwvc	xempwejmyqf	搓	搓	chŏ̤	1785	1	2	xmnaz3aswp4		2025-05-16 17:05:17	2025-05-16 17:05:17
xtnbz99dht4	xvxaujcktes	搭	搭	dák	1785	1	3	xmnaz3aswp4		2025-05-16 17:05:17	2025-05-16 17:05:17
xc3vvmbccwv	xwt5kpxp8y5	搗	搗	dō̤	1785	1	4	xmnaz3aswp4		2025-05-16 17:05:17	2025-05-16 17:05:17
x94phx5qce7	xdwh5ucwgqx	搪	搪	dòng	1785	1	5	xmnaz3aswp4		2025-05-16 17:05:17	2025-05-16 17:05:17
x7s2qbvyfs8	xeymv3bgp24	搆	搆	gáiu	1785	1	6	xmnaz3aswp4		2025-05-16 17:05:17	2025-05-16 17:05:17
xdnzkux5u24	xjpfhyjpfxd	搐	搐	hé̤ṳk	1785	1	7	xmnaz3aswp4		2025-05-16 17:05:17	2025-05-16 17:05:17
xcqnykgbdcb			携	hiè	1785	1	8	xmnaz3aswp4		2025-05-16 17:05:17	2025-05-16 17:05:17
x4ak4mwzrqc	xs9wkhyyszd	搖	搖	ièu	1785	1	9	xmnaz3aswp4		2025-05-16 17:05:17	2025-05-16 17:05:17
xqh4cz75eg6			㩁	káuk	1785	1	10	xmnaz3aswp4		2025-05-16 17:05:17	2025-05-16 17:05:17
x36jvbcnnmj			搴	kiĕng	1785	1	11	xmnaz3aswp4		2025-05-16 17:05:17	2025-05-16 17:05:17
x4g2h8b63ta	xphf6x85wbm	搕	搕	kŏk	1785	1	12	xmnaz3aswp4		2025-05-16 17:05:17	2025-05-16 17:05:17
xdbzf8fg7pc	xphf6x85wbm	搕	搕	káuk	1785	1	12	xmnaz3aswp4		2025-05-16 17:05:17	2025-05-16 17:05:17
xk8ud4xdkfe	xjcpw5sd989	搣	搣	miĕk	1785	1	13	xmnaz3aswp4		2025-05-16 17:05:17	2025-05-16 17:05:17
xvszb5z924s			搦	nĭk	1785	1	14	xmnaz3aswp4		2025-05-16 17:05:17	2025-05-16 17:05:17
xcbwppcast4	xqzkxkkvxyr	搵	搵	óng	1785	1	15	xmnaz3aswp4		2025-05-16 17:05:17	2025-05-16 17:05:17
xxb7pdfs78m	xsw9tf6a3tj	挨	捱	ă̤	1784	1	21	xmnaz3aswp4		2025-10-22 01:45:20	2025-05-16 17:05:17
xrbwffu4e3p	xmd464ku6n7	挨	捱	ngăi	1784	1	21	xmnaz3aswp4		2025-10-26 12:38:09	2025-05-16 17:05:17
xn3gzwvwpne	xgtjzuud46u	搠	搠	sáuk	1785	1	16	xmnaz3aswp4		2025-05-16 17:05:17	2025-05-16 17:05:17
xm2zh559bzg			㨞	sáuk	1785	1	17	xmnaz3aswp4		2025-05-16 17:05:17	2025-05-16 17:05:17
x4y2dt434ra	xatjcm73wp4	搜	搜	sĕu	1785	1	18	xmnaz3aswp4		2025-05-16 17:05:17	2025-05-16 17:05:17
xxrnu8xbm3m	xrjq6vm8h99	搧	搧	siéng	1785	1	19	xmnaz3aswp4		2025-05-16 17:05:17	2025-05-16 17:05:17
xrjzt2reevp	xk6vc4cvdkd	搔	搔	sŏ̤	1785	1	20	xmnaz3aswp4		2025-05-16 17:05:17	2025-05-16 17:05:17
xzszkvrsdy3			搎	sŏng	1785	1	21	xmnaz3aswp4		2025-05-16 17:05:17	2025-05-16 17:05:17
xnnzp7s5h4y	xryyz72rwrk	損	損	sōng	1785	1	22	xmnaz3aswp4		2025-05-16 17:05:17	2025-05-16 17:05:17
xk4qtfyk9xx	xrhchg7yw9a	搨	搨	ták	1785	1	23	xmnaz3aswp4		2025-05-16 17:05:17	2025-05-16 17:05:17
xmpcyf7mpmb			搥	tùi	1785	2	1	xmnaz3aswp4		2025-05-16 17:05:17	2025-05-16 17:05:17
xbsqf59wpsr			搲	uă	1785	2	2	xmnaz3aswp4		2025-05-16 17:05:17	2025-05-16 17:05:17
xaetdxhbxmu			摒	béng	1785	2	3	xmnaz3aswp4		2025-05-16 17:05:17	2025-05-16 17:05:17
xm2vfz7hfvq			𢳛	că	1785	2	4	xmnaz3aswp4		2025-05-16 17:05:17	2025-05-16 17:05:17
xhajprzaeps			𢳛	cuă	1785	2	4	xmnaz3aswp4		2025-05-16 17:05:17	2025-05-16 17:05:17
x4ysgk6rxzw			摘	cáik	1785	2	5	xmnaz3aswp4		2025-05-16 17:05:17	2025-05-16 17:05:17
xrd5a5wb5f9			摘	diáh	1785	2	5	xmnaz3aswp4		2025-05-16 17:05:17	2025-05-16 17:05:17
xhqy84usgpr	xwwmmqsuy6q	摯	摯	cé	1785	2	6	xmnaz3aswp4		2025-05-16 17:05:17	2025-05-16 17:05:17
xh3fx9rd9qh			摺	ciék	1785	2	8	xmnaz3aswp4		2025-05-16 17:05:17	2025-05-16 17:05:17
x5tj8mk3ak4			摠	cūng	1785	2	9	xmnaz3aswp4		2025-05-16 17:05:17	2025-05-16 17:05:17
xmrfqp5j9bj	xrj3ra5hymf	摏	摏	cṳ̆ng	1785	2	10	xmnaz3aswp4		2025-05-16 17:05:17	2025-05-16 17:05:17
xe87ty8ngsg			摻	chăng	1785	2	11	xmnaz3aswp4		2025-05-16 17:05:17	2025-05-16 17:05:17
x8hdh7azwe4			摻	chiĕng	1785	2	11	xmnaz3aswp4		2025-05-16 17:05:17	2025-05-16 17:05:17
xwgbu8kbvz6			摧	chói	1785	2	12	xmnaz3aswp4		2025-05-16 17:05:17	2025-05-16 17:05:17
x42wvru6vh9			㨮	dău	1785	2	13	xmnaz3aswp4		2025-05-16 17:05:17	2025-05-16 17:05:17
xzbq8xha9dh			㨮	dĕu	1785	2	13	xmnaz3aswp4		2025-05-16 17:05:17	2025-05-16 17:05:17
x6h6dvxaab2	xxnqx8ztgm2	㨳	㨳	giék	1785	2	14	xmnaz3aswp4		2025-05-16 17:05:17	2025-05-16 17:05:17
x3rne2jgr7d	xkn3unuku3s	摜	摜	guáng	1785	2	15	xmnaz3aswp4		2025-05-16 17:05:17	2025-05-16 17:05:17
xfdft48vzs7	xfk9fdtnjxt	摑	摑	guók	1785	2	16	xmnaz3aswp4		2025-05-16 17:05:17	2025-05-16 17:05:17
xg9d3m8dj3r			摳	kĕu	1785	2	17	xmnaz3aswp4		2025-05-16 17:05:17	2025-05-16 17:05:17
xbwfxd6qygk	xnc7k8nqsev	摟	摟	lèu	1785	2	18	xmnaz3aswp4		2025-05-16 17:05:17	2025-05-16 17:05:17
xrtfpeztrf5			摙	liēng	1785	2	19	xmnaz3aswp4		2025-05-16 17:05:17	2025-05-16 17:05:17
xc7d3hesvsc			𢲸	lū	1785	2	20	xmnaz3aswp4		2025-05-16 17:05:17	2025-05-16 17:05:17
x2cqr2ube4w	xgumnyqydr2	摝	摝	lṳ̆k	1785	2	21	xmnaz3aswp4		2025-05-16 17:05:17	2025-05-16 17:05:17
xwzfj9ajcmh			摩	mò̤	1785	2	22	xmnaz3aswp4		2025-05-16 17:05:17	2025-05-16 17:05:17
xnb9kuqwykd	xftx69fc6qy	摹	摹	muò	1785	2	23	xmnaz3aswp4		2025-05-16 17:05:17	2025-05-16 17:05:17
x9a7jg3j6cq			摸	muò	1785	3	1	xmnaz3aswp4		2025-05-16 17:05:17	2025-05-16 17:05:17
x6d34dbh7zw			摸	muŏ	1785	3	1	xmnaz3aswp4		2025-05-16 17:05:17	2025-05-16 17:05:17
xvtw6jg93f9			𢴕	nìng	1785	3	2	xmnaz3aswp4		2025-05-16 17:05:17	2025-05-16 17:05:17
x2gv8tthcas	xwbuh879kmw	摮	摮	ngò̤	1785	3	3	xmnaz3aswp4		2025-05-16 17:05:17	2025-05-16 17:05:17
x6etd2fnth7	xsm3vbyzu7b	摽	摽	piēu	1785	3	4	xmnaz3aswp4		2025-05-16 17:05:17	2025-05-16 17:05:17
xnu5rk3fa7k			摔	sáe̤k	1785	3	5	xmnaz3aswp4		2025-05-16 17:05:17	2025-05-16 17:05:17
xuqzkthh54j	xxkkf6pjcub	摋	摋	sák	1785	3	6	xmnaz3aswp4		2025-05-16 17:05:17	2025-05-16 17:05:17
x5rx4prgh76	xw4snbwrpcc	摶	摶	tuàng	1785	3	7	xmnaz3aswp4		2025-05-16 17:05:17	2025-05-16 17:05:17
xvujx46x422			播	bó̤	1785	3	8	xmnaz3aswp4		2025-05-16 17:05:17	2025-05-16 17:05:17
x2mtm9sh8bk			播	buó	1785	3	8	xmnaz3aswp4		2025-05-16 17:05:17	2025-05-16 17:05:17
x3sygq2vzu7	x9z7ynhsjyq	撥	撥	buák	1785	3	9	xmnaz3aswp4		2025-05-16 17:05:17	2025-05-16 17:05:17
xzxe8dpzzk8			撙	cōng	1785	3	10	xmnaz3aswp4		2025-05-16 17:05:17	2025-05-16 17:05:17
xzwzrz8anng	x8mn8t9y5f9	撰	撰	cuâng	1785	3	11	xmnaz3aswp4		2025-05-16 17:05:17	2025-05-16 17:05:17
xqjsw9nzbej	x8mn8t9y5f9	撰	撰	sōng	1785	3	11	xmnaz3aswp4		2025-05-16 17:05:17	2025-05-16 17:05:17
x4jt8xnhwna			撮	cháuk	1785	3	12	xmnaz3aswp4		2025-05-16 17:05:18	2025-05-16 17:05:18
x897zb2mjpu			撐	chĕng	1785	3	13	xmnaz3aswp4		2025-05-16 17:05:18	2025-05-16 17:05:18
xc2zmyb47ak			撐	tăng	1785	3	13	xmnaz3aswp4		2025-05-16 17:05:18	2025-05-16 17:05:18
x2cdekk73ru			撐	táng	1785	3	13	xmnaz3aswp4		2025-05-16 17:05:18	2025-05-16 17:05:18
xdzdzyxhwx7			撦	chiē	1785	3	14	xmnaz3aswp4		2025-05-16 17:05:18	2025-05-16 17:05:18
xsnhqjx55bv	xvxaujcktes	搭	搭	dák	1785	3	15	xmnaz3aswp4		2025-05-16 17:05:18	2025-05-16 17:05:18
xvw68b9q46b	xwzgbf82gd8	撞	撞	dùng	1785	3	16	xmnaz3aswp4		2025-05-16 17:05:18	2025-05-16 17:05:18
xwreypy3xtn	xwzgbf82gd8	撞	撞	dâung	1785	3	16	xmnaz3aswp4		2025-05-16 17:05:18	2025-05-16 17:05:18
x8ctm7zv2nh	xwzgbf82gd8	撞	撞	kâung	1785	3	16	xmnaz3aswp4		2025-05-16 17:05:18	2025-05-16 17:05:18
x9pz5tbmwkc			撎	ék	1785	3	17	xmnaz3aswp4		2025-05-16 17:05:18	2025-05-16 17:05:18
xxrnfhccmch	x9ppxsadmub	撟	撟	giēu	1785	3	18	xmnaz3aswp4		2025-05-16 17:05:18	2025-05-16 17:05:18
xxbn8d72te5	x9ppxsadmub	撟	撟	giêu	1785	3	18	xmnaz3aswp4		2025-05-16 17:05:18	2025-05-16 17:05:18
x33yajjw39u	xap9vhwg2pu	撝	撝	hŭi	1785	3	19	xmnaz3aswp4		2025-05-16 17:05:18	2025-05-16 17:05:18
xtr5jaukxfc			擾	iēu	1785	3	20	xmnaz3aswp4		2025-05-16 17:05:18	2025-05-16 17:05:18
xdxa9mw5a8q			撬	kiĕu	1785	3	21	xmnaz3aswp4		2025-05-16 17:05:18	2025-05-16 17:05:18
xgzq2dymg6n			撬	chiĕu	1785	3	21	xmnaz3aswp4		2025-05-16 17:05:18	2025-05-16 17:05:18
xag76znaems			㩅	léu	1785	3	22	xmnaz3aswp4		2025-05-16 17:05:18	2025-05-16 17:05:18
xh5reamac4x			撩	lièu	1786	1	1	xmnaz3aswp4		2025-05-16 17:05:18	2025-05-16 17:05:18
xvx2pw4dhs4			撩	liêu	1786	1	1	xmnaz3aswp4		2025-05-16 17:05:18	2025-05-16 17:05:18
xt2gnhgx2s7			撈	lô̤	1786	1	2	xmnaz3aswp4		2025-05-16 17:05:18	2025-05-16 17:05:18
xsgc954qrck			撓	nău	1786	1	3	xmnaz3aswp4		2025-05-16 17:05:18	2025-05-16 17:05:18
x456vq4bsbv			撓	nàu	1786	1	3	xmnaz3aswp4		2025-05-16 17:05:18	2025-05-16 17:05:18
x8juc6dt59p			撓	nâu	1786	1	3	xmnaz3aswp4		2025-05-16 17:05:18	2025-05-16 17:05:18
x8fvph9p8rb			撚	niēng	1786	1	4	xmnaz3aswp4		2025-05-16 17:05:18	2025-05-16 17:05:18
x58h4ry8r6g	xrxbgsdwrk7	撋	撋	nuòi	1786	1	5	xmnaz3aswp4		2025-05-16 17:05:18	2025-05-16 17:05:18
xapvx63n4bc			撲	páuk	1786	1	6	xmnaz3aswp4		2025-05-16 17:05:18	2025-05-16 17:05:18
xwp2jntj58s			撆	piék	1786	1	7	xmnaz3aswp4		2025-05-16 17:05:18	2025-05-16 17:05:18
xqywbf7enrr			撇	piék	1786	1	7	xmnaz3aswp4		2025-05-16 17:05:18	2025-05-16 17:05:18
x72vup32skb	x9kag4udyj5	撒	撒	sák	1786	1	8	xmnaz3aswp4		2025-05-16 17:05:18	2025-05-16 17:05:18
x5v2f9r9vpg			撕	sṳ̆	1786	1	9	xmnaz3aswp4		2025-05-16 17:05:18	2025-05-16 17:05:18
xz5ywun7ux7	x4tbwbqu2wy	撤	撤	tiék	1786	1	10	xmnaz3aswp4		2025-05-16 17:05:18	2025-05-16 17:05:18
xqxcsq5psv7	x54ec39ee3u	撫	撫	ū	1786	1	11	xmnaz3aswp4		2025-05-16 17:05:18	2025-05-16 17:05:18
xdbc22ghnan			𢶍	căk	1786	1	12	xmnaz3aswp4		2025-05-16 17:05:18	2025-05-16 17:05:18
x4qj979n57p			操	chŏ̤	1786	1	13	xmnaz3aswp4		2025-05-16 17:05:18	2025-05-16 17:05:18
x9xe4z5edvv			操	chó̤	1786	1	13	xmnaz3aswp4		2025-05-16 17:05:18	2025-05-16 17:05:18
x73petvy329			操	chău	1786	1	13	xmnaz3aswp4		2025-05-16 17:05:18	2025-05-16 17:05:18
x4kjkwy3t42	xevhr2rxk9q	擉	擉	chŏk	1786	1	14	xmnaz3aswp4		2025-05-16 17:05:18	2025-05-16 17:05:18
xmqxzburqmq			擔	dăng	1786	1	15	xmnaz3aswp4		2025-05-16 17:05:18	2025-05-16 17:05:18
x8m73mqhvak			擔	dáng	1786	1	15	xmnaz3aswp4		2025-05-16 17:05:18	2025-05-16 17:05:18
xdvtv5amh7e			擔	siêng	1786	1	15	xmnaz3aswp4		2025-05-16 17:05:18	2025-05-16 17:05:18
x9vdq2zuu3c	xy2n3az4ffa	擋	擋	dâung	1786	1	16	xmnaz3aswp4		2025-05-16 17:05:18	2025-05-16 17:05:18
xsvz5mv3bk2			擇	dĕk	1786	1	17	xmnaz3aswp4		2025-05-16 17:05:18	2025-05-16 17:05:18
xtdxgq4fcnd			擇	dăh	1786	1	17	xmnaz3aswp4		2025-05-16 17:05:18	2025-05-16 17:05:18
x6bep7jgdtq	xfyhy4d2sxm	擁	擁	é̤ṳng	1786	1	18	xmnaz3aswp4		2025-05-16 17:05:18	2025-05-16 17:05:18
xrevpj6eawf	x3qyqbbr55z	擊	擊	gék	1786	1	19	xmnaz3aswp4		2025-05-16 17:05:18	2025-05-16 17:05:18
x86xubs5kx8	xw4ape4mmx3	據	據	gé̤ṳ	1786	1	20	xmnaz3aswp4		2025-05-16 17:05:18	2025-05-16 17:05:18
x654kp7ma5c	x5f7aqndneg	撿	撿	giēng	1786	1	21	xmnaz3aswp4		2025-05-16 17:05:18	2025-05-16 17:05:18
xzhhf4zs33r	x2s9cqu3s6e	擎	擎	gĭng	1786	1	22	xmnaz3aswp4		2025-05-16 17:05:18	2025-05-16 17:05:18
xmkz74fbpdw	xtpca8kac4e	撼	撼	hāng	1786	2	1	xmnaz3aswp4		2025-05-16 17:05:18	2025-05-16 17:05:18
xk83y26dwwx	xfs9uurfj6u	擒	擒	kièng	1786	2	2	xmnaz3aswp4		2025-05-16 17:05:18	2025-05-16 17:05:18
xmfrqgqrwfg	xsdbbyqcr8c	撾	撾	kuŏ	1786	2	3	xmnaz3aswp4		2025-05-16 17:05:18	2025-05-16 17:05:18
xdcjhxdr8xw			擄	luō	1786	2	4	xmnaz3aswp4	原書有誤，已更正	2025-05-16 17:05:18	2025-05-16 17:05:18
xquy5jg3tp6			擄	lū	1786	2	4	xmnaz3aswp4		2025-05-16 17:05:18	2025-05-16 17:05:18
xbp4tfe2suz			擂	lòi	1786	2	5	xmnaz3aswp4		2025-05-16 17:05:18	2025-05-16 17:05:18
xxx9zm5njvr			擂	lô̤i	1786	2	5	xmnaz3aswp4		2025-05-16 17:05:18	2025-05-16 17:05:18
xr898met3sm			擗	pék	1786	2	6	xmnaz3aswp4		2025-05-16 17:05:18	2025-05-16 17:05:18
xwnuufcrwht			擘	pék	1786	2	7	xmnaz3aswp4		2025-05-16 17:05:18	2025-05-16 17:05:18
xtmtf8nrhmd			擘	báh	1786	2	7	xmnaz3aswp4		2025-05-16 17:05:18	2025-05-16 17:05:18
xe7u4umqmgp	xwpyzvq2f38	擅	擅	siêng	1786	2	8	xmnaz3aswp4		2025-05-16 17:05:18	2025-05-16 17:05:18
xp8znj7wjkz	xknr3n77hxd	撻	撻	ták	1786	2	9	xmnaz3aswp4		2025-05-16 17:05:18	2025-05-16 17:05:18
xrrhp335rqn	x74znu7enxs	擯	擯	béng	1786	2	10	xmnaz3aswp4		2025-05-16 17:05:18	2025-05-16 17:05:18
xqtnztqtg3h	xv3xww7tkuf	擠	擠	cā̤	1786	2	11	xmnaz3aswp4		2025-05-16 17:05:18	2025-05-16 17:05:18
xp84h96h6sc	xmbgyjxnwb2	擢	擢	cŏk	1786	2	12	xmnaz3aswp4		2025-05-16 17:05:18	2025-05-16 17:05:18
xezphcqwdh3	xmbgyjxnwb2	擢	擢	cĕk	1786	2	12	xmnaz3aswp4		2025-05-16 17:05:18	2025-05-16 17:05:18
xw3ucb6waed	x8jtvmf52qp	擦	擦	chák	1786	2	13	xmnaz3aswp4		2025-05-16 17:05:18	2025-05-16 17:05:18
xtpmrpdajep	x8jtvmf52qp	擦	擦	cháe̤	1786	2	13	xmnaz3aswp4		2025-05-16 17:05:18	2025-05-16 17:05:18
x3gs5hdfvdu			擣	dō̤	1786	2	14	xmnaz3aswp4		2025-05-16 17:05:18	2025-05-16 17:05:18
xjxuy4t62kx	xysdu23pwkk	擱	擱	gó̤h	1786	2	15	xmnaz3aswp4		2025-05-16 17:05:18	2025-05-16 17:05:18
xthgm58h5jj	xhw67yadna5	擭	擭	huŏk	1786	2	16	xmnaz3aswp4		2025-05-16 17:05:18	2025-05-16 17:05:18
xmdndadj7x3	xhw67yadna5	擭	擭	hô	1786	2	16	xmnaz3aswp4		2025-05-16 17:05:18	2025-05-16 17:05:18
xczjrufj9d4	xhw67yadna5	擭	擭	uâ	1786	2	16	xmnaz3aswp4		2025-05-16 17:05:18	2025-05-16 17:05:18
xwa2a468ckr			擥	lāng	1786	2	17	xmnaz3aswp4		2025-05-16 17:05:18	2025-05-16 17:05:18
xdzvud72tac	xncgabh8ycu	擬	擬	ngī	1786	2	18	xmnaz3aswp4		2025-05-16 17:05:18	2025-05-16 17:05:18
xt85wcybqzf	xyvvrsb6qj6	抬	擡	tăi	1786	2	19	xmnaz3aswp4		2025-05-16 17:05:18	2025-05-16 17:05:18
xnrf2kezder			擺	bāi	1786	2	20	xmnaz3aswp4		2025-05-16 17:05:18	2025-05-16 17:05:18
xnzj2cjtz5q	xts5x98tahe	擿	擿	dék	1786	2	21	xmnaz3aswp4		2025-05-16 17:05:18	2025-05-16 17:05:18
x6yjf23m9je			擲	dĭk	1786	2	22	xmnaz3aswp4		2025-05-16 17:05:18	2025-05-16 17:05:18
xx7yt3wwt8q			擲	cŏ̤h	1786	2	22	xmnaz3aswp4		2025-05-16 17:05:18	2025-05-16 17:05:18
xj8qt96ssu2	x8f55epmjr2	擷	擷	giék	1786	2	23	xmnaz3aswp4		2025-05-16 17:05:18	2025-05-16 17:05:18
xvcwsbdf2m7	xynxtfbvpqg	擴	擴	guóh	1786	3	1	xmnaz3aswp4		2025-05-16 17:05:18	2025-05-16 17:05:18
xchkzrnzctm			擾	iēu	1786	3	2	xmnaz3aswp4		2025-05-16 17:05:18	2025-05-16 17:05:18
xbtvsvfpd6g			擸	lăk	1786	3	3	xmnaz3aswp4		2025-05-16 17:05:18	2025-05-16 17:05:18
xdwxsuxehc4			攂	lôi	1786	3	4	xmnaz3aswp4		2025-05-16 17:05:18	2025-05-16 17:05:18
xh57fttz5je			㩢	miĕk	1786	3	5	xmnaz3aswp4		2025-05-16 17:05:18	2025-05-16 17:05:18
xba5y89x4wn			㩢	miăk	1786	3	5	xmnaz3aswp4		2025-05-16 17:05:18	2025-05-16 17:05:18
x2n76uzfgdc	xjqprsc635u	攀	攀	păng	1786	3	6	xmnaz3aswp4		2025-05-16 17:05:18	2025-05-16 17:05:18
x6ck6w3yq59			攏	lūng	1786	3	7	xmnaz3aswp4		2025-05-16 17:05:18	2025-05-16 17:05:18
xe3j2prg9dz			攏	lē̤ng	1786	3	7	xmnaz3aswp4		2025-05-16 17:05:18	2025-05-16 17:05:18
x2d8dkgyen9	x4acuvu8qhq	攙	攙	càng	1786	3	8	xmnaz3aswp4		2025-05-16 17:05:18	2025-05-16 17:05:18
xt9eqcdz28g	x9zucqvzeh9	攖	攖	ĭng	1786	3	9	xmnaz3aswp4		2025-05-16 17:05:18	2025-05-16 17:05:18
x5myg5dr8r9	xekv5qjx5r3	攘	攘	iŏng	1786	3	10	xmnaz3aswp4		2025-05-16 17:05:18	2025-05-16 17:05:18
xk7ntfejzu8	xekv5qjx5r3	攘	攘	iông	1786	3	10	xmnaz3aswp4		2025-05-16 17:05:18	2025-05-16 17:05:18
x56v62p5d62	xja7hxzrgzt	攔	攔	làng	1786	3	11	xmnaz3aswp4		2025-05-16 17:05:18	2025-05-16 17:05:18
xtw2jewjgvg	xv4jmz7uq76	攛	攛	chuáng	1786	3	12	xmnaz3aswp4		2025-05-16 17:05:18	2025-05-16 17:05:18
x84q8c2d325			㩗	hiè	1786	3	13	xmnaz3aswp4		2025-05-16 17:05:18	2025-05-16 17:05:18
xn5a82fh6a2			攝	niék	1786	3	14	xmnaz3aswp4		2025-05-16 17:05:18	2025-05-16 17:05:18
x7trjtfay9s			㩳	sūng	1786	3	15	xmnaz3aswp4		2025-05-16 17:05:18	2025-05-16 17:05:18
xzjtpunx6nb	xv4yc332jva	攢	攢	cuăng	1786	3	16	xmnaz3aswp4		2025-05-16 17:05:18	2025-05-16 17:05:18
xywm3b5f29n			攞	lō̤	1786	3	17	xmnaz3aswp4		2025-05-16 17:05:18	2025-05-16 17:05:18
x69jzthu6hr	x4h73259vx8	攣	攣	luāng	1786	3	18	xmnaz3aswp4		2025-05-16 17:05:18	2025-05-16 17:05:18
x7hex7e4zk5	xdjmns6prnr	攤	攤	tăng	1786	3	19	xmnaz3aswp4		2025-05-16 17:05:18	2025-05-16 17:05:18
x3ur9wxufez			攩	dōng	1786	3	20	xmnaz3aswp4		2025-05-16 17:05:18	2025-05-16 17:05:18
xym8ugfqusv			攪	gièu	1786	3	21	xmnaz3aswp4		2025-05-16 17:05:18	2025-05-16 17:05:18
xdwr94dc2cw	xdap27qwhut	攫	攫	kuók	1786	3	22	xmnaz3aswp4	原書有誤，已更正	2025-05-16 17:05:18	2025-05-16 17:05:18
xvq6j4kxbhm	xx7khpc9xjj	攬	攬	lāng	1786	3	23	xmnaz3aswp4		2025-05-16 17:05:18	2025-05-16 17:05:18
xu2webq53gy			攮	nòng	1787	1	1	xmnaz3aswp4		2025-05-16 17:05:18	2025-05-16 17:05:18
xyfeczav2e4			攮	nōng	1787	1	1	xmnaz3aswp4		2025-05-16 17:05:18	2025-05-16 17:05:18
xgxybv9b7kd			𢺴	ók	1787	1	2	xmnaz3aswp4		2025-05-16 17:05:18	2025-05-16 17:05:18
x5tfxhj3yuk	x3vzu4fqnhf	支	支	ciĕ	1787	1	3	xzvr2v2r3h4		2025-05-16 17:05:18	2025-05-16 17:05:18
xc4awfewykx			攴	páuk	1787	1	4	xqemu74jrpx		2025-05-16 17:05:18	2025-05-16 17:05:18
xfnzuz8aue4			攷	kō̤	1787	1	5	xqemu74jrpx		2025-05-16 17:05:18	2025-05-16 17:05:18
xfdnx4jdv59	xptrfj48bnf	收	收	sĭu	1787	1	6	xqemu74jrpx		2025-05-16 17:05:18	2025-05-16 17:05:18
xygpgtrpscn	xptrfj48bnf	收	收	séu	1787	1	6	xqemu74jrpx		2025-05-16 17:05:18	2025-05-16 17:05:18
xhahtwym5hq			改	gāi	1787	1	7	xqemu74jrpx		2025-05-16 17:05:18	2025-05-16 17:05:18
xrvp7n86z9s	xwxmb9jgbqs	攻	攻	gŭng	1787	1	8	xqemu74jrpx		2025-05-16 17:05:18	2025-05-16 17:05:18
xs9y6adubkp	x8cmcwpsjk6	攸	攸	ìu	1787	1	9	xqemu74jrpx		2025-05-16 17:05:18	2025-05-16 17:05:18
xrxv69fkcn3	xnbu57dygyu	政	政	céng	1787	1	10	xqemu74jrpx		2025-05-16 17:05:18	2025-05-16 17:05:18
xnpydeewxbn			放	huóng	1787	1	11	xqemu74jrpx		2025-05-16 17:05:18	2025-05-16 17:05:18
x7wxh6cua3a			放	bóng	1787	1	11	xqemu74jrpx		2025-05-16 17:05:18	2025-05-16 17:05:18
xcuuyaep9pg			放	huáng	1787	1	11	xqemu74jrpx		2025-05-16 17:05:18	2025-05-16 17:05:18
xnkate2jy4k			𢼌	bău	1787	1	12	xqemu74jrpx		2025-05-16 17:05:18	2025-05-16 17:05:18
xaxkymdwrxx			故	gó	1787	1	13	xqemu74jrpx		2025-05-16 17:05:18	2025-05-16 17:05:18
xdtnsvtmnmk			故	gū	1787	1	13	xqemu74jrpx		2025-05-16 17:05:18	2025-05-16 17:05:18
xayts4bnpa9	xsq4zraahcx	效	效	hâu	1787	1	14	xqemu74jrpx		2025-05-16 17:05:18	2025-05-16 17:05:18
xfm9yr6md8c	x8k6r5kddj3	敗	敗	bâi	1787	1	15	xqemu74jrpx		2025-05-16 17:05:18	2025-05-16 17:05:18
x4643qc8s7a			敎	gáu	1787	1	16	xqemu74jrpx		2025-05-16 17:05:18	2025-05-16 17:05:18
x93szghmb9x			敎	gá	1787	1	16	xqemu74jrpx		2025-05-16 17:05:18	2025-05-16 17:05:18
x9q7fwg2qae			敎	giĕu	1787	1	16	xqemu74jrpx		2025-05-16 17:05:18	2025-05-16 17:05:18
xextjkc5smw	xce3x8s5tf6	救	救	géu	1787	1	17	xqemu74jrpx		2025-05-16 17:05:18	2025-05-16 17:05:18
xsnduqhfqbt	xtwwpr4tgub	敏	敏	mīng	1787	1	18	xqemu74jrpx		2025-05-16 17:05:18	2025-05-16 17:05:18
x26gjn9juhj	x9x9fgr3xh4	敖	敖	ngò̤	1787	1	19	xqemu74jrpx		2025-05-16 17:05:18	2025-05-16 17:05:18
x4sp2qrf4rs	x96b5ed6rgc	敔	敔	ngṳ̄	1787	1	20	xqemu74jrpx		2025-05-16 17:05:18	2025-05-16 17:05:18
x3zg4z38ena	xw4ppd9jxx9	敕	敕	sáiu	1787	2	1	xqemu74jrpx		2025-05-16 17:05:18	2025-05-16 17:05:18
x52kecpvwb6	xw4ppd9jxx9	敕	敕	ték	1787	2	1	xqemu74jrpx		2025-05-16 17:05:18	2025-05-16 17:05:18
xwc5hnze82m			敍	sê̤ṳ	1787	2	2	xqemu74jrpx		2025-05-16 17:05:18	2025-05-16 17:05:18
x8q8ed9yybj			叙	sê̤ṳ	1787	2	2	xqemu74jrpx		2025-05-16 17:05:18	2025-05-16 17:05:18
xz6rbm8zvvx	xyjper8p3fy	敝	敝	bê	1787	2	3	xqemu74jrpx		2025-05-16 17:05:18	2025-05-16 17:05:18
xnzc2d63mkr	xkerkbdscuf	敞	敞	chiōng	1787	2	4	xqemu74jrpx		2025-05-16 17:05:18	2025-05-16 17:05:18
xcbseap7dtn	xeme54jpa79	敦	敦	dŭng	1787	2	5	xqemu74jrpx		2025-05-16 17:05:18	2025-05-16 17:05:18
xwjqvsaq9xe	x7669tymc48	敠	敠	duók	1787	2	6	xqemu74jrpx		2025-05-16 17:05:18	2025-05-16 17:05:18
xzwp8xpu2a9	x5ypqnzyvxt	敢	敢	gāng	1787	2	7	xqemu74jrpx		2025-05-16 17:05:18	2025-05-16 17:05:18
xvfcdv9a2r4			敧	kĭ	1787	2	8	xqemu74jrpx		2025-05-16 17:05:18	2025-05-16 17:05:18
xkxf2xez2yb			散	sáng	1787	2	9	xqemu74jrpx		2025-05-16 17:05:18	2025-05-16 17:05:18
xkhzp4fhm6k	xjzz9wb6sx9	敬	敬	géng	1787	2	10	xqemu74jrpx		2025-05-16 17:05:18	2025-05-16 17:05:18
xkthc2qz2kz			数	só	1787	2	11	xqemu74jrpx		2025-05-16 17:05:18	2025-05-16 17:05:18
xp2s9xubq98			敲	kiĕu	1787	2	12	xqemu74jrpx		2025-05-16 17:05:18	2025-05-16 17:05:18
xhr8gh2n566			敲	ká	1787	2	12	xqemu74jrpx		2025-05-16 17:05:18	2025-05-16 17:05:18
xw2dgyrdf6v	xy4ejwymwg5	𢾩	𢾩	kăk	1787	2	13	xqemu74jrpx		2025-05-16 17:05:18	2025-05-16 17:05:18
xmnhar2karf	xrgf4wg6kb5	敵	敵	dĭk	1787	2	14	xqemu74jrpx		2025-05-16 17:05:18	2025-05-16 17:05:18
x8zm4wfpdxs	x4s7ksdap5r	敷	敷	hŭ	1787	2	15	xqemu74jrpx		2025-05-16 17:05:18	2025-05-16 17:05:18
x9ppqp77w2u			敺	kṳ̆	1787	2	16	xqemu74jrpx		2025-05-16 17:05:18	2025-05-16 17:05:18
xu6uc4qy77w			數	só	1787	2	17	xqemu74jrpx		2025-05-16 17:05:18	2025-05-16 17:05:18
xzhu6kqh2aa			數	sáuk	1787	2	17	xqemu74jrpx		2025-05-16 17:05:18	2025-05-16 17:05:18
x6wfbz6p3gf	xcf4z7df3km	整	整	cīng	1787	2	18	xqemu74jrpx		2025-05-16 17:05:18	2025-05-16 17:05:18
xkc5gr3xvmw	xab37zqax46	斁	斁	ĭk	1787	2	19	xqemu74jrpx		2025-05-16 17:05:18	2025-05-16 17:05:18
xajgup5egy9	xab37zqax46	斁	斁	dó	1787	2	19	xqemu74jrpx		2025-05-16 17:05:18	2025-05-16 17:05:18
x8ctz2ufuvc			斂	liēng	1787	2	20	xqemu74jrpx		2025-05-16 17:05:18	2025-05-16 17:05:18
x2dph5e7htc			斂	liêng	1787	2	20	xqemu74jrpx		2025-05-16 17:05:18	2025-05-16 17:05:18
xbayk7cuu3r	xt43u2vv5v6	斃	斃	bê	1787	2	21	xqemu74jrpx		2025-05-16 17:05:18	2025-05-16 17:05:18
xkysgsm3kug	xw4ru2xxp6y	𣀒	𣀒	ché̤ṳng	1787	2	22	xqemu74jrpx		2025-05-16 17:05:18	2025-05-16 17:05:18
xp4nxnvddga	xwn3uuqkaey	斆	斆	hâu	1787	2	23	xqemu74jrpx		2025-05-16 17:05:18	2025-05-16 17:05:18
xevgfhbz2dp			文	ùng	1787	3	1	xcs2ezdk9z9		2025-05-16 17:05:18	2025-05-16 17:05:18
xfafd7wgzzb			文	muòng	1787	3	1	xcs2ezdk9z9		2025-05-16 17:05:18	2025-05-16 17:05:18
xypzgnpmm5j			文	ông	1787	3	1	xcs2ezdk9z9		2025-05-16 17:05:18	2025-05-16 17:05:18
xuvwstpgjhd			㪯	gṳ̄	1787	3	2	xcs2ezdk9z9		2025-05-16 17:05:18	2025-05-16 17:05:18
x7x68fuqj8z			斋	că̤	1787	3	3	xcs2ezdk9z9		2025-05-16 17:05:18	2025-05-16 17:05:18
xjkgwvgpa99	xtnkk88bwt9	斌	斌	bĭng	1787	3	4	xcs2ezdk9z9		2025-05-16 17:05:18	2025-05-16 17:05:18
xu65g8k65uq			斑	băng	1787	3	5	xcs2ezdk9z9		2025-05-16 17:05:18	2025-05-16 17:05:18
xq5qbdcpftb			斐	pī	1787	3	6	xcs2ezdk9z9		2025-05-16 17:05:18	2025-05-16 17:05:18
xjhmqucsc3p			斒	băng	1787	3	7	xcs2ezdk9z9		2025-05-16 17:05:18	2025-05-16 17:05:18
x5c9qg39t27	x97y69j7z6m	斕	斕	làng	1787	3	8	xcs2ezdk9z9		2025-05-16 17:05:18	2025-05-16 17:05:18
xc5drf2r4gk			斗	dēu	1787	3	9	xhdc6szhrz9		2025-05-16 17:05:18	2025-05-16 17:05:18
x7aur7tngy7			斗	dāu	1787	3	9	xhdc6szhrz9		2025-05-16 17:05:18	2025-05-16 17:05:18
xuct7c9ffxx			斚	gā	1787	3	10	xhdc6szhrz9		2025-05-16 17:05:18	2025-05-16 17:05:18
xsps9ssmxsc			料	lâiu	1787	3	11	xhdc6szhrz9		2025-05-16 17:05:18	2025-05-16 17:05:18
xmtqzqq6ueq			料	liêu	1787	3	11	xhdc6szhrz9		2025-05-16 17:05:18	2025-05-16 17:05:18
x8by9vak8gn			料	lièu	1787	3	11	xhdc6szhrz9		2025-05-16 17:05:18	2025-05-16 17:05:18
x9hvc8qvrqy	x8svmjt6a88	斛	斛	hĕ̤k	1787	3	12	xhdc6szhrz9		2025-05-16 17:05:18	2025-05-16 17:05:18
xe4dbu8hqgr			𣁷	luŏh	1787	3	13	xhdc6szhrz9	原書有誤，已更正	2025-05-16 17:05:18	2025-05-16 17:05:18
xbhz5f927q4			斜	sià	1787	3	14	xhdc6szhrz9		2025-05-16 17:05:18	2025-05-16 17:05:18
xgqhwh5kvkx	xm8h4u8tv7m	斝	斝	gā	1787	3	15	xhdc6szhrz9		2025-05-16 17:05:18	2025-05-16 17:05:18
x86m5a95v5x	x4huycy6zqk	斟	斟	cĭng	1787	3	16	xhdc6szhrz9		2025-05-16 17:05:18	2025-05-16 17:05:18
xu4ghffr32a	xtrjdjnsmda	斠	斠	gáu	1787	3	17	xhdc6szhrz9		2025-05-16 17:05:18	2025-05-16 17:05:18
x4mhakv5fmr	xgsg8azca24	𣂆	𣂆	pŏng	1787	3	19	xhdc6szhrz9		2025-05-16 17:05:18	2025-05-16 17:05:18
xzhx9zaz2ys	x52temetnkg	斤	斤	gṳ̆ng	1788	1	1	xhfb88hhygn		2025-05-16 17:05:18	2025-05-16 17:05:18
xbr66fxwrfg	xyzjcxyvyt3	斥	斥	chék	1788	1	2	xhfb88hhygn		2025-05-16 17:05:18	2025-05-16 17:05:18
xvch29jynu6	xmr5hmqebhe	斨	斨	chiòng	1788	1	3	xhfb88hhygn		2025-05-16 17:05:18	2025-05-16 17:05:18
xctkk3qwdwj			斧	hū	1788	1	4	xhfb88hhygn		2025-05-16 17:05:18	2025-05-16 17:05:18
xe8e26h4dkb			斧	buō	1788	1	4	xhfb88hhygn		2025-05-16 17:05:18	2025-05-16 17:05:18
x5wyryzdch6			斫	chiók	1788	1	5	xhfb88hhygn		2025-05-16 17:05:18	2025-05-16 17:05:18
xewqtdrzj2m	xpqsezz3nmp	斬	斬	cāng	1788	1	6	xhfb88hhygn		2025-05-16 17:05:18	2025-05-16 17:05:18
xrgzfeubt8t	xtt8sgsamr4	斯	斯	sṳ̆	1788	1	7	xhfb88hhygn		2025-05-16 17:05:18	2025-05-16 17:05:18
xx86p6rgewe	xs9tdfybc36	新	新	sĭng	1788	1	8	xhfb88hhygn		2025-05-16 17:05:18	2025-05-16 17:05:18
xznyhbkykcw	xz68ujrzz6w	斲	斲	dáuk	1788	1	9	xhfb88hhygn		2025-05-16 17:05:18	2025-05-16 17:05:18
xepyn9pmxyj			斵	dáuk	1788	1	10	xhfb88hhygn		2025-05-16 17:05:18	2025-05-16 17:05:18
xegn77k8ma8			斷	duáng	1788	1	11	xhfb88hhygn		2025-05-16 17:05:18	2025-05-16 17:05:18
xx2e3ecqjya			斷	duăng	1788	1	11	xhfb88hhygn		2025-05-16 17:05:18	2025-05-16 17:05:18
xh5z6vrhn8j			斷	dōng	1788	1	11	xhfb88hhygn		2025-05-16 17:05:18	2025-05-16 17:05:18
xntaeun9y3e			方	huŏng	1788	1	12	xkaqv9e9tkx		2025-05-16 17:05:18	2025-05-16 17:05:18
xwsvq7jem34	xennz84q8rb	斿	斿	ìu	1788	1	14	xkaqv9e9tkx		2025-05-16 17:05:18	2025-05-16 17:05:18
xkwavubdt8c			施	siĕ	1788	1	15	xkaqv9e9tkx		2025-05-16 17:05:18	2025-05-16 17:05:18
x5vwgh3abau			施	sié	1788	1	15	xkaqv9e9tkx		2025-05-16 17:05:18	2025-05-16 17:05:18
xaeey6dnjje			施	chiē	1788	1	15	xkaqv9e9tkx		2025-05-16 17:05:18	2025-05-16 17:05:18
xaz9xmduw56			施	ê	1788	1	15	xkaqv9e9tkx		2025-05-16 17:05:18	2025-05-16 17:05:18
x8pfppz3khr	x78r944742p	旁	旁	bòng	1788	1	16	xkaqv9e9tkx		2025-05-16 17:05:18	2025-05-16 17:05:18
x4xym9ypj3p	xx4pxvxkyrv	旃	旃	chiĕng	1788	1	17	xkaqv9e9tkx		2025-05-16 17:05:18	2025-05-16 17:05:18
xjuc8gspvaw			旂	gì	1788	1	18	xkaqv9e9tkx		2025-05-16 17:05:18	2025-05-16 17:05:18
x7d2mrstgfc	xmxjpn49j8g	旅	旅	lṳ̄	1788	1	19	xkaqv9e9tkx		2025-05-16 17:05:18	2025-05-16 17:05:18
xp9yfk2tby4	xqxpqr5drvb	旄	旄	mò̤	1788	1	20	xkaqv9e9tkx		2025-05-16 17:05:18	2025-05-16 17:05:18
xzmnesn8p3s	xm8kan4rmdx	旆	旆	puói	1788	2	1	xkaqv9e9tkx		2025-05-16 17:05:18	2025-05-16 17:05:18
xwnjpg3s64j	xmhbb6yykpe	旌	旌	cĭng	1788	2	2	xkaqv9e9tkx		2025-05-16 17:05:18	2025-05-16 17:05:18
x5sr2hrbd9e	xnh5ppdag43	族	族	cŭk	1788	2	3	xkaqv9e9tkx		2025-05-16 17:05:18	2025-05-16 17:05:18
xyz2dsr4hn6	xjq3cbawk8b	於	於	ṳ̆	1788	1	13	xkaqv9e9tkx		2025-10-05 23:32:30	2025-05-16 17:05:18
x6azxz8gcxu	xvdreqvt69z	於	於	ŭ	1788	1	13	xkaqv9e9tkx		2025-10-05 23:32:50	2025-05-16 17:05:18
xkjztcynzrt	xwxgr9htde5	旎	旎	nī	1788	2	4	xkaqv9e9tkx		2025-05-16 17:05:18	2025-05-16 17:05:18
xwbsz5me6g3	xse94k8ykvu	旋	旋	suòng	1788	2	5	xkaqv9e9tkx	原書有誤，已更正	2025-05-16 17:05:18	2025-05-16 17:05:18
xh5jav5wt9z	x8gpuvt5hz3	旐	旐	diêu	1788	2	6	xkaqv9e9tkx		2025-05-16 17:05:18	2025-05-16 17:05:18
xdt5ffrxa99	x72vpz9w9wu	旒	旒	lièu	1788	2	7	xkaqv9e9tkx		2025-05-16 17:05:18	2025-05-16 17:05:18
x472hgdvcse	xfpfaechhy4	旗	旗	gì	1788	2	8	xkaqv9e9tkx		2025-05-16 17:05:18	2025-05-16 17:05:18
x5wb3g4d5yc			旘	chié	1788	2	9	xkaqv9e9tkx		2025-05-16 17:05:18	2025-05-16 17:05:18
xmj9aqsx6vy			旛	huăng	1788	2	10	xkaqv9e9tkx		2025-05-16 17:05:18	2025-05-16 17:05:18
xwh59t8m72e	xu47tt6rtzr	旟	旟	ṳ̀	1788	2	11	xkaqv9e9tkx		2025-05-16 17:05:18	2025-05-16 17:05:18
xbej3yseart			无	ù	1788	2	12	x2dgtrktxf2		2025-05-16 17:05:18	2025-05-16 17:05:18
xfh6gek2cnk			旡	ù	1788	2	13	x2dgtrktxf2		2025-05-16 17:05:18	2025-05-16 17:05:18
x6qa33m3vrg			旣	gé	1788	2	14	x2dgtrktxf2		2025-05-16 17:05:18	2025-05-16 17:05:18
xc2xvsbhwja	xct7qb77jks	日	日	nĭk	1788	2	15	xzz9y28vj87		2025-05-16 17:05:18	2025-05-16 17:05:18
xw3y8gr88yc	xssvb6u4hd5	旦	旦	dáng	1788	2	16	xzz9y28vj87		2025-05-16 17:05:18	2025-05-16 17:05:18
x998znj3582			旧	gêu	1788	2	17	xzz9y28vj87		2025-05-16 17:05:18	2025-05-16 17:05:18
x229dvc9ddu			旧	gô	1788	2	17	xzz9y28vj87		2025-05-16 17:05:18	2025-05-16 17:05:18
xcdgb8nxas9	xqh6uahpthv	旨	旨	cī	1788	2	18	xzz9y28vj87		2025-05-16 17:05:18	2025-05-16 17:05:18
xy9fg4cj9h4			早	cō̤	1788	2	19	xzz9y28vj87		2025-05-16 17:05:18	2025-05-16 17:05:18
xbwmpwym4xk			早	cā	1788	2	19	xzz9y28vj87		2025-05-16 17:05:18	2025-05-16 17:05:18
xeaf8tjpem7			旭	é̤ṳk	1788	2	20	xzz9y28vj87		2025-05-16 17:05:18	2025-05-16 17:05:18
xuy4tasgd2d	xecwredyptz	旬	旬	sùng	1788	3	1	xzz9y28vj87		2025-05-16 17:05:18	2025-05-16 17:05:18
xkvfm4hcruy			旱	âng	1788	3	2	xzz9y28vj87		2025-05-16 17:05:18	2025-05-16 17:05:18
xun2amtb5qb			㫖	cī	1788	3	3	xzz9y28vj87		2025-05-16 17:05:18	2025-05-16 17:05:18
xy7fndbwms6	xrqzsq5hmqj	旰	旰	hāng	1788	3	4	xzz9y28vj87		2025-05-16 17:05:18	2025-05-16 17:05:18
xxjs5xpjjba	x9jra3j7e38	昄	昄	bāng	1788	3	5	xzz9y28vj87		2025-05-16 17:05:18	2025-05-16 17:05:18
xtpmz7x87mk			昃	cáik	1788	3	6	xzz9y28vj87		2025-05-16 17:05:18	2025-05-16 17:05:18
xbf8u82m6xh	xagd8g97w6h	昌	昌	chiŏng	1788	3	7	xzz9y28vj87		2025-05-16 17:05:18	2025-05-16 17:05:18
xvx848mr8ed	xd8dz9wxrvu	昊	昊	hô̤	1788	3	8	xzz9y28vj87		2025-05-16 17:05:18	2025-05-16 17:05:18
xzee932ua6u	xfd38kmqdh9	昕	昕	hṳ̆ng	1788	3	9	xzz9y28vj87		2025-05-16 17:05:18	2025-05-16 17:05:18
xrkz9d6wasu			昏	huŏng	1788	3	10	xzz9y28vj87		2025-05-16 17:05:18	2025-05-16 17:05:18
xemu3n5ub4b	x9abst37btt	昉	昉	huōng	1788	3	11	xzz9y28vj87		2025-05-16 17:05:18	2025-05-16 17:05:18
x5m8f9j95fu			易	ĭk	1788	3	12	xzz9y28vj87		2025-05-16 17:05:18	2025-05-16 17:05:18
x2wvszuv6rb			易	ê	1788	3	12	xzz9y28vj87		2025-05-16 17:05:18	2025-05-16 17:05:18
xj3qyrbwpjr	xutbspyx7s2	昆	昆	kŏng	1788	3	13	xzz9y28vj87		2025-05-16 17:05:18	2025-05-16 17:05:18
xugxeqfvjzf			明	mìng	1788	3	14	xzz9y28vj87		2025-05-16 17:05:18	2025-05-16 17:05:18
xn9k4n52dwt			明	màng	1788	3	14	xzz9y28vj87		2025-05-16 17:05:18	2025-05-16 17:05:18
xkjzcygm5pf	xrgze9rw2qj	旻	旻	mìng	1788	3	15	xzz9y28vj87		2025-05-16 17:05:18	2025-05-16 17:05:18
xvt9j8q84hz	xu3a4gu7gyz	昂	昂	ngòng	1788	3	16	xzz9y28vj87		2025-05-16 17:05:18	2025-05-16 17:05:18
xvs5kzeraqk	xychazyqk4p	昔	昔	sék	1788	3	17	xzz9y28vj87		2025-05-16 17:05:18	2025-05-16 17:05:18
xswhzyzabvt	xny255a5pmh	昇	昇	sĭng	1788	3	18	xzz9y28vj87		2025-05-16 17:05:18	2025-05-16 17:05:18
xjjcqfq6u63			旺	uông	1788	3	19	xzz9y28vj87		2025-05-16 17:05:18	2025-05-16 17:05:18
xm6jxpc2fw7	xuwwjjtmudb	昺	昺	bīng	1788	3	20	xzz9y28vj87		2025-05-16 17:05:18	2025-05-16 17:05:18
xez6jwkj45a	xr2h7sp9ur5	昝	昝	cá	1788	3	21	xzz9y28vj87		2025-05-16 17:05:18	2025-05-16 17:05:18
xjedj4cysra	xan8tjh7dr3	昭	昭	ciĕu	1788	3	22	xzz9y28vj87		2025-05-16 17:05:18	2025-05-16 17:05:18
xbg4v8ab7eg			昨	cŏk	1788	3	23	xzz9y28vj87		2025-05-16 17:05:18	2025-05-16 17:05:18
xuxqc4tq25w	x3tgrq4ac7f	昶	昶	chiōng	1789	1	1	xzz9y28vj87		2025-05-16 17:05:18	2025-05-16 17:05:18
x7ang7hc83g	x3tgrq4ac7f	昶	昶	tiōng	1789	1	1	xzz9y28vj87		2025-05-16 17:05:18	2025-05-16 17:05:18
xzap7eaf69f	x9ngm4ep9mp	春	春	chŭng	1789	1	2	xzz9y28vj87		2025-05-16 17:05:18	2025-05-16 17:05:18
x98arucjqg5	xuvervmcpwv	昱	昱	ĭk	1789	1	3	xzz9y28vj87		2025-05-16 17:05:18	2025-05-16 17:05:18
xuyp45j9eh8			映	ióng	1789	1	4	xzz9y28vj87		2025-05-16 17:05:18	2025-05-16 17:05:18
xtv8bb7v4yu			映	iáng	1789	1	4	xzz9y28vj87		2025-05-16 17:05:18	2025-05-16 17:05:18
xqg7atpz9j5	x3wujx9c9gu	昴	昴	māu	1789	1	5	xzz9y28vj87		2025-05-16 17:05:18	2025-05-16 17:05:18
xh57eptg5py	x4rszna4c9b	昧	昧	muôi	1789	1	6	xzz9y28vj87		2025-05-16 17:05:18	2025-05-16 17:05:18
xnd3wvbbthw			是	sê	1789	1	7	xzz9y28vj87		2025-05-16 17:05:18	2025-05-16 17:05:18
xspsmdf5nhd	x6n4zxj3v83	星	星	sĭng	1789	1	8	xzz9y28vj87		2025-05-16 17:05:19	2025-05-16 17:05:19
xnpeyz4m8re			晏	áng	1789	1	9	xzz9y28vj87		2025-05-16 17:05:19	2025-05-16 17:05:19
x6h5vbabfaw	xg88j2a9y4x	晉	晉	céng	1789	1	10	xzz9y28vj87		2025-05-16 17:05:19	2025-05-16 17:05:19
x5tb8z4vnnp			晋	céng	1789	1	10	xzz9y28vj87		2025-05-16 17:05:19	2025-05-16 17:05:19
xzaj9djmcua	x3uf9jb7qws	晁	晁	dièu	1789	1	11	xzz9y28vj87		2025-05-16 17:05:19	2025-05-16 17:05:19
xevvhmzsev4	x4u26r2uur9	晅	晅	hiŏng	1789	1	12	xzz9y28vj87		2025-05-16 17:05:19	2025-05-16 17:05:19
xqks94nd9b3	xja4m827z3y	晌	晌	hiōng	1789	1	13	xzz9y28vj87		2025-05-16 17:05:19	2025-05-16 17:05:19
xvpfpkjrqs2	xjvww4aepu4	𣆯	𣆯	òng	1789	1	14	xzz9y28vj87		2025-05-16 17:05:19	2025-05-16 17:05:19
xs3xc9my95s			晒	sái	1789	1	15	xzz9y28vj87		2025-05-16 17:05:19	2025-05-16 17:05:19
xrt6gsv3wmz	xeruxeces6p	時	時	sì	1789	1	16	xzz9y28vj87		2025-05-16 17:05:19	2025-05-16 17:05:19
xj57hx9gmhy			㬍	buŏ	1789	1	17	xzz9y28vj87		2025-05-16 17:05:19	2025-05-16 17:05:19
xudtfvskhw9			晣	ciék	1789	1	18	xzz9y28vj87		2025-05-16 17:05:19	2025-05-16 17:05:19
x67pxxqdtdv			晣	cié	1789	1	18	xzz9y28vj87		2025-05-16 17:05:19	2025-05-16 17:05:19
xur7wq9cfuy	xawxrj3dvrj	晢	晢	ciék	1789	1	18	xzz9y28vj87		2025-05-16 17:05:19	2025-05-16 17:05:19
xffxc38utwn	xawxrj3dvrj	晢	晢	cié	1789	1	18	xzz9y28vj87		2025-05-16 17:05:19	2025-05-16 17:05:19
xwcztmywqjx			晝	diéu	1789	1	19	xzz9y28vj87		2025-05-16 17:05:19	2025-05-16 17:05:19
xkkt3bd4p43	xp6fevngpxr	晞	晞	hĭ	1789	1	20	xzz9y28vj87		2025-05-16 17:05:19	2025-05-16 17:05:19
xxnbmvmp8nb	xn9dfazju8b	晛	晛	hiēng	1789	1	21	xzz9y28vj87		2025-05-16 17:05:19	2025-05-16 17:05:19
xnrhf3tsm3r	xse2egv6km2	晦	晦	huói	1789	1	22	xzz9y28vj87		2025-05-16 17:05:19	2025-05-16 17:05:19
xwfqehhtfsb	x6kjw9xffzq	晤	晤	nguô	1789	2	1	xzz9y28vj87		2025-05-16 17:05:19	2025-05-16 17:05:19
x9az24u96jj	x6a8tz39mg5	晨	晨	sìng	1789	2	2	xzz9y28vj87		2025-05-16 17:05:19	2025-05-16 17:05:19
xesjnr37djz	x9533xawwzg	晟	晟	sìng	1789	2	3	xzz9y28vj87		2025-05-16 17:05:19	2025-05-16 17:05:19
xhctrvf2a7n			晚	uāng	1789	2	4	xzz9y28vj87		2025-05-16 17:05:19	2025-05-16 17:05:19
xqz8sc42jnv			晚	muōng	1789	2	4	xzz9y28vj87		2025-05-16 17:05:19	2025-05-16 17:05:19
xhqftn93yu6	x9wr2wmnt6g	晶	晶	cĭng	1789	2	5	xzz9y28vj87		2025-05-16 17:05:19	2025-05-16 17:05:19
x4wnchh9f5p			晴	cìng	1789	2	6	xzz9y28vj87		2025-05-16 17:05:19	2025-05-16 17:05:19
xqbb4vjytvs			晴	sàng	1789	2	6	xzz9y28vj87		2025-05-16 17:05:19	2025-05-16 17:05:19
x9vax8nh8mg	xgbyktsrbpg	晬	晬	có̤i	1789	2	7	xzz9y28vj87		2025-05-16 17:05:19	2025-05-16 17:05:19
xf3g7zep8m2	xhsfmrda8v7	智	智	dé	1789	2	8	xzz9y28vj87		2025-05-16 17:05:19	2025-05-16 17:05:19
xhn79jcg75y	x6j85kfun6z	景	景	gīng	1789	2	9	xzz9y28vj87		2025-05-16 17:05:19	2025-05-16 17:05:19
xs4jr3yhvpf	xzkmhqfvpu8	晷	晷	gūi	1789	2	10	xzz9y28vj87		2025-05-16 17:05:19	2025-05-16 17:05:19
xg33zmxpa82			㫻	láung	1789	2	11	xzz9y28vj87		2025-05-16 17:05:19	2025-05-16 17:05:19
xgdd87z47tu	xg9q9wn3dta	晾	晾	liông	1789	2	12	xzz9y28vj87		2025-05-16 17:05:19	2025-05-16 17:05:19
xz3rn6664es	xvy6ch3829t	普	普	puō	1789	2	13	xzz9y28vj87		2025-05-16 17:05:19	2025-05-16 17:05:19
xk9qyuj5nr5	xkz5chccg7e	晳	晳	sék	1789	2	14	xzz9y28vj87		2025-05-16 17:05:19	2025-05-16 17:05:19
xjsp6tndwva	xvtawmsvpkb	晰	晰	sék	1789	2	14	xzz9y28vj87		2025-05-16 17:05:19	2025-05-16 17:05:19
xnq2ssek9wh	xfz9esxfwmk	暗	暗	áng	1789	2	15	xzz9y28vj87		2025-05-16 17:05:19	2025-05-16 17:05:19
x9j6suyryrt	xa9yuasx2rb	暇	暇	hâ	1789	2	16	xzz9y28vj87		2025-05-16 17:05:19	2025-05-16 17:05:19
x6744rwe298			暍	hăk	1789	2	17	xzz9y28vj87		2025-05-16 17:05:19	2025-05-16 17:05:19
x59x3d9sfhg	xnkbh6aqrbm	暄	暄	hiŏng	1789	2	18	xzz9y28vj87		2025-05-16 17:05:19	2025-05-16 17:05:19
x84hmsbs2be	x9azc874hvs	暉	暉	hŭi	1789	2	19	xzz9y28vj87		2025-05-16 17:05:19	2025-05-16 17:05:19
x939vn6ngp4			暎	ióng	1789	2	20	xzz9y28vj87		2025-05-16 17:05:19	2025-05-16 17:05:19
x2p7826k9ft	x54ckph9brv	暘	暘	iòng	1789	2	21	xzz9y28vj87		2025-05-16 17:05:19	2025-05-16 17:05:19
xmkjnzm4bs9	xv8gh949t2x	睽	睽	kiĕ	1789	2	22	xzz9y28vj87		2025-05-16 17:05:19	2025-05-16 17:05:19
xhhqeevykb6	xvqbz2u7wgz	暋	暋	mīng	1789	3	1	xzz9y28vj87		2025-05-16 17:05:19	2025-05-16 17:05:19
x3jcapsd6b3			暖	nuāng	1789	3	2	xzz9y28vj87		2025-05-16 17:05:19	2025-05-16 17:05:19
xh2fcrpww96			暖	nōng	1789	3	2	xzz9y28vj87		2025-05-16 17:05:19	2025-05-16 17:05:19
xf2frpyhmjh			暈	ông	1789	3	3	xzz9y28vj87		2025-05-16 17:05:19	2025-05-16 17:05:19
xves257a2rx			暈	uông	1789	3	3	xzz9y28vj87		2025-05-16 17:05:19	2025-05-16 17:05:19
xcuh9rdbc7t			暈	uŏng	1789	3	3	xzz9y28vj87		2025-05-16 17:05:19	2025-05-16 17:05:19
xwf7cqw4w8a	x5xnu5778gw	暆	暆	siè	1789	3	4	xzz9y28vj87		2025-05-16 17:05:19	2025-05-16 17:05:19
xypzwvhwhvj	xtksgdqncaq	暑	暑	sṳ̄	1789	3	5	xzz9y28vj87		2025-05-16 17:05:19	2025-05-16 17:05:19
xjtuc4z6xur			暠	gō̤	1789	3	6	xzz9y28vj87		2025-05-16 17:05:19	2025-05-16 17:05:19
xz43mhh4krk			暝	mìng	1789	3	7	xzz9y28vj87		2025-05-16 17:05:19	2025-05-16 17:05:19
xk45j3h6c63			暝	màng	1789	3	7	xzz9y28vj87		2025-05-16 17:05:19	2025-05-16 17:05:19
xxebej2d3w7	xj8sss4zszt	暢	暢	tióng	1789	3	8	xzz9y28vj87		2025-05-16 17:05:19	2025-05-16 17:05:19
x37t5kpj757			暴	bô̤	1789	3	9	xzz9y28vj87		2025-05-16 17:05:19	2025-05-16 17:05:19
xcjurnjyfp6			暴	bŭk	1789	3	9	xzz9y28vj87		2025-05-16 17:05:19	2025-05-16 17:05:19
x4bgjva2uzq	xh6yn9z3hfp	暫	暫	câng	1789	3	10	xzz9y28vj87		2025-05-16 17:05:19	2025-05-16 17:05:19
xucrgw5jn23	x8mj9v8reqt	暵	暵	háng	1789	3	11	xzz9y28vj87		2025-05-16 17:05:19	2025-05-16 17:05:19
xugngw9xx7u	x2c5td97peb	暮	暮	muô	1789	3	12	xzz9y28vj87		2025-05-16 17:05:19	2025-05-16 17:05:19
xmx2kwd6mjp			暯	muô	1789	3	13	xzz9y28vj87		2025-05-16 17:05:19	2025-05-16 17:05:19
xretpfbaphv			暯	muò	1789	3	13	xzz9y28vj87		2025-05-16 17:05:19	2025-05-16 17:05:19
xackpf5wd32	xnwz5xwwzan	暱	暱	nĭk	1789	3	14	xzz9y28vj87		2025-05-16 17:05:19	2025-05-16 17:05:19
xzjz6p8kbnk			𣊓	siék	1789	3	15	xzz9y28vj87		2025-05-16 17:05:19	2025-05-16 17:05:19
xygaftag2zr	xqttsyp6ypn	暾	暾	dŭng	1789	3	16	xzz9y28vj87		2025-05-16 17:05:19	2025-05-16 17:05:19
x49z448wwkc	x9vuhcgy2ev	曈	曈	dùng	1789	3	17	xzz9y28vj87		2025-05-16 17:05:19	2025-05-16 17:05:19
xesqcq4gx7y	xfp3kfen63t	曉	曉	hiēu	1789	3	18	xzz9y28vj87		2025-05-16 17:05:19	2025-05-16 17:05:19
xkyzgz8xq9a	xzxakakassx	曀	曀	ié	1789	3	19	xzz9y28vj87		2025-05-16 17:05:19	2025-05-16 17:05:19
xzrdfgbskp6	x84z3fznp8j	曄	曄	iék	1789	3	20	xzz9y28vj87		2025-05-16 17:05:19	2025-05-16 17:05:19
x8mdepjqw4b			曁	kái	1789	3	21	xzz9y28vj87		2025-05-16 17:05:19	2025-05-16 17:05:19
xgxp5ehu7xa			曆	lĭk	1789	3	22	xzz9y28vj87		2025-05-16 17:05:19	2025-05-16 17:05:19
xmug97ajjvv	x8q7d376nc2	暹	暹	sièng	1790	1	1	xzz9y28vj87		2025-05-16 17:05:19	2025-05-16 17:05:19
x8wh2n47q2x	xd8n33fcgs9	曇	曇	tàng	1790	1	2	xzz9y28vj87		2025-05-16 17:05:19	2025-05-16 17:05:19
xscnrwpb98b	xv4vmnn9a8q	曖	曖	ái	1790	1	3	xzz9y28vj87		2025-05-16 17:05:19	2025-05-16 17:05:19
x87trxrnfb2			曏	hióng	1790	1	4	xzz9y28vj87		2025-05-16 17:05:19	2025-05-16 17:05:19
x3evq4ttwhc	xs5akv4hg8d	曛	曛	hṳ̆ng	1790	1	5	xzz9y28vj87		2025-05-16 17:05:19	2025-05-16 17:05:19
xfbrbykajrn	xjxh69auc7m	曜	曜	iêu	1790	1	6	xzz9y28vj87		2025-05-16 17:05:19	2025-05-16 17:05:19
xdwrmm36k96	xnas6gdhnwu	曚	曚	mùng	1790	1	7	xzz9y28vj87		2025-05-16 17:05:19	2025-05-16 17:05:19
xc7x65rjfym	x8r63b2z3nc	曙	曙	sṳ̄	1790	1	8	xzz9y28vj87		2025-05-16 17:05:19	2025-05-16 17:05:19
xgr95uu9hxx	xb6kp9arkzk	曠	曠	kuōng	1790	1	10	xzz9y28vj87		2025-05-16 17:05:19	2025-05-16 17:05:19
x2gcvjuw533	xb6kp9arkzk	曠	曠	kuóng	1790	1	10	xzz9y28vj87		2025-05-16 17:05:19	2025-05-16 17:05:19
xmvbp8au8kq	x89nt4uaaw4	曨	曨	lùng	1790	1	11	xzz9y28vj87		2025-05-16 17:05:19	2025-05-16 17:05:19
x3nhgn5jvqf			曩	nōng	1790	1	12	xzz9y28vj87		2025-05-16 17:05:19	2025-05-16 17:05:19
x8wa6a29nst	xb3dpvee268	曬	曬	sái	1790	1	13	xzz9y28vj87		2025-05-16 17:05:19	2025-05-16 17:05:19
xwnkmp4978x	x8z8qjgstwu	曰	曰	uăk	1790	1	14	x35brkpnkmh		2025-05-16 17:05:19	2025-05-16 17:05:19
xy2xcwnpx6k	x8z8qjgstwu	曰	曰	uŏk	1790	1	14	x35brkpnkmh		2025-05-16 17:05:19	2025-05-16 17:05:19
x28eeh8ga88	xngtg8htt4d	曳	曳	iô	1790	1	15	x35brkpnkmh		2025-05-16 17:05:19	2025-05-16 17:05:19
xpu635p67gd			曲	ké̤ṳk	1790	1	16	x35brkpnkmh		2025-05-16 17:05:19	2025-05-16 17:05:19
xkxxqcvzzg5			曲	kuóh	1790	1	16	x35brkpnkmh		2025-05-16 17:05:19	2025-05-16 17:05:19
xqm5b8gwtme			更	gĕng	1790	1	17	x35brkpnkmh		2025-05-16 17:05:19	2025-05-16 17:05:19
xegnh7ewney			更	găng	1790	1	17	x35brkpnkmh		2025-05-16 17:05:19	2025-05-16 17:05:19
xnthdfj5bee			更	gáing	1790	1	17	x35brkpnkmh		2025-05-16 17:05:19	2025-05-16 17:05:19
xec5qq3jwhp	xn2fxsm45dr	曷	曷	hăk	1790	1	18	x35brkpnkmh		2025-05-16 17:05:19	2025-05-16 17:05:19
xmhtqmrjcng	x7cxbmz58gs	書	書	cṳ̆	1790	1	19	x35brkpnkmh		2025-05-16 17:05:19	2025-05-16 17:05:19
xqm5yhvrzgq			曾	cĕng	1790	1	20	x35brkpnkmh		2025-05-16 17:05:19	2025-05-16 17:05:19
xhx9ws622hx	xayurpfmj4w	曹	曹	cò̤	1790	1	21	x35brkpnkmh		2025-05-16 17:05:19	2025-05-16 17:05:19
x9nxr3duz4q			曺	cò̤	1790	1	21	x35brkpnkmh		2025-05-16 17:05:19	2025-05-16 17:05:19
x62wnqheztm	xt793cra7a4	最	最	có̤i	1790	2	1	x35brkpnkmh		2025-05-16 17:05:19	2025-05-16 17:05:19
x5sfwnqa7bw			曼	mâng	1790	2	2	x35brkpnkmh		2025-05-16 17:05:19	2025-05-16 17:05:19
xj5q6e8374q			替	tá̤	1790	2	3	x35brkpnkmh		2025-05-16 17:05:19	2025-05-16 17:05:19
xu8pdb5a7ys			會	huôi	1790	2	4	x35brkpnkmh		2025-05-16 17:05:19	2025-05-16 17:05:19
x8p27bpzewd			會	guói	1790	2	4	x35brkpnkmh		2025-05-16 17:05:19	2025-05-16 17:05:19
xt2twhw4qca			朅	giék	1790	2	5	x35brkpnkmh		2025-05-16 17:05:19	2025-05-16 17:05:19
xgkuj3bj64g	xdmm7k9mu65	月	月	nguŏk	1790	2	6	xhv6dqydf6x		2025-05-16 17:05:19	2025-05-16 17:05:19
x3cqfte5bbc			有	īu	1790	2	7	xhv6dqydf6x		2025-05-16 17:05:19	2025-05-16 17:05:19
xt3gtjnx8d3			有	ô	1790	2	7	xhv6dqydf6x		2025-05-16 17:05:19	2025-05-16 17:05:19
xek4wc2uezc			朋	bèng	1790	2	8	xhv6dqydf6x		2025-05-16 17:05:19	2025-05-16 17:05:19
x4hmdz24eme	x64xdv64kft	服	服	hŭk	1790	2	9	xhv6dqydf6x		2025-05-16 17:05:19	2025-05-16 17:05:19
x5rgy9w4pj5	xrxdnyjxv7w	朕	朕	dêng	1790	2	10	xhv6dqydf6x		2025-05-16 17:05:19	2025-05-16 17:05:19
xxfw2banndx	xc97mwr4xsc	朔	朔	sáuk	1790	2	11	xhv6dqydf6x		2025-05-16 17:05:19	2025-05-16 17:05:19
x33gc44u6u6	xgga8hxcdyb	朗	朗	lōng	1790	2	12	xhv6dqydf6x		2025-05-16 17:05:19	2025-05-16 17:05:19
x82fvrkzksd	xn6khhwvn4u	望	望	uông	1790	2	13	xhv6dqydf6x		2025-05-16 17:05:19	2025-05-16 17:05:19
xfknkbvspyz			朝	dièu	1790	2	14	xhv6dqydf6x		2025-05-16 17:05:19	2025-05-16 17:05:19
xucudmnz9ys			朝	diĕu	1790	2	14	xhv6dqydf6x		2025-05-16 17:05:19	2025-05-16 17:05:19
xxgngxpteum	xdbcj3szs7q	期	期	gĭ	1790	2	15	xhv6dqydf6x		2025-05-16 17:05:19	2025-05-16 17:05:19
xvupn4az62n			朞	gĭ	1790	2	16	xhv6dqydf6x		2025-05-16 17:05:19	2025-05-16 17:05:19
xjpwdb5gnk3			朧	lùng	1790	2	17	xhv6dqydf6x		2025-05-16 17:05:19	2025-05-16 17:05:19
xbbfqe4f6ya			朦	mùng	1790	2	18	xhv6dqydf6x		2025-05-16 17:05:19	2025-05-16 17:05:19
x3h582phura			木	mŭk	1790	2	19	x5b9whfzdgb		2025-05-16 17:05:19	2025-05-16 17:05:19
x4ftnx3a6mt			木	mĕ̤k	1790	2	19	x5b9whfzdgb		2025-05-16 17:05:19	2025-05-16 17:05:19
x9e68ffsbwv	x62kjvvspw2	曝	曝	puŏh	1790	1	9	xzz9y28vj87		2025-10-04 13:01:22	2025-05-16 17:05:19
xs4qw2u7824	xpsr6ssw939	本	本	buōng	1790	3	1	x5b9whfzdgb		2025-05-16 17:05:19	2025-05-16 17:05:19
xtxm9h556yb	x2k9yksvz6u	札	札	cák	1790	3	2	x5b9whfzdgb		2025-05-16 17:05:19	2025-05-16 17:05:19
xwsd793tvu7			未	ê	1790	3	3	x5b9whfzdgb		2025-05-16 17:05:19	2025-05-16 17:05:19
xagyad377e8			未	muôi	1790	3	3	x5b9whfzdgb		2025-05-16 17:05:19	2025-05-16 17:05:19
xghynn3tqnc			末	muăk	1790	3	4	x5b9whfzdgb		2025-05-16 17:05:19	2025-05-16 17:05:19
xbcd4ndx8vu			术	sŭk	1790	3	5	x5b9whfzdgb		2025-05-16 17:05:19	2025-05-16 17:05:19
x5sbe6sajdn			朱	cuŏ	1790	3	6	x5b9whfzdgb	原書有誤，已更正	2025-05-16 17:05:19	2025-05-16 17:05:19
xphshwgc3un			朿	ché̤ṳ	1790	3	7	x5b9whfzdgb		2025-05-16 17:05:19	2025-05-16 17:05:19
x6u62b2eezn			机	gĭ	1790	3	8	x5b9whfzdgb		2025-05-16 17:05:19	2025-05-16 17:05:19
x3wzqgdbktq	x57hrem27mh	朽	朽	hīu	1790	3	9	x5b9whfzdgb		2025-05-16 17:05:19	2025-05-16 17:05:19
x3asc7mkduh			朴	páuk	1790	3	10	x5b9whfzdgb		2025-05-16 17:05:19	2025-05-16 17:05:19
x7svu3nh6m5			朶	duō	1790	3	11	x5b9whfzdgb	原書有誤，已更正	2025-05-16 17:05:19	2025-05-16 17:05:19
xxkmgphvydr	xszhg5ktaxq	朵	朵	duō	1790	3	11	x5b9whfzdgb	原書有誤，已更正	2025-05-16 17:05:19	2025-05-16 17:05:19
x6hwkcaf2s8			材	cài	1790	3	12	x5b9whfzdgb		2025-05-16 17:05:19	2025-05-16 17:05:19
xuqgqr8pnhh			材	chài	1790	3	12	x5b9whfzdgb		2025-05-16 17:05:19	2025-05-16 17:05:19
xdeapagn3j4			杈	chă	1790	3	13	x5b9whfzdgb		2025-05-16 17:05:19	2025-05-16 17:05:19
x2k7skjzzas	x5fr6nab8bv	杓	杓	chiók	1790	3	14	x5b9whfzdgb		2025-05-16 17:05:19	2025-05-16 17:05:19
xb8jt652pcs	x5fr6nab8bv	杓	杓	biĕu	1790	3	14	x5b9whfzdgb		2025-05-16 17:05:19	2025-05-16 17:05:19
xtm7cuwehkv	xb5cwqjnh6q	村	村	chŏng	1790	3	15	x5b9whfzdgb		2025-05-16 17:05:19	2025-05-16 17:05:19
xwfxczernfg	xb5cwqjnh6q	村	村	chuŏng	1790	3	15	x5b9whfzdgb	原書有誤，已更正	2025-05-16 17:05:19	2025-05-16 17:05:19
xz2arcwaa9a	x63hky659rw	杕	杕	dâ̤	1790	3	16	x5b9whfzdgb		2025-05-16 17:05:19	2025-05-16 17:05:19
xj7jv73pkmn	xpn6evtw76x	杜	杜	dô	1790	3	17	x5b9whfzdgb		2025-05-16 17:05:19	2025-05-16 17:05:19
xjcb4zc7sku			杆	găng	1790	3	18	x5b9whfzdgb		2025-05-16 17:05:19	2025-05-16 17:05:19
x43seaphdta	xqycyrs5qyq	杞	杞	gī	1790	3	19	x5b9whfzdgb		2025-05-16 17:05:19	2025-05-16 17:05:19
xjq8zq97yx8			杠	gŏng	1790	3	20	x5b9whfzdgb		2025-05-16 17:05:19	2025-05-16 17:05:19
xk42j7raqtw	x8hpy9uynhh	杏	杏	hâing	1790	3	21	x5b9whfzdgb		2025-05-16 17:05:19	2025-05-16 17:05:19
xd8j7ezrbdc	xeg4wa8e5k4	杝	杝	chiē	1790	3	22	x5b9whfzdgb		2025-05-16 17:05:19	2025-05-16 17:05:19
xqgywh69z95	xv5v9aydxrt	杙	杙	ĭk	1791	1	1	x5b9whfzdgb		2025-05-16 17:05:19	2025-05-16 17:05:19
xcb4qyvummj	xcrbcm3w4za	李	李	lī	1791	1	2	x5b9whfzdgb		2025-05-16 17:05:19	2025-05-16 17:05:19
x7g5y57cg3f	xqqxrewt8jn	杉	杉	săng	1791	1	4	x5b9whfzdgb		2025-05-16 17:05:19	2025-05-16 17:05:19
xuuxc3qfuuv	xf3ccvdjktp	束	束	sók	1791	1	5	x5b9whfzdgb		2025-05-16 17:05:19	2025-05-16 17:05:19
xkerf5wb8qz	xp3ty6zzakf	杖	杖	tiông	1791	1	6	x5b9whfzdgb		2025-05-16 17:05:19	2025-05-16 17:05:19
x5tx4hag5za			杇	ŭ	1791	1	7	x5b9whfzdgb		2025-05-16 17:05:19	2025-05-16 17:05:19
xxdy5w4wx54			杌	uŏk	1791	1	8	x5b9whfzdgb		2025-05-16 17:05:19	2025-05-16 17:05:19
x5kdu3jan9k	xmwkygu97u6	杷	杷	bà	1791	1	9	x5b9whfzdgb		2025-05-16 17:05:19	2025-05-16 17:05:19
xw2gtahz8qd			板	bāng	1791	1	10	x5b9whfzdgb		2025-05-16 17:05:19	2025-05-16 17:05:19
xxneh93643f			板	bēng	1791	1	10	x5b9whfzdgb		2025-05-16 17:05:19	2025-05-16 17:05:19
xsx2n4fukgt	x2y6nrmh7pv	枇	枇	bì	1791	1	11	x5b9whfzdgb		2025-05-16 17:05:19	2025-05-16 17:05:19
x29y4dsvfn3	xtj5s767jnz	杯	杯	buŏi	1791	1	12	x5b9whfzdgb		2025-05-16 17:05:19	2025-05-16 17:05:19
xqg2a4jumpk			枝	ciĕ	1791	1	13	x5b9whfzdgb		2025-05-16 17:05:19	2025-05-16 17:05:19
xten6nbwnuk			枝	ngâ̤	1791	1	13	x5b9whfzdgb		2025-05-16 17:05:19	2025-05-16 17:05:19
xj45873pu9n			枕	cīng	1791	1	14	x5b9whfzdgb		2025-05-16 17:05:19	2025-05-16 17:05:19
xm7t29r5uy4			枕	ciēng	1791	1	14	x5b9whfzdgb		2025-05-16 17:05:19	2025-05-16 17:05:19
x525tpyfwf8			枕	céng	1791	1	14	x5b9whfzdgb		2025-05-16 17:05:19	2025-05-16 17:05:19
xbyaxtngh9r			枣	cō̤	1791	1	15	x5b9whfzdgb		2025-05-16 17:05:19	2025-05-16 17:05:19
xexwuzcu7gg	x6butbympns	杶	杶	chŭng	1791	1	16	x5b9whfzdgb		2025-05-16 17:05:19	2025-05-16 17:05:19
xy7fht995w4			枓	dēu	1791	1	17	x5b9whfzdgb		2025-05-16 17:05:19	2025-05-16 17:05:19
xpqehgwkrqp			東	dŭng	1791	1	18	x5b9whfzdgb		2025-05-16 17:05:19	2025-05-16 17:05:19
x5ubprh37pe			東	dĕ̤ng	1791	1	18	x5b9whfzdgb		2025-05-16 17:05:19	2025-05-16 17:05:19
x6bkaa2sf5h			杰	giĕk	1791	1	19	x5b9whfzdgb		2025-05-16 17:05:19	2025-05-16 17:05:19
xzzqd27zewe	xqahes6uzgh	杲	杲	gō̤	1791	1	20	x5b9whfzdgb		2025-05-16 17:05:19	2025-05-16 17:05:19
x833hpcm9h2			果	guō	1791	1	21	x5b9whfzdgb		2025-05-16 17:05:19	2025-05-16 17:05:19
xg8t55ndqd8			果	guōi	1791	1	21	x5b9whfzdgb		2025-05-16 17:05:19	2025-05-16 17:05:19
xgf7dxum8p5	x7kuqhwgzqk	杭	杭	hòng	1791	1	22	x5b9whfzdgb		2025-05-16 17:05:19	2025-05-16 17:05:19
x7syrrcp5uf	xdzc9488c46	枌	枌	hŭng	1791	2	1	x5b9whfzdgb		2025-05-16 17:05:19	2025-05-16 17:05:19
xrcjzk5nqs4			枋	huŏng	1791	2	2	x5b9whfzdgb		2025-05-16 17:05:19	2025-05-16 17:05:19
xkfp6gkj7mk			枋	hŭng	1791	2	2	x5b9whfzdgb		2025-05-16 17:05:19	2025-05-16 17:05:19
xgqkufatfdz	xthe8wq8nqa	枘	枘	iô	1791	2	3	x5b9whfzdgb		2025-05-16 17:05:19	2025-05-16 17:05:19
xcnzkxuebcv			林	lìng	1791	2	4	x5b9whfzdgb		2025-05-16 17:05:19	2025-05-16 17:05:19
xeqkrhyyjpq	xz8z3bzmtz5	杳	杳	miēu	1791	2	5	x5b9whfzdgb		2025-05-16 17:05:19	2025-05-16 17:05:19
xsm4sztskxk			杪	miēu	1791	2	6	x5b9whfzdgb		2025-05-16 17:05:19	2025-05-16 17:05:19
xmhmxrhfyk7	x9xuarwczgs	枚	枚	muòi	1791	2	7	x5b9whfzdgb		2025-05-16 17:05:19	2025-05-16 17:05:19
xdk6ffqupt3			枏	nàng	1791	2	8	x5b9whfzdgb		2025-05-16 17:05:19	2025-05-16 17:05:19
xuy2wn8k5zp	xd277np2298	杻	杻	nīu	1791	2	9	x5b9whfzdgb		2025-05-16 17:05:19	2025-05-16 17:05:19
xqduaphm9ap			极	ngék	1791	2	10	x5b9whfzdgb		2025-05-16 17:05:19	2025-05-16 17:05:19
x7ykcvms2t9	x452mxutub7	析	析	sék	1791	2	11	x5b9whfzdgb		2025-05-16 17:05:19	2025-05-16 17:05:19
xfr4gyn8yv7	xtssec9sgwd	松	松	sṳ̀ng	1791	2	12	x5b9whfzdgb		2025-05-16 17:05:19	2025-05-16 17:05:19
xsp4vfyb9f4			杌	tṳ̄	1791	2	13	x5b9whfzdgb		2025-05-16 17:05:19	2025-05-16 17:05:19
xq6yy5p2y2q	xxeqbx2nqqc	杼	杼	tṳ̄	1791	2	14	x5b9whfzdgb		2025-05-16 17:05:19	2025-05-16 17:05:19
xk84pfypd66	xxeqbx2nqqc	杼	杼	sṳ̄	1791	2	14	x5b9whfzdgb		2025-05-16 17:05:19	2025-05-16 17:05:19
xsuarse9a5m	xs2vff29jd3	枉	枉	uōng	1791	2	15	x5b9whfzdgb		2025-05-16 17:05:19	2025-05-16 17:05:19
xuc2smr3wu6	xu6cfewnsg9	柙	柙	ăk	1791	2	16	x5b9whfzdgb		2025-05-16 17:05:19	2025-05-16 17:05:19
x2yhr4ybjw9			柏	báik	1791	2	17	x5b9whfzdgb		2025-05-16 17:05:19	2025-05-16 17:05:19
xr5raazya6b			柏	báh	1791	2	17	x5b9whfzdgb		2025-05-16 17:05:19	2025-05-16 17:05:19
xuvb96mee3f			柄	béng	1791	2	18	x5b9whfzdgb		2025-05-16 17:05:19	2025-05-16 17:05:19
xnhtwnsgcdd			柄	báng	1791	2	18	x5b9whfzdgb		2025-05-16 17:05:19	2025-05-16 17:05:19
xeww3z624hf			枰	bìng	1791	2	19	x5b9whfzdgb		2025-05-16 17:05:19	2025-05-16 17:05:19
xugbp54wy5q	xgyfnchyakn	查	查	că	1791	2	20	x5b9whfzdgb		2025-05-16 17:05:19	2025-05-16 17:05:19
x84ydh7u89b			柤	că	1791	2	21	x5b9whfzdgb		2025-05-16 17:05:19	2025-05-16 17:05:19
xzr885c4fhv	xhj3u4frmaw	柵	柵	căk	1791	2	22	x5b9whfzdgb		2025-05-16 17:05:19	2025-05-16 17:05:19
xgd6u8nu5bc	xhj3u4frmaw	柵	柵	cháik	1791	2	22	x5b9whfzdgb		2025-05-16 17:05:19	2025-05-16 17:05:19
x4b7n7zmqt9			柱	cê̤ṳ	1791	3	1	x5b9whfzdgb		2025-05-16 17:05:19	2025-05-16 17:05:19
xjhm6vgbqyu			柱	têu	1791	3	1	x5b9whfzdgb		2025-05-16 17:05:19	2025-05-16 17:05:19
xfksw78c8cu	x44vp6z6smn	柷	柷	cé̤ṳk	1791	3	2	x5b9whfzdgb		2025-05-16 17:05:19	2025-05-16 17:05:19
xv75ctcbfmb	xfpqamxhrma	枳	枳	cī	1791	3	3	x5b9whfzdgb		2025-05-16 17:05:19	2025-05-16 17:05:19
xxfppwrcsxu	xbrzs4wfy2z	柘	柘	ciá	1791	3	4	x5b9whfzdgb		2025-05-16 17:05:19	2025-05-16 17:05:19
xhyrdpwxjpa	xy9st8jydw4	柞	柞	cŏk	1791	3	5	x5b9whfzdgb		2025-05-16 17:05:19	2025-05-16 17:05:19
xe47wjb2z7g	xaapfz4pjyt	柴	柴	chà	1791	3	6	x5b9whfzdgb		2025-05-16 17:05:19	2025-05-16 17:05:19
xpsekrvkybf			柒	chék	1791	3	7	x5b9whfzdgb		2025-05-16 17:05:19	2025-05-16 17:05:19
xb75zhj5gq9			柢	dī	1791	3	8	x5b9whfzdgb		2025-05-16 17:05:19	2025-05-16 17:05:19
xs2ff3jegvu			柁	dò̤	1791	3	9	x5b9whfzdgb		2025-05-16 17:05:19	2025-05-16 17:05:19
x3xbk94c9sn			柁	duâi	1791	3	9	x5b9whfzdgb		2025-05-16 17:05:19	2025-05-16 17:05:19
x9j2heutz2z			柮	duók	1791	3	10	x5b9whfzdgb		2025-05-16 17:05:19	2025-05-16 17:05:19
xyzm2vwe55m	xns8r3gc95b	柚	柚	êu	1791	3	11	x5b9whfzdgb		2025-05-16 17:05:19	2025-05-16 17:05:19
xrucb367yej	xns8r3gc95b	柚	柚	dṳ̆k	1791	3	11	x5b9whfzdgb		2025-05-16 17:05:19	2025-05-16 17:05:19
xa32px7hxj6	xsa6s7az3b4	架	架	gá	1791	3	12	x5b9whfzdgb		2025-05-16 17:05:19	2025-05-16 17:05:19
xp2gd7kag93	xdd2vg52ufs	柑	柑	găng	1791	3	13	x5b9whfzdgb		2025-05-16 17:05:19	2025-05-16 17:05:19
xf5ungu8czp	xsr6xy6ntez	柬	柬	gāng	1791	3	14	x5b9whfzdgb		2025-05-16 17:05:19	2025-05-16 17:05:19
xvpkx43wu34	xzm3fmcqp4w	枸	枸	gēu	1791	3	15	x5b9whfzdgb		2025-05-16 17:05:19	2025-05-16 17:05:19
xvnxjek7pwk	xkpxzzvma2d	枷	枷	già	1791	3	16	x5b9whfzdgb		2025-05-16 17:05:19	2025-05-16 17:05:19
x57jskqhw3m			柧	gŭ	1791	3	17	x5b9whfzdgb		2025-05-16 17:05:19	2025-05-16 17:05:19
x6fuhstneqz	xbt4z6gjqpk	枯	枯	gŭ	1791	3	18	x5b9whfzdgb		2025-05-16 17:05:19	2025-05-16 17:05:19
xakk7f2b4q5			柺	guāi	1791	3	19	x5b9whfzdgb		2025-05-16 17:05:19	2025-05-16 17:05:19
xge44n7455u			枵	hiĕu	1791	3	20	x5b9whfzdgb		2025-05-16 17:05:19	2025-05-16 17:05:19
x7e4fp78kjw			柎	hŭ	1791	3	21	x5b9whfzdgb		2025-05-16 17:05:19	2025-05-16 17:05:19
x6bzcer3yvs			枹	hŭ	1791	3	22	x5b9whfzdgb		2025-05-16 17:05:19	2025-05-16 17:05:19
x8744zdfb73			枹	pău	1791	3	22	x5b9whfzdgb		2025-05-16 17:05:19	2025-05-16 17:05:19
xy5bf8x4mr2			柂	ì	1792	1	1	x5b9whfzdgb		2025-05-16 17:05:19	2025-05-16 17:05:19
x3ezc8g7era	xjcajgn8u8s	柔	柔	ìu	1792	1	2	x5b9whfzdgb		2025-05-16 17:05:19	2025-05-16 17:05:19
x9hkd2zh3fr	xanxeqract3	柿	柿	kê	1792	1	3	x5b9whfzdgb		2025-05-16 17:05:19	2025-05-16 17:05:19
xh3yfwevv9m	xdfw8p2fjz9	柩	柩	kêu	1792	1	4	x5b9whfzdgb		2025-05-16 17:05:19	2025-05-16 17:05:19
xt3jt2r7utg	xzt5zyeywxa	柯	柯	kŏ̤	1792	1	5	x5b9whfzdgb		2025-05-16 17:05:19	2025-05-16 17:05:19
xcpb4d4uayg	xxhuymh3d4z	柳	柳	līu	1792	1	6	x5b9whfzdgb		2025-05-16 17:05:19	2025-05-16 17:05:19
xgeuk5sv4bn	xpv4bcv2fc9	某	某	mū	1792	1	7	x5b9whfzdgb		2025-05-16 17:05:19	2025-05-16 17:05:19
xt57w7gf54g	xbvtyzxav5f	柰	柰	nâi	1792	1	8	x5b9whfzdgb		2025-05-16 17:05:19	2025-05-16 17:05:19
x5mbg6bvmuu	xjp6ffyj3ku	柅	柅	nī	1792	1	9	x5b9whfzdgb		2025-05-16 17:05:19	2025-05-16 17:05:19
xvzr4nyk6yq			染	niēng	1792	1	10	x5b9whfzdgb		2025-05-16 17:05:19	2025-05-16 17:05:19
xz5mf8zgwey	x7vd6j2qx2u	枲	枲	sā̤	1792	1	11	x5b9whfzdgb		2025-05-16 17:05:19	2025-05-16 17:05:19
xd68yw5ve3f	xejbpnx8mfg	楪	楪	diék	1792	1	12	x5b9whfzdgb		2025-05-16 17:05:19	2025-05-16 17:05:19
xpbmwgsa5ge	xxud2wjtf9j	柝	柝	táuk	1792	1	13	x5b9whfzdgb		2025-05-16 17:05:19	2025-05-16 17:05:19
xs44fpfqrkf			𣐻	âing	1792	1	14	x5b9whfzdgb		2025-05-16 17:05:19	2025-05-16 17:05:19
x6w956ctb49	xudhkt5zy7r	案	案	áng	1792	1	15	x5b9whfzdgb		2025-05-16 17:05:19	2025-05-16 17:05:19
xgy4qjmah6t	xsw8hdz8574	桉	桉	áng	1792	1	15	x5b9whfzdgb		2025-05-16 17:05:19	2025-05-16 17:05:19
xbwavtjgp4r	xwuxpc8yeap	栢	栢	báik	1792	1	16	x5b9whfzdgb		2025-05-16 17:05:19	2025-05-16 17:05:19
xfmqumyp9e5	xwuxpc8yeap	栢	栢	báh	1792	1	16	x5b9whfzdgb		2025-05-16 17:05:19	2025-05-16 17:05:19
xwyrua9skay	x9havrdvjhb	栽	栽	căi	1792	1	17	x5b9whfzdgb		2025-05-16 17:05:19	2025-05-16 17:05:19
xw2f3szfm75	xxs75s5wkuy	栴	栴	ciĕng	1792	1	18	x5b9whfzdgb		2025-05-16 17:05:19	2025-05-16 17:05:19
xpgjcndw2fg			栖	chă̤	1792	1	19	x5b9whfzdgb		2025-05-16 17:05:19	2025-05-16 17:05:19
xdqmsa6eebx	x2mcbhgz675	栨	栨	chié	1792	1	20	x5b9whfzdgb		2025-05-16 17:05:19	2025-05-16 17:05:19
xwvzr5uc4nv			桎	dék	1792	1	21	x5b9whfzdgb		2025-05-16 17:05:19	2025-05-16 17:05:19
x7pupg9xea9	xd9uf9trxu8	桌	桌	dó̤h	1792	1	22	x5b9whfzdgb		2025-05-16 17:05:19	2025-05-16 17:05:19
x9j4ajskhx7			桐	dùng	1792	2	1	x5b9whfzdgb		2025-05-16 17:05:19	2025-05-16 17:05:19
xu3jay7s95u			桐	tŭng	1792	2	1	x5b9whfzdgb		2025-05-16 17:05:19	2025-05-16 17:05:19
x96rec9h9a7			格	gáik	1792	2	2	x5b9whfzdgb		2025-05-16 17:05:19	2025-05-16 17:05:19
x2znnncaghf			格	gáh	1792	2	2	x5b9whfzdgb		2025-05-16 17:05:19	2025-05-16 17:05:19
xp6f8bf3prk	xkx5nyyzaba	枅	枅	giĕ	1792	2	4	x5b9whfzdgb		2025-05-16 17:05:19	2025-05-16 17:05:19
x7rtmfxkmew	x2kpjsk4pff	桂	桂	gié	1792	2	5	x5b9whfzdgb		2025-05-16 17:05:19	2025-05-16 17:05:19
x5fcgjfqd4z	xferunnd525	桀	桀	giĕk	1792	2	6	x5b9whfzdgb		2025-05-16 17:05:19	2025-05-16 17:05:19
xcmkm2sm8wt			根	gŏng	1792	2	7	x5b9whfzdgb		2025-05-16 17:05:19	2025-05-16 17:05:19
xsq7j7972qq			根	gṳ̆ng	1792	2	7	x5b9whfzdgb		2025-05-16 17:05:19	2025-05-16 17:05:19
x28jyttznzu			栱	gṳ̄ng	1792	2	8	x5b9whfzdgb		2025-05-16 17:05:19	2025-05-16 17:05:19
x2msxe7v4bd			栱	gūng	1792	2	8	x5b9whfzdgb		2025-05-16 17:05:19	2025-05-16 17:05:19
x8pd88bvmdq	xhkgwvhfrq4	桄	桄	guŏng	1792	2	9	x5b9whfzdgb		2025-05-16 17:05:19	2025-05-16 17:05:19
x5q3qp8u5z3			校	hâu	1792	2	10	x5b9whfzdgb		2025-05-16 17:05:19	2025-05-16 17:05:19
xgurcmfe53w			校	gáu	1792	2	10	x5b9whfzdgb		2025-05-16 17:05:19	2025-05-16 17:05:19
xvw3mm2mrt6	xrxw22kucxs	核	核	hŏk	1792	2	11	x5b9whfzdgb		2025-05-16 17:05:19	2025-05-16 17:05:19
xq4u3e6xdyx	xqys8s53m9s	栩	栩	hṳ̄	1792	2	12	x5b9whfzdgb		2025-05-16 17:05:20	2025-05-16 17:05:20
x62m646sbz3	xjzzc2amquf	桓	桓	huàng	1792	2	13	x5b9whfzdgb		2025-05-16 17:05:20	2025-05-16 17:05:20
xx4ftxskt58			桁	hèng	1792	2	14	x5b9whfzdgb		2025-05-16 17:05:20	2025-05-16 17:05:20
x9jg374f847			桁	hòng	1792	2	14	x5b9whfzdgb		2025-05-16 17:05:20	2025-05-16 17:05:20
xarjgasax5a			桁	âung	1792	2	14	x5b9whfzdgb		2025-05-16 17:05:20	2025-05-16 17:05:20
x3prtcw258m			桁	àng	1792	2	14	x5b9whfzdgb		2025-05-16 17:05:20	2025-05-16 17:05:20
x5t33cz5585			桁	háung	1792	2	14	x5b9whfzdgb		2025-05-16 17:05:20	2025-05-16 17:05:20
xkjdnb68hkb	xacvx3t25dz	栭	栭	ì	1792	2	15	x5b9whfzdgb		2025-05-16 17:05:20	2025-05-16 17:05:20
xd9u3j52bm6			栘	iè	1792	2	16	x5b9whfzdgb		2025-05-16 17:05:20	2025-05-16 17:05:20
x6wmg298kz3	x67nkhshaeg	桕	桕	kêu	1792	2	17	x5b9whfzdgb		2025-05-16 17:05:20	2025-05-16 17:05:20
x6drujyq9cj	xzvpmv5cet9	栲	栲	kō̤	1792	2	18	x5b9whfzdgb		2025-05-16 17:05:20	2025-05-16 17:05:20
xh629t6ngd3	xevhzxssehh	栗	栗	lék	1792	2	19	x5b9whfzdgb		2025-05-16 17:05:20	2025-05-16 17:05:20
xfmrb3armu8	xevhzxssehh	栗	栗	lĭk	1792	2	19	x5b9whfzdgb		2025-05-16 17:05:20	2025-05-16 17:05:20
x64rf7hgk25	x74kjqhedpw	栵	栵	liĕk	1792	2	20	x5b9whfzdgb		2025-05-16 17:05:20	2025-05-16 17:05:20
xemkvm6u7h6	xdscdt3jn9g	栻	栻	sék	1792	2	21	x5b9whfzdgb		2025-05-16 17:05:20	2025-05-16 17:05:20
xy9e78fudz8	xefrzyssmgx	桑	桑	sŏng	1792	3	1	x5b9whfzdgb		2025-05-16 17:05:20	2025-05-16 17:05:20
xah4ftdf5tj	xbjpxugv2ek	栒	栒	sūng	1792	3	2	x5b9whfzdgb		2025-05-16 17:05:20	2025-05-16 17:05:20
xusdfyjxc6b			𣑯	tò̤	1792	3	3	x5b9whfzdgb		2025-05-16 17:05:20	2025-05-16 17:05:20
x6df2rhvjnj	x7hjjkz5nn2	桃	桃	tò̤	1792	3	3	x5b9whfzdgb		2025-05-16 17:05:20	2025-05-16 17:05:20
xm748e5vdpn			株	tṳ̆	1792	3	4	x5b9whfzdgb		2025-05-16 17:05:20	2025-05-16 17:05:20
x4p4ahmjmzz			株	dău	1792	3	4	x5b9whfzdgb		2025-05-16 17:05:20	2025-05-16 17:05:20
x3kb6pesq4f	xmtz28cs74q	桅	桅	ùi	1792	3	5	x5b9whfzdgb		2025-05-16 17:05:20	2025-05-16 17:05:20
xky56w9nwck			梹	bĭng	1792	3	6	x5b9whfzdgb		2025-05-16 17:05:20	2025-05-16 17:05:20
xcjdntehptk	x2rqb7c87jn	梆	梆	bŏng	1792	3	7	x5b9whfzdgb		2025-05-16 17:05:20	2025-05-16 17:05:20
x8m2y8jaysp	x2rqb7c87jn	梆	梆	pŏk	1792	3	7	x5b9whfzdgb		2025-05-16 17:05:20	2025-05-16 17:05:20
xrrxz8dgurt			桮	buŏi	1792	3	8	x5b9whfzdgb		2025-05-16 17:05:20	2025-05-16 17:05:20
xf2xvumzhz8	xm2f9kewpme	梖	梖	buói	1792	3	9	x5b9whfzdgb		2025-05-16 17:05:20	2025-05-16 17:05:20
xhnwd3ucc2g			㭮	cāng	1792	3	10	x5b9whfzdgb		2025-05-16 17:05:20	2025-05-16 17:05:20
x7cr4hukeuq			梔	ciĕ	1792	3	11	x5b9whfzdgb		2025-05-16 17:05:20	2025-05-16 17:05:20
x75bcm7uy6u	x66wab5eq69	梲	梲	ciók	1792	3	12	x5b9whfzdgb		2025-05-16 17:05:20	2025-05-16 17:05:20
xk39k7cftte	xu3f26jmcpn	梓	梓	cṳ̄	1792	3	13	x5b9whfzdgb		2025-05-16 17:05:20	2025-05-16 17:05:20
xceuxzfqdfn	xpg65zpshyu	條	條	dèu	1792	3	14	x5b9whfzdgb		2025-05-16 17:05:20	2025-05-16 17:05:20
x3eey8pv6dk	xpg65zpshyu	條	條	tiĕu	1792	3	14	x5b9whfzdgb		2025-05-16 17:05:20	2025-05-16 17:05:20
x366e3cuy4f	xn7w8ynehdf	梌	梌	dù	1792	3	15	x5b9whfzdgb		2025-05-16 17:05:20	2025-05-16 17:05:20
x3ng8vzejxm			桿	găng	1792	3	16	x5b9whfzdgb		2025-05-16 17:05:20	2025-05-16 17:05:20
xa64ge89pqh	xp5uyxf7xed	桷	桷	gáuk	1792	3	17	x5b9whfzdgb		2025-05-16 17:05:20	2025-05-16 17:05:20
xjqyn2kmqpb	xehg6atdy8f	梗	梗	gēng	1792	3	18	x5b9whfzdgb		2025-05-16 17:05:20	2025-05-16 17:05:20
xqtgs3xd6hr			梂	gìu	1792	3	19	x5b9whfzdgb		2025-05-16 17:05:20	2025-05-16 17:05:20
xkga99radhj	x847dma8kxe	梏	梏	gók	1792	3	20	x5b9whfzdgb		2025-05-16 17:05:20	2025-05-16 17:05:20
xpa93jzn9w8	xds7zqvuwpf	械	械	hâi	1792	3	21	x5b9whfzdgb		2025-05-16 17:05:20	2025-05-16 17:05:20
xgcsfa678f3	xskq57k5nxm	梟	梟	hiĕu	1793	1	1	x5b9whfzdgb		2025-05-16 17:05:20	2025-05-16 17:05:20
x5wfe424drz	x38bcbembrz	桴	桴	hŭ	1793	1	2	x5b9whfzdgb		2025-05-16 17:05:20	2025-05-16 17:05:20
xjqj366xdvu	x38bcbembrz	桴	桴	pèu	1793	1	2	x5b9whfzdgb		2025-05-16 17:05:20	2025-05-16 17:05:20
xmtdyqbc76a	xsy6wdz96e2	梵	梵	huáng	1793	1	3	x5b9whfzdgb		2025-05-16 17:05:20	2025-05-16 17:05:20
xwfajdd9dqn			㭨	ià	1793	1	4	x5b9whfzdgb		2025-05-16 17:05:20	2025-05-16 17:05:20
xyrhmtxfjsj	xafqxt83fa3	梨	梨	lì	1793	1	5	x5b9whfzdgb		2025-05-16 17:05:20	2025-05-16 17:05:20
xepw6yspqhu			梩	lì	1793	1	6	x5b9whfzdgb		2025-05-16 17:05:20	2025-05-16 17:05:20
xdzhe5vf3nh	xqyfxeuhzv2	梁	梁	liòng	1793	1	7	x5b9whfzdgb		2025-05-16 17:05:20	2025-05-16 17:05:20
xxhpq9f8w8j	xyvfrdmrqx5	桹	桹	lòng	1793	1	8	x5b9whfzdgb		2025-05-16 17:05:20	2025-05-16 17:05:20
xhuwnwx4ce5			梦	móng	1793	1	9	x5b9whfzdgb		2025-05-16 17:05:20	2025-05-16 17:05:20
x2r3gkn4qdm	x7csv6g4dd5	梅	梅	muòi	1793	1	10	x5b9whfzdgb		2025-05-16 17:05:20	2025-05-16 17:05:20
xdkbepxybw5	xqtje2zc98g	梧	梧	ngù	1793	1	11	x5b9whfzdgb		2025-05-16 17:05:20	2025-05-16 17:05:20
x9rmf2ksubz			梢	său	1793	1	12	x5b9whfzdgb		2025-05-16 17:05:20	2025-05-16 17:05:20
xnq8gt8u75n	xcbsranz5fp	梳	梳	sĕ̤	1793	1	13	x5b9whfzdgb		2025-05-16 17:05:20	2025-05-16 17:05:20
xf99umd8cn3	xcbsranz5fp	梳	梳	sŭ	1793	1	13	x5b9whfzdgb		2025-05-16 17:05:20	2025-05-16 17:05:20
xm5fspmddwm	xr2mw3mymas	梭	梭	sŏ̤	1793	1	14	x5b9whfzdgb		2025-05-16 17:05:20	2025-05-16 17:05:20
xuabuk5ejeh	xzd8uwpbwy2	梯	梯	tăi	1793	1	15	x5b9whfzdgb		2025-05-16 17:05:20	2025-05-16 17:05:20
xzvu4j5zq4v	xwjz4qycag6	梃	梃	tīng	1793	1	16	x5b9whfzdgb		2025-05-16 17:05:20	2025-05-16 17:05:20
xfgwf8xbb7t	x8zkuejxekx	桶	桶	tūng	1793	1	17	x5b9whfzdgb		2025-05-16 17:05:20	2025-05-16 17:05:20
xwrxsdudedx	x8zkuejxekx	桶	桶	tē̤ng	1793	1	17	x5b9whfzdgb		2025-05-16 17:05:20	2025-05-16 17:05:20
xdckprfqhsk	x8sr2znmewr	桵	桵	ŭi	1793	1	18	x5b9whfzdgb		2025-05-16 17:05:20	2025-05-16 17:05:20
xuupsdrpg24	xzwuy7y64yy	棑	棑	bà̤	1793	1	19	x5b9whfzdgb		2025-05-16 17:05:20	2025-05-16 17:05:20
xa24dt2r7t9	xzwuy7y64yy	棑	棑	bài	1793	1	19	x5b9whfzdgb		2025-05-16 17:05:20	2025-05-16 17:05:20
xwh6bhvejbs	x369f9vkec3	棚	棚	bàng	1793	1	20	x5b9whfzdgb		2025-05-16 17:05:20	2025-05-16 17:05:20
xh8e85cfwj2	x369f9vkec3	棚	棚	bùng	1793	1	20	x5b9whfzdgb		2025-05-16 17:05:20	2025-05-16 17:05:20
xp2nrzhdm7u	xn76jfbczxk	棒	棒	bâung	1793	1	21	x5b9whfzdgb		2025-05-16 17:05:20	2025-05-16 17:05:20
xs66y6v9teg			㮄	bōng	1793	1	22	x5b9whfzdgb		2025-05-16 17:05:20	2025-05-16 17:05:20
xb49n3ksmur	xf2zpexsk57	棧	棧	câng	1793	1	23	x5b9whfzdgb		2025-05-16 17:05:20	2025-05-16 17:05:20
xd3np8uryjd			棹	câu	1793	2	1	x5b9whfzdgb		2025-05-16 17:05:20	2025-05-16 17:05:20
xmc5nq9tmty			棹	dó̤h	1793	2	1	x5b9whfzdgb		2025-05-16 17:05:20	2025-05-16 17:05:20
x44erqt3yzh			棦	cĕng	1793	2	2	x5b9whfzdgb		2025-05-16 17:05:20	2025-05-16 17:05:20
xasxm966rbs			棷	cĕu	1793	2	3	x5b9whfzdgb		2025-05-16 17:05:20	2025-05-16 17:05:20
x9mra3bdfcu	xs82ffvja8k	椒	椒	ciĕu	1793	2	4	x5b9whfzdgb		2025-05-16 17:05:20	2025-05-16 17:05:20
xf7zu8b8ff5	x2xmt4zr37u	棗	棗	cō̤	1793	2	5	x5b9whfzdgb		2025-05-16 17:05:20	2025-05-16 17:05:20
xcasvpsk2a4			棕	cŭng	1793	2	6	x5b9whfzdgb		2025-05-16 17:05:20	2025-05-16 17:05:20
xdqee77hat6			棕	cĕ̤ng	1793	2	6	x5b9whfzdgb		2025-05-16 17:05:20	2025-05-16 17:05:20
xvfr34hc6j9	xkkckufkr34	棲	棲	chă̤	1793	2	7	x5b9whfzdgb		2025-05-16 17:05:20	2025-05-16 17:05:20
xh8yarb82gc	xygy2yyq9fu	椓	椓	dáuk	1793	2	8	x5b9whfzdgb		2025-05-16 17:05:20	2025-05-16 17:05:20
xt5qj8f5tw3			椗	déng	1793	2	9	x5b9whfzdgb		2025-05-16 17:05:20	2025-05-16 17:05:20
x3degc9kr49			棖	dèng	1793	2	10	x5b9whfzdgb		2025-05-16 17:05:20	2025-05-16 17:05:20
xkun7pr7ewz	xget9gt78k2	椆	椆	dìu	1793	2	11	x5b9whfzdgb		2025-05-16 17:05:20	2025-05-16 17:05:20
xzmyvnxqrz5	xh9thxdy5vz	棠	棠	dòng	1793	2	12	x5b9whfzdgb		2025-05-16 17:05:20	2025-05-16 17:05:20
x49v682nqcu			棟	dóng	1793	2	13	x5b9whfzdgb		2025-05-16 17:05:20	2025-05-16 17:05:20
xrnydw44vpj			棟	dáe̤ng	1793	2	13	x5b9whfzdgb		2025-05-16 17:05:20	2025-05-16 17:05:20
xvw6xx3d6mt	xm9m7gsj4fg	棘	棘	gék	1793	2	14	x5b9whfzdgb		2025-05-16 17:05:20	2025-05-16 17:05:20
x4a94he6yeq	xftj46anva9	棋	棋	gì	1793	2	15	x5b9whfzdgb		2025-05-16 17:05:20	2025-05-16 17:05:20
xdj889g67aw			棊	gì	1793	2	15	x5b9whfzdgb		2025-05-16 17:05:20	2025-05-16 17:05:20
xmcm7wabffp	xpsuut58vrf	棍	棍	góng	1793	2	16	x5b9whfzdgb		2025-05-16 17:05:20	2025-05-16 17:05:20
xjy2ruff32a	x5j69ynh8je	椐	椐	gṳ̆	1793	2	17	x5b9whfzdgb		2025-05-16 17:05:20	2025-05-16 17:05:20
x583jebttbu	xcgqryn7pmg	棺	棺	guăng	1793	2	18	x5b9whfzdgb		2025-05-16 17:05:20	2025-05-16 17:05:20
xp2777xdmug			椁	guóh	1793	2	19	x5b9whfzdgb		2025-05-16 17:05:20	2025-05-16 17:05:20
xtr85a58wb7	xpvbybzgh3h	㮀	㮀	hàng	1793	2	20	x5b9whfzdgb		2025-05-16 17:05:20	2025-05-16 17:05:20
xrybwg545yj	xx9qprqjs5u	棼	棼	hŭng	1793	2	21	x5b9whfzdgb		2025-05-16 17:05:20	2025-05-16 17:05:20
xwcmmy3fcaf	xhrsevc63dq	棻	棻	hŭng	1793	2	22	x5b9whfzdgb		2025-05-16 17:05:20	2025-05-16 17:05:20
x53sfs4342d			椅	iē	1793	3	1	x5b9whfzdgb		2025-05-16 17:05:20	2025-05-16 17:05:20
x24xc8psuag	x4sxxt87sjn	棄	棄	ké	1793	3	2	x5b9whfzdgb		2025-05-16 17:05:20	2025-05-16 17:05:20
xzsny3326xe	xxzcde84uav	棨	棨	kiē	1793	3	3	x5b9whfzdgb		2025-05-16 17:05:20	2025-05-16 17:05:20
xkswv2rpv2q	xkxpn29nq83	棬	棬	kuŏng	1793	3	4	x5b9whfzdgb		2025-05-16 17:05:20	2025-05-16 17:05:20
xn8fyyjdvje	x22zd64z2z7	棣	棣	lâ̤	1793	3	5	x5b9whfzdgb		2025-05-16 17:05:20	2025-05-16 17:05:20
x6z7udztqxt			棃	lì	1793	3	6	x5b9whfzdgb		2025-05-16 17:05:20	2025-05-16 17:05:20
x8yh4d8wmtp	xqepnrme7b9	棱	棱	lìng	1793	3	7	x5b9whfzdgb		2025-05-16 17:05:20	2025-05-16 17:05:20
x9s7gyb8sep	x79zww2z2sb	棉	棉	mièng	1793	3	8	x5b9whfzdgb		2025-05-16 17:05:20	2025-05-16 17:05:20
xqdp83ayrj8	xsme98djrx2	棫	棫	mĭk	1793	3	9	x5b9whfzdgb		2025-05-16 17:05:20	2025-05-16 17:05:20
x4rdmhd4spc			棐	pī	1793	3	10	x5b9whfzdgb		2025-05-16 17:05:20	2025-05-16 17:05:20
x5y7dr2dcbk	x52rsfhegua	森	森	sĕng	1793	3	11	x5b9whfzdgb		2025-05-16 17:05:20	2025-05-16 17:05:20
xuczy5wyevk	x6yrg3m382s	植	植	sĭk	1793	3	12	x5b9whfzdgb		2025-05-16 17:05:20	2025-05-16 17:05:20
xccg46x4bv2	x5hhvrr4fkj	椎	椎	tùi	1793	3	13	x5b9whfzdgb		2025-05-16 17:05:20	2025-05-16 17:05:20
xq952psxtzt	xqhrgy3gb5w	棰	棰	tùi	1793	3	14	x5b9whfzdgb		2025-05-16 17:05:20	2025-05-16 17:05:20
xzfsswfakd5			椀	uāng	1793	3	15	x5b9whfzdgb		2025-05-16 17:05:20	2025-05-16 17:05:20
x4pwqy77nqc	xzntz9ug9y3	楂	楂	că	1793	3	16	x5b9whfzdgb		2025-05-16 17:05:20	2025-05-16 17:05:20
xbb3e2c3rm6			𣕈	că	1793	3	17	x5b9whfzdgb		2025-05-16 17:05:20	2025-05-16 17:05:20
xbz9e8pgbr2	x4hv7crtwe6	楫	楫	ciék	1793	3	18	x5b9whfzdgb		2025-05-16 17:05:20	2025-05-16 17:05:20
xbm5vxkhxtp	xp2ck2pqysw	楮	楮	cṳ̄	1793	3	19	x5b9whfzdgb		2025-05-16 17:05:20	2025-05-16 17:05:20
x67q9nhxx48			椶	cŭng	1793	3	20	x5b9whfzdgb		2025-05-16 17:05:20	2025-05-16 17:05:20
xm38efkaewg			椶	cĕ̤ng	1793	3	20	x5b9whfzdgb		2025-05-16 17:05:20	2025-05-16 17:05:20
xv2tgzu32dv			楸	chĭu	1793	3	21	x5b9whfzdgb		2025-05-16 17:05:20	2025-05-16 17:05:20
xdp6s3yv2kp	xr4f98hm6bg	楚	楚	chū	1793	3	22	x5b9whfzdgb		2025-05-16 17:05:20	2025-05-16 17:05:20
x9nwtfe48t4			椿	chŭng	1793	3	23	x5b9whfzdgb		2025-05-16 17:05:20	2025-05-16 17:05:20
xk2p5zec4rk	x4csc6ykjwr	楨	楨	dĭng	1794	1	1	x5b9whfzdgb		2025-05-16 17:05:20	2025-05-16 17:05:20
xhx78e49hww			楯	dōng	1794	1	2	x5b9whfzdgb		2025-05-16 17:05:20	2025-05-16 17:05:20
xgquctfcsmx	xm5n5jjswkn	極	極	gĭk	1794	1	3	x5b9whfzdgb		2025-05-16 17:05:20	2025-05-16 17:05:20
xv9uugw5t2w			椷	hàng	1794	1	4	x5b9whfzdgb		2025-05-16 17:05:20	2025-05-16 17:05:20
x8a6ds7ep79			楅	hók	1794	1	5	x5b9whfzdgb		2025-05-16 17:05:20	2025-05-16 17:05:20
xuetbh3h2mf	xrj33raudb8	楜	楜	hù	1794	1	6	x5b9whfzdgb		2025-05-16 17:05:20	2025-05-16 17:05:20
xv8u2h736bz	xdpjpdygk8b	楓	楓	hŭng	1794	1	7	x5b9whfzdgb		2025-05-16 17:05:20	2025-05-16 17:05:20
xu9c8bqngbm	xpje86tuvs6	椸	椸	ì	1794	1	8	x5b9whfzdgb		2025-05-16 17:05:20	2025-05-16 17:05:20
xxgu9aut6zh	x7bx4hhsfys	椰	椰	ià	1794	1	9	x5b9whfzdgb		2025-05-16 17:05:20	2025-05-16 17:05:20
xeg4hpuz9j7	xfkfap25f3m	楹	楹	ìng	1794	1	10	x5b9whfzdgb		2025-05-16 17:05:20	2025-05-16 17:05:20
xwksrjzxesq	xktehe6qbsn	楊	楊	iòng	1794	1	11	x5b9whfzdgb		2025-05-16 17:05:20	2025-05-16 17:05:20
xzczy4gsphm	xgjpg5ph6j9	楷	楷	kāi	1794	1	12	x5b9whfzdgb		2025-05-16 17:05:20	2025-05-16 17:05:20
x538jkpzygj	xxxj9dkrnrj	楻	楻	kuòng	1794	1	13	x5b9whfzdgb		2025-05-16 17:05:20	2025-05-16 17:05:20
xg563wch7xr	xysaxnh2x53	楝	楝	liêng	1794	1	14	x5b9whfzdgb		2025-05-16 17:05:20	2025-05-16 17:05:20
x6wp9384b2r			楞	lìng	1794	1	15	x5b9whfzdgb		2025-05-16 17:05:20	2025-05-16 17:05:20
xemm43tqcyr	xjq7max365w	楣	楣	mì	1794	1	16	x5b9whfzdgb		2025-05-16 17:05:20	2025-05-16 17:05:20
xcyeru64dfd	xx9ytqb3t68	楘	楘	mŭk	1794	1	17	x5b9whfzdgb		2025-05-16 17:05:20	2025-05-16 17:05:20
xc22n33fn47	xvxxu9953b8	楠	楠	nàng	1794	1	18	x5b9whfzdgb		2025-05-16 17:05:20	2025-05-16 17:05:20
x7w62pve2yg	xamxbgqjt9j	業	業	ngiĕk	1794	1	19	x5b9whfzdgb		2025-05-16 17:05:20	2025-05-16 17:05:20
x8yft68r29x	xv9xuvtt4vq	楔	楔	siék	1794	1	21	x5b9whfzdgb		2025-05-16 17:05:20	2025-05-16 17:05:20
x95fxawhwu3	xvx9tmmwqcp	楒	楒	sṳ̆	1794	1	22	x5b9whfzdgb		2025-05-16 17:05:20	2025-05-16 17:05:20
xj4u2snhbcw	x2n63efcg9k	椽	椽	tuòng	1794	1	23	x5b9whfzdgb	原書有誤，已更正	2025-05-16 17:05:20	2025-05-16 17:05:20
x7aacwd2egm	xz3bhpkdr66	榆	榆	ṳ̀	1794	2	1	x5b9whfzdgb		2025-05-16 17:05:20	2025-05-16 17:05:20
x5y6hcc2j6m			楰	ṳ̀	1794	2	2	x5b9whfzdgb		2025-05-16 17:05:20	2025-05-16 17:05:20
xrpgu8ynxt4	x4nj4webqt3	椳	椳	uŏi	1794	2	3	x5b9whfzdgb		2025-05-16 17:05:20	2025-05-16 17:05:20
xmj2f7xwpvr	xwd2tax43qy	榜	榜	bōng	1794	2	4	x5b9whfzdgb		2025-05-16 17:05:20	2025-05-16 17:05:20
xsmyagxyy3n	xwd2tax43qy	榜	榜	pàng	1794	2	4	x5b9whfzdgb		2025-05-16 17:05:20	2025-05-16 17:05:20
xbk85v3a7r3	x7z86vfca5v	槃	槃	buàng	1794	2	5	x5b9whfzdgb		2025-05-16 17:05:20	2025-05-16 17:05:20
xhnecmtysmc	xrjmkx5skpj	槎	槎	că	1794	2	6	x5b9whfzdgb		2025-05-16 17:05:20	2025-05-16 17:05:20
xu2zmxgdnud			榨	cá	1794	2	7	x5b9whfzdgb		2025-05-16 17:05:20	2025-05-16 17:05:20
xqeap7k7xe2	xvqj62vg6xp	榛	榛	cĕng	1794	2	8	x5b9whfzdgb		2025-05-16 17:05:20	2025-05-16 17:05:20
xa373hpr3nh	xtv7v5n9jer	榫	榫	cūng	1794	2	9	x5b9whfzdgb		2025-05-16 17:05:20	2025-05-16 17:05:20
xdvt3j7dgkc			𣗬	chéu	1794	2	10	x5b9whfzdgb		2025-05-16 17:05:20	2025-05-16 17:05:20
x3yfuv5jc6q	xk6tsdynkjw	槍	槍	chiŏng	1794	2	11	x5b9whfzdgb		2025-05-16 17:05:20	2025-05-16 17:05:20
xzq5rsr63gu			構	gáiu	1794	2	12	x5b9whfzdgb		2025-05-16 17:05:20	2025-05-16 17:05:20
xjtkmx2wnvy			榦	gáng	1794	2	13	x5b9whfzdgb		2025-05-16 17:05:20	2025-05-16 17:05:20
x57s3namrkk	xsx73tkx622	榾	榾	gáuk	1794	2	14	x5b9whfzdgb		2025-05-16 17:05:20	2025-05-16 17:05:20
xhzkmxnc3hp			槓	gáung	1794	2	15	x5b9whfzdgb		2025-05-16 17:05:20	2025-05-16 17:05:20
xy3q3xktung			槀	gō̤	1794	2	16	x5b9whfzdgb		2025-05-16 17:05:20	2025-05-16 17:05:20
x5s2ssxr4gh	x69hndf4y6r	槁	槁	gō̤	1794	2	17	x5b9whfzdgb		2025-05-16 17:05:20	2025-05-16 17:05:20
xjk7fah946y			𣖻	hāi	1794	2	18	x5b9whfzdgb		2025-05-16 17:05:20	2025-05-16 17:05:20
xsg4vgu2qwr	xvuta9rd7s5	槐	槐	huài	1794	2	19	x5b9whfzdgb		2025-05-16 17:05:20	2025-05-16 17:05:20
xykmfd7p3c6	xvuta9rd7s5	槐	槐	huà	1794	2	19	x5b9whfzdgb		2025-05-16 17:05:20	2025-05-16 17:05:20
xg3kjzzkqk3	xjszzp8egfq	榮	榮	ìng	1794	2	20	x5b9whfzdgb		2025-05-16 17:05:20	2025-05-16 17:05:20
xk8bsrd5cwq	xqu5tr8nca5	榷	榷	káuk	1794	2	21	x5b9whfzdgb		2025-05-16 17:05:20	2025-05-16 17:05:20
x752dbt4s7p	xgpnu2cms47	榴	榴	lìu	1794	2	22	x5b9whfzdgb		2025-05-16 17:05:20	2025-05-16 17:05:20
xs65d8pseq9	xukdke6kamb	榔	榔	lòng	1794	2	23	x5b9whfzdgb		2025-05-16 17:05:20	2025-05-16 17:05:20
x7hyefmk4qq	xt4ung6besx	榠	榠	mìng	1794	3	1	x5b9whfzdgb		2025-05-16 17:05:20	2025-05-16 17:05:20
x633g46mg6c	x7azvm9vs3q	榧	榧	pī	1794	3	2	x5b9whfzdgb		2025-05-16 17:05:20	2025-05-16 17:05:20
xtppmbdt9e4	xwp9ng6cjup	槊	槊	sáuk	1794	3	3	x5b9whfzdgb		2025-05-16 17:05:20	2025-05-16 17:05:20
xz2bj97c55s			𣗳	sê̤ṳ	1794	3	4	x5b9whfzdgb		2025-05-16 17:05:20	2025-05-16 17:05:20
xc7kquen8mc			𡬾	sê̤ṳ	1794	3	4	x5b9whfzdgb		2025-05-16 17:05:20	2025-05-16 17:05:20
xnb96bjzvkd	xysy26fyjc5	榭	榭	siâ	1794	3	5	x5b9whfzdgb		2025-05-16 17:05:20	2025-05-16 17:05:20
xw74gca653c	x3pdvgb3knd	榱	榱	sŏi	1794	3	6	x5b9whfzdgb		2025-05-16 17:05:20	2025-05-16 17:05:20
xjf9syd9hms	xeq3k8c5k2f	榻	榻	ták	1794	3	7	x5b9whfzdgb		2025-05-16 17:05:20	2025-05-16 17:05:20
xntdjmwpx6j	xyay2gmask3	槌	槌	tùi	1794	3	8	x5b9whfzdgb		2025-05-16 17:05:20	2025-05-16 17:05:20
xsgejny8brj			榕	ṳ̀ng	1794	3	9	x5b9whfzdgb		2025-05-16 17:05:20	2025-05-16 17:05:20
xh6rh97s2vr			榕	sṳ̀ng	1794	3	9	x5b9whfzdgb		2025-05-16 17:05:20	2025-05-16 17:05:20
x23ep3ss49c	xkvy73jkkw6	標	標	biĕu	1794	3	10	x5b9whfzdgb		2025-05-16 17:05:20	2025-05-16 17:05:20
xamd8e9gtdd			樝	că	1794	3	11	x5b9whfzdgb		2025-05-16 17:05:20	2025-05-16 17:05:20
xtx3epq97mw	xt8hvapwr7y	樜	樜	ciá	1794	3	12	x5b9whfzdgb		2025-05-16 17:05:20	2025-05-16 17:05:20
xasb4f569xd	xwmgbmg3zq8	樟	樟	ciŏng	1794	3	13	x5b9whfzdgb		2025-05-16 17:05:20	2025-05-16 17:05:20
xfjce67u5u3	xqbqb9vab4m	槳	槳	ciōng	1794	3	14	x5b9whfzdgb		2025-05-16 17:05:20	2025-05-16 17:05:20
xe3kpk55nmx			㯍	ciōng	1794	3	14	x5b9whfzdgb		2025-05-16 17:05:20	2025-05-16 17:05:20
xmgk336yzch			槽	cò̤	1794	3	15	x5b9whfzdgb		2025-05-16 17:05:20	2025-05-16 17:05:20
xgfvk4ytsgh			槽	sò̤	1794	3	15	x5b9whfzdgb		2025-05-16 17:05:20	2025-05-16 17:05:20
xzye4e7a44n	xejncejzvh7	樅	樅	cŭng	1794	3	16	x5b9whfzdgb		2025-05-16 17:05:20	2025-05-16 17:05:20
xvv4mbchgan	xh78rfvf3xs	樁	樁	cŏng	1794	3	17	x5b9whfzdgb		2025-05-16 17:05:20	2025-05-16 17:05:20
xg3eqzaqet4			槧	chiéng	1794	3	18	x5b9whfzdgb		2025-05-16 17:05:20	2025-05-16 17:05:20
xgz8c8fw5un			槧	ciēng	1794	3	18	x5b9whfzdgb		2025-05-16 17:05:20	2025-05-16 17:05:20
xhv3y3zrqt8			槿	gê̤ṳng	1794	3	19	x5b9whfzdgb		2025-05-16 17:05:20	2025-05-16 17:05:20
x65yf7kd9mv	xfca59ehq2y	樛	樛	gìu	1794	3	20	x5b9whfzdgb		2025-05-16 17:05:20	2025-05-16 17:05:20
xanpyzc2z42	x76jak2mj6y	槨	槨	guóh	1794	3	21	x5b9whfzdgb		2025-05-16 17:05:20	2025-05-16 17:05:20
xjctexzf862	xtw7kfex3tc	樊	樊	huàng	1794	3	22	x5b9whfzdgb		2025-05-16 17:05:20	2025-05-16 17:05:20
xcdw3n5wybm	xf4vvxcbx7f	樣	樣	iông	1794	3	23	x5b9whfzdgb		2025-05-16 17:05:20	2025-05-16 17:05:20
xrwq6tdevqz			槩	kái	1795	1	1	x5b9whfzdgb		2025-05-16 17:05:20	2025-05-16 17:05:20
x637bmtrgqg			槪	kái	1795	1	1	x5b9whfzdgb		2025-05-16 17:05:20	2025-05-16 17:05:20
xxrx2wmfzh9			樞	kṳ̆	1795	1	2	x5b9whfzdgb		2025-05-16 17:05:20	2025-05-16 17:05:20
x5fnjfmjdyv			樓	lèu	1795	1	3	x5b9whfzdgb		2025-05-16 17:05:20	2025-05-16 17:05:20
xfszwn6ncp4			樓	làu	1795	1	3	x5b9whfzdgb		2025-05-16 17:05:20	2025-05-16 17:05:20
xzd6vs32eyq	xa68tvhcxpc	樑	樑	liòng	1795	1	4	x5b9whfzdgb		2025-05-16 17:05:20	2025-05-16 17:05:20
xj56j75r7j5			樂	lŏk	1795	1	5	x5b9whfzdgb		2025-05-16 17:05:20	2025-05-16 17:05:20
xhgztsf9qm6			樂	ngŏk	1795	1	5	x5b9whfzdgb		2025-05-16 17:05:20	2025-05-16 17:05:20
x5n4sggqxwh	xudntzyghs8	椹	椹	sêng	1794	1	20	x5b9whfzdgb		2026-04-09 14:15:45	2025-05-16 17:05:20
xz77wwcubwn			樂	ngâu	1795	1	5	x5b9whfzdgb		2025-05-16 17:05:20	2025-05-16 17:05:20
xgnhnn7ntc6			模	muò	1795	1	6	x5b9whfzdgb		2025-05-16 17:05:20	2025-05-16 17:05:20
xgkaycycemu			槮	sĕng	1795	1	7	x5b9whfzdgb		2025-05-16 17:05:20	2025-05-16 17:05:20
x7sqe52kqrr			槢	sĭk	1795	1	8	x5b9whfzdgb		2025-05-16 17:05:20	2025-05-16 17:05:20
xyk3qccjqtb	x9zjmhw64ae	樕	樕	sók	1795	1	9	x5b9whfzdgb		2025-05-16 17:05:20	2025-05-16 17:05:20
x9x6nju4dat	xupsbdzk4kd	樗	樗	ṳ̀	1795	1	10	x5b9whfzdgb		2025-05-16 17:05:20	2025-05-16 17:05:20
x8yz9mymjgc			橧	cĕng	1795	1	11	x5b9whfzdgb		2025-05-16 17:05:20	2025-05-16 17:05:20
xnu4kgz9eca	xfdar2at7m8	橙	橙	cèng	1795	1	12	x5b9whfzdgb		2025-05-16 17:05:20	2025-05-16 17:05:20
xcf66kbzx2f			樵	cièu	1795	1	13	x5b9whfzdgb		2025-05-16 17:05:20	2025-05-16 17:05:20
xg3vaezbzd9	x94pc9ututc	樽	樽	cŏng	1795	1	14	x5b9whfzdgb		2025-05-16 17:05:20	2025-05-16 17:05:20
x8sskxhyenq			樷	cùng	1795	1	15	x5b9whfzdgb		2025-05-16 17:05:20	2025-05-16 17:05:20
xy25dmwsn4r			橕	chĕng	1795	1	16	x5b9whfzdgb		2025-05-16 17:05:20	2025-05-16 17:05:20
xqn8m2kc3t9			橱	dìu	1795	1	17	x5b9whfzdgb		2025-05-16 17:05:20	2025-05-16 17:05:20
x8nc5e4newk	x3yhx9xxfsz	橦	橦	dùng	1795	1	18	x5b9whfzdgb		2025-05-16 17:05:20	2025-05-16 17:05:20
xvj8xf6828c			橺	găng	1795	1	19	x5b9whfzdgb		2025-05-16 17:05:20	2025-05-16 17:05:20
xjd394fx775	xwkv232zhu5	橄	橄	gāng	1795	1	20	x5b9whfzdgb		2025-05-16 17:05:20	2025-05-16 17:05:20
xwdkxz6drtf	xcmvk9fqh7a	橘	橘	gék	1795	1	21	x5b9whfzdgb		2025-05-16 17:05:20	2025-05-16 17:05:20
xbccatvwgw4	xkcbthyxsrs	機	機	gĭ	1795	1	22	x5b9whfzdgb		2025-05-16 17:05:20	2025-05-16 17:05:20
xvtbfntjfjz	xtcs9cfbg36	橋	橋	gièu	1795	1	23	x5b9whfzdgb		2025-05-16 17:05:20	2025-05-16 17:05:20
xcp5spec9gt	xtcs9cfbg36	橋	橋	giò	1795	1	23	x5b9whfzdgb		2025-05-16 17:05:20	2025-05-16 17:05:20
xdfk9wba2zr			槹	gŏ̤	1795	2	1	x5b9whfzdgb		2025-05-16 17:05:20	2025-05-16 17:05:20
xdjfsm94t98			橫	huàng	1795	2	2	x5b9whfzdgb		2025-05-16 17:05:20	2025-05-16 17:05:20
x6n5hajtu3t			橫	háing	1795	2	2	x5b9whfzdgb		2025-05-16 17:05:20	2025-05-16 17:05:20
xfhmeng49wr	x9942v84xx7	樺	樺	huà	1795	2	3	x5b9whfzdgb		2025-05-16 17:05:20	2025-05-16 17:05:20
xx4u7j8hyhf	xwte4q86ysg	橛	橛	kuók	1795	2	4	x5b9whfzdgb		2025-05-16 17:05:20	2025-05-16 17:05:20
xjhb95sxv6r	xwte4q86ysg	橛	橛	kuŏk	1795	2	4	x5b9whfzdgb		2025-05-16 17:05:20	2025-05-16 17:05:20
xrd78c5qnxm	xxhrbaef8mt	樶	樶	lŏi	1795	2	5	x5b9whfzdgb		2025-05-16 17:05:20	2025-05-16 17:05:20
xf2zamf68m6	x3p2dnuknw7	橈	橈	nàu	1795	2	6	x5b9whfzdgb		2025-05-16 17:05:20	2025-05-16 17:05:20
xb3edyh2wn2	x3p2dnuknw7	橈	橈	ngièu	1795	2	6	x5b9whfzdgb		2025-05-16 17:05:20	2025-05-16 17:05:20
x2y7x9x3n3g	xb4cu25ku5h	樲	樲	nê	1795	2	7	x5b9whfzdgb		2025-05-16 17:05:20	2025-05-16 17:05:20
xs7ntw4uqgk			𣚇	páu	1795	2	8	x5b9whfzdgb		2025-05-16 17:05:20	2025-05-16 17:05:20
xcfp42z5cpq			𣚇	pâu	1795	2	8	x5b9whfzdgb		2025-05-16 17:05:20	2025-05-16 17:05:20
xmex9cf5yp9			樸	páuk	1795	2	9	x5b9whfzdgb		2025-05-16 17:05:20	2025-05-16 17:05:20
xxe4ys33y9x			樹	sê̤ṳ	1795	2	10	x5b9whfzdgb		2025-05-16 17:05:20	2025-05-16 17:05:20
xesqun8rghj	x3tqsrnumnk	𣛮	𣛮	siâng	1795	2	11	x5b9whfzdgb		2025-05-16 17:05:20	2025-05-16 17:05:20
xrbyp8d9gea	x69unfph7tb	橓	橓	sóng	1795	2	12	x5b9whfzdgb		2025-05-16 17:05:20	2025-05-16 17:05:20
xy5dfbwueku			𣚽	tá̤	1795	2	13	x5b9whfzdgb		2025-05-16 17:05:20	2025-05-16 17:05:20
xu37qaqtumz			㯓	ták	1795	2	14	x5b9whfzdgb		2025-05-16 17:05:20	2025-05-16 17:05:20
xeh3gavkq73			橐	táuk	1795	2	15	x5b9whfzdgb		2025-05-16 17:05:20	2025-05-16 17:05:20
xesgtz27yuz			㰐	tuō	1795	2	16	x5b9whfzdgb	原書有誤，已更正	2025-05-16 17:05:20	2025-05-16 17:05:20
xez8272hkwk			樾	uŏk	1795	2	17	x5b9whfzdgb		2025-05-16 17:05:20	2025-05-16 17:05:20
xk4ez6eb5vr			檇	cŭi	1795	2	18	x5b9whfzdgb		2025-05-16 17:05:20	2025-05-16 17:05:20
xbh3jahxs9x	x5qadrawpuh	檣	檣	chiòng	1795	2	19	x5b9whfzdgb		2025-05-16 17:05:20	2025-05-16 17:05:20
x52m82tr6js			檀	tàng	1795	2	20	x5b9whfzdgb		2025-05-16 17:05:20	2025-05-16 17:05:20
x9zhheb8cyd	xzkjwqxht5c	檔	檔	dŏng	1795	2	21	x5b9whfzdgb		2025-05-16 17:05:20	2025-05-16 17:05:20
x3s993pkxgy	xzkjwqxht5c	檔	檔	dáung	1795	2	21	x5b9whfzdgb		2025-05-16 17:05:20	2025-05-16 17:05:20
xgzvnarsbtm			檍	é	1795	2	22	x5b9whfzdgb		2025-05-16 17:05:20	2025-05-16 17:05:20
xn23ara8nkd	xp4m2kspqwj	檟	檟	gá	1795	2	23	x5b9whfzdgb		2025-05-16 17:05:20	2025-05-16 17:05:20
xjdgp772wxy	xv728wvvqrn	檢	檢	giēng	1795	3	1	x5b9whfzdgb		2025-05-16 17:05:20	2025-05-16 17:05:20
xpe4qvp7k7p	xumgrsqtw27	檠	檠	gĭng	1795	3	2	x5b9whfzdgb		2025-05-16 17:05:20	2025-05-16 17:05:20
xb2untjfkv7	xwap7zbuq8v	橿	橿	giŏng	1795	3	3	x5b9whfzdgb		2025-05-16 17:05:20	2025-05-16 17:05:20
xucxmmhcwsf	xhj5y5kazvr	檜	檜	guói	1795	3	4	x5b9whfzdgb		2025-05-16 17:05:20	2025-05-16 17:05:20
xmt5ceud6s8	x9kewsw7679	檄	檄	kĭk	1795	3	5	x5b9whfzdgb		2025-05-16 17:05:20	2025-05-16 17:05:20
xqkjvrc6s8f	xkpz7rej54e	檎	檎	kìng	1795	3	6	x5b9whfzdgb		2025-05-16 17:05:20	2025-05-16 17:05:20
xzarxxebmzp	xq9uu4m92kb	檛	檛	kuŏ	1795	3	7	x5b9whfzdgb		2025-05-16 17:05:20	2025-05-16 17:05:20
xubgpewfge2	xqvtpg5654r	檐	檐	sièng	1795	3	8	x5b9whfzdgb		2025-05-16 17:05:20	2025-05-16 17:05:20
xsydjuezhfs	xqvtpg5654r	檐	檐	sìng	1795	3	8	x5b9whfzdgb		2025-05-16 17:05:20	2025-05-16 17:05:20
x3h8acntkay	xzax6j68w65	檉	檉	tĭng	1795	3	9	x5b9whfzdgb		2025-05-16 17:05:20	2025-05-16 17:05:20
xr3g9hf7px8	xcbtqpqzxp2	檃	檃	ṳ̄ng	1795	3	10	x5b9whfzdgb		2025-05-16 17:05:20	2025-05-16 17:05:20
x829uakphza			㯽	bĭng	1795	3	11	x5b9whfzdgb		2025-05-16 17:05:20	2025-05-16 17:05:20
xjyckxkdt7j			櫂	câu	1795	3	12	x5b9whfzdgb		2025-05-16 17:05:20	2025-05-16 17:05:20
x3h3xdy6ugb			櫈	dáing	1795	3	14	x5b9whfzdgb		2025-05-16 17:05:20	2025-05-16 17:05:20
x7qftj6k6yd	x3zbxndex9e	檮	檮	dò̤	1795	3	15	x5b9whfzdgb		2025-05-16 17:05:20	2025-05-16 17:05:20
xwhkhyzt3fr	xmwvaw36y3b	櫃	櫃	gôi	1795	3	16	x5b9whfzdgb		2025-05-16 17:05:20	2025-05-16 17:05:20
xfhgtj8zpyk	xkgejbnymyv	檻	檻	kāng	1795	3	17	x5b9whfzdgb		2025-05-16 17:05:20	2025-05-16 17:05:20
xj7v7hwsnyx	xexmxzvgvcp	檬	檬	mùng	1795	3	18	x5b9whfzdgb		2025-05-16 17:05:20	2025-05-16 17:05:20
xq22pru42ca	xnhzta45der	檸	檸	nìng	1795	3	19	x5b9whfzdgb		2025-05-16 17:05:21	2025-05-16 17:05:21
xbyru7r5nb7			櫛	ciék	1795	3	20	x5b9whfzdgb		2025-05-16 17:05:21	2025-05-16 17:05:21
x7p9tgd7hex	xbq4knjxg48	櫝	櫝	dŭk	1795	3	21	x5b9whfzdgb		2025-05-16 17:05:21	2025-05-16 17:05:21
xpk6rguevgb	xtpmj9k6eb8	櫜	櫜	gŏ̤	1795	3	22	x5b9whfzdgb		2025-05-16 17:05:21	2025-05-16 17:05:21
xeyn6zr8t6t	xhkbdt2ukva	櫞	櫞	iòng	1795	3	23	x5b9whfzdgb		2025-05-16 17:05:21	2025-05-16 17:05:21
xr8um6psruk	xkwnsrgfaj6	櫟	櫟	lĭk	1796	1	1	x5b9whfzdgb		2025-05-16 17:05:21	2025-05-16 17:05:21
xys4ksbjmhh			櫓	lū	1796	1	2	x5b9whfzdgb		2025-05-16 17:05:21	2025-05-16 17:05:21
xsj2n83g5gw	xet5683qbk3	櫚	櫚	lṳ̀	1796	1	3	x5b9whfzdgb		2025-05-16 17:05:21	2025-05-16 17:05:21
xey9bpszf3f			㰋	bìng	1796	1	4	x5b9whfzdgb		2025-05-16 17:05:21	2025-05-16 17:05:21
xspavjhwa2d	x2svptnq849	櫬	櫬	cháing	1796	1	5	x5b9whfzdgb		2025-05-16 17:05:21	2025-05-16 17:05:21
x3r3s5v5tv9	xkvc9qq99e5	櫪	櫪	lĭk	1796	1	6	x5b9whfzdgb		2025-05-16 17:05:21	2025-05-16 17:05:21
xmxmt7g8b8b	xb2te3bff2f	櫨	櫨	lù	1796	1	7	x5b9whfzdgb		2025-05-16 17:05:21	2025-05-16 17:05:21
x35dfq3va6p			櫳	lùng	1796	1	8	x5b9whfzdgb		2025-05-16 17:05:21	2025-05-16 17:05:21
xsbatye6qch			櫳	lè̤ng	1796	1	8	x5b9whfzdgb		2025-05-16 17:05:21	2025-05-16 17:05:21
x4u9ug2ksj9			欃	càng	1796	1	9	x5b9whfzdgb		2025-05-16 17:05:21	2025-05-16 17:05:21
xf4txjmfqzy			櫻	ĕng	1796	1	10	x5b9whfzdgb		2025-05-16 17:05:21	2025-05-16 17:05:21
xc7j7y7djjf	xvgv825una3	欖	欖	lāng	1796	1	11	x5b9whfzdgb		2025-05-16 17:05:21	2025-05-16 17:05:21
xqhgx24eax6	x2b4zfvjrtk	欄	欄	làng	1796	1	12	x5b9whfzdgb		2025-05-16 17:05:21	2025-05-16 17:05:21
xz9mdheuz78	x8wfzmf3wrt	櫺	櫺	lìng	1796	1	13	x5b9whfzdgb		2025-05-16 17:05:21	2025-05-16 17:05:21
x9d9w5q2mzx	x88mtrgqmu2	權	權	guòng	1796	1	14	x5b9whfzdgb		2025-05-16 17:05:21	2025-05-16 17:05:21
xycmbhcasgp	xgjjvvrvfyy	欏	欏	lò̤	1796	1	15	x5b9whfzdgb		2025-05-16 17:05:21	2025-05-16 17:05:21
x9gj6vwjapj	x3ate97gn3u	欒	欒	luàng	1796	1	16	x5b9whfzdgb		2025-05-16 17:05:21	2025-05-16 17:05:21
xwdafjm6js2			欝	ók	1796	1	17	x5b9whfzdgb		2025-05-16 17:05:21	2025-05-16 17:05:21
x6dsskhjjsy	xx7x88wx8qm	欠	欠	kiéng	1796	1	18	x72tvejcyxn		2025-05-16 17:05:21	2025-05-16 17:05:21
xfzabu3wufs	xgkqy7je8pt	次	次	ché̤ṳ	1796	1	19	x72tvejcyxn		2025-05-16 17:05:21	2025-05-16 17:05:21
xr9j57x3566	x5435kecp6f	欣	欣	hṳ̆ng	1796	1	20	x72tvejcyxn		2025-05-16 17:05:21	2025-05-16 17:05:21
xuabb5etcp6	xk7ra65kcbf	𣢯	𣢯	guăk	1796	1	21	x72tvejcyxn		2025-05-16 17:05:21	2025-05-16 17:05:21
x53rffftcns	xz9swxp6wb5	欬	欬	kái	1796	1	22	x72tvejcyxn		2025-05-16 17:05:21	2025-05-16 17:05:21
xpx889cewrw	xz9swxp6wb5	欬	欬	kâe̤ng	1796	1	22	x72tvejcyxn		2025-05-16 17:05:21	2025-05-16 17:05:21
x67hmxsderv	xgqkpxctyj9	欸	欸	ăi	1796	2	1	x72tvejcyxn		2025-05-16 17:05:21	2025-05-16 17:05:21
xvcn92xprjv	xgqkpxctyj9	欸	欸	ái	1796	2	1	x72tvejcyxn		2025-05-16 17:05:21	2025-05-16 17:05:21
xb5zc69hwkn	xmcdj92bzsn	欷	欷	hĭ	1796	2	2	x72tvejcyxn		2025-05-16 17:05:21	2025-05-16 17:05:21
xh8chj53rrv			欵	kuāng	1796	2	3	x72tvejcyxn		2025-05-16 17:05:21	2025-05-16 17:05:21
xga7ph4sre5	xk943uugtff	欲	欲	ṳ̆k	1796	2	4	x72tvejcyxn		2025-05-16 17:05:21	2025-05-16 17:05:21
xjbsxxhq8qy	xk943uugtff	欲	欲	ó̤i	1796	2	4	x72tvejcyxn		2025-05-16 17:05:21	2025-05-16 17:05:21
xsy9ud3vhv7	xsn7cb737m9	欻	欻	huók	1796	2	5	x72tvejcyxn		2025-05-16 17:05:21	2025-05-16 17:05:21
xqtkd7rvnuy	xm3w268s8wu	欿	欿	kāng	1796	2	6	x72tvejcyxn		2025-05-16 17:05:21	2025-05-16 17:05:21
xa2j5ftax2d	xvcce432wz9	欹	欹	kĭ	1796	2	7	x72tvejcyxn		2025-05-16 17:05:21	2025-05-16 17:05:21
xmac7ckm94n			欺	kĭ	1796	2	8	x72tvejcyxn		2025-05-16 17:05:21	2025-05-16 17:05:21
xssnfq3gpk2	x3fkeyfrzn9	欽	欽	kĭng	1796	2	9	x72tvejcyxn		2025-05-16 17:05:21	2025-05-16 17:05:21
x5rbc52rdn6	x4rj6z9pyyd	款	款	kuāng	1796	2	10	x72tvejcyxn		2025-05-16 17:05:21	2025-05-16 17:05:21
xdjhusf5uy6	xkssknjt9qu	歃	歃	chák	1796	2	11	x72tvejcyxn		2025-05-16 17:05:21	2025-05-16 17:05:21
xn72zp68dy4			歆	hĭng	1796	2	12	x72tvejcyxn		2025-05-16 17:05:21	2025-05-16 17:05:21
xs93g6r7qrx	x87pq6cesc2	歇	歇	hiók	1796	2	13	x72tvejcyxn		2025-05-16 17:05:21	2025-05-16 17:05:21
x7jdzbwsp33	xcj9rzajmeu	歌	歌	gŏ̤	1796	2	14	x72tvejcyxn		2025-05-16 17:05:21	2025-05-16 17:05:21
xjbsc38n3a3			歉	kiék	1796	2	15	x72tvejcyxn		2025-05-16 17:05:21	2025-05-16 17:05:21
xbpxmccajq8	xvgmnx4u3sb	歐	歐	ĕu	1796	2	16	x72tvejcyxn		2025-05-16 17:05:21	2025-05-16 17:05:21
xjg65p88uhs			歎	táng	1796	2	17	x72tvejcyxn		2025-05-16 17:05:21	2025-05-16 17:05:21
xwbajvkvb9r	xg8yam7yc4x	歙	歙	hék	1796	2	18	x72tvejcyxn		2025-05-16 17:05:21	2025-05-16 17:05:21
x5zs4asm7vu	xnawt6yx5nk	歔	歔	hṳ̆	1796	2	19	x72tvejcyxn		2025-05-16 17:05:21	2025-05-16 17:05:21
xbkknxbrgnw	xjw3emagz6e	歜	歜	ché̤ṳk	1796	2	20	x72tvejcyxn		2025-05-16 17:05:21	2025-05-16 17:05:21
xrajahbnva7	xj7bkg65mgq	歞	歞	ngâung	1796	2	21	x72tvejcyxn		2025-05-16 17:05:21	2025-05-16 17:05:21
xycxuahuzz9	xmbx3payzu4	歟	歟	ṳ̀	1796	2	22	x72tvejcyxn		2025-05-16 17:05:21	2025-05-16 17:05:21
xx7a7cknvwf			歠	chuók	1796	2	23	x72tvejcyxn	原書有誤，已更正	2025-05-16 17:05:21	2025-05-16 17:05:21
xd6rxr9cc2u			歠	cuók	1796	2	23	x72tvejcyxn		2025-05-16 17:05:21	2025-05-16 17:05:21
xgx4ffnhwhb	x7tcau9d4pw	歡	歡	huăng	1796	3	1	x72tvejcyxn		2025-05-16 17:05:21	2025-05-16 17:05:21
xmp29qx8g6e	xfhr7begcup	止	止	cī	1796	3	2	x98wrb352bk		2025-05-16 17:05:21	2025-05-16 17:05:21
xrrm4egku73			正	céng	1796	3	3	x98wrb352bk		2025-05-16 17:05:21	2025-05-16 17:05:21
xmmmwz6btmy			正	ciáng	1796	3	3	x98wrb352bk		2025-05-16 17:05:21	2025-05-16 17:05:21
xtettkm563b			正	cĭng	1796	3	3	x98wrb352bk		2025-05-16 17:05:21	2025-05-16 17:05:21
x9azwwnqdnh			正	ciăng	1796	3	3	x98wrb352bk		2025-05-16 17:05:21	2025-05-16 17:05:21
xnkax5bs2ya	xhannbk7n4h	此	此	chṳ̄	1796	3	4	x98wrb352bk		2025-05-16 17:05:21	2025-05-16 17:05:21
xyjjuh2baqk	x6hkr67uzvd	步	步	buô	1796	3	5	x98wrb352bk		2025-05-16 17:05:21	2025-05-16 17:05:21
xah3hn45am9	xwwgvm2bmee	武	武	ū	1796	3	6	x98wrb352bk		2025-05-16 17:05:21	2025-05-16 17:05:21
xj35nfwt2uj	xmhuxfjek4y	歪	歪	uăi	1796	3	7	x98wrb352bk		2025-05-16 17:05:21	2025-05-16 17:05:21
xqbrtqthya8			㱕	gŭi	1796	3	8	x98wrb352bk		2025-05-16 17:05:21	2025-05-16 17:05:21
xksv9n4j8c2			歲	suói	1796	3	9	x98wrb352bk		2025-05-16 17:05:21	2025-05-16 17:05:21
xk7x98y8qm9			歲	huói	1796	3	9	x98wrb352bk		2025-05-16 17:05:21	2025-05-16 17:05:21
xs4aeadut3d			歳	suói	1796	3	10	x98wrb352bk		2025-05-16 17:05:21	2025-05-16 17:05:21
xg5st25jx5s	xbjujhrsupd	歷	歷	lĭk	1796	3	11	x98wrb352bk		2025-05-16 17:05:21	2025-05-16 17:05:21
xz2cdtejfj9	xkc2628ht4d	歸	歸	gŭi	1796	3	12	x98wrb352bk		2025-05-16 17:05:21	2025-05-16 17:05:21
xyr8w7jzpd8	x4nw4avbc6h	歹	歹	dāi	1796	3	13	xer7er6ysu5		2025-05-16 17:05:21	2025-05-16 17:05:21
xyprua8tp6m			死	sṳ̄	1796	3	14	xer7er6ysu5		2025-05-16 17:05:21	2025-05-16 17:05:21
xr8xtt73z37			死	sī	1796	3	14	xer7er6ysu5		2025-05-16 17:05:21	2025-05-16 17:05:21
xj7fdppptnp	xc6sbnn5mym	殀	殀	iēu	1796	3	15	xer7er6ysu5		2025-05-16 17:05:21	2025-05-16 17:05:21
xrhgpqxgug7			殁	mŭk	1796	3	16	xer7er6ysu5		2025-05-16 17:05:21	2025-05-16 17:05:21
x2mn4rdrsjy			殁	muŏk	1796	3	16	xer7er6ysu5		2025-05-16 17:05:21	2025-05-16 17:05:21
xd73ad5j3wt	x6sq5wdqpmd	殄	殄	cīng	1796	3	17	xer7er6ysu5		2025-05-16 17:05:21	2025-05-16 17:05:21
x44mjbk9ybw	xuufpp7wnws	殂	殂	cù	1796	3	18	xer7er6ysu5		2025-05-16 17:05:21	2025-05-16 17:05:21
xqbz5w6nu27	x3hwed46p3r	殆	殆	dâi	1796	3	19	xer7er6ysu5		2025-05-16 17:05:21	2025-05-16 17:05:21
x79286pmrny	xn87gxu5r46	殃	殃	iŏng	1796	3	20	xer7er6ysu5		2025-05-16 17:05:21	2025-05-16 17:05:21
xw6dpj7gdqh	xzsmnnnvcb8	殊	殊	sṳ̀	1797	1	1	xer7er6ysu5		2025-05-16 17:05:21	2025-05-16 17:05:21
x2uvzbunwdr			殉	sŭng	1797	1	2	xer7er6ysu5		2025-05-16 17:05:21	2025-05-16 17:05:21
xcuhf7qstfm			殍	piēu	1797	1	3	xer7er6ysu5		2025-05-16 17:05:21	2025-05-16 17:05:21
x3teneptdt6			殘	càng	1797	1	4	xer7er6ysu5		2025-05-16 17:05:21	2025-05-16 17:05:21
xpgqx24yhe2	x4dryksfsbf	殖	殖	sĭk	1797	1	5	xer7er6ysu5		2025-05-16 17:05:21	2025-05-16 17:05:21
xsj2jvk2rkt	xckg2r4sqcz	殛	殛	gék	1797	1	6	xer7er6ysu5		2025-05-16 17:05:21	2025-05-16 17:05:21
xmre7fgn8mv	xm5kemk73ek	殞	殞	ūng	1797	1	7	xer7er6ysu5		2025-05-16 17:05:21	2025-05-16 17:05:21
x5x8r78edw4	xnz9d7ur9fv	殣	殣	gê̤ṳng	1797	1	8	xer7er6ysu5		2025-05-16 17:05:21	2025-05-16 17:05:21
xb6ppgfmbh7	x42k4q69p9y	殤	殤	siŏng	1797	1	9	xer7er6ysu5		2025-05-16 17:05:21	2025-05-16 17:05:21
xfftdnb8dz9	xtx2cqyxv4q	殫	殫	dăng	1797	1	10	xer7er6ysu5		2025-05-16 17:05:21	2025-05-16 17:05:21
xtcab7z5uup	xthqdu6y7g5	殪	殪	ié	1797	1	11	xer7er6ysu5		2025-05-16 17:05:21	2025-05-16 17:05:21
xcms3athyde	x356bkcy3bu	殭	殭	giŏng	1797	1	12	xer7er6ysu5		2025-05-16 17:05:21	2025-05-16 17:05:21
x2z8equ7msc	x8m88crym4c	殮	殮	liêng	1797	1	13	xer7er6ysu5		2025-05-16 17:05:21	2025-05-16 17:05:21
xwm6qfrhac3			𣩵	béng	1797	1	14	xer7er6ysu5		2025-05-16 17:05:21	2025-05-16 17:05:21
xnqnr23nk7w	x99jxv2h8mc	殰	殰	dŭk	1797	1	15	xer7er6ysu5		2025-05-16 17:05:21	2025-05-16 17:05:21
x6f5876bwnt			𣩹	huâi	1797	1	16	xer7er6ysu5		2025-05-16 17:05:21	2025-05-16 17:05:21
xwv8asf5xna			殲	chiĕng	1797	1	17	xer7er6ysu5		2025-05-16 17:05:21	2025-05-16 17:05:21
xvrv37d8bpm	xqrfuwed9qg	殳	殳	sṳ̀	1797	1	18	xz9ahr6wpja		2025-05-16 17:05:21	2025-05-16 17:05:21
x7md3hr2ggp	x7penezk2jz	段	段	dâung	1797	1	19	xz9ahr6wpja		2025-05-16 17:05:21	2025-05-16 17:05:21
xe6ag2cta9k	xmz3nujsm3v	殷	殷	ṳ̆ng	1797	1	20	xz9ahr6wpja		2025-05-16 17:05:21	2025-05-16 17:05:21
x5dpg9h4csx	xmz3nujsm3v	殷	殷	ṳ̄ng	1797	1	20	xz9ahr6wpja		2025-05-16 17:05:21	2025-05-16 17:05:21
x48vkkr3mzu	xgzjykxg9as	殺	殺	sák	1797	1	21	xz9ahr6wpja		2025-05-16 17:05:21	2025-05-16 17:05:21
xprsssvd3p6	xgzjykxg9as	殺	殺	sái	1797	1	21	xz9ahr6wpja		2025-05-16 17:05:21	2025-05-16 17:05:21
xkbystyu436	xs54vzr4jyb	殼	殼	káuk	1797	2	1	xz9ahr6wpja		2025-05-16 17:05:21	2025-05-16 17:05:21
x5ecj2wc4h6			殽	ngàu	1797	2	2	xz9ahr6wpja		2025-05-16 17:05:21	2025-05-16 17:05:21
x3etdnrj2bh			殿	dâing	1797	2	3	xz9ahr6wpja		2025-05-16 17:05:21	2025-05-16 17:05:21
xwyab9qgezt	xstpdjmm7jx	毀	毀	hūi	1797	2	4	xz9ahr6wpja		2025-05-16 17:05:21	2025-05-16 17:05:21
x5quak7au99	xe2398k6wvt	毅	毅	ngiê	1797	2	5	xz9ahr6wpja		2025-05-16 17:05:21	2025-05-16 17:05:21
xghxzqcwfk5	xnmgaqqyft9	毆	毆	ēu	1797	2	6	xz9ahr6wpja		2025-05-16 17:05:21	2025-05-16 17:05:21
x9dxyftk5kd			毈	tuáng	1797	2	7	xz9ahr6wpja		2025-05-16 17:05:21	2025-05-16 17:05:21
xtzsf9ewn6c	x4p2mkuvpje	毋	毋	ù	1797	2	8	xy95hzxr32b		2025-05-16 17:05:21	2025-05-16 17:05:21
xte7yqt2dyy			母	mū	1797	2	9	xy95hzxr32b		2025-05-16 17:05:21	2025-05-16 17:05:21
xyb4xcfvrtf			母	mō̤	1797	2	9	xy95hzxr32b		2025-05-16 17:05:21	2025-05-16 17:05:21
xg228799uf2	x6fgk3yn5zy	每	每	muōi	1797	2	10	xy95hzxr32b		2025-05-16 17:05:21	2025-05-16 17:05:21
x8xw2dtxum7			毒	dŭk	1797	2	11	xy95hzxr32b		2025-05-16 17:05:21	2025-05-16 17:05:21
xgn5n4wexe3	x7wezdzfgp9	毓	毓	ṳ̆k	1797	2	12	xy95hzxr32b		2025-05-16 17:05:21	2025-05-16 17:05:21
x8ujn2k2xpm			比	bī	1797	2	13	xzhy6692qfr		2025-05-16 17:05:21	2025-05-16 17:05:21
xwj9ueza5kj			比	bê	1797	2	13	xzhy6692qfr		2025-05-16 17:05:21	2025-05-16 17:05:21
x53pgxwye2d	x25xexrfga3	毖	毖	bé	1797	2	14	xzhy6692qfr		2025-05-16 17:05:21	2025-05-16 17:05:21
xhvd7dvbxv2	x64ntqbzpez	毗	毗	bì	1797	2	15	xzhy6692qfr		2025-05-16 17:05:21	2025-05-16 17:05:21
x9wpcnyf5yg	xvhfvusyzag	毚	毚	càng	1797	2	16	xzhy6692qfr		2025-05-16 17:05:21	2025-05-16 17:05:21
x4gq3qgz2v9	x3nn487dhta	毛	毛	mò̤	1797	2	17	x6uf9ujeg53		2025-05-16 17:05:21	2025-05-16 17:05:21
xs7pxjuszez			毡	ciĕng	1797	2	18	x6uf9ujeg53		2025-05-16 17:05:21	2025-05-16 17:05:21
xr3gm6s4tsx			毨	siēng	1797	2	19	x6uf9ujeg53		2025-05-16 17:05:21	2025-05-16 17:05:21
xjdz7qke3y2			㲓	ṳ̀ng	1797	2	20	x6uf9ujeg53		2025-05-16 17:05:21	2025-05-16 17:05:21
xzhbykv4t7f			毬	gìu	1797	3	1	x6uf9ujeg53		2025-05-16 17:05:21	2025-05-16 17:05:21
x5phuch28g8	xvr628tea3w	毫	毫	hò̤	1797	3	2	x6uf9ujeg53		2025-05-16 17:05:21	2025-05-16 17:05:21
x5p2yftn7ns	x2j3vwptncx	毳	毳	chuói	1797	3	3	x6uf9ujeg53		2025-05-16 17:05:21	2025-05-16 17:05:21
xx9hm7erfkb	x3z77uswv2j	毯	毯	tāng	1797	3	4	x6uf9ujeg53		2025-05-16 17:05:21	2025-05-16 17:05:21
xw6x4n6at5r	xntatagqq67	毽	毽	gióng	1797	3	5	x6uf9ujeg53		2025-05-16 17:05:21	2025-05-16 17:05:21
x33czazs9qn			毼	hăk	1797	3	6	x6uf9ujeg53		2025-05-16 17:05:21	2025-05-16 17:05:21
xr34a6p9vdr	xb3ab38s3by	毹	毹	ṳ̀	1797	3	7	x6uf9ujeg53		2025-05-16 17:05:21	2025-05-16 17:05:21
xvq2bs59mpj	x92sztyn2nu	氅	氅	chiōng	1797	3	8	x6uf9ujeg53		2025-05-16 17:05:21	2025-05-16 17:05:21
xundtjvtkmu			氂	liè	1797	3	9	x6uf9ujeg53		2025-05-16 17:05:21	2025-05-16 17:05:21
x5xewufx2yn	x3hwzv4kq2e	氄	氄	nōng	1797	3	10	x6uf9ujeg53		2025-05-16 17:05:21	2025-05-16 17:05:21
xa7k3hf86r5	xcsjb2a58dm	氈	氈	ciĕng	1797	3	11	x6uf9ujeg53		2025-05-16 17:05:21	2025-05-16 17:05:21
x9dp389dkx4			氊	ciĕng	1797	3	11	x6uf9ujeg53		2025-05-16 17:05:21	2025-05-16 17:05:21
xtdqb7xjfe6	x79864ny2mj	氍	氍	gṳ̀	1797	3	12	x6uf9ujeg53		2025-05-16 17:05:21	2025-05-16 17:05:21
xbpghyns68x	xhswscgxxpx	氏	氏	sê	1797	3	13	xw4rm7crpce		2025-05-16 17:05:21	2025-05-16 17:05:21
xjgg9xf3hbf	xsx2cjs96xg	氐	氐	dī	1797	3	14	xw4rm7crpce		2025-05-16 17:05:21	2025-05-16 17:05:21
xu3gbe2cfbp	xjsr793gztt	民	民	mìng	1797	3	15	xw4rm7crpce		2025-05-16 17:05:21	2025-05-16 17:05:21
xe55vdda6j4			氓	màng	1797	3	16	xw4rm7crpce		2025-05-16 17:05:21	2025-05-16 17:05:21
x7yrqwt5dkt			气	ké	1797	3	17	x5fpcwktau6		2025-05-16 17:05:21	2025-05-16 17:05:21
xssm3nfs3ud	xskwjgd5bt4	氛	氛	hŭng	1797	3	18	x5fpcwktau6		2025-05-16 17:05:21	2025-05-16 17:05:21
xtbhsxzj8ts	xs3b9sgjvw5	氦	氦	hâi	1797	3	19	x5fpcwktau6		2025-05-16 17:05:21	2025-05-16 17:05:21
x6383m353e2	x3pfnyr5gdk	氤	氤	ĭng	1797	3	20	x5fpcwktau6		2025-05-16 17:05:21	2025-05-16 17:05:21
xnnqn9sn8t7			氣	ké	1798	1	1	x5fpcwktau6		2025-05-16 17:05:21	2025-05-16 17:05:21
xy3xafrrb5b			氥	să̤	1798	1	2	x5fpcwktau6		2025-05-16 17:05:21	2025-05-16 17:05:21
xtujueggqsa	xdf84vjnwd7	氪	氪	káik	1798	1	3	x5fpcwktau6		2025-05-16 17:05:21	2025-05-16 17:05:21
xvyys8ppnks	xap354njn9q	氬	氬	ā	1798	1	4	x5fpcwktau6		2025-05-16 17:05:21	2025-05-16 17:05:21
xyny6r56ygy	xmjdhjt63dg	氳	氳	ŭng	1798	1	5	x5fpcwktau6		2025-05-16 17:05:21	2025-05-16 17:05:21
x6b6nn9gj5j			水	cūi	1798	1	6	x6bv3ce2fkt		2025-05-16 17:05:21	2025-05-16 17:05:21
x4nuj3yt42d			氷	bĭng	1798	1	7	x6bv3ce2fkt		2025-05-16 17:05:21	2025-05-16 17:05:21
x9craq8ejc6	xraremdyr5k	永	永	īng	1798	1	8	x6bv3ce2fkt		2025-05-16 17:05:21	2025-05-16 17:05:21
x7pqhrdju2h	xpjpmebpkym	汁	汁	cáik	1798	1	9	x6bv3ce2fkt		2025-05-16 17:05:21	2025-05-16 17:05:21
x4mdqhqppat			㲺	chéh	1798	1	10	x6bv3ce2fkt		2025-05-16 17:05:21	2025-05-16 17:05:21
xgmgscgqgyr	xv67dvz3wr4	求	求	gìu	1798	1	11	x6bv3ce2fkt		2025-05-16 17:05:21	2025-05-16 17:05:21
xz84raztyae	x25tgh3j5vh	汜	汜	huáng	1798	1	12	x6bv3ce2fkt		2025-05-16 17:05:21	2025-05-16 17:05:21
xffddepvjcu			汀	tĭng	1798	1	13	x6bv3ce2fkt		2025-05-16 17:05:21	2025-05-16 17:05:21
x63mk4apuzv	xkhm2gttnjd	汊	汊	chă	1798	1	14	x6bv3ce2fkt		2025-05-16 17:05:21	2025-05-16 17:05:21
xmtdp3aym5w	xb9g8yphzwd	汋	汋	chiók	1798	1	15	x6bv3ce2fkt		2025-05-16 17:05:21	2025-05-16 17:05:21
xe3yv7a7vns	xgy7uqa8byu	池	池	diè	1798	1	16	x6bv3ce2fkt		2025-05-16 17:05:21	2025-05-16 17:05:21
x7p67juben9	xgy7uqa8byu	池	池	dò̤	1798	1	16	x6bv3ce2fkt		2025-05-16 17:05:21	2025-05-16 17:05:21
xn4tuu28pyp			汗	gâng	1798	1	17	x6bv3ce2fkt		2025-05-16 17:05:21	2025-05-16 17:05:21
xm6k78ffkf6	x25tgh3j5vh	汜	汜	gī	1798	1	18	x6bv3ce2fkt		2025-05-16 17:05:21	2025-05-16 17:05:21
x94fwfb7a7u			江	gŏng	1798	1	19	x6bv3ce2fkt		2025-05-16 17:05:21	2025-05-16 17:05:21
xs7ekezp6yk			江	gĕ̤ng	1798	1	19	x6bv3ce2fkt		2025-05-16 17:05:21	2025-05-16 17:05:21
xsa7yxedwat			汎	huáng	1798	1	20	x6bv3ce2fkt		2025-05-16 17:05:21	2025-05-16 17:05:21
xebcftptezd	xjrfdtpqu4t	汞	汞	hūng	1798	1	21	x6bv3ce2fkt		2025-05-16 17:05:21	2025-05-16 17:05:21
xqs6vqw4b8r	xjrfdtpqu4t	汞	汞	góng	1798	1	21	x6bv3ce2fkt		2025-05-16 17:05:21	2025-05-16 17:05:21
x67tfs5ejxc	xk38wxr9bej	汝	汝	nṳ̄	1798	2	1	x6bv3ce2fkt		2025-05-16 17:05:21	2025-05-16 17:05:21
xangx2vu73q			汖	puái	1798	2	2	x6bv3ce2fkt		2025-05-16 17:05:21	2025-05-16 17:05:21
xdw5hxzwrf5	x6g266z2cap	汕	汕	sáng	1798	2	3	x6bv3ce2fkt		2025-05-16 17:05:21	2025-05-16 17:05:21
xum625gz5dz	xgtnth485xk	汛	汛	séng	1798	2	4	x6bv3ce2fkt		2025-05-16 17:05:21	2025-05-16 17:05:21
xh7m2ejjqf6			汐	sĭk	1798	2	5	x6bv3ce2fkt		2025-05-16 17:05:21	2025-05-16 17:05:21
xewb259r62v			汐	puóng	1798	2	5	x6bv3ce2fkt		2025-05-16 17:05:21	2025-05-16 17:05:21
x2h4qdxrgvj			汙	ŭ	1798	2	6	x6bv3ce2fkt		2025-05-16 17:05:21	2025-05-16 17:05:21
xd8jegevbu2			汙	ó	1798	2	6	x6bv3ce2fkt		2025-05-16 17:05:21	2025-05-16 17:05:21
xbq84muhdbv			汚	ŭ	1798	2	6	x6bv3ce2fkt		2025-05-16 17:05:21	2025-05-16 17:05:21
xr4ze5x7wp5			汚	ó	1798	2	6	x6bv3ce2fkt		2025-05-16 17:05:21	2025-05-16 17:05:21
x5j9qub96wy			污	ŭ	1798	2	6	x6bv3ce2fkt		2025-05-16 17:05:21	2025-05-16 17:05:21
x88bnwkqhts			污	ó	1798	2	6	x6bv3ce2fkt		2025-05-16 17:05:21	2025-05-16 17:05:21
x8ezsgc8n8p	x6xryfzqe4x	沃	沃	áuk	1798	2	7	x6bv3ce2fkt		2025-05-16 17:05:21	2025-05-16 17:05:21
xnjemzt7pak	x6xryfzqe4x	沃	沃	uóh	1798	2	7	x6bv3ce2fkt		2025-05-16 17:05:21	2025-05-16 17:05:21
x7sv95hxwvv	xpkst2cnuku	汴	汴	biêng	1798	2	8	x6bv3ce2fkt		2025-05-16 17:05:21	2025-05-16 17:05:21
xz6fqdkrrub	x4q7r2t4hep	沚	沚	cī	1798	2	9	x6bv3ce2fkt		2025-05-16 17:05:21	2025-05-16 17:05:21
xvph74m6eg3	xwjtb6nymdz	沖	沖	chṳ̆ng	1798	2	10	x6bv3ce2fkt		2025-05-16 17:05:21	2025-05-16 17:05:21
xpfusznmupm			呇	dăk	1798	2	11	x6bv3ce2fkt		2025-05-16 17:05:21	2025-05-16 17:05:21
xkkyj2gdsdz	xpph4nyhasx	沌	沌	dông	1798	2	12	x6bv3ce2fkt		2025-05-16 17:05:21	2025-05-16 17:05:21
x7wezjn3sn5	xeus5bk5bzu	沂	沂	gì	1798	2	13	x6bv3ce2fkt		2025-05-16 17:05:21	2025-05-16 17:05:21
xwepp2bxxyc	xggkjdx6a5a	決	決	giók	1798	2	14	x6bv3ce2fkt		2025-05-16 17:05:21	2025-05-16 17:05:21
x66ec3b5bq9			沍	hô	1798	2	15	x6bv3ce2fkt		2025-05-16 17:05:21	2025-05-16 17:05:21
xfmmrawgx2y	xtfqxryjcvs	沆	沆	hōng	1798	2	16	x6bv3ce2fkt		2025-05-16 17:05:21	2025-05-16 17:05:21
xmm76k7jbzp	xb3vd3nk4r3	汾	汾	hŭng	1798	2	17	x6bv3ce2fkt		2025-05-16 17:05:21	2025-05-16 17:05:21
xb9hhcd53kp			汭	iô	1798	2	18	x6bv3ce2fkt		2025-05-16 17:05:21	2025-05-16 17:05:21
xp44rhpd2gm	xsdzwncf2ky	汽	汽	ké	1798	2	19	x6bv3ce2fkt		2025-05-16 17:05:21	2025-05-16 17:05:21
xvysr9qsuqw	xgbw5kdpccd	沔	沔	miēng	1798	2	20	x6bv3ce2fkt		2025-05-16 17:05:21	2025-05-16 17:05:21
xw9xnesubyy	xugf32mq794	汨	汨	mĭk	1798	2	21	x6bv3ce2fkt		2025-05-16 17:05:21	2025-05-16 17:05:21
xhj8v4jf9xj	xugf32mq794	汨	汨	gáuk	1798	2	21	x6bv3ce2fkt		2025-05-16 17:05:21	2025-05-16 17:05:21
xwtz9hfwma2	xy4wg7ft7x7	沐	沐	mŭk	1798	2	22	x6bv3ce2fkt		2025-05-16 17:05:21	2025-05-16 17:05:21
xz7cxpm9n7h			沒	mŭk	1798	2	23	x6bv3ce2fkt		2025-05-16 17:05:21	2025-05-16 17:05:21
xqmseegrpe9	xeddby2zzn3	汲	汲	ngék	1798	3	1	x6bv3ce2fkt		2025-05-16 17:05:21	2025-05-16 17:05:21
xnx3vsqsb7t	xqcsqdm3g26	汶	汶	ông	1798	3	2	x6bv3ce2fkt		2025-05-16 17:05:21	2025-05-16 17:05:21
x566hvxjmbb	x3gbgyq2wg5	沛	沛	puói	1798	3	3	x6bv3ce2fkt		2025-05-16 17:05:21	2025-05-16 17:05:21
xgbcmvqu73z			沙	să	1798	3	4	x6bv3ce2fkt		2025-05-16 17:05:21	2025-05-16 17:05:21
xq7nfwuj5bx			沙	săi	1798	3	4	x6bv3ce2fkt		2025-05-16 17:05:21	2025-05-16 17:05:21
xhgk6w93jcy	xe2mt9k94dg	沁	沁	sĭng	1798	3	5	x6bv3ce2fkt		2025-05-16 17:05:21	2025-05-16 17:05:21
x6sc8sename	xe2mt9k94dg	沁	沁	sīng	1798	3	5	x6bv3ce2fkt		2025-05-16 17:05:21	2025-05-16 17:05:21
xr3wywvm6mj	xq4eqtew69k	沈	沈	sīng	1798	3	6	x6bv3ce2fkt		2025-05-16 17:05:21	2025-05-16 17:05:21
xbd7u4yqpnw	xq4eqtew69k	沈	沈	tìng	1798	3	6	x6bv3ce2fkt		2025-05-16 17:05:21	2025-05-16 17:05:21
x7kz8z2p8ks	xr9sytpx8jj	汰	汰	tái	1798	3	7	x6bv3ce2fkt		2025-05-16 17:05:21	2025-05-16 17:05:21
xy6swyjet73			沉	tìng	1798	3	8	x6bv3ce2fkt		2025-05-16 17:05:21	2025-05-16 17:05:21
x4x28xpv768	xyrm8zeqeqa	沕	沕	ŭk	1798	3	9	x6bv3ce2fkt		2025-05-16 17:05:21	2025-05-16 17:05:21
xqmfbn8nzg4	x9npkjeqrb6	汪	汪	uŏng	1798	3	10	x6bv3ce2fkt		2025-05-16 17:05:21	2025-05-16 17:05:21
xzr68j33tkv	x267ms9kkcy	泌	泌	bé	1798	3	11	x6bv3ce2fkt		2025-05-16 17:05:21	2025-05-16 17:05:21
x2ddeq8sua5	xb39rs3rz57	沸	沸	bé	1798	3	12	x6bv3ce2fkt		2025-05-16 17:05:21	2025-05-16 17:05:21
xh7nwea7h45	xb39rs3rz57	沸	沸	hók	1798	3	12	x6bv3ce2fkt		2025-05-16 17:05:21	2025-05-16 17:05:21
xhmje4ws4mq	xp7b82r59sx	泙	泙	bìng	1798	3	13	x6bv3ce2fkt		2025-05-16 17:05:21	2025-05-16 17:05:21
xqxfkn7uaw6			泊	bŏ̤h	1798	3	14	x6bv3ce2fkt		2025-05-16 17:05:21	2025-05-16 17:05:21
xc37dqx7m5f	xjhfm3tsufg	沼	沼	cēu	1798	3	15	x6bv3ce2fkt		2025-05-16 17:05:21	2025-05-16 17:05:21
xc6rp7g5ey2			注	cé̤ṳ	1798	3	16	x6bv3ce2fkt		2025-05-16 17:05:21	2025-05-16 17:05:21
xftj5wnygwb			注	cuó	1798	3	16	x6bv3ce2fkt	原書有誤，已更正	2025-05-16 17:05:21	2025-05-16 17:05:21
xh4ku2u5s4g			泲	cī	1798	3	17	x6bv3ce2fkt		2025-05-16 17:05:21	2025-05-16 17:05:21
x8hejwhmcke	xj3wmsh53z4	泎	泎	ciák	1798	3	18	x6bv3ce2fkt		2025-05-16 17:05:21	2025-05-16 17:05:21
xez7ctjttd3	x2t9wjy4q73	沾	沾	ciĕng	1798	3	19	x6bv3ce2fkt		2025-05-16 17:05:21	2025-05-16 17:05:21
xhdqj8vtzya			泉	cuòng	1798	3	20	x6bv3ce2fkt	原書有誤，已更正	2025-05-16 17:05:21	2025-05-16 17:05:21
xbbrja6c7k9			沮	cū	1798	3	21	x6bv3ce2fkt		2025-05-16 17:05:21	2025-05-16 17:05:21
xtq9ej2td8x			泚	chṳ̄	1798	3	22	x6bv3ce2fkt		2025-05-16 17:05:21	2025-05-16 17:05:21
x6mhykbpnwr			泚	sā̤	1798	3	22	x6bv3ce2fkt		2025-05-16 17:05:21	2025-05-16 17:05:21
xb8qsx7vy5t	xve56bkvqa4	治	治	dê	1798	3	23	x6bv3ce2fkt		2025-05-16 17:05:21	2025-05-16 17:05:21
xxvyhpprj2w	xve56bkvqa4	治	治	dì	1798	3	23	x6bv3ce2fkt		2025-05-16 17:05:21	2025-05-16 17:05:21
xgc2hnwbtbb	xum4u95xfb4	沱	沱	dò̤	1799	1	1	x6bv3ce2fkt		2025-05-16 17:05:21	2025-05-16 17:05:21
xehff84sugu	xmxdr66gd5p	泳	泳	êng	1799	1	2	x6bv3ce2fkt		2025-05-16 17:05:21	2025-05-16 17:05:21
xbm29ccafwc	xg6tjybwcv2	泔	泔	găng	1799	1	3	x6bv3ce2fkt		2025-05-16 17:05:21	2025-05-16 17:05:21
xcesef2v3fx	xg6tjybwcv2	泔	泔	āng	1799	1	3	x6bv3ce2fkt		2025-05-16 17:05:21	2025-05-16 17:05:21
xjp3wunc5pj	xg6tjybwcv2	泔	泔	hâng	1799	1	3	x6bv3ce2fkt		2025-05-16 17:05:21	2025-05-16 17:05:21
xvxhc9qjgm9	xj8ezv9huqw	沽	沽	gŭ	1799	1	4	x6bv3ce2fkt		2025-05-16 17:05:21	2025-05-16 17:05:21
xhw9qqk3rey	xkp4jc9w4mn	泂	泂	héng	1799	1	5	x6bv3ce2fkt		2025-05-16 17:05:21	2025-05-16 17:05:21
x356j8p29na	xcrt6f8qce7	泫	泫	hièng	1799	1	6	x6bv3ce2fkt		2025-05-16 17:05:21	2025-05-16 17:05:21
xzthujgmwcu	x44j3up5834	法	法	huák	1799	1	7	x6bv3ce2fkt		2025-05-16 17:05:21	2025-05-16 17:05:21
xs3rwe4hzw2	x2g87p22tsu	泛	泛	huáng	1799	1	8	x6bv3ce2fkt		2025-05-16 17:05:21	2025-05-16 17:05:21
xneehjt5qbm	xwue9u5uf4v	況	況	huóng	1799	1	9	x6bv3ce2fkt		2025-05-16 17:05:21	2025-05-16 17:05:21
xp6wp8zgu98			泄	ié	1799	1	10	x6bv3ce2fkt		2025-05-16 17:05:21	2025-05-16 17:05:21
xpsud9vtvup			泄	siék	1799	1	10	x6bv3ce2fkt		2025-05-16 17:05:21	2025-05-16 17:05:21
xae9wcec5pa	xdbmdu7bn5f	泆	泆	ĭk	1799	1	11	x6bv3ce2fkt		2025-05-16 17:05:21	2025-05-16 17:05:21
xq95aprfmvy			泱	iŏng	1799	1	12	x6bv3ce2fkt		2025-05-16 17:05:21	2025-05-16 17:05:21
xs66ar3vy6w	xhhprrbcwzn	沿	沿	iòng	1799	1	13	x6bv3ce2fkt		2025-05-16 17:05:21	2025-05-16 17:05:21
x8wguy228nm	xub59umcm3g	油	油	ìu	1799	1	14	x6bv3ce2fkt		2025-05-16 17:05:21	2025-05-16 17:05:21
xq9z43tcvz6	xjbjpu54b24	泣	泣	kék	1799	1	15	x6bv3ce2fkt		2025-05-16 17:05:21	2025-05-16 17:05:21
xzdx8ej65u2			泐	lĕk	1799	1	16	x6bv3ce2fkt		2025-05-16 17:05:21	2025-05-16 17:05:21
x5g5z6yt4g8			泪	lôi	1799	1	17	x6bv3ce2fkt		2025-05-16 17:05:21	2025-05-16 17:05:21
xva9nms846u	x9z2nusumjc	泯	泯	mīng	1799	1	18	x6bv3ce2fkt		2025-05-16 17:05:21	2025-05-16 17:05:21
xe8xpejdkxy	x37ydwf8dxw	沫	沫	muák	1799	1	19	x6bv3ce2fkt		2025-05-16 17:05:21	2025-05-16 17:05:21
xs23xbeckjz	xxxzreszp7u	沬	沬	muói	1799	1	20	x6bv3ce2fkt		2025-05-16 17:05:21	2025-05-16 17:05:21
xq2vz7xedrs			泥	nà̤	1799	1	21	x6bv3ce2fkt		2025-05-16 17:05:21	2025-05-16 17:05:21
xteexab38g2			泥	nâ̤	1799	1	21	x6bv3ce2fkt		2025-05-16 17:05:21	2025-05-16 17:05:21
xxup45ccych			河	ò̤	1799	1	22	x6bv3ce2fkt		2025-05-16 17:05:21	2025-05-16 17:05:21
x9vmz2tgjnu			泡	páu	1799	1	23	x6bv3ce2fkt		2025-05-16 17:05:21	2025-05-16 17:05:21
xu9cmw6394e			泡	pâu	1799	1	23	x6bv3ce2fkt		2025-05-16 17:05:21	2025-05-16 17:05:21
xqsusr6cy38	x28zyrkmway	波	波	pŏ̤	1799	2	1	x6bv3ce2fkt		2025-05-16 17:05:21	2025-05-16 17:05:21
xgt4ycx243u			泒	puái	1799	2	2	x6bv3ce2fkt		2025-05-16 17:05:21	2025-05-16 17:05:21
xrfuayyr2f6	xgcr7y7qjuz	泮	泮	puáng	1799	2	3	x6bv3ce2fkt		2025-05-16 17:05:21	2025-05-16 17:05:21
x4gy9mv9rqw	xdkxstnh2nf	泗	泗	sé̤ṳ	1799	2	4	x6bv3ce2fkt		2025-05-16 17:05:21	2025-05-16 17:05:21
xj3q6k4t9dc	x7m4ghtk3vk	泅	泅	sìu	1799	2	5	x6bv3ce2fkt		2025-05-16 17:05:21	2025-05-16 17:05:21
x7qg36kxnpm			泝	só	1799	2	6	x6bv3ce2fkt		2025-05-16 17:05:22	2025-05-16 17:05:22
xn679xxskxy	x87g8ezy8ug	泰	泰	tái	1799	2	7	x6bv3ce2fkt		2025-05-16 17:05:22	2025-05-16 17:05:22
xgfnf748q9b			沰	tŏk	1799	2	8	x6bv3ce2fkt		2025-05-16 17:05:22	2025-05-16 17:05:22
xr9m34chzb4	xchkp9y3f7k	洊	洊	ciéng	1799	2	9	x6bv3ce2fkt		2025-05-16 17:05:22	2025-05-16 17:05:22
xptcu4m29sf	xdpvrutqwpw	津	津	cĭng	1799	2	10	x6bv3ce2fkt		2025-05-16 17:05:22	2025-05-16 17:05:22
x4s3c47rejj			洤	cuòng	1799	2	11	x6bv3ce2fkt	原書有誤，已更正	2025-05-16 17:05:22	2025-05-16 17:05:22
xtdtg86cjqu	xqhe7775bf9	洲	洲	cĭu	1799	2	12	x6bv3ce2fkt		2025-05-16 17:05:22	2025-05-16 17:05:22
xjg7q5n47ar			洞	dông	1799	2	13	x6bv3ce2fkt		2025-05-16 17:05:22	2025-05-16 17:05:22
xy3jphdpc9f			洞	dùng	1799	2	13	x6bv3ce2fkt		2025-05-16 17:05:22	2025-05-16 17:05:22
xepvgp58sh2			洞	dâe̤ng	1799	2	13	x6bv3ce2fkt		2025-05-16 17:05:22	2025-05-16 17:05:22
x22zrwc33z3	x3zkbpg4gmp	洚	洚	gáung	1799	2	14	x6bv3ce2fkt		2025-05-16 17:05:22	2025-05-16 17:05:22
xjqwbaf6t3g	xwnphu7jd8x	洸	洸	guòng	1799	2	15	x6bv3ce2fkt		2025-05-16 17:05:22	2025-05-16 17:05:22
xpc93j5h6gn	xahe3rpfbwg	洽	洽	hăk	1799	2	16	x6bv3ce2fkt		2025-05-16 17:05:22	2025-05-16 17:05:22
xncqgbvzt6j	xfpav5xuup5	洫	洫	hék	1799	2	17	x6bv3ce2fkt		2025-05-16 17:05:22	2025-05-16 17:05:22
x5s6kqnfnrf	xtrpnmg8xnj	洶	洶	hṳ̆ng	1799	2	18	x6bv3ce2fkt		2025-05-16 17:05:22	2025-05-16 17:05:22
x77jx6z2v7g	xusvx3rpxet	洪	洪	hùng	1799	2	19	x6bv3ce2fkt		2025-05-16 17:05:22	2025-05-16 17:05:22
x5m8ehnz5an	xwf7cjuy62j	洄	洄	huòi	1799	2	20	x6bv3ce2fkt		2025-05-16 17:05:22	2025-05-16 17:05:22
xm5errhf8t5			洟	ì	1799	2	21	x6bv3ce2fkt		2025-05-16 17:05:22	2025-05-16 17:05:22
xve7makxqub	xata7rfr3j9	洏	洏	ì	1799	2	22	x6bv3ce2fkt		2025-05-16 17:05:22	2025-05-16 17:05:22
xav8gvrhh32	xthba59upxs	洋	洋	iòng	1799	2	23	x6bv3ce2fkt		2025-05-16 17:05:22	2025-05-16 17:05:22
xcjd489azex	xznrkfrh9nn	洎	洎	ké	1799	3	1	x6bv3ce2fkt		2025-05-16 17:05:22	2025-05-16 17:05:22
x6mk8guan5x	x5k8tsjf55h	汧	汧	kiĕng	1799	3	2	x6bv3ce2fkt		2025-05-16 17:05:22	2025-05-16 17:05:22
xh9h2nkmzht			流	lìu	1799	3	3	x6bv3ce2fkt		2025-05-16 17:05:22	2025-05-16 17:05:22
xbk8t38dezt			流	làu	1799	3	3	x6bv3ce2fkt		2025-05-16 17:05:22	2025-05-16 17:05:22
xhve6p39w6d	xk5s9dah97d	洛	洛	lŏk	1799	3	4	x6bv3ce2fkt		2025-05-16 17:05:22	2025-05-16 17:05:22
x9n5exvv43a	xt5k2svt3qe	洗	洗	sā̤	1799	3	6	x6bv3ce2fkt		2025-05-16 17:05:22	2025-05-16 17:05:22
xx4225ncv38			洒	sā̤	1799	3	7	x6bv3ce2fkt		2025-05-16 17:05:22	2025-05-16 17:05:22
xr86snzgxqp			洒	suā	1799	3	7	x6bv3ce2fkt		2025-05-16 17:05:22	2025-05-16 17:05:22
x6whp7ke78f			洩	siék	1799	3	8	x6bv3ce2fkt		2025-05-16 17:05:22	2025-05-16 17:05:22
xwrxmmjzprh			洵	sŭng	1799	3	9	x6bv3ce2fkt		2025-05-16 17:05:22	2025-05-16 17:05:22
xvhxubam2g2			洙	tṳ̆	1799	3	10	x6bv3ce2fkt		2025-05-16 17:05:22	2025-05-16 17:05:22
xe85q4qwcqy			洿	ŭ	1799	3	11	x6bv3ce2fkt		2025-05-16 17:05:22	2025-05-16 17:05:22
x8cbz7g7ht5	xr6yt4b3us3	洳	洳	ṳ̀	1799	3	12	x6bv3ce2fkt		2025-05-16 17:05:22	2025-05-16 17:05:22
xh9gsuy62t4			活	uăk	1799	3	13	x6bv3ce2fkt		2025-05-16 17:05:22	2025-05-16 17:05:22
xa6xjnj525g			活	guák	1799	3	13	x6bv3ce2fkt		2025-05-16 17:05:22	2025-05-16 17:05:22
x9h2txg65gm	x66avu2cjbu	洧	洧	uōi	1799	3	14	x6bv3ce2fkt		2025-05-16 17:05:22	2025-05-16 17:05:22
xub45zhg2c8	x4ej2kgzfqd	洹	洹	uòng	1799	3	15	x6bv3ce2fkt		2025-05-16 17:05:22	2025-05-16 17:05:22
xecbxa3c78s	xs2x9hvaywj	浡	浡	buŏk	1799	3	16	x6bv3ce2fkt		2025-05-16 17:05:22	2025-05-16 17:05:22
xxaswaz284n	xkny8eremb7	浹	浹	cák	1799	3	17	x6bv3ce2fkt		2025-05-16 17:05:22	2025-05-16 17:05:22
xdr6vwhn7gv	xe4tgbttewu	浸	浸	céng	1799	3	18	x6bv3ce2fkt		2025-05-16 17:05:22	2025-05-16 17:05:22
xf6fsxed4q6	xy7ap49cfk6	浙	浙	ciék	1799	3	19	x6bv3ce2fkt		2025-05-16 17:05:22	2025-05-16 17:05:22
x6rurmsbhj6	xw44qwtp34y	浚	浚	cóng	1799	3	20	x6bv3ce2fkt		2025-05-16 17:05:22	2025-05-16 17:05:22
xwuvrvuhr5c	x6hkrtfp4h5	浞	浞	ché̤ṳk	1799	3	21	x6bv3ce2fkt		2025-05-16 17:05:22	2025-05-16 17:05:22
xbrhuy5hkdy	x37w6grakag	涂	涂	dù	1799	3	22	x6bv3ce2fkt		2025-05-16 17:05:22	2025-05-16 17:05:22
xwk3yymf6uh	xh99y594ez9	浥	浥	ék	1799	3	23	x6bv3ce2fkt		2025-05-16 17:05:22	2025-05-16 17:05:22
xprwhumtmwn			涌	é̤ṳng	1800	1	1	x6bv3ce2fkt		2025-05-16 17:05:22	2025-05-16 17:05:22
x48tcgmawpa	xheuhzuqa5g	涇	涇	gĭng	1800	1	2	x6bv3ce2fkt		2025-05-16 17:05:22	2025-05-16 17:05:22
xz89yww696v	xw5m29ct8yz	涓	涓	giŏng	1800	1	3	x6bv3ce2fkt		2025-05-16 17:05:22	2025-05-16 17:05:22
xr98bbrvp6x	x3u2wretb5v	海	海	hāi	1800	1	4	x6bv3ce2fkt		2025-05-16 17:05:22	2025-05-16 17:05:22
xyuccatyaad	x4ttyxunvxn	浩	浩	hô̤	1800	1	5	x6bv3ce2fkt		2025-05-16 17:05:22	2025-05-16 17:05:22
xue7wzd9rwz	xrhpxk3wvee	涎	涎	iòng	1800	1	6	x6bv3ce2fkt		2025-05-16 17:05:22	2025-05-16 17:05:22
xhu3umme4zm	x39yabfw7xk	涔	涔	kièng	1800	1	7	x6bv3ce2fkt		2025-05-16 17:05:22	2025-05-16 17:05:22
x8dv366j738			浪	lâung	1800	1	8	x6bv3ce2fkt		2025-05-16 17:05:22	2025-05-16 17:05:22
x9ss8dfs7nz			浪	lòng	1800	1	8	x6bv3ce2fkt		2025-05-16 17:05:22	2025-05-16 17:05:22
xa7kcmeqgqj			涖	lê	1800	1	9	x6bv3ce2fkt		2025-05-16 17:05:22	2025-05-16 17:05:22
xzqt6hyzvue	xrynser6fuy	浬	浬	lī	1800	1	10	x6bv3ce2fkt		2025-05-16 17:05:22	2025-05-16 17:05:22
xzr7fccst27	x2y2xd7jcub	浼	浼	muōi	1800	1	11	x6bv3ce2fkt		2025-05-16 17:05:22	2025-05-16 17:05:22
xafghksf4sj	x2y2xd7jcub	浼	浼	miēng	1800	1	11	x6bv3ce2fkt		2025-05-16 17:05:22	2025-05-16 17:05:22
x68a4gd6934			𣵀	niĕk	1800	1	12	x6bv3ce2fkt		2025-05-16 17:05:22	2025-05-16 17:05:22
xg3ffr8rkky			浮	pèu	1800	1	13	x6bv3ce2fkt		2025-05-16 17:05:22	2025-05-16 17:05:22
xhwh5mxhvs7			浮	pù	1800	1	13	x6bv3ce2fkt		2025-05-16 17:05:22	2025-05-16 17:05:22
xuxhxp6cug9	xtr9zt669de	浦	浦	puō	1800	1	14	x6bv3ce2fkt		2025-05-16 17:05:22	2025-05-16 17:05:22
xntbpkpqfnn	x8adjtebuc5	涘	涘	sê̤ṳ	1800	1	15	x6bv3ce2fkt		2025-05-16 17:05:22	2025-05-16 17:05:22
xycnkpuse96			涉	siĕk	1800	1	16	x6bv3ce2fkt		2025-05-16 17:05:22	2025-05-16 17:05:22
xpswvjdbfr3			涉	lăk	1800	1	16	x6bv3ce2fkt		2025-05-16 17:05:22	2025-05-16 17:05:22
x6czq2mn2z9	xqpk2qdketk	消	消	siĕu	1800	1	17	x6bv3ce2fkt		2025-05-16 17:05:22	2025-05-16 17:05:22
x4gg58pufmd			涕	tá̤	1800	1	18	x6bv3ce2fkt		2025-05-16 17:05:22	2025-05-16 17:05:22
xrrvdwaz6uy	xv2f3chbzrp	浣	浣	uāng	1800	1	19	x6bv3ce2fkt		2025-05-16 17:05:22	2025-05-16 17:05:22
xfaxbac6nrg	xvegb6gh6pr	浴	浴	ṳ̆k	1800	1	20	x6bv3ce2fkt		2025-05-16 17:05:22	2025-05-16 17:05:22
xw6mynnb7bb			涊	ṳ̄ng	1800	1	21	x6bv3ce2fkt		2025-05-16 17:05:22	2025-05-16 17:05:22
x46behkeses			涊	niēng	1800	1	21	x6bv3ce2fkt		2025-05-16 17:05:22	2025-05-16 17:05:22
x2gb7bukdgp			淨	cêng	1800	1	22	x6bv3ce2fkt		2025-05-16 17:05:22	2025-05-16 17:05:22
x83z7ka2pw3			淨	ciâng	1800	1	22	x6bv3ce2fkt		2025-05-16 17:05:22	2025-05-16 17:05:22
xhfd2rnfhhf	xuk4rwthq2s	淬	淬	côi	1800	1	23	x6bv3ce2fkt		2025-05-16 17:05:22	2025-05-16 17:05:22
x2re37gquhy	xrsvp7engcb	淄	淄	cṳ̆	1800	2	1	x6bv3ce2fkt		2025-05-16 17:05:22	2025-05-16 17:05:22
x8qgsybqrfp	xku9hjbg6ws	淙	淙	cŭng	1800	2	2	x6bv3ce2fkt		2025-05-16 17:05:22	2025-05-16 17:05:22
x2d6v53tg86	xspyy6gcv86	淺	淺	chiēng	1800	2	4	x6bv3ce2fkt		2025-05-16 17:05:22	2025-05-16 17:05:22
x8fd674texm	xdvppc7s3t3	深	深	chĭng	1800	2	6	x6bv3ce2fkt		2025-05-16 17:05:22	2025-05-16 17:05:22
xw5q8stcve6	x73pyc6fwsz	淂	淂	dáik	1800	2	7	x6bv3ce2fkt		2025-05-16 17:05:22	2025-05-16 17:05:22
xsjkqtwz7x3	x5wu9ju377n	淡	淡	dâng	1800	2	8	x6bv3ce2fkt		2025-05-16 17:05:22	2025-05-16 17:05:22
xsuk5taxn8e	xcq7yrtqy59	涿	涿	dáuk	1800	2	9	x6bv3ce2fkt		2025-05-16 17:05:22	2025-05-16 17:05:22
x57z4nreb88	xae7mr5a4a2	淟	淟	diēng	1800	2	10	x6bv3ce2fkt		2025-05-16 17:05:22	2025-05-16 17:05:22
x9m4aja7ynp	xf38ezsdfba	淘	淘	dò̤	1800	2	11	x6bv3ce2fkt		2025-05-16 17:05:22	2025-05-16 17:05:22
xvcpaes5xck	xdexaanawnx	淦	淦	gáng	1800	2	12	x6bv3ce2fkt		2025-05-16 17:05:22	2025-05-16 17:05:22
xfazz8jyv48			淇	gì	1800	2	13	x6bv3ce2fkt		2025-05-16 17:05:22	2025-05-16 17:05:22
x54c7ssx4gn	xx9ctfm4bbm	渠	渠	gṳ̀	1800	2	14	x6bv3ce2fkt		2025-05-16 17:05:22	2025-05-16 17:05:22
xppd3gucfst	x7th4w5887f	涵	涵	hàng	1800	2	15	x6bv3ce2fkt		2025-05-16 17:05:22	2025-05-16 17:05:22
x2zua46b4k2			淢	hék	1800	2	16	x6bv3ce2fkt		2025-05-16 17:05:22	2025-05-16 17:05:22
x667tn3ryun			淢	mĭk	1800	2	16	x6bv3ce2fkt		2025-05-16 17:05:22	2025-05-16 17:05:22
x6cfa5x48ns			𣶉	hó	1800	2	17	x6bv3ce2fkt		2025-05-16 17:05:22	2025-05-16 17:05:22
xkvh2dhvfke			𣶉	hô	1800	2	17	x6bv3ce2fkt		2025-05-16 17:05:22	2025-05-16 17:05:22
xu5ad54dspu	xzh8d65wgnj	混	混	hông	1800	2	18	x6bv3ce2fkt		2025-05-16 17:05:22	2025-05-16 17:05:22
xudhsjjzsc3	xgpqt6jpqmt	淮	淮	huài	1800	2	19	x6bv3ce2fkt		2025-05-16 17:05:22	2025-05-16 17:05:22
xzh8e7c3dq7	xmskrsur5vp	淹	淹	iĕng	1800	2	20	x6bv3ce2fkt		2025-05-16 17:05:22	2025-05-16 17:05:22
xqqu79djhtq	xyhdr7zdp58	液	液	ĭk	1800	2	21	x6bv3ce2fkt		2025-05-16 17:05:22	2025-05-16 17:05:22
xmgxavqju8s	x6ka6gzna7q	淫	淫	ìng	1800	2	22	x6bv3ce2fkt		2025-05-16 17:05:22	2025-05-16 17:05:22
xxqn9t22vab	xg6gcfm2qsq	淵	淵	iŏng	1800	2	23	x6bv3ce2fkt		2025-05-16 17:05:22	2025-05-16 17:05:22
xtr4svzzet5	xb4rxyg27pg	涸	涸	káuk	1800	3	1	x6bv3ce2fkt		2025-05-16 17:05:22	2025-05-16 17:05:22
x29y83ds5uv			淩	lìng	1800	3	2	x6bv3ce2fkt		2025-05-16 17:05:22	2025-05-16 17:05:22
x87n8aktmf4			涼	liòng	1800	3	3	x6bv3ce2fkt		2025-05-16 17:05:22	2025-05-16 17:05:22
x9a6zpm42au	x2p2mj62hk9	淚	淚	lôi	1800	3	4	x6bv3ce2fkt		2025-05-16 17:05:22	2025-05-16 17:05:22
x3b3tc3kbft	x6knvt8tkxg	淥	淥	lṳ̆k	1800	3	5	x6bv3ce2fkt		2025-05-16 17:05:22	2025-05-16 17:05:22
xmyg39gu6zc	xyfue2ce8x9	淪	淪	lùng	1800	3	6	x6bv3ce2fkt		2025-05-16 17:05:22	2025-05-16 17:05:22
xs43kxteyrs	xcjqrgwkew9	淖	淖	nâu	1800	3	7	x6bv3ce2fkt		2025-05-16 17:05:22	2025-05-16 17:05:22
xekk67zwc5g	x79e8xennes	清	淸	chĭng	1800	2	5	x6bv3ce2fkt		2025-10-07 17:35:18	2025-05-16 17:05:22
xby8r6prg2c	x6c65ejxv42	派	派	puái	1799	3	5	x6bv3ce2fkt		2025-10-22 16:42:48	2025-05-16 17:05:22
xr8gpnswagc			淆	ngàu	1800	3	8	x6bv3ce2fkt		2025-05-16 17:05:22	2025-05-16 17:05:22
x2st79xpgey	x279t5hbaqc	涯	涯	ngài	1800	3	9	x6bv3ce2fkt		2025-05-16 17:05:22	2025-05-16 17:05:22
xyd9v2h43kc			淝	pì	1800	3	10	x6bv3ce2fkt		2025-05-16 17:05:22	2025-05-16 17:05:22
x3p9pjuvumy	xdn2sk6tyzd	淅	淅	sék	1800	3	11	x6bv3ce2fkt		2025-05-16 17:05:22	2025-05-16 17:05:22
x5xedjy5njr	xyb3jqyr37w	淑	淑	sé̤ṳk	1800	3	12	x6bv3ce2fkt		2025-05-16 17:05:22	2025-05-16 17:05:22
xb3n3pddj5g			淰	sīng	1800	3	13	x6bv3ce2fkt		2025-05-16 17:05:22	2025-05-16 17:05:22
xwnyjfhu5xd	xawan9vuvpu	淳	淳	sùng	1800	3	14	x6bv3ce2fkt		2025-05-16 17:05:22	2025-05-16 17:05:22
x7zmscz4wec	xek5ybf2zku	淞	淞	sṳ̀ng	1800	3	15	x6bv3ce2fkt		2025-05-16 17:05:22	2025-05-16 17:05:22
xfpyftzvwmc	xx3tk9m4x5d	添	添	tiĕng	1800	3	16	x6bv3ce2fkt		2025-05-16 17:05:22	2025-05-16 17:05:22
xf44dw393ku	x9r68y3a9np	淤	淤	ṳ̆	1800	3	17	x6bv3ce2fkt		2025-05-16 17:05:22	2025-05-16 17:05:22
x4nqewzkxjc	xfs5hcc3ney	涴	涴	uāng	1800	3	18	x6bv3ce2fkt		2025-05-16 17:05:22	2025-05-16 17:05:22
x5tmmahr7rg	xc5a92j53n3	渥	渥	áuk	1800	3	19	x6bv3ce2fkt		2025-05-16 17:05:22	2025-05-16 17:05:22
x6y2vybsd7s	xgup4uhbjex	湃	湃	bái	1800	3	20	x6bv3ce2fkt		2025-05-16 17:05:22	2025-05-16 17:05:22
xsgnqsgstra	x65yz4gt6yy	渣	渣	că	1800	3	21	x6bv3ce2fkt		2025-05-16 17:05:22	2025-05-16 17:05:22
x2zgr3f2sfx	xtz9qxf6kfc	湔	湔	ciĕng	1800	3	22	x6bv3ce2fkt		2025-05-16 17:05:22	2025-05-16 17:05:22
x9pc9u8cke5	xcfjqxt3p9q	渚	渚	cṳ̆	1800	3	23	x6bv3ce2fkt		2025-05-16 17:05:22	2025-05-16 17:05:22
xzj889nn5ak	xztrghf4n4k	測	測	cháik	1801	1	1	x6bv3ce2fkt		2025-05-16 17:05:22	2025-05-16 17:05:22
xbg2terwg7t			湊	cháiu	1801	1	2	x6bv3ce2fkt		2025-05-16 17:05:22	2025-05-16 17:05:22
xbvymak6p5a	xgsm4rsnnyu	湫	湫	chĭu	1801	1	3	x6bv3ce2fkt		2025-05-16 17:05:22	2025-05-16 17:05:22
xyjy23gvch7	x6h234z9588	湍	湍	chuăng	1801	1	4	x6bv3ce2fkt		2025-05-16 17:05:22	2025-05-16 17:05:22
xk24t8uqyxa	xppyny9hdzu	湛	湛	dăng	1801	1	5	x6bv3ce2fkt		2025-05-16 17:05:22	2025-05-16 17:05:22
xq258nq6n9k	xppyny9hdzu	湛	湛	tĭng	1801	1	5	x6bv3ce2fkt		2025-05-16 17:05:22	2025-05-16 17:05:22
xvjkadt3e4c	xppyny9hdzu	湛	湛	dāng	1801	1	5	x6bv3ce2fkt		2025-05-16 17:05:22	2025-05-16 17:05:22
x5tjjredny7	xrmp86wyy99	渫	渫	diĕk	1801	1	6	x6bv3ce2fkt		2025-05-16 17:05:22	2025-05-16 17:05:22
xs9j5pp2djj	xrmp86wyy99	渫	渫	siék	1801	1	6	x6bv3ce2fkt		2025-05-16 17:05:22	2025-05-16 17:05:22
xzvkndhv7av	xutxvk7k9tz	渟	渟	dìng	1801	1	7	x6bv3ce2fkt		2025-05-16 17:05:22	2025-05-16 17:05:22
xqrp5wmp9cr	xwkt4zp3sza	渡	渡	dô	1801	1	8	x6bv3ce2fkt		2025-05-16 17:05:22	2025-05-16 17:05:22
xszje59f798			渹	ĕng	1801	1	9	x6bv3ce2fkt		2025-05-16 17:05:22	2025-05-16 17:05:22
x9tubnmufus	x5mmguprxuv	湧	湧	é̤ṳng	1801	1	10	x6bv3ce2fkt		2025-05-16 17:05:22	2025-05-16 17:05:22
x3bytaxvre6	xwep6xe6btn	湝	湝	găi	1801	1	11	x6bv3ce2fkt		2025-05-16 17:05:22	2025-05-16 17:05:22
xm3cjgbr4aw	xpaq32yuzge	減	減	gēng	1801	1	12	x6bv3ce2fkt		2025-05-16 17:05:22	2025-05-16 17:05:22
x2b8qhhyy3c	x3enupttgrb	港	港	gē̤ng	1801	1	13	x6bv3ce2fkt		2025-05-16 17:05:22	2025-05-16 17:05:22
xj8z7pkjjnb	xx9gx3qdz8c	湱	湱	hĕk	1801	1	14	x6bv3ce2fkt		2025-05-16 17:05:22	2025-05-16 17:05:22
xdeasmhh4sh	xkz7g2hja42	湖	湖	hù	1801	1	15	x6bv3ce2fkt		2025-05-16 17:05:22	2025-05-16 17:05:22
x5unk57cg5p	xkz7g2hja42	湖	湖	ù	1801	1	15	x6bv3ce2fkt		2025-05-16 17:05:22	2025-05-16 17:05:22
xbdt8xvefwe	xeepegp22uh	渙	渙	huàng	1801	1	16	x6bv3ce2fkt		2025-05-16 17:05:22	2025-05-16 17:05:22
x4mp2cj2s5e			渾	hùng	1801	1	17	x6bv3ce2fkt		2025-05-16 17:05:22	2025-05-16 17:05:22
xxfdphrstth			渢	hùng	1801	1	18	x6bv3ce2fkt		2025-05-16 17:05:22	2025-05-16 17:05:22
xuw7ckxaud2			渢	huàng	1801	1	18	x6bv3ce2fkt		2025-05-16 17:05:22	2025-05-16 17:05:22
xuq3shqy248	xaxchnb9e5c	湟	湟	huòng	1801	1	19	x6bv3ce2fkt		2025-05-16 17:05:22	2025-05-16 17:05:22
xy7cmg89zzp	xp6nm2sw5q8	渰	渰	iēng	1801	1	20	x6bv3ce2fkt		2025-05-16 17:05:22	2025-05-16 17:05:22
xgf6vx32axq	xru8wz5f83j	湮	湮	ĭng	1801	1	21	x6bv3ce2fkt		2025-05-16 17:05:22	2025-05-16 17:05:22
xuktrbtsjv8	x36wdfgw28p	游	游	ìu	1801	1	22	x6bv3ce2fkt		2025-05-16 17:05:22	2025-05-16 17:05:22
xk3x7tguv8m			渴	kák	1801	1	23	x6bv3ce2fkt		2025-05-16 17:05:22	2025-05-16 17:05:22
xt7h35qn7xt			湆	kék	1801	2	1	x6bv3ce2fkt		2025-05-16 17:05:22	2025-05-16 17:05:22
xhrcp79khat			𣸌	kò̤	1801	2	2	x6bv3ce2fkt		2025-05-16 17:05:22	2025-05-16 17:05:22
x2dxd8h93sa	x5mspxujwkn	湄	湄	mì	1801	2	3	x6bv3ce2fkt		2025-05-16 17:05:22	2025-05-16 17:05:22
xcaprh7gceu	xjh5969pacd	湎	湎	miēng	1801	2	4	x6bv3ce2fkt		2025-05-16 17:05:22	2025-05-16 17:05:22
x34b944dx9y	x9gdc4qcq34	渺	渺	miēu	1801	2	5	x6bv3ce2fkt		2025-05-16 17:05:22	2025-05-16 17:05:22
xd3s4dvhzg5	xdnaf8pvv6j	渭	渭	ôi	1801	2	6	x6bv3ce2fkt		2025-05-16 17:05:22	2025-05-16 17:05:22
xxhrcct64cn	xbvm55kt7fk	渤	渤	puŏk	1801	2	7	x6bv3ce2fkt		2025-05-16 17:05:22	2025-05-16 17:05:22
xygmstnrvjm	xbvm55kt7fk	渤	渤	buŏk	1801	2	7	x6bv3ce2fkt		2025-05-16 17:05:22	2025-05-16 17:05:22
xh6wqg6eb53	xsjgwy424ss	湜	湜	sĭk	1801	2	8	x6bv3ce2fkt		2025-05-16 17:05:22	2025-05-16 17:05:22
xhyj3rvm642	xazdtenkdrb	湘	湘	siŏng	1801	2	9	x6bv3ce2fkt		2025-05-16 17:05:22	2025-05-16 17:05:22
xs774znzmjq	x6qgfk7pfdc	湑	湑	sṳ̆	1801	2	10	x6bv3ce2fkt		2025-05-16 17:05:22	2025-05-16 17:05:22
xca9x5naydc			湏	sṳ̆	1801	2	11	x6bv3ce2fkt		2025-05-16 17:05:22	2025-05-16 17:05:22
xzkwer3z833	xtjtumxk4gu	湉	湉	tièng	1801	2	12	x6bv3ce2fkt		2025-05-16 17:05:22	2025-05-16 17:05:22
xw9d2n2y3yz			湯	tŏng	1801	2	13	x6bv3ce2fkt		2025-05-16 17:05:22	2025-05-16 17:05:22
xphjtwptsak			湯	dâung	1801	2	13	x6bv3ce2fkt		2025-05-16 17:05:22	2025-05-16 17:05:22
xut9x76dyjw			湯	táung	1801	2	13	x6bv3ce2fkt		2025-05-16 17:05:22	2025-05-16 17:05:22
xr7w6qnhagr			湯	siŏng	1801	2	13	x6bv3ce2fkt		2025-05-16 17:05:22	2025-05-16 17:05:22
x9tj9j74zua	xjbzmd22ty4	渝	渝	ṳ̀	1801	2	14	x6bv3ce2fkt		2025-05-16 17:05:22	2025-05-16 17:05:22
xcfy438v6vz	xut9aqpetpz	溫	溫	ŭng	1801	2	15	x6bv3ce2fkt		2025-05-16 17:05:22	2025-05-16 17:05:22
xac4xvcceu7	xekn4cm5e46	渦	渦	uŏ	1801	2	16	x6bv3ce2fkt		2025-05-16 17:05:22	2025-05-16 17:05:22
x39hyxwg5mh			渨	uŏi	1801	2	17	x6bv3ce2fkt		2025-05-16 17:05:22	2025-05-16 17:05:22
xcap4rn2v2w	xzm6nzm6nsy	湲	湲	uòng	1801	2	18	x6bv3ce2fkt		2025-05-16 17:05:22	2025-05-16 17:05:22
x69umfztjdy	xqarmtuv288	滂	滂	bòng	1801	2	19	x6bv3ce2fkt		2025-05-16 17:05:22	2025-05-16 17:05:22
xxvt7ksfjjg	xqarmtuv288	滂	滂	bōng	1801	2	19	x6bv3ce2fkt		2025-05-16 17:05:22	2025-05-16 17:05:22
xbaf5bxfwxs	xqarmtuv288	滂	滂	pŏ̤	1801	2	19	x6bv3ce2fkt		2025-05-16 17:05:22	2025-05-16 17:05:22
xhv3pu2f8sk			滓	cāi	1801	2	20	x6bv3ce2fkt		2025-05-16 17:05:22	2025-05-16 17:05:22
x52zcpv9fx9			滓	dāi	1801	2	20	x6bv3ce2fkt		2025-05-16 17:05:22	2025-05-16 17:05:22
xs9fjsj5yj4			溱	cĕng	1801	2	21	x6bv3ce2fkt		2025-05-16 17:05:22	2025-05-16 17:05:22
x3hb94k2kb4	xs9qwa4g4wj	滋	滋	cṳ̀	1801	2	22	x6bv3ce2fkt		2025-05-16 17:05:22	2025-05-16 17:05:22
xtfbjshme58	xs9qwa4g4wj	滋	滋	cṳ̆	1801	2	22	x6bv3ce2fkt		2025-05-16 17:05:22	2025-05-16 17:05:22
xf7eccw48px	xumy7acj2vd	準	準	cūng	1801	2	23	x6bv3ce2fkt		2025-05-16 17:05:22	2025-05-16 17:05:22
xguc954ctef	xehm39huhfp	溴	溴	chéu	1801	3	1	x6bv3ce2fkt		2025-05-16 17:05:22	2025-05-16 17:05:22
x4g7dnftjb8	x3erhgr7ync	滄	滄	chŏng	1801	3	2	x6bv3ce2fkt		2025-05-16 17:05:22	2025-05-16 17:05:22
xh6tj3nhmzz	xfmtt8hzxz8	滕	滕	dèng	1801	3	3	x6bv3ce2fkt		2025-05-16 17:05:22	2025-05-16 17:05:22
xtxgktn7ymu			滇	dièng	1801	3	4	x6bv3ce2fkt		2025-05-16 17:05:22	2025-05-16 17:05:22
xppdqefhdma	xysjc882ey5	滌	滌	dĭk	1801	3	5	x6bv3ce2fkt		2025-05-16 17:05:22	2025-05-16 17:05:22
xwaey4cj9fh	x74e24dweyg	滁	滁	dṳ̀	1801	3	6	x6bv3ce2fkt		2025-05-16 17:05:22	2025-05-16 17:05:22
xpchr9fyr5q	xrf9sdau2ym	溢	溢	ék	1801	3	7	x6bv3ce2fkt		2025-05-16 17:05:22	2025-05-16 17:05:22
x2amqe9zct8			溝	gĕu	1801	3	8	x6bv3ce2fkt		2025-05-16 17:05:22	2025-05-16 17:05:22
xte8ds7znnu			溝	gău	1801	3	8	x6bv3ce2fkt		2025-05-16 17:05:22	2025-05-16 17:05:22
xz2dj5bfunv			滚	gūng	1801	3	9	x6bv3ce2fkt		2025-05-16 17:05:22	2025-05-16 17:05:22
xcv49ns8sgq	xqqkdkpuktu	滀	滀	hé̤ṳk	1801	3	10	x6bv3ce2fkt		2025-05-16 17:05:22	2025-05-16 17:05:22
x9xya77c5dj	xkqkmwxkyfv	溷	溷	hông	1801	3	11	x6bv3ce2fkt		2025-05-16 17:05:22	2025-05-16 17:05:22
xffw2r59bg8			滑	huăk	1801	3	12	x6bv3ce2fkt		2025-05-16 17:05:22	2025-05-16 17:05:22
xx8gyjdq7h4			滑	gŏk	1801	3	12	x6bv3ce2fkt		2025-05-16 17:05:22	2025-05-16 17:05:22
xmgsbbfgmse	xhbd8hmg8uk	溪	溪	kă̤	1801	3	13	x6bv3ce2fkt		2025-05-16 17:05:22	2025-05-16 17:05:22
xcnmf7e3zfn			溧	lék	1801	3	14	x6bv3ce2fkt		2025-05-16 17:05:22	2025-05-16 17:05:22
xdsv7e8dk7x			溜	léu	1801	3	15	x6bv3ce2fkt		2025-05-16 17:05:22	2025-05-16 17:05:22
x3cf8pnshcc	xmma76atak4	溦	溦	mì	1801	3	16	x6bv3ce2fkt		2025-05-16 17:05:22	2025-05-16 17:05:22
x4vtgkx76h4	xbmgzytjzc7	滅	滅	miĕk	1801	3	17	x6bv3ce2fkt		2025-05-16 17:05:22	2025-05-16 17:05:22
x54tr476yam	xswreb3nws8	溟	溟	mìng	1801	3	18	x6bv3ce2fkt		2025-05-16 17:05:22	2025-05-16 17:05:22
xefy7necqjc	xsk7pwb348g	溺	溺	nĭk	1801	3	19	x6bv3ce2fkt		2025-05-16 17:05:22	2025-05-16 17:05:22
xg5w6xmssrz	xsk7pwb348g	溺	溺	niêu	1801	3	19	x6bv3ce2fkt		2025-05-16 17:05:22	2025-05-16 17:05:22
xyefjs234nj	xt2x5g87y7g	源	源	nguòng	1801	3	20	x6bv3ce2fkt		2025-05-16 17:05:22	2025-05-16 17:05:22
x65z97gcbyq			溥	puō	1801	3	21	x6bv3ce2fkt		2025-05-16 17:05:22	2025-05-16 17:05:22
x7fu6t9u76y	xek6y8k4vgs	溼	溼	sék	1801	3	22	x6bv3ce2fkt		2025-05-16 17:05:22	2025-05-16 17:05:22
xcdwn8q7u8m	xzfes2p7q8q	溲	溲	sēu	1801	3	23	x6bv3ce2fkt		2025-05-16 17:05:22	2025-05-16 17:05:22
x3a9yk4sa6t	xzfes2p7q8q	溲	溲	sĕu	1801	3	23	x6bv3ce2fkt		2025-05-16 17:05:22	2025-05-16 17:05:22
xjsd3gt862n			㴻	sê̤ṳ	1802	1	1	x6bv3ce2fkt		2025-05-16 17:05:22	2025-05-16 17:05:22
xvak62879sy			㴬	siâ	1802	1	2	x6bv3ce2fkt		2025-05-16 17:05:22	2025-05-16 17:05:22
xa422jd3ben	xm7memnvhwe	滫	滫	sĭu	1802	1	3	x6bv3ce2fkt		2025-05-16 17:05:22	2025-05-16 17:05:22
xu6cx4nfcjg	xef86wm5rbf	溯	溯	só	1802	1	4	x6bv3ce2fkt		2025-05-16 17:05:22	2025-05-16 17:05:22
xkhvbetzark	xty3hj7gv6h	滔	滔	tŏ̤	1802	1	5	x6bv3ce2fkt		2025-05-16 17:05:22	2025-05-16 17:05:22
xv4fae8gpdh	xty3hj7gv6h	滔	滔	dò̤	1802	1	5	x6bv3ce2fkt		2025-05-16 17:05:22	2025-05-16 17:05:22
xt5cmmkjnct	xk8tqfhvx5h	溽	溽	ṳ̆k	1802	1	6	x6bv3ce2fkt		2025-05-16 17:05:22	2025-05-16 17:05:22
x5v2hnghms2	xqb6xen6wn2	溶	溶	ṳ̀ng	1802	1	7	x6bv3ce2fkt		2025-05-16 17:05:22	2025-05-16 17:05:22
xt3rp64ysmf	xrnzjfwtzcu	滮	滮	biĕu	1802	1	8	x6bv3ce2fkt		2025-05-16 17:05:22	2025-05-16 17:05:22
x97ut5qevmq			漅	càu	1802	1	9	x6bv3ce2fkt		2025-05-16 17:05:22	2025-05-16 17:05:22
xzfza7m8dfp			漬	cé̤ṳ	1802	1	10	x6bv3ce2fkt		2025-05-16 17:05:22	2025-05-16 17:05:22
xd5j8z8nbaf	xe3sfbgg2tj	漸	漸	ciêng	1802	1	11	x6bv3ce2fkt		2025-05-16 17:05:22	2025-05-16 17:05:22
x8ust3e5np6	xe3j8v8f9e5	漿	漿	ciŏng	1802	1	12	x6bv3ce2fkt		2025-05-16 17:05:22	2025-05-16 17:05:22
x4c4q7h2yu8	xxguz39bdp5	漳	漳	ciŏng	1802	1	13	x6bv3ce2fkt		2025-05-16 17:05:22	2025-05-16 17:05:22
x4hev7wxqwb	xm5prfeyw3k	漕	漕	cò̤	1802	1	14	x6bv3ce2fkt		2025-05-16 17:05:22	2025-05-16 17:05:22
xp2pqdym3zp	xcds7m8b22t	漆	漆	chék	1802	1	15	x6bv3ce2fkt		2025-05-16 17:05:22	2025-05-16 17:05:22
xduxzp7dsmp	x4gun2fbef4	漼	漼	chōi	1802	1	16	x6bv3ce2fkt		2025-05-16 17:05:22	2025-05-16 17:05:22
xgvfqet7mhy	xddn332f5vr	滯	滯	dê	1802	1	17	x6bv3ce2fkt		2025-05-16 17:05:22	2025-05-16 17:05:22
x5z9wzphkzf	xcyvenywepa	滴	滴	dék	1802	1	18	x6bv3ce2fkt		2025-05-16 17:05:22	2025-05-16 17:05:22
xbs6vpy2esd			漲	dióng	1802	1	19	x6bv3ce2fkt		2025-05-16 17:05:22	2025-05-16 17:05:22
x57tex2kvtn	xxr5xm5h8cn	漚	漚	ēu	1802	1	20	x6bv3ce2fkt		2025-05-16 17:05:22	2025-05-16 17:05:22
xgh82wzzbba	xxr5xm5h8cn	漚	漚	áiu	1802	1	20	x6bv3ce2fkt		2025-05-16 17:05:22	2025-05-16 17:05:22
xw6y5ra293d	xxrptens632	滾	滾	gūng	1802	1	21	x6bv3ce2fkt		2025-05-16 17:05:22	2025-05-16 17:05:22
xzb5wd6ujns	xnew6ptagrz	漢	漢	háng	1802	1	22	x6bv3ce2fkt		2025-05-16 17:05:22	2025-05-16 17:05:22
xwbb3bmg6ed	xcgdz4fx8bt	滬	滬	hô	1802	1	23	x6bv3ce2fkt		2025-05-16 17:05:22	2025-05-16 17:05:22
xm3a2m6hda5			滸	hū	1802	2	1	x6bv3ce2fkt		2025-05-16 17:05:22	2025-05-16 17:05:22
xmk8ue2fepc	xfkgnetm5wf	滹	滹	hù	1802	2	2	x6bv3ce2fkt		2025-05-16 17:05:22	2025-05-16 17:05:22
x6ygebp4vf2			漪	ĭ	1802	2	3	x6bv3ce2fkt		2025-05-16 17:05:22	2025-05-16 17:05:22
x7e7xx4vmcx	xf9ygnshyt7	演	演	iēng	1802	2	4	x6bv3ce2fkt		2025-05-16 17:05:22	2025-05-16 17:05:22
x2zvhawqkva			漾	iông	1802	2	5	x6bv3ce2fkt		2025-05-16 17:05:22	2025-05-16 17:05:22
xfhc7qvf87y	xge6f35s2bg	滺	滺	ìu	1802	2	6	x6bv3ce2fkt		2025-05-16 17:05:22	2025-05-16 17:05:22
xap4zawaw2r			漑	kái	1802	2	7	x6bv3ce2fkt		2025-05-16 17:05:22	2025-05-16 17:05:22
xq9w5kmgkwg			漏	lâiu	1802	2	8	x6bv3ce2fkt		2025-05-16 17:05:22	2025-05-16 17:05:22
xgaq6pnb4nq			漏	láu	1802	2	8	x6bv3ce2fkt		2025-05-16 17:05:22	2025-05-16 17:05:22
x4kmwzxdtgw	x5syky63vqr	漓	漓	liè	1802	2	9	x6bv3ce2fkt		2025-05-16 17:05:22	2025-05-16 17:05:22
x7n9a7dj99r	xdsbunvcquq	漣	漣	lièng	1802	2	10	x6bv3ce2fkt		2025-05-16 17:05:22	2025-05-16 17:05:22
xyxhzjmpbmy			滷	lô	1802	2	11	x6bv3ce2fkt		2025-05-16 17:05:22	2025-05-16 17:05:22
xznj88hbg8d			滷	lū	1802	2	11	x6bv3ce2fkt		2025-05-16 17:05:22	2025-05-16 17:05:22
x9urmceawsa	xa4bs9j66j8	漉	漉	lṳ̆k	1802	2	12	x6bv3ce2fkt		2025-05-16 17:05:22	2025-05-16 17:05:22
xnafp4wts5y			漫	mâng	1802	2	13	x6bv3ce2fkt		2025-05-16 17:05:22	2025-05-16 17:05:22
xsrszspmrx4			漫	màng	1802	2	13	x6bv3ce2fkt		2025-05-16 17:05:22	2025-05-16 17:05:22
xhmprtvaqjr	xz5m7xmd5wz	漭	漭	mâung	1802	2	14	x6bv3ce2fkt		2025-05-16 17:05:22	2025-05-16 17:05:22
xm7qguhncw5			漠	mŏk	1802	2	15	x6bv3ce2fkt		2025-05-16 17:05:22	2025-05-16 17:05:22
xxwqnn2wxwd			滿	muāng	1802	2	16	x6bv3ce2fkt		2025-05-16 17:05:22	2025-05-16 17:05:22
x3kst4n7nbm			滿	māng	1802	2	16	x6bv3ce2fkt		2025-05-16 17:05:22	2025-05-16 17:05:22
x76t9b5znrb	xcp6af77jxf	漁	漁	ngṳ̀	1802	2	17	x6bv3ce2fkt		2025-05-16 17:05:23	2025-05-16 17:05:23
xdprwpu5vnx			漂	piéu	1802	2	18	x6bv3ce2fkt		2025-05-16 17:05:23	2025-05-16 17:05:23
x7u8ke4khjr			漂	piĕu	1802	2	18	x6bv3ce2fkt		2025-05-16 17:05:23	2025-05-16 17:05:23
x7vvem8pvuy			潄	sáiu	1802	2	19	x6bv3ce2fkt		2025-05-16 17:05:23	2025-05-16 17:05:23
xdhnxtt9z2g			滲	sĕng	1802	2	20	x6bv3ce2fkt		2025-05-16 17:05:23	2025-05-16 17:05:23
xx7ve779jey			㵼	siá	1802	2	21	x6bv3ce2fkt		2025-05-16 17:05:23	2025-05-16 17:05:23
x6ht65xmjy3	xdxkh6jvqtm	漩	漩	suòng	1802	2	22	x6bv3ce2fkt	原書有誤，已更正	2025-05-16 17:05:23	2025-05-16 17:05:23
xg4hdx7c48z	xacr63bnxkj	漘	漘	sùng	1802	2	23	x6bv3ce2fkt		2025-05-16 17:05:23	2025-05-16 17:05:23
xnz369r4rpa	xwz9czxf3fe	漯	漯	ták	1802	3	1	x6bv3ce2fkt		2025-05-16 17:05:23	2025-05-16 17:05:23
xtrwz2q3tnw	xszf88bhqkw	漙	漙	tuàng	1802	3	2	x6bv3ce2fkt		2025-05-16 17:05:23	2025-05-16 17:05:23
xxzga98vuvg	xjbmzy4swbd	潷	潷	bé	1802	3	3	x6bv3ce2fkt		2025-05-16 17:05:23	2025-05-16 17:05:23
x58q2prfvtd	x8rnkyez78g	潺	潺	càng	1802	3	4	x6bv3ce2fkt		2025-05-16 17:05:23	2025-05-16 17:05:23
xqcueyemjvp	xvwr7sswz4w	潛	潛	cièng	1802	3	5	x6bv3ce2fkt		2025-05-16 17:05:23	2025-05-16 17:05:23
xwsuyyy9xpv			潜	cièng	1802	3	5	x6bv3ce2fkt		2025-05-16 17:05:23	2025-05-16 17:05:23
xr79k3wgd4q	xvkxa7g4wv2	潨	潨	cùng	1802	3	6	x6bv3ce2fkt		2025-05-16 17:05:23	2025-05-16 17:05:23
xecxkzmtdrh	xnvympb94x4	潒	潒	chiông	1802	3	7	x6bv3ce2fkt		2025-05-16 17:05:23	2025-05-16 17:05:23
xpwayxgdhhu			澄	dèng	1802	3	8	x6bv3ce2fkt		2025-05-16 17:05:23	2025-05-16 17:05:23
x7uxjr9v8u2			澄	dìng	1802	3	8	x6bv3ce2fkt		2025-05-16 17:05:23	2025-05-16 17:05:23
xrwqds588za	x229rrsjzs7	潮	潮	dièu	1802	3	9	x6bv3ce2fkt		2025-05-16 17:05:23	2025-05-16 17:05:23
xgw72xw9yj6	xz52rm3nda2	潼	潼	dùng	1802	3	10	x6bv3ce2fkt		2025-05-16 17:05:23	2025-05-16 17:05:23
x84fteebgw5			潤	ê̤ṳng	1802	3	11	x6bv3ce2fkt		2025-05-16 17:05:23	2025-05-16 17:05:23
xbf95h6zunh	xeagybh5vf3	澗	澗	gàng	1802	3	12	x6bv3ce2fkt		2025-05-16 17:05:23	2025-05-16 17:05:23
x33kk33nbw2			潔	giék	1802	3	13	x6bv3ce2fkt		2025-05-16 17:05:23	2025-05-16 17:05:23
x2a5vkb964e			潔	gáik	1802	3	13	x6bv3ce2fkt		2025-05-16 17:05:23	2025-05-16 17:05:23
xj43dxbx53a			潏	giók	1802	3	14	x6bv3ce2fkt		2025-05-16 17:05:23	2025-05-16 17:05:23
xvc8drq5vdb			潏	ṳ̆k	1802	3	14	x6bv3ce2fkt		2025-05-16 17:05:23	2025-05-16 17:05:23
x5atgsweubs	xgv475vjtqc	潝	潝	hék	1802	3	15	x6bv3ce2fkt		2025-05-16 17:05:23	2025-05-16 17:05:23
x3w6ftt4zz6			澆	hiĕu	1802	3	16	x6bv3ce2fkt		2025-05-16 17:05:23	2025-05-16 17:05:23
x3r28vejkv7			潰	huôi	1802	3	17	x6bv3ce2fkt		2025-05-16 17:05:23	2025-05-16 17:05:23
x77rsm9fpx4	xpp728encsf	潾	潾	lìng	1802	3	18	x6bv3ce2fkt		2025-05-16 17:05:23	2025-05-16 17:05:23
x6u43aq7hq6	xyvd7vbry2a	潞	潞	lô	1802	3	19	x6bv3ce2fkt		2025-05-16 17:05:23	2025-05-16 17:05:23
x93f9k2xudg	xf64arnve8f	潦	潦	lō̤	1802	3	20	x6bv3ce2fkt		2025-05-16 17:05:23	2025-05-16 17:05:23
x53k6p8ka6g	xbpxcwk2bqq	澇	澇	lô̤	1802	3	21	x6bv3ce2fkt		2025-05-16 17:05:23	2025-05-16 17:05:23
xz2rxsbwued			𤀀	ó̤	1802	3	22	x6bv3ce2fkt		2025-05-16 17:05:23	2025-05-16 17:05:23
xj3bgkz4pqw			潘	păng	1802	3	23	x6bv3ce2fkt		2025-05-16 17:05:23	2025-05-16 17:05:23
xxys7v85ktj	xgym2ndkgm7	澎	澎	pàng	1803	1	1	x6bv3ce2fkt		2025-05-16 17:05:23	2025-05-16 17:05:23
x8u9gm3gdwk	xcr3wxe8jh6	潑	潑	puák	1803	1	2	x6bv3ce2fkt		2025-05-16 17:05:23	2025-05-16 17:05:23
xkx5f7wnbwh	xcr3wxe8jh6	潑	潑	piák	1803	1	2	x6bv3ce2fkt		2025-05-16 17:05:23	2025-05-16 17:05:23
x9e857jdrxm	xnh86hp5mrs	澀	澀	sáik	1803	1	3	x6bv3ce2fkt		2025-05-16 17:05:23	2025-05-16 17:05:23
x4cnyshqmas			澁	sáik	1803	1	4	x6bv3ce2fkt		2025-05-16 17:05:23	2025-05-16 17:05:23
xnc7sp7rccw			澘	săng	1803	1	5	x6bv3ce2fkt		2025-05-16 17:05:23	2025-05-16 17:05:23
xzuspjc2ktr	xq7tvpuvcyy	潯	潯	sìng	1803	1	6	x6bv3ce2fkt		2025-05-16 17:05:23	2025-05-16 17:05:23
xzy7jz475cd	xa67e42wvyq	澌	澌	sṳ̆	1803	1	7	x6bv3ce2fkt		2025-05-16 17:05:23	2025-05-16 17:05:23
x3whwz8f63r	xfey8bu2fyq	潭	潭	tàng	1803	1	8	x6bv3ce2fkt		2025-05-16 17:05:23	2025-05-16 17:05:23
xxftcpzh5cp			澈	tiék	1803	1	9	x6bv3ce2fkt		2025-05-16 17:05:23	2025-05-16 17:05:23
xst9337pex6	xvap97ccbrq	潢	潢	uòng	1803	1	10	x6bv3ce2fkt		2025-05-16 17:05:23	2025-05-16 17:05:23
xbyc3x6d48x	xvap97ccbrq	潢	潢	uōng	1803	1	10	x6bv3ce2fkt		2025-05-16 17:05:23	2025-05-16 17:05:23
xu3xdjfyb8g			濈	céh	1803	1	11	x6bv3ce2fkt		2025-05-16 17:05:23	2025-05-16 17:05:23
xu5mwr3a4ph	xc9ragzt2ne	濁	濁	cŏk	1803	1	12	x6bv3ce2fkt		2025-05-16 17:05:23	2025-05-16 17:05:23
xr2p4xj9h86	xf3gbjzv5v6	澡	澡	chó̤	1803	1	13	x6bv3ce2fkt		2025-05-16 17:05:23	2025-05-16 17:05:23
x454s29ufrz			澱	dâing	1803	1	14	x6bv3ce2fkt		2025-05-16 17:05:23	2025-05-16 17:05:23
xwyq7xp36jp	xrg396yyuy8	澹	澹	dâng	1803	1	15	x6bv3ce2fkt		2025-05-16 17:05:23	2025-05-16 17:05:23
xdj5xq7n6bd	xprt5b5ncbb	澤	澤	dĕk	1803	1	16	x6bv3ce2fkt		2025-05-16 17:05:23	2025-05-16 17:05:23
xwhjc5umtbm	xprt5b5ncbb	澤	澤	dăh	1803	1	16	x6bv3ce2fkt		2025-05-16 17:05:23	2025-05-16 17:05:23
x952xvxjhr5	x5yxp7exjk4	激	激	gék	1803	1	17	x6bv3ce2fkt		2025-05-16 17:05:23	2025-05-16 17:05:23
x7yaqbexdyr	xyar7dz48ha	澮	澮	guói	1803	1	18	x6bv3ce2fkt		2025-05-16 17:05:23	2025-05-16 17:05:23
xf86vkzafgv	xryjv2xajv6	澣	澣	hāng	1803	1	19	x6bv3ce2fkt		2025-05-16 17:05:23	2025-05-16 17:05:23
xu4ezubxvkh	xdxtgtgcdb6	濆	濆	hùng	1803	1	20	x6bv3ce2fkt		2025-05-16 17:05:23	2025-05-16 17:05:23
xutqhqx7s74	xtbxx32w8vh	㵝	㵝	iô	1803	1	21	x6bv3ce2fkt		2025-05-16 17:05:23	2025-05-16 17:05:23
xee9rfcuwdt			澧	lā̤	1803	1	22	x6bv3ce2fkt		2025-05-16 17:05:23	2025-05-16 17:05:23
xfjcbndhbn7			濓	lièng	1803	1	23	x6bv3ce2fkt		2025-05-16 17:05:23	2025-05-16 17:05:23
x3y9b7xha3p	xqy95adu269	㵥	㵥	mĭk	1803	2	1	x6bv3ce2fkt		2025-05-16 17:05:23	2025-05-16 17:05:23
xsj787exhsz			濃	nùng	1803	2	2	x6bv3ce2fkt		2025-05-16 17:05:23	2025-05-16 17:05:23
xs2g8sv35fh			濃	nṳ̀ng	1803	2	2	x6bv3ce2fkt		2025-05-16 17:05:23	2025-05-16 17:05:23
xgydh2bgtcv			澳	ó̤	1803	2	3	x6bv3ce2fkt		2025-05-16 17:05:23	2025-05-16 17:05:23
xkn44nwbv57			澳	é̤ṳk	1803	2	3	x6bv3ce2fkt		2025-05-16 17:05:23	2025-05-16 17:05:23
x8dfccg4bm5			濇	sáik	1803	2	4	x6bv3ce2fkt		2025-05-16 17:05:23	2025-05-16 17:05:23
x65bqxcwr47			澶	sièng	1803	2	5	x6bv3ce2fkt		2025-05-16 17:05:23	2025-05-16 17:05:23
xhyhwpjme5c			澠	sìng	1803	2	6	x6bv3ce2fkt		2025-05-16 17:05:23	2025-05-16 17:05:23
xu8yh3bymar	xw4wjk4jdd7	澭	澭	ṳ̆ng	1803	2	7	x6bv3ce2fkt		2025-05-16 17:05:23	2025-05-16 17:05:23
xfcfncquadz	xg6cs8gjzms	濊	濊	uói	1803	2	8	x6bv3ce2fkt		2025-05-16 17:05:23	2025-05-16 17:05:23
x42xn98pfh2	x28q4hbmk4f	濱	濱	bĭng	1803	2	9	x6bv3ce2fkt		2025-05-16 17:05:23	2025-05-16 17:05:23
xjprguq4hen	xh98sz9s9f2	濮	濮	bŭk	1803	2	10	x6bv3ce2fkt		2025-05-16 17:05:23	2025-05-16 17:05:23
xezu4kwq4gv			濟	cá̤	1803	2	11	x6bv3ce2fkt		2025-05-16 17:05:23	2025-05-16 17:05:23
x56bnc7ep57	xmhaqf3axz4	濬	濬	cóng	1803	2	12	x6bv3ce2fkt		2025-05-16 17:05:23	2025-05-16 17:05:23
xnunn3njqbf			濯	cŏk	1803	2	13	x6bv3ce2fkt		2025-05-16 17:05:23	2025-05-16 17:05:23
xh833xuyat5	xfbw6swnnm9	濤	濤	dò̤	1803	2	14	x6bv3ce2fkt		2025-05-16 17:05:23	2025-05-16 17:05:23
xqz7zdbyf23	x9h2wktwwc2	濠	濠	hò̤	1803	2	15	x6bv3ce2fkt		2025-05-16 17:05:23	2025-05-16 17:05:23
xehebedxujb	xs7urc4ujdg	濩	濩	huŏk	1803	2	16	x6bv3ce2fkt		2025-05-16 17:05:23	2025-05-16 17:05:23
xk9rnubs582	xs7urc4ujdg	濩	濩	hô	1803	2	16	x6bv3ce2fkt		2025-05-16 17:05:23	2025-05-16 17:05:23
x98bkmpyvnz	x5gr9kd2ezr	濫	濫	lâng	1803	2	17	x6bv3ce2fkt		2025-05-16 17:05:23	2025-05-16 17:05:23
xjceh8c6ngr	xw5dztkjb86	濰	濰	mì	1803	2	18	x6bv3ce2fkt		2025-05-16 17:05:23	2025-05-16 17:05:23
xb4bcca6h5s			濛	mùng	1803	2	19	x6bv3ce2fkt		2025-05-16 17:05:23	2025-05-16 17:05:23
xjsf4z3atkf			濛	mŭng	1803	2	19	x6bv3ce2fkt		2025-05-16 17:05:23	2025-05-16 17:05:23
xdw5zp84ykn	xb4zwx8t533	濘	濘	nìng	1803	2	20	x6bv3ce2fkt		2025-05-16 17:05:23	2025-05-16 17:05:23
xbsvgd95e5c	x8jhv23j4rs	濕	濕	sék	1803	2	21	x6bv3ce2fkt		2025-05-16 17:05:23	2025-05-16 17:05:23
xhy2tjs4jr3			濡	sṳ̆	1803	2	22	x6bv3ce2fkt		2025-05-16 17:05:23	2025-05-16 17:05:23
xnas2nygnhm	xudedtcstef	瀌	瀌	biĕu	1803	2	23	x6bv3ce2fkt		2025-05-16 17:05:23	2025-05-16 17:05:23
xm78gxtfedf	xwy5xb6mrc3	瀑	瀑	bŭk	1803	3	1	x6bv3ce2fkt		2025-05-16 17:05:23	2025-05-16 17:05:23
x6e98qqd48b	xwy5xb6mrc3	瀑	瀑	bô̤	1803	3	1	x6bv3ce2fkt		2025-05-16 17:05:23	2025-05-16 17:05:23
xpxzyvn4cq2			濺	ciêng	1803	3	2	x6bv3ce2fkt		2025-05-16 17:05:23	2025-05-16 17:05:23
xac5wset8c8	xkg224rran7	瀆	瀆	dŭk	1803	3	3	x6bv3ce2fkt		2025-05-16 17:05:23	2025-05-16 17:05:23
xhz8sxj9fsk	x86b5h3aa7b	瀁	瀁	iông	1803	3	4	x6bv3ce2fkt		2025-05-16 17:05:23	2025-05-16 17:05:23
xjhbtebs3tk			濿	lâ̤	1803	3	5	x6bv3ce2fkt		2025-05-16 17:05:23	2025-05-16 17:05:23
xffxw4uy7vg	xxvsg5rqygu	濾	濾	lê̤ṳ	1803	3	6	x6bv3ce2fkt		2025-05-16 17:05:23	2025-05-16 17:05:23
xu2e2wcf6g6	xgrgpnadqds	瀏	瀏	lìu	1803	3	7	x6bv3ce2fkt		2025-05-16 17:05:23	2025-05-16 17:05:23
x58km5neq6s	xhvje624mmu	濼	濼	lŏk	1803	3	8	x6bv3ce2fkt		2025-05-16 17:05:23	2025-05-16 17:05:23
xdjtj3wkuxz	xm8jzdabktu	瀉	瀉	siá	1803	3	9	x6bv3ce2fkt		2025-05-16 17:05:23	2025-05-16 17:05:23
xwntfn7stad	xz57q3mecbd	瀋	瀋	sīng	1803	3	10	x6bv3ce2fkt		2025-05-16 17:05:23	2025-05-16 17:05:23
x3jyxu6e85z			瀡	chōi	1803	3	11	x6bv3ce2fkt		2025-05-16 17:05:23	2025-05-16 17:05:23
x6a4arsuzdb			潴	dṳ̆	1803	3	12	x6bv3ce2fkt		2025-05-16 17:05:23	2025-05-16 17:05:23
xbkt5da2vjp	xd9auc785bp	瀚	瀚	hâng	1803	3	13	x6bv3ce2fkt		2025-05-16 17:05:23	2025-05-16 17:05:23
xmnv8hdjb55	x64ya6z5p4u	瀠	瀠	ìng	1803	3	14	x6bv3ce2fkt		2025-05-16 17:05:23	2025-05-16 17:05:23
xw8hfunhqn2	x7guwpf8afy	瀛	瀛	ìng	1803	3	15	x6bv3ce2fkt		2025-05-16 17:05:23	2025-05-16 17:05:23
x5f59eh44cn	xc578ksbmf6	瀨	瀨	lâi	1803	3	16	x6bv3ce2fkt		2025-05-16 17:05:23	2025-05-16 17:05:23
xqyf2e2weah			𤃉	lĭk	1803	3	17	x6bv3ce2fkt		2025-05-16 17:05:23	2025-05-16 17:05:23
x6uu2wfq4en	xdzrbg7uuqq	瀘	瀘	lù	1803	3	18	x6bv3ce2fkt		2025-05-16 17:05:23	2025-05-16 17:05:23
xtgkdqu2qrt	xn7ge8385dg	瀧	瀧	lùng	1803	3	19	x6bv3ce2fkt		2025-05-16 17:05:23	2025-05-16 17:05:23
x27xxh9eejb	xmvn356ze2v	瀟	瀟	siĕu	1803	3	20	x6bv3ce2fkt		2025-05-16 17:05:23	2025-05-16 17:05:23
xv5dkbvy2j4			瀸	ciĕng	1803	3	21	x6bv3ce2fkt		2025-05-16 17:05:23	2025-05-16 17:05:23
xrdk77quqg5			㵸	iŏh	1803	3	22	x6bv3ce2fkt		2025-05-16 17:05:23	2025-05-16 17:05:23
xqjudygr8va	xbq5u9azyq9	瀾	瀾	làng	1803	3	23	x6bv3ce2fkt		2025-05-16 17:05:23	2025-05-16 17:05:23
xhdkd2rr33q			㶑	liēng	1804	1	1	x6bv3ce2fkt		2025-05-16 17:05:23	2025-05-16 17:05:23
xq3gepr5c8b			瀰	mì	1804	1	2	x6bv3ce2fkt		2025-05-16 17:05:23	2025-05-16 17:05:23
xmma43dhucy	xk82bmmstu7	瀼	瀼	siŏng	1804	1	3	x6bv3ce2fkt		2025-05-16 17:05:23	2025-05-16 17:05:23
x74wbf4xd6s	xufcrmafmgz	𤃶	𤃶	táe̤ng	1804	1	4	x6bv3ce2fkt		2025-05-16 17:05:23	2025-05-16 17:05:23
xwf272232ks	xtx8sxrbb94	灌	灌	guáng	1804	1	5	x6bv3ce2fkt		2025-05-16 17:05:23	2025-05-16 17:05:23
xhfdkkgm8r8			灋	huák	1804	1	6	x6bv3ce2fkt		2025-05-16 17:05:23	2025-05-16 17:05:23
xxxu4ckbwam	xbg9n8htmzf	灞	灞	bá	1804	1	7	x6bv3ce2fkt		2025-05-16 17:05:23	2025-05-16 17:05:23
xzgvc8j2umz			𤄷	lò̤	1804	1	8	x6bv3ce2fkt		2025-05-16 17:05:23	2025-05-16 17:05:23
xjfjs8q6667	xvsqh5hr6ra	灑	灑	suā	1804	1	9	x6bv3ce2fkt		2025-05-16 17:05:23	2025-05-16 17:05:23
xz9x65jqv2b	x554tsupj6e	灘	灘	tăng	1804	1	10	x6bv3ce2fkt		2025-05-16 17:05:23	2025-05-16 17:05:23
xshj376c7fk	xap264mypnq	灝	灝	hô̤	1804	1	11	x6bv3ce2fkt		2025-05-16 17:05:23	2025-05-16 17:05:23
xg9fxt8wubq	xzwc4jprs6m	灣	灣	uăng	1804	1	12	x6bv3ce2fkt		2025-05-16 17:05:23	2025-05-16 17:05:23
xf8h8hbhngt	xzwc4jprs6m	灣	灣	uàng	1804	1	12	x6bv3ce2fkt		2025-05-16 17:05:23	2025-05-16 17:05:23
x89macrdp7e	xnyukf3u4n6	灨	灨	góng	1804	1	13	x6bv3ce2fkt		2025-05-16 17:05:23	2025-05-16 17:05:23
x6uxy7722bz			灔	iêng	1804	1	14	x6bv3ce2fkt		2025-05-16 17:05:23	2025-05-16 17:05:23
xk2t882gwd6			火	huō	1804	1	15	xu7musf5gpe		2025-05-16 17:05:23	2025-05-16 17:05:23
xy53pmrrm4e			火	huōi	1804	1	15	xu7musf5gpe		2025-05-16 17:05:23	2025-05-16 17:05:23
x98vttx5w5e			⿰火乚	cák	1804	1	16	xu7musf5gpe		2025-05-16 17:05:23	2025-05-16 17:05:23
xbn8cqm5c82			灯	dĭng	1804	1	17	xu7musf5gpe		2025-05-16 17:05:23	2025-05-16 17:05:23
x4jnb6fn5vm			灯	dĕng	1804	1	17	xu7musf5gpe		2025-05-16 17:05:23	2025-05-16 17:05:23
xkmmk8sgujj			灰	hŭi	1804	1	18	xu7musf5gpe		2025-05-16 17:05:23	2025-05-16 17:05:23
xtd45khugqu			灰	hŭ	1804	1	18	xu7musf5gpe		2025-05-16 17:05:23	2025-05-16 17:05:23
x4n9fvpqnxb			伙	huō	1804	1	19	xu7musf5gpe		2025-05-16 17:05:23	2025-05-16 17:05:23
xwhznd4vg6n			伙	huōi	1804	1	19	xu7musf5gpe		2025-05-16 17:05:23	2025-05-16 17:05:23
xju25rqyunh	xb8ak8mqht4	灹	灹	băk	1804	1	20	xu7musf5gpe		2025-05-16 17:05:23	2025-05-16 17:05:23
xnm924b5rv9	xxx45nvxe3w	災	災	căi	1804	1	21	xu7musf5gpe		2025-05-16 17:05:23	2025-05-16 17:05:23
xkfy53t3pzs			灾	căi	1804	1	21	xu7musf5gpe		2025-05-16 17:05:23	2025-05-16 17:05:23
xakjtmvwpzc			灼	chiók	1804	2	2	xu7musf5gpe		2025-05-16 17:05:23	2025-05-16 17:05:23
xxj9mxhchkn			灼	diŏk	1804	2	2	xu7musf5gpe		2025-05-16 17:05:23	2025-05-16 17:05:23
xpzb3auc8en			灸	gīu	1804	2	3	xu7musf5gpe		2025-05-16 17:05:23	2025-05-16 17:05:23
xntpdgk5zam			灸	gó	1804	2	3	xu7musf5gpe		2025-05-16 17:05:23	2025-05-16 17:05:23
x5bmptvuemr			灵	lìng	1804	2	4	xu7musf5gpe		2025-05-16 17:05:23	2025-05-16 17:05:23
xr6c6c3vrzs	x37bs7rpyuc	炙	炙	ciá	1804	2	5	xu7musf5gpe		2025-05-16 17:05:23	2025-05-16 17:05:23
xjpa5zqccre	xnacpajfkav	炒	炒	chā	1804	2	6	xu7musf5gpe		2025-05-16 17:05:23	2025-05-16 17:05:23
xaxyxn3mx9d	xtr7wknzekv	炊	炊	chuŏi	1804	2	7	xu7musf5gpe		2025-05-16 17:05:23	2025-05-16 17:05:23
xxxp9fh59dv			炖	dông	1804	2	8	xu7musf5gpe		2025-05-16 17:05:23	2025-05-16 17:05:23
xe2xwsawdy6	xtttzu8yfgy	炎	炎	ièng	1804	2	9	xu7musf5gpe		2025-05-16 17:05:23	2025-05-16 17:05:23
xgpmp8y7abh	xtttzu8yfgy	炎	炎	dàng	1804	2	9	xu7musf5gpe		2025-05-16 17:05:23	2025-05-16 17:05:23
xc84dn8wf3m	xxptghfteh2	炕	炕	káung	1804	2	10	xu7musf5gpe		2025-05-16 17:05:23	2025-05-16 17:05:23
xj9ef65dcpy			炉	lù	1804	2	11	xu7musf5gpe		2025-05-16 17:05:23	2025-05-16 17:05:23
xtq3qga4ywh	xk5f53b262f	炦	炦	băk	1804	2	12	xu7musf5gpe		2025-05-16 17:05:23	2025-05-16 17:05:23
xjapu3zwzqe			炰	bàu	1804	2	13	xu7musf5gpe		2025-05-16 17:05:23	2025-05-16 17:05:23
x3cgtqe7ttt	xc8ecgrvnu8	炳	炳	bīng	1804	2	14	xu7musf5gpe		2025-05-16 17:05:23	2025-05-16 17:05:23
x8x6yx73jp2			炸	cá	1804	2	15	xu7musf5gpe		2025-05-16 17:05:23	2025-05-16 17:05:23
xpf67seqqy9	xvxmex9vvze	炷	炷	cê̤ṳ	1804	2	16	xu7musf5gpe		2025-05-16 17:05:23	2025-05-16 17:05:23
xr67xu2uexc			炤	ciéu	1804	2	17	xu7musf5gpe		2025-05-16 17:05:23	2025-05-16 17:05:23
xum2a9vayuf			炪	chók	1804	2	18	xu7musf5gpe		2025-05-16 17:05:23	2025-05-16 17:05:23
xh86k3g4xvb	xvvusf54dfg	炱	炱	dài	1804	2	19	xu7musf5gpe		2025-05-16 17:05:23	2025-05-16 17:05:23
x7d454gvg63			点	diēng	1804	2	20	xu7musf5gpe		2025-05-16 17:05:23	2025-05-16 17:05:23
xe7g8t9cq8d	xfhqzfaa594	炯	炯	gēng	1804	2	21	xu7musf5gpe		2025-05-16 17:05:23	2025-05-16 17:05:23
xbwmqpsb3hm	xtt5ayaxbpb	炬	炬	gé̤ṳ	1804	2	22	xu7musf5gpe		2025-05-16 17:05:23	2025-05-16 17:05:23
xdbpnm9gpyc	xtt5ayaxbpb	炬	炬	gê̤ṳ	1804	2	22	xu7musf5gpe		2025-05-16 17:05:23	2025-05-16 17:05:23
xvrekc2y3eu			炫	hièng	1804	2	23	xu7musf5gpe		2025-05-16 17:05:23	2025-05-16 17:05:23
xz7wx6myp48	xmufwtp5h22	炣	炣	kŏ̤	1804	3	1	xu7musf5gpe		2025-05-16 17:05:23	2025-05-16 17:05:23
xnrsqbban5z	xmufwtp5h22	炣	炣	ŏ̤	1804	3	1	xu7musf5gpe		2025-05-16 17:05:23	2025-05-16 17:05:23
xcjwjmsat5q			炮	páu	1804	3	2	xu7musf5gpe		2025-05-16 17:05:23	2025-05-16 17:05:23
xyhkftafzfe			炧	siā	1804	3	3	xu7musf5gpe		2025-05-16 17:05:23	2025-05-16 17:05:23
xsjtpdg5m4h	xxcgkctrbsc	炭	炭	táng	1804	3	4	xu7musf5gpe		2025-05-16 17:05:23	2025-05-16 17:05:23
xdjqbsuaha2			為	ùi	1804	3	5	xu7musf5gpe		2025-05-16 17:05:23	2025-05-16 17:05:23
xp7qxezrwxx			為	ôi	1804	3	5	xu7musf5gpe		2025-05-16 17:05:23	2025-05-16 17:05:23
xqv92x47qwf			烖	căi	1804	3	6	xu7musf5gpe		2025-05-16 17:05:23	2025-05-16 17:05:23
xtaeafd2x2t	xnvvvntbyfp	烝	烝	cĭng	1804	3	7	xu7musf5gpe		2025-05-16 17:05:23	2025-05-16 17:05:23
xnw9wreqmfd			烛	cuóh	1804	3	8	xu7musf5gpe	原書有誤，已更正	2025-05-16 17:05:23	2025-05-16 17:05:23
xu5wfnujq5q			烜	hiŏng	1804	3	9	xu7musf5gpe		2025-05-16 17:05:23	2025-05-16 17:05:23
x9jsyj6yacs			烘	hṳ̆ng	1804	3	10	xu7musf5gpe		2025-05-16 17:05:23	2025-05-16 17:05:23
xhsjfrdq59n			烘	hĕ̤ng	1804	3	10	xu7musf5gpe		2025-05-16 17:05:23	2025-05-16 17:05:23
x3q539ktb6r			烟	ĭng	1804	3	11	xu7musf5gpe		2025-05-16 17:05:23	2025-05-16 17:05:23
xxbhgkswznz			烟	iĕng	1804	3	11	xu7musf5gpe		2025-05-16 17:05:23	2025-05-16 17:05:23
x7dtftc7h8a			烟	hŏng	1804	3	11	xu7musf5gpe		2025-05-16 17:05:23	2025-05-16 17:05:23
x3he9v7mgew	xrqg74xbytm	烚	烚	kăk	1804	3	12	xu7musf5gpe		2025-05-16 17:05:23	2025-05-16 17:05:23
xqxe2eujfqz	xaxra99pep6	烤	烤	kó̤	1804	3	13	xu7musf5gpe		2025-05-16 17:05:23	2025-05-16 17:05:23
xtcnwtg5dv6	x6ryqu8w5kt	烈	烈	liĕk	1804	3	14	xu7musf5gpe		2025-05-16 17:05:23	2025-05-16 17:05:23
xv6prgz3d9h			烙	lŏk	1804	3	15	xu7musf5gpe		2025-05-16 17:05:23	2025-05-16 17:05:23
xa2x2tdp7j3			烕	miĕk	1804	3	16	xu7musf5gpe		2025-05-16 17:05:23	2025-05-16 17:05:23
x3q7f5mjw9w	x8md9me4x9d	烏	烏	ŭ	1804	3	17	xu7musf5gpe		2025-05-16 17:05:23	2025-05-16 17:05:23
x282vc5n55v	xy8pje7jx6p	烽	烽	hŭng	1804	3	18	xu7musf5gpe		2025-05-16 17:05:23	2025-05-16 17:05:23
x86ub5an83k			焉	iòng	1804	3	19	xu7musf5gpe		2025-05-16 17:05:23	2025-05-16 17:05:23
xr2x8ert9ec			焉	iŏng	1804	3	19	xu7musf5gpe		2025-05-16 17:05:23	2025-05-16 17:05:23
xy25v8nnaz5	x62j29yxqfv	烹	烹	pĕng	1804	3	20	xu7musf5gpe		2025-05-16 17:05:23	2025-05-16 17:05:23
xsxxr4tdeaf			烰	pù	1804	3	21	xu7musf5gpe		2025-05-16 17:05:23	2025-05-16 17:05:23
xyp5x9jr4hx			焙	buôi	1804	3	22	xu7musf5gpe		2025-05-16 17:05:23	2025-05-16 17:05:23
x2dnn4cyvgm			焦	ciĕu	1804	3	23	xu7musf5gpe		2025-05-16 17:05:23	2025-05-16 17:05:23
xtwzayye6gu	xnsb5saxj7h	焠	焠	côi	1805	1	1	xu7musf5gpe		2025-05-16 17:05:23	2025-05-16 17:05:23
xcfh573dgwb	xnsb5saxj7h	焠	焠	cì	1805	1	1	xu7musf5gpe		2025-05-16 17:05:23	2025-05-16 17:05:23
xn23e7vrbc7	xw7hey3ufg4	焞	焞	dŭng	1805	1	2	xu7musf5gpe		2025-05-16 17:05:23	2025-05-16 17:05:23
xbpj32rems9			焮	hâe̤ng	1805	1	3	xu7musf5gpe		2025-05-16 17:05:23	2025-05-16 17:05:23
xkue437nxer	x7b3ntckptn	焚	焚	hùng	1805	1	4	xu7musf5gpe		2025-05-16 17:05:23	2025-05-16 17:05:23
x36ddcc6fxk	xes4njq6422	焰	焰	iêng	1805	1	5	xu7musf5gpe		2025-05-16 17:05:23	2025-05-16 17:05:23
xxkrz9uvmku	x5sar6nxfta	然	然	iòng	1805	1	6	xu7musf5gpe		2025-05-16 17:05:23	2025-05-16 17:05:23
x64ku9fap4x	xxsmeuw5avx	焜	焜	kŏng	1805	1	7	xu7musf5gpe		2025-05-16 17:05:23	2025-05-16 17:05:23
xwj3khawjq3			無	ù	1805	1	8	xu7musf5gpe		2025-05-16 17:05:23	2025-05-16 17:05:23
xmkzzmhz737			無	mò̤	1805	1	8	xu7musf5gpe		2025-05-16 17:05:23	2025-05-16 17:05:23
x3kdhhr4cqr	x3rrunv7ytt	煏	煏	bék	1805	1	9	xu7musf5gpe		2025-05-16 17:05:23	2025-05-16 17:05:23
x8u4xp4zqns	x5jy7gx89rc	煎	煎	ciĕng	1805	1	10	xu7musf5gpe		2025-05-16 17:05:23	2025-05-16 17:05:23
xq8pcn6tqwk	xcuk4bfaep9	照	照	ciéu	1805	1	11	xu7musf5gpe		2025-05-16 17:05:23	2025-05-16 17:05:23
x8d2t4hf2rj			煑	cṳ̄	1805	1	12	xu7musf5gpe		2025-05-16 17:05:23	2025-05-16 17:05:23
xtn25py4t9e	x87vj6s32eb	煮	煮	cṳ̄	1805	1	12	xu7musf5gpe		2025-05-16 17:05:23	2025-05-16 17:05:23
xyjdmpvw5hf	x4w3phjqepf	煄	煄	cṳ̄ng	1805	1	13	xu7musf5gpe		2025-05-16 17:05:23	2025-05-16 17:05:23
x6vkgny2w5s	xjzkwscc4st	煢	煢	gìng	1805	1	14	xu7musf5gpe		2025-05-16 17:05:23	2025-05-16 17:05:23
x6m493sw7kr	xf4mczu2hb2	煦	煦	hé̤ṳ	1805	1	15	xu7musf5gpe		2025-05-16 17:05:23	2025-05-16 17:05:23
x3er6nxv65a			熈	hĭ	1805	1	16	xu7musf5gpe		2025-05-16 17:05:23	2025-05-16 17:05:23
xj4xqbas6yb	x5ta9zb6xgm	煊	煊	hiŏng	1805	1	17	xu7musf5gpe		2025-05-16 17:05:23	2025-05-16 17:05:23
xrk8qnq7gnr	xdsuje2khgy	煥	煥	huáng	1805	1	18	xu7musf5gpe		2025-05-16 17:05:23	2025-05-16 17:05:23
xru2c6d9jp6	xxd23ur3qac	煩	煩	huàng	1805	1	19	xu7musf5gpe		2025-05-16 17:05:23	2025-05-16 17:05:23
xckvgtbdbjd			煇	hŭi	1805	1	20	xu7musf5gpe		2025-05-16 17:05:23	2025-05-16 17:05:23
xfjz6r3w2y6	x3rcnmthrum	煌	煌	huòng	1805	1	21	xu7musf5gpe		2025-05-16 17:05:23	2025-05-16 17:05:23
xd2bg5jq39r			煙	iĕng	1805	1	22	xu7musf5gpe		2025-05-16 17:05:23	2025-05-16 17:05:23
xmys2msdh9q			煙	hŏng	1805	1	22	xu7musf5gpe		2025-05-16 17:05:23	2025-05-16 17:05:23
xgvnhnsthnt	xfhc332m7pk	煜	煜	ĭk	1805	1	23	xu7musf5gpe		2025-05-16 17:05:23	2025-05-16 17:05:23
xuaczun26re	x6qkgd9defv	煬	煬	iòng	1805	2	1	xu7musf5gpe		2025-05-16 17:05:23	2025-05-16 17:05:23
xej45p2rb69	x6qkgd9defv	煬	煬	iông	1805	2	1	xu7musf5gpe		2025-05-16 17:05:23	2025-05-16 17:05:23
xbcaes4n4yc	xpkwkvsvxvr	煉	煉	liêng	1805	2	2	xu7musf5gpe		2025-05-16 17:05:23	2025-05-16 17:05:23
xmtvvm47kqe	x85d9pn3wtw	煤	煤	muòi	1805	2	3	xu7musf5gpe		2025-05-16 17:05:23	2025-05-16 17:05:23
xm5fez59wf6			煖	nuāng	1805	2	4	xu7musf5gpe		2025-05-16 17:05:23	2025-05-16 17:05:23
xgpq7wracbd			煖	nōng	1805	2	4	xu7musf5gpe		2025-05-16 17:05:23	2025-05-16 17:05:23
xxmvph9npy9			煖	nuōng	1805	2	4	xu7musf5gpe	原書有誤，已更正	2025-05-16 17:05:23	2025-05-16 17:05:23
xzb5uq66qgw	xwszhp2ae8z	煞	煞	sák	1805	2	5	xu7musf5gpe		2025-05-16 17:05:23	2025-05-16 17:05:23
xndfrnxsftp	xmra77rug2f	煁	煁	tĭng	1805	2	6	xu7musf5gpe		2025-05-16 17:05:23	2025-05-16 17:05:23
xdwaamutacg			煅	tuáng	1805	2	7	xu7musf5gpe		2025-05-16 17:05:23	2025-05-16 17:05:23
xun5ymf4kwr	xcuy9up4hxm	煒	煒	ūi	1805	2	8	xu7musf5gpe		2025-05-16 17:05:23	2025-05-16 17:05:23
xuea59hedqv	x9zhrzhj6hx	煨	煨	uŏi	1805	2	9	xu7musf5gpe		2025-05-16 17:05:23	2025-05-16 17:05:23
x47862snw7d			𤌊	cāi	1805	2	10	xu7musf5gpe		2025-05-16 17:05:23	2025-05-16 17:05:23
xh5ab57auq3			𬊳	chō̤	1805	2	11	xu7musf5gpe		2025-05-16 17:05:23	2025-05-16 17:05:23
xj59gndgga2			煻	dòng	1805	2	12	xu7musf5gpe		2025-05-16 17:05:23	2025-05-16 17:05:23
xp7vsptxn59	xa6pnvtyetr	熁	熁	hiék	1805	2	13	xu7musf5gpe		2025-05-16 17:05:23	2025-05-16 17:05:23
x9yw4xr9rz3			熏	hṳ̆ng	1805	2	14	xu7musf5gpe		2025-05-16 17:05:23	2025-05-16 17:05:23
xysr9ay8zne	xrw4k89b6tt	熊	熊	hṳ̀ng	1805	2	15	xu7musf5gpe		2025-05-16 17:05:23	2025-05-16 17:05:23
xcnvcqkb299	xcfz6jhwhhd	熒	熒	ìng	1805	2	16	xu7musf5gpe		2025-05-16 17:05:23	2025-05-16 17:05:23
x7ea2vt5sbw	xrhahnzext6	熄	熄	sék	1805	2	17	xu7musf5gpe		2025-05-16 17:05:23	2025-05-16 17:05:23
xt446awdv68	xukm2bgt23g	煽	煽	siéng	1805	2	18	xu7musf5gpe		2025-05-16 17:05:23	2025-05-16 17:05:23
x2e8usf3bcf	xukm2bgt23g	煽	煽	siĕng	1805	2	18	xu7musf5gpe		2025-05-16 17:05:23	2025-05-16 17:05:23
xjhx26uh448	xcqrxrpgq2n	熅	熅	ŭng	1805	2	19	xu7musf5gpe		2025-05-16 17:05:23	2025-05-16 17:05:23
x4jyvy3tjjf			熔	ṳ̀ng	1805	2	20	xu7musf5gpe		2025-05-16 17:05:23	2025-05-16 17:05:23
x5gf8z8uncg			㷮	cău	1805	2	21	xu7musf5gpe		2025-05-16 17:05:23	2025-05-16 17:05:23
x6f3kgrnc27	x24m9ckqqf9	熲	熲	gēng	1805	2	22	xu7musf5gpe		2025-05-16 17:05:23	2025-05-16 17:05:23
xdgryr9mut8	xz5c5grs4cj	熯	熯	háng	1805	3	1	xu7musf5gpe		2025-05-16 17:05:23	2025-05-16 17:05:23
xw3q3gy4y3r	xxevrrnfyh8	熱	熱	iĕk	1805	3	2	xu7musf5gpe		2025-05-16 17:05:23	2025-05-16 17:05:23
xuh3cxyaadj			𤍠	iĕk	1805	3	2	xu7musf5gpe		2025-05-16 17:05:23	2025-05-16 17:05:23
xgfxknhnd4y			𤍕	īu	1805	3	3	xu7musf5gpe		2025-05-16 17:05:23	2025-05-16 17:05:23
xzf9sqndsy9	xfxsdn88psb	熬	熬	ngò̤	1805	3	4	xu7musf5gpe		2025-05-16 17:05:23	2025-05-16 17:05:23
xgjf76sgb2a	x6aqcwjrewa	熨	熨	ó̤i	1805	3	5	xu7musf5gpe		2025-05-16 17:05:23	2025-05-16 17:05:23
xwqzdg76mjp	x6aqcwjrewa	熨	熨	ók	1805	3	5	xu7musf5gpe		2025-05-16 17:05:23	2025-05-16 17:05:23
xc9pbp68dud	xxnqkk8qnk9	熠	熠	sĭk	1805	3	6	xu7musf5gpe		2025-05-16 17:05:23	2025-05-16 17:05:23
x6trsak7snn	xxnqkk8qnk9	熠	熠	ĭk	1805	3	6	xu7musf5gpe		2025-05-16 17:05:23	2025-05-16 17:05:23
xeht4vu2vpx	xchrmap73fx	熟	熟	sṳ̆k	1805	3	7	xu7musf5gpe		2025-05-16 17:05:23	2025-05-16 17:05:23
x8hz8ztgz6d			燋	ciĕu	1805	3	8	xu7musf5gpe		2025-05-16 17:05:23	2025-05-16 17:05:23
xrgap6t3qba			𤎷	chié	1805	3	9	xu7musf5gpe		2025-05-16 17:05:23	2025-05-16 17:05:23
x62s6s3gpbx	xgnc8e8mjdy	熾	熾	chié	1805	3	9	xu7musf5gpe		2025-05-16 17:05:23	2025-05-16 17:05:23
xm42fe4fcpw			燈	dĕng	1805	3	10	xu7musf5gpe		2025-05-16 17:05:23	2025-05-16 17:05:23
xxwnagjhyev			燈	dĭng	1805	3	10	xu7musf5gpe		2025-05-16 17:05:23	2025-05-16 17:05:23
x49rapkr7zt			燈	diĕng	1805	3	10	xu7musf5gpe		2025-05-16 17:05:23	2025-05-16 17:05:23
x2vpq8vw6sk	x75sbavyfcf	燉	燉	dŭng	1805	3	11	xu7musf5gpe		2025-05-16 17:05:23	2025-05-16 17:05:23
xpm28g9q5fn	xjv7bnegtjt	熻	熻	hék	1805	3	12	xu7musf5gpe		2025-05-16 17:05:23	2025-05-16 17:05:23
xpjg3br659e	xsgecm7rb2m	熹	熹	hĭ	1805	3	13	xu7musf5gpe		2025-05-16 17:05:23	2025-05-16 17:05:23
xqjkbfmr7jp	xv24e8245mh	熺	熺	hĭ	1805	3	13	xu7musf5gpe		2025-05-16 17:05:23	2025-05-16 17:05:23
x9pfthxewqv	xdtuc56dfxs	燔	燔	huăng	1805	3	14	xu7musf5gpe		2025-05-16 17:05:23	2025-05-16 17:05:23
xzj4vubdrxr	xusgm2cz7zx	燁	燁	iék	1805	3	15	xu7musf5gpe		2025-05-16 17:05:23	2025-05-16 17:05:23
xqgh4pq53e9			𤍞	iék	1805	3	15	xu7musf5gpe		2025-05-16 17:05:23	2025-05-16 17:05:23
xx6m7ngs795			燕	iéng	1805	3	16	xu7musf5gpe		2025-05-16 17:05:23	2025-05-16 17:05:23
xjqgnmx5v6q			燕	iĕng	1805	3	16	xu7musf5gpe		2025-05-16 17:05:23	2025-05-16 17:05:23
xu3zdj4aq4h			燄	iêng	1805	3	17	xu7musf5gpe		2025-05-16 17:05:23	2025-05-16 17:05:23
xbuub93a3tf	xkrssnns33n	燃	燃	iòng	1805	3	18	xu7musf5gpe		2025-05-16 17:05:23	2025-05-16 17:05:23
xkqebg4h39s	xkq32vgjamy	燎	燎	lièu	1805	3	19	xu7musf5gpe		2025-05-16 17:05:23	2025-05-16 17:05:23
xpjmrymqh6y			燐	lìng	1805	3	20	xu7musf5gpe		2025-05-16 17:05:23	2025-05-16 17:05:23
xabzspyh6mn	xh7r6vtuz2d	燜	燜	mông	1805	3	21	xu7musf5gpe		2025-05-16 17:05:24	2025-05-16 17:05:24
xf5ry7vvr88	x55fcy5jyv8	燒	燒	siĕu	1805	3	22	xu7musf5gpe		2025-05-16 17:05:24	2025-05-16 17:05:24
x2rddr345w6	x4rc37js35p	燖	燖	sìng	1805	3	23	xu7musf5gpe		2025-05-16 17:05:24	2025-05-16 17:05:24
xsfbf5m64sc			燂	tàng	1806	1	1	xu7musf5gpe		2025-05-16 17:05:24	2025-05-16 17:05:24
xejzbwvc66a			燙	táung	1806	1	2	xu7musf5gpe		2025-05-16 17:05:24	2025-05-16 17:05:24
xv3skufqwtq			燙	tâung	1806	1	2	xu7musf5gpe		2025-05-16 17:05:24	2025-05-16 17:05:24
xtxa53hp8z5			燭	cé̤ṳk	1806	1	3	xu7musf5gpe		2025-05-16 17:05:24	2025-05-16 17:05:24
xphub75ry2c			燭	cuóh	1806	1	3	xu7musf5gpe	原書有誤，已更正	2025-05-16 17:05:24	2025-05-16 17:05:24
xqcqprp3yuy	xwktfh6xcn9	燦	燦	cháng	1806	1	4	xu7musf5gpe		2025-05-16 17:05:24	2025-05-16 17:05:24
xrrw8rzayvc	x7eb7tuq5jy	燠	燠	é̤ṳk	1806	1	5	xu7musf5gpe		2025-05-16 17:05:24	2025-05-16 17:05:24
x3dqzrpxswf			燬	hūi	1806	1	6	xu7musf5gpe		2025-05-16 17:05:24	2025-05-16 17:05:24
x5fjucq9rnr			營	ìng	1806	1	7	xu7musf5gpe		2025-05-16 17:05:24	2025-05-16 17:05:24
xd88959fhhc			夑	siék	1806	1	8	xu7musf5gpe		2025-05-16 17:05:24	2025-05-16 17:05:24
xsghms3hr68			燥	só̤	1806	1	9	xu7musf5gpe		2025-05-16 17:05:24	2025-05-16 17:05:24
xpet548erxx	xgkdg5npd7y	燧	燧	sôi	1806	1	10	xu7musf5gpe		2025-05-16 17:05:24	2025-05-16 17:05:24
x6swrzyn2dv	xp3kzfet2yh	燼	燼	cêng	1806	1	11	xu7musf5gpe		2025-05-16 17:05:24	2025-05-16 17:05:24
xqw8jt8ht5h			燿	iêu	1806	1	12	xu7musf5gpe		2025-05-16 17:05:24	2025-05-16 17:05:24
xzwpm6eruj2			燻	hṳ̆ng	1806	1	13	xu7musf5gpe		2025-05-16 17:05:24	2025-05-16 17:05:24
xkby76kd6b5			燹	siēng	1806	1	14	xu7musf5gpe		2025-05-16 17:05:24	2025-05-16 17:05:24
xer6k7xcjpy			爆	bŭk	1806	1	15	xu7musf5gpe		2025-05-16 17:05:24	2025-05-16 17:05:24
xrac7ca43mu			爆	báuk	1806	1	15	xu7musf5gpe		2025-05-16 17:05:24	2025-05-16 17:05:24
xk6uzdfuudt	xvq6byjbr5e	爍	爍	chiók	1806	1	16	xu7musf5gpe		2025-05-16 17:05:24	2025-05-16 17:05:24
x7khdgxm73v	xz4gwz947et	爉	爉	lăk	1806	1	17	xu7musf5gpe		2025-05-16 17:05:24	2025-05-16 17:05:24
x8xfncse2g5			爊	ŏ̤	1806	1	18	xu7musf5gpe		2025-05-16 17:05:24	2025-05-16 17:05:24
x5snq8xnxxg			爕	siék	1806	1	19	xu7musf5gpe		2025-05-16 17:05:24	2025-05-16 17:05:24
xvmjtaqwfth	xy4ndj6wkfh	爇	爇	siék	1806	1	20	xu7musf5gpe		2025-05-16 17:05:24	2025-05-16 17:05:24
xaney5vsnzg	xbaj639cd5t	𤑷	𤑷	áing	1806	1	21	xu7musf5gpe		2025-05-16 17:05:24	2025-05-16 17:05:24
xb3b7rj78en	xda3pneajgt	爐	爐	lù	1806	1	22	xu7musf5gpe		2025-05-16 17:05:24	2025-05-16 17:05:24
xbn6baffb7v	xhgbd3crj9c	爛	爛	lâng	1806	1	23	xu7musf5gpe		2025-05-16 17:05:24	2025-05-16 17:05:24
xrwuf2ybzv3	xk96gpyxrvc	爝	爝	ciók	1806	2	1	xu7musf5gpe		2025-05-16 17:05:24	2025-05-16 17:05:24
xm2xacamad6	xk96gpyxrvc	爝	爝	chiók	1806	2	1	xu7musf5gpe		2025-05-16 17:05:24	2025-05-16 17:05:24
x2jp3yuz4at	xs47as6gurb	爨	爨	chuáng	1806	2	2	xu7musf5gpe		2025-05-16 17:05:24	2025-05-16 17:05:24
xfvebrgd4be			爪	cuā	1806	2	3	xqan4ce8zfh		2025-05-16 17:05:24	2025-05-16 17:05:24
x87aguxtpsv			爪	cāu	1806	2	3	xqan4ce8zfh		2025-05-16 17:05:24	2025-05-16 17:05:24
xxyamad2nev	x4mhwcff6xb	爬	爬	bà	1806	2	4	xqan4ce8zfh		2025-05-16 17:05:24	2025-05-16 17:05:24
x43p9vj5m92			爭	cĕng	1806	2	5	xqan4ce8zfh		2025-05-16 17:05:24	2025-05-16 17:05:24
x5se9nj7vr3			爭	căng	1806	2	5	xqan4ce8zfh		2025-05-16 17:05:24	2025-05-16 17:05:24
xwcjtyzs5es	xqrgcjm6j56	爰	爰	uòng	1806	2	6	xqan4ce8zfh		2025-05-16 17:05:24	2025-05-16 17:05:24
x9aae2gbu58			𬋩	guāng	1806	2	7	xqan4ce8zfh		2025-05-16 17:05:24	2025-05-16 17:05:24
x93s86rz9z6			爲	ùi	1806	2	8	xqan4ce8zfh		2025-05-16 17:05:24	2025-05-16 17:05:24
xfdf8xmprtv			爲	ôi	1806	2	8	xqan4ce8zfh		2025-05-16 17:05:24	2025-05-16 17:05:24
xh6sjjcg98e	xjyju4m38ep	爵	爵	ciók	1806	2	9	xqan4ce8zfh		2025-05-16 17:05:24	2025-05-16 17:05:24
xpkbdtbryue			父	hô	1806	2	10	xnnhbsu9fck		2025-05-16 17:05:24	2025-05-16 17:05:24
xhgwgud9psj			父	hū	1806	2	10	xnnhbsu9fck		2025-05-16 17:05:24	2025-05-16 17:05:24
xqe34w6k8cf	xby9znfqf7f	爸	爸	bâ	1806	2	11	xnnhbsu9fck		2025-05-16 17:05:24	2025-05-16 17:05:24
xbb2jw9zepq			爹	diă	1806	2	12	xnnhbsu9fck		2025-05-16 17:05:24	2025-05-16 17:05:24
xnqvrxhjpth	xkvgz3us8jd	爺	爺	iè	1806	2	13	xnnhbsu9fck		2025-05-16 17:05:24	2025-05-16 17:05:24
xwnxu6vm4mr			爻	ngàu	1806	2	14	xac7nvb2xbz		2025-05-16 17:05:24	2025-05-16 17:05:24
xs79gc4nkwp			爼	cū	1806	2	15	xac7nvb2xbz		2025-05-16 17:05:24	2025-05-16 17:05:24
x59fznzhp3w	xjwkna9zbbe	爽	爽	sōng	1806	2	16	xac7nvb2xbz		2025-05-16 17:05:24	2025-05-16 17:05:24
x9ytwxj8mfr			𤕤	sōng	1806	2	17	xac7nvb2xbz		2025-05-16 17:05:24	2025-05-16 17:05:24
xvcp8pdzsp5	xx6cj7ausch	爾	爾	ī	1806	2	18	xac7nvb2xbz		2025-05-16 17:05:24	2025-05-16 17:05:24
xj8qd27p4ya	x3q3dytuw4u	爿	爿	bèng	1806	3	1	x5v2m7w6vtc		2025-05-16 17:05:24	2025-05-16 17:05:24
x67kr5d6zt7			戕	cŏng	1806	3	2	x5v2m7w6vtc		2025-05-16 17:05:24	2025-05-16 17:05:24
x6s5pmyvve4	xpphstbkv5f	牀	牀	chòng	1806	3	3	x5v2m7w6vtc		2025-05-16 17:05:24	2025-05-16 17:05:24
xcewgxx6ne4	xpj3ka6w66t	牂	牂	cŏng	1806	3	4	x5v2m7w6vtc		2025-05-16 17:05:24	2025-05-16 17:05:24
xjsbdbm8gky	x7kkte2d5v6	牆	牆	chiòng	1806	3	5	x5v2m7w6vtc		2025-05-16 17:05:24	2025-05-16 17:05:24
x2a8djstjw5	xsk6fek8z5j	片	片	pièng	1806	3	6	xh2sh465b7v		2025-05-16 17:05:24	2025-05-16 17:05:24
xvg4f2v8bqz			版	bāng	1806	3	7	xh2sh465b7v		2025-05-16 17:05:24	2025-05-16 17:05:24
xgqazf9aw9g	xb4qq8n4j72	牌	牌	bà̤	1806	3	8	xh2sh465b7v		2025-05-16 17:05:24	2025-05-16 17:05:24
xrfxqxb35hh	x8rjdt3gf3v	牒	牒	diĕk	1806	3	9	xh2sh465b7v		2025-05-16 17:05:24	2025-05-16 17:05:24
xc5b476zkvy			牕	chŏng	1806	3	10	xh2sh465b7v		2025-05-16 17:05:24	2025-05-16 17:05:24
xu7ahbnnne6	xyg7sg5cba4	牖	牖	īu	1806	3	11	xh2sh465b7v		2025-05-16 17:05:24	2025-05-16 17:05:24
xhe5wvxg8z7			𬌏	dŭk	1806	3	12	xh2sh465b7v		2025-05-16 17:05:24	2025-05-16 17:05:24
x2dxjc2vsqk	xvuk7xah9qv	牙	牙	ngà	1806	3	13	x3zx2jep2v6		2025-05-16 17:05:24	2025-05-16 17:05:24
xwdzc328aa7			牛	ngìu	1806	3	14	xxpxf8nvazq		2025-05-16 17:05:24	2025-05-16 17:05:24
xgfsxaajn8s			牛	ngù	1806	3	14	xxpxf8nvazq		2025-05-16 17:05:24	2025-05-16 17:05:24
x33a2qvq3bs	xr2pndxsy29	牝	牝	bīng	1806	3	15	xxpxf8nvazq		2025-05-16 17:05:24	2025-05-16 17:05:24
xh84gzgre29	x2paxs8533a	牟	牟	mèu	1806	3	16	xxpxf8nvazq		2025-05-16 17:05:24	2025-05-16 17:05:24
xgu5agyftxa	xk7ha4qcnnf	牣	牣	êng	1806	3	17	xxpxf8nvazq		2025-05-16 17:05:24	2025-05-16 17:05:24
xghp6bdbgvz			牢	lò̤	1806	3	18	xxpxf8nvazq		2025-05-16 17:05:24	2025-05-16 17:05:24
xc2t67yt2k6			牠	tŏ̤	1807	1	1	xxpxf8nvazq		2025-05-16 17:05:24	2025-05-16 17:05:24
xrqv6qng83m			牡	mēu	1807	1	2	xxpxf8nvazq		2025-05-16 17:05:24	2025-05-16 17:05:24
x8udxkxe8tq			牡	mū	1807	1	2	xxpxf8nvazq		2025-05-16 17:05:24	2025-05-16 17:05:24
xkpvwnmvz77			牧	mŭk	1807	1	3	xxpxf8nvazq		2025-05-16 17:05:24	2025-05-16 17:05:24
xe2hryh6mvz	xzwhsdxrkev	物	物	ŭk	1807	1	4	xxpxf8nvazq		2025-05-16 17:05:24	2025-05-16 17:05:24
xvyk7396bva	x294yz6xyuq	牮	牮	ciéng	1807	1	5	xxpxf8nvazq		2025-05-16 17:05:24	2025-05-16 17:05:24
xznhsbep4dz			牴	dī	1807	1	6	xxpxf8nvazq		2025-05-16 17:05:24	2025-05-16 17:05:24
xpefqugefvx	x6qcvv3a5mc	牯	牯	gū	1807	1	7	xxpxf8nvazq		2025-05-16 17:05:24	2025-05-16 17:05:24
xnnerkm4m43			牲	sĕng	1807	1	8	xxpxf8nvazq		2025-05-16 17:05:24	2025-05-16 17:05:24
xuzcp9wfstc	x8xu76cgx9w	牸	牸	cê	1807	1	9	xxpxf8nvazq		2025-05-16 17:05:24	2025-05-16 17:05:24
x482pjcy5bt	x7ugeqzhfht	特	特	dĕk	1807	1	10	xxpxf8nvazq		2025-05-16 17:05:24	2025-05-16 17:05:24
xndvzpb7enx	xqu796dn95z	牿	牿	gók	1807	1	11	xxpxf8nvazq		2025-05-16 17:05:24	2025-05-16 17:05:24
xy8zs2usece			牽	kĕng	1807	1	12	xxpxf8nvazq		2025-05-16 17:05:24	2025-05-16 17:05:24
xxpt4jqwf5y			牽	kèng	1807	1	12	xxpxf8nvazq		2025-05-16 17:05:24	2025-05-16 17:05:24
xtmfaj2hak6	xwv42vyj42y	牼	牼	kĕng	1807	1	13	xxpxf8nvazq		2025-05-16 17:05:24	2025-05-16 17:05:24
xwkbvaqtdan	xuqdgab6cax	犁	犁	là̤	1807	1	14	xxpxf8nvazq		2025-05-16 17:05:24	2025-05-16 17:05:24
x8wfvgqrgpg	xfc5cs24zkx	牾	牾	ngù	1807	1	15	xxpxf8nvazq		2025-05-16 17:05:24	2025-05-16 17:05:24
x6dmdjd66uk	xnn9mc6ft7k	犀	犀	să̤	1807	1	16	xxpxf8nvazq		2025-05-16 17:05:24	2025-05-16 17:05:24
xswvtjmj2pm	xuygfrkvf4g	犄	犄	ĭ	1807	1	17	xxpxf8nvazq		2025-05-16 17:05:24	2025-05-16 17:05:24
xw84p6pt9g7			犂	là̤	1807	1	18	xxpxf8nvazq		2025-05-16 17:05:24	2025-05-16 17:05:24
xmhqbedvssu			犉	sùng	1807	1	19	xxpxf8nvazq		2025-05-16 17:05:24	2025-05-16 17:05:24
xdyyrwferpz	x5bg9mh583v	犍	犍	giòng	1807	1	20	xxpxf8nvazq		2025-05-16 17:05:24	2025-05-16 17:05:24
xzzsf6mhbkh	xy6y42rqfdu	犗	犗	gái	1807	1	21	xxpxf8nvazq		2025-05-16 17:05:24	2025-05-16 17:05:24
xj2b9n5xzh3	xy7tqgdzbtm	犒	犒	kó̤	1807	1	22	xxpxf8nvazq		2025-05-16 17:05:24	2025-05-16 17:05:24
xtamw7895bp			犖	láuk	1807	1	23	xxpxf8nvazq		2025-05-16 17:05:24	2025-05-16 17:05:24
xsnvx3twj7v	x5d6cwndyd5	𤛏	𤛏	chṳ̀	1807	2	1	xxpxf8nvazq		2025-05-16 17:05:24	2025-05-16 17:05:24
xb654kx5rru	xahy2cpt3k8	犢	犢	dŭk	1807	2	2	xxpxf8nvazq		2025-05-16 17:05:24	2025-05-16 17:05:24
x5mdqgch7bj	xs7xa45zka5	犧	犧	hĭ	1807	2	3	xxpxf8nvazq		2025-05-16 17:05:24	2025-05-16 17:05:24
xs7t4kr3m53	xd3ghu5zcd3	犨	犨	sìu	1807	2	4	xxpxf8nvazq		2025-05-16 17:05:24	2025-05-16 17:05:24
xpzsf2rbw65	x8b8wh8b4xw	犬	犬	kēng	1807	2	5	xe5ekvx8xe5		2025-05-16 17:05:24	2025-05-16 17:05:24
x377uquzrzf	xfawradfxmv	犯	犯	huâng	1807	2	6	xe5ekvx8xe5		2025-05-16 17:05:24	2025-05-16 17:05:24
xu63hhanzuq	xgvqhfs24am	狀	狀	câung	1807	2	7	xe5ekvx8xe5		2025-05-16 17:05:24	2025-05-16 17:05:24
xgvqa8m4jnh	x25kxnt3zgp	狄	狄	dĭk	1807	2	8	xe5ekvx8xe5		2025-05-16 17:05:24	2025-05-16 17:05:24
xuzvvg76geu	xrt4z22qvct	狂	狂	guòng	1807	2	9	xe5ekvx8xe5		2025-05-16 17:05:24	2025-05-16 17:05:24
xbcp4g6w32a	xv92bc5ua72	狃	狃	nīu	1807	2	10	xe5ekvx8xe5		2025-05-16 17:05:24	2025-05-16 17:05:24
xhvenhcwxaa			狁	ṳ̄ng	1807	2	11	xe5ekvx8xe5		2025-05-16 17:05:24	2025-05-16 17:05:24
x4n9bs8dv7t	xzbhhmwuhj5	狎	狎	ăk	1807	2	12	xe5ekvx8xe5		2025-05-16 17:05:24	2025-05-16 17:05:24
xqn4tp8z4xn	xrd9stghrwv	狗	狗	gēu	1807	2	13	xe5ekvx8xe5		2025-05-16 17:05:24	2025-05-16 17:05:24
xe46458wfac	xn7chmxhw2h	狒	狒	hé	1807	2	14	xe5ekvx8xe5		2025-05-16 17:05:24	2025-05-16 17:05:24
x9swyzg5x5h	x4342byh576	狐	狐	hù	1807	2	15	xe5ekvx8xe5		2025-05-16 17:05:24	2025-05-16 17:05:24
xx4dg33av5p	x23qcyjuu4z	狡	狡	giēu	1807	2	16	xe5ekvx8xe5		2025-05-16 17:05:24	2025-05-16 17:05:24
xcegy48nf7x			㹯	hĭu	1807	2	17	xe5ekvx8xe5		2025-05-16 17:05:24	2025-05-16 17:05:24
xqhuc9jng69			狠	hōng	1807	2	18	xe5ekvx8xe5		2025-05-16 17:05:24	2025-05-16 17:05:24
xtvxh25vxp3			狠	hēng	1807	2	18	xe5ekvx8xe5		2025-05-16 17:05:24	2025-05-16 17:05:24
xza3gdehmrw	xft84kye7md	狧	狧	liák	1807	2	19	xe5ekvx8xe5		2025-05-16 17:05:24	2025-05-16 17:05:24
xn965p7g35f	xpxstdsfhuz	狩	狩	séu	1807	2	20	xe5ekvx8xe5		2025-05-16 17:05:24	2025-05-16 17:05:24
x9qnvxq9te6	xz3qzzhsbs5	狥	狥	sŭng	1807	2	21	xe5ekvx8xe5		2025-05-16 17:05:24	2025-05-16 17:05:24
xa5qrdrfggw	xy4jg5tqmey	狴	狴	bê	1807	3	1	xe5ekvx8xe5		2025-05-16 17:05:24	2025-05-16 17:05:24
xgz5sfjww4x	xjwr8m46u9n	狽	狽	buôi	1807	3	2	xe5ekvx8xe5		2025-05-16 17:05:24	2025-05-16 17:05:24
x22vduajnqy	xfjf97pbc3k	狷	狷	giōng	1807	3	3	xe5ekvx8xe5		2025-05-16 17:05:24	2025-05-16 17:05:24
xyaj26hq8sq			狹	hiĕk	1807	3	4	xe5ekvx8xe5		2025-05-16 17:05:24	2025-05-16 17:05:24
x2bwqq7dray			狹	hĕk	1807	3	4	xe5ekvx8xe5		2025-05-16 17:05:24	2025-05-16 17:05:24
xbg468xyjkw	xpfbcf2e8c7	狸	狸	lì	1807	3	5	xe5ekvx8xe5		2025-05-16 17:05:24	2025-05-16 17:05:24
xvmjjduad8f	xq4a9gc84ej	狼	狼	lòng	1807	3	6	xe5ekvx8xe5		2025-05-16 17:05:24	2025-05-16 17:05:24
xh5fks3ypv4			狺	ngṳ̀ng	1807	3	7	xe5ekvx8xe5		2025-05-16 17:05:24	2025-05-16 17:05:24
xxgu2txhv3d	xp7znppdjzt	狻	狻	sŏng	1807	3	8	xe5ekvx8xe5		2025-05-16 17:05:24	2025-05-16 17:05:24
xmf65k3qfvq	xp7znppdjzt	狻	狻	sà̤	1807	3	8	xe5ekvx8xe5		2025-05-16 17:05:24	2025-05-16 17:05:24
xnvdvy5musu	xjmkpwswv5r	猋	猋	biĕu	1807	3	9	xe5ekvx8xe5		2025-05-16 17:05:24	2025-05-16 17:05:24
x37v3v5kae6	xh34wxwtxg8	猙	猙	cĕng	1807	3	10	xe5ekvx8xe5		2025-05-16 17:05:24	2025-05-16 17:05:24
xqhtbkwwh2h	xxkz9nnajrj	猝	猝	cók	1807	3	11	xe5ekvx8xe5		2025-05-16 17:05:24	2025-05-16 17:05:24
x7vpqharuc5	xxkz9nnajrj	猝	猝	côi	1807	3	11	xe5ekvx8xe5		2025-05-16 17:05:24	2025-05-16 17:05:24
xs2j2mws999			猜	chăi	1807	3	12	xe5ekvx8xe5		2025-05-16 17:05:24	2025-05-16 17:05:24
xd94c35fk2u			猜	chuŏi	1807	3	12	xe5ekvx8xe5		2025-05-16 17:05:24	2025-05-16 17:05:24
x9tka2b7qxr	xnk3s95rudw	猖	猖	chiŏng	1807	3	13	xe5ekvx8xe5		2025-05-16 17:05:24	2025-05-16 17:05:24
xfrp6gafy53			猗	ĭ	1807	3	14	xe5ekvx8xe5		2025-05-16 17:05:24	2025-05-16 17:05:24
xyr8a4byt9d			猗	ŏ̤	1807	3	14	xe5ekvx8xe5		2025-05-16 17:05:24	2025-05-16 17:05:24
xamvwyu4j87			猛	mēng	1807	3	15	xe5ekvx8xe5		2025-05-16 17:05:24	2025-05-16 17:05:24
x5katv3bux7			猛	māng	1807	3	15	xe5ekvx8xe5		2025-05-16 17:05:24	2025-05-16 17:05:24
xmc36kfjz64	xdp7hypyb4m	猊	猊	ngà̤	1807	3	16	xe5ekvx8xe5		2025-05-16 17:05:24	2025-05-16 17:05:24
xzn5h2sa793			猪	dṳ̆	1807	3	17	xe5ekvx8xe5		2025-05-16 17:05:24	2025-05-16 17:05:24
xgdn7nec5sz			猳	gă	1807	3	18	xe5ekvx8xe5		2025-05-16 17:05:24	2025-05-16 17:05:24
xaadkf465ec			猴	hèu	1807	3	19	xe5ekvx8xe5		2025-05-16 17:05:24	2025-05-16 17:05:24
x9jt2fkbmqg			猴	gàu	1807	3	19	xe5ekvx8xe5		2025-05-16 17:05:24	2025-05-16 17:05:24
xq8xnnuj8p3			献	hióng	1807	3	20	xe5ekvx8xe5		2025-05-16 17:05:24	2025-05-16 17:05:24
xpnwvy778ja	xwzffxc28r3	猷	猷	ìu	1807	3	21	xe5ekvx8xe5		2025-05-16 17:05:24	2025-05-16 17:05:24
xkvvau2ed76	xw4ekt8a32w	猶	猶	ìu	1807	3	22	xe5ekvx8xe5		2025-05-16 17:05:24	2025-05-16 17:05:24
xz2wjxztud9			猫	mièu	1807	3	23	xe5ekvx8xe5		2025-05-16 17:05:24	2025-05-16 17:05:24
xg4qmnmxrqc			猫	mà	1807	3	23	xe5ekvx8xe5		2025-05-16 17:05:24	2025-05-16 17:05:24
xbhsbasq3qg	x7hjxeqm7za	𤟟	𤟟	ngăng	1808	1	1	xe5ekvx8xe5		2025-05-16 17:05:24	2025-05-16 17:05:24
xma6yqnhpyj			猬	ôi	1808	1	2	xe5ekvx8xe5		2025-05-16 17:05:24	2025-05-16 17:05:24
xbwbdbp8shm	x8zeyv5uez7	猩	猩	sĭng	1808	1	3	xe5ekvx8xe5		2025-05-16 17:05:24	2025-05-16 17:05:24
xn5nc8n22mv	xmca2wkq42j	猥	猥	uŏi	1808	1	4	xe5ekvx8xe5		2025-05-16 17:05:24	2025-05-16 17:05:24
xggdnhfzn7d			猨	uòng	1808	1	5	xe5ekvx8xe5		2025-05-16 17:05:24	2025-05-16 17:05:24
xnzvgb3rwrn	xnds7e3wt7v	猾	猾	huăk	1808	1	7	xe5ekvx8xe5		2025-05-16 17:05:24	2025-05-16 17:05:24
xj89q2m69yw	xmj3ab9ymb4	猺	猺	ièu	1808	1	8	xe5ekvx8xe5		2025-05-16 17:05:24	2025-05-16 17:05:24
xe4vb8g6rhm			𤠑	lìu	1808	1	9	xe5ekvx8xe5		2025-05-16 17:05:24	2025-05-16 17:05:24
xpsfh7sgpax			獄	ngṳ̆k	1808	1	10	xe5ekvx8xe5		2025-05-16 17:05:24	2025-05-16 17:05:24
xd3unxr6huz			獄	nguŏh	1808	1	10	xe5ekvx8xe5		2025-05-16 17:05:24	2025-05-16 17:05:24
xn9enfszea6	xanvbhj9ye2	獅	獅	sāi	1808	1	11	xe5ekvx8xe5		2025-05-16 17:05:24	2025-05-16 17:05:24
xyjdamkerun	xanvbhj9ye2	獅	獅	sṳ̆	1808	1	11	xe5ekvx8xe5		2025-05-16 17:05:24	2025-05-16 17:05:24
xtdcb3vgdav	x5b8ykkyqfe	猻	猻	sŏng	1808	1	12	xe5ekvx8xe5		2025-05-16 17:05:24	2025-05-16 17:05:24
xe58dn22hbp	xcnj2r5njg6	猿	猿	uòng	1808	1	13	xe5ekvx8xe5		2025-05-16 17:05:24	2025-05-16 17:05:24
xqjpzvt84qu			獐	ciŏng	1808	1	14	xe5ekvx8xe5		2025-05-16 17:05:24	2025-05-16 17:05:24
xexmafg93nq	xbtsk8j8nc3	獰	獰	nìng	1808	1	15	xe5ekvx8xe5		2025-05-16 17:05:24	2025-05-16 17:05:24
xb86ncp9d85	xf4avmccgph	獒	獒	ngò̤	1808	1	16	xe5ekvx8xe5		2025-05-16 17:05:24	2025-05-16 17:05:24
xgq4uw4x65y			𡚁	bê	1808	1	17	xe5ekvx8xe5		2025-05-16 17:05:24	2025-05-16 17:05:24
xdnmfyj6vfy	xptxv3agvax	獗	獗	kuók	1808	1	18	xe5ekvx8xe5		2025-05-16 17:05:24	2025-05-16 17:05:24
xe5gbttkzv2	xyzzj4a59w9	獠	獠	lièu	1808	1	19	xe5ekvx8xe5		2025-05-16 17:05:24	2025-05-16 17:05:24
xm23f76wv57			獚	uòng	1808	1	20	xe5ekvx8xe5		2025-05-16 17:05:24	2025-05-16 17:05:24
xtw2xxwb6en	x54k3r8drmy	獨	獨	dŭk	1808	1	21	xe5ekvx8xe5		2025-05-16 17:05:24	2025-05-16 17:05:24
xmkuuxhncpa			獧	giōng	1808	1	22	xe5ekvx8xe5		2025-05-16 17:05:24	2025-05-16 17:05:24
xnazxheaaf5	xhawtarvq9n	獪	獪	guói	1808	1	23	xe5ekvx8xe5		2025-05-16 17:05:24	2025-05-16 17:05:24
x7n7uwe6jdg	x2mvavbfjj3	獬	獬	hâi	1808	2	1	xe5ekvx8xe5		2025-05-16 17:05:24	2025-05-16 17:05:24
xj93jc273gk			獲	hĕk	1808	2	2	xe5ekvx8xe5		2025-05-16 17:05:24	2025-05-16 17:05:24
xqyprs5u3xq			獲	kĕk	1808	2	2	xe5ekvx8xe5		2025-05-16 17:05:24	2025-05-16 17:05:24
xsfaasc6s52	xgjtef38362	獯	獯	hṳ̆ng	1808	2	3	xe5ekvx8xe5		2025-05-16 17:05:24	2025-05-16 17:05:24
x36af8buurg	xv2d89cf4rq	獮	獮	siēng	1808	2	4	xe5ekvx8xe5		2025-05-16 17:05:24	2025-05-16 17:05:24
xf4xc9vpeaj	xtua4bskwy6	臘	臘	lăk	1808	2	5	xe5ekvx8xe5		2025-05-16 17:05:24	2025-05-16 17:05:24
xmnxrbyyejm	xtj63zcnd4a	獸	獸	séu	1808	2	6	xe5ekvx8xe5		2025-05-16 17:05:24	2025-05-16 17:05:24
xdc6w5emvjn	xd99btcau85	獻	獻	hióng	1808	2	7	xe5ekvx8xe5		2025-05-16 17:05:24	2025-05-16 17:05:24
xbyvqtsxhbm	xked8ge95tu	獺	獺	tiák	1808	2	8	xe5ekvx8xe5		2025-05-16 17:05:24	2025-05-16 17:05:24
xvrcgkecdqw	xzks267t4mu	獼	獼	mì	1808	2	9	xe5ekvx8xe5		2025-05-16 17:05:24	2025-05-16 17:05:24
x5ku26nky8y			玁	hiēng	1808	2	10	xe5ekvx8xe5		2025-05-16 17:05:24	2025-05-16 17:05:24
xtxkqbeumse	xe46eda7um3	玄	玄	hièng	1808	2	11	xzmhdba2p2w		2025-05-16 17:05:24	2025-05-16 17:05:24
x4g8eyyzchh			率	sáuk	1808	2	12	xzmhdba2p2w		2025-05-16 17:05:24	2025-05-16 17:05:24
xev99vskvwe			率	lŭk	1808	2	12	xzmhdba2p2w		2025-05-16 17:05:24	2025-05-16 17:05:24
xhnbt7cfqts			玉	ngṳ̆k	1808	2	13	x2dgv7pdm64		2025-05-16 17:05:24	2025-05-16 17:05:24
xasqt77e68r			玉	nguŏh	1808	2	13	x2dgv7pdm64		2025-05-16 17:05:24	2025-05-16 17:05:24
xdheetzm27e	x75djbqqnpq	呆	獃	ngài	1808	1	6	xe5ekvx8xe5		2025-10-22 02:09:29	2025-05-16 17:05:24
xmn66xgnydc	xcw63xcqacy	王	王	uòng	1808	2	14	x2dgv7pdm64		2025-05-16 17:05:24	2025-05-16 17:05:24
x43sjyqq5vq	xcw63xcqacy	王	王	uông	1808	2	14	x2dgv7pdm64		2025-05-16 17:05:24	2025-05-16 17:05:24
xzqqshfp4p9	xrp3ghkkcqj	玎	玎	dĭng	1808	2	15	x2dgv7pdm64		2025-05-16 17:05:24	2025-05-16 17:05:24
xamk9zxp9v3	xv93ekha8qu	玕	玕	găng	1808	2	16	x2dgv7pdm64		2025-05-16 17:05:24	2025-05-16 17:05:24
xn4uvk2kbn4			玖	gīu	1808	2	17	x2dgv7pdm64		2025-05-16 17:05:24	2025-05-16 17:05:24
x9gkkv37qjh	xa78un3jvb4	玠	玠	gái	1808	2	18	x2dgv7pdm64		2025-05-16 17:05:24	2025-05-16 17:05:24
x68yzkudsbq			玦	giók	1808	2	19	x2dgv7pdm64		2025-05-16 17:05:24	2025-05-16 17:05:24
xvh47gccxap	xmucfzkww9s	玞	玞	hŭ	1808	2	20	x2dgv7pdm64		2025-05-16 17:05:24	2025-05-16 17:05:24
xx7gjmsp7qp	x2kb8zw856k	玫	玫	muòi	1808	3	1	x2dgv7pdm64		2025-05-16 17:05:24	2025-05-16 17:05:24
xsk3zt2mvhc			玩	nguâng	1808	3	2	x2dgv7pdm64		2025-05-16 17:05:24	2025-05-16 17:05:24
xuferwvm8nh			玩	uàng	1808	3	2	x2dgv7pdm64		2025-05-16 17:05:24	2025-05-16 17:05:24
x29beu6fu32	x76t3n9egk3	玻	玻	bŏ̤	1808	3	3	x2dgv7pdm64		2025-05-16 17:05:24	2025-05-16 17:05:24
xsmwd8gcsq8	xf7gj8c2hcd	玳	玳	dâi	1808	3	4	x2dgv7pdm64		2025-05-16 17:05:24	2025-05-16 17:05:24
x999t8usbur			珊	dăng	1808	3	5	x2dgv7pdm64		2025-05-16 17:05:24	2025-05-16 17:05:24
xh3ujp4wufx			珊	săng	1808	3	5	x2dgv7pdm64		2025-05-16 17:05:24	2025-05-16 17:05:24
xbnsf9wjwkq	x9rjwa5rfxt	玷	玷	diéng	1808	3	6	x2dgv7pdm64		2025-05-16 17:05:24	2025-05-16 17:05:24
xgv5he9659f	xaccrb8d7vy	珍	珍	dĭng	1808	3	7	x2dgv7pdm64		2025-05-16 17:05:24	2025-05-16 17:05:24
xpwxa243jg6	x3ty3ja9egb	珈	珈	gă	1808	3	8	x2dgv7pdm64		2025-05-16 17:05:24	2025-05-16 17:05:24
xqyg7ej853j			珐	huák	1808	3	9	x2dgv7pdm64		2025-05-16 17:05:24	2025-05-16 17:05:24
xxzzdpbf8ce			珂	kŏ̤	1808	3	10	x2dgv7pdm64		2025-05-16 17:05:24	2025-05-16 17:05:24
xmvvv8f22gp	xeden38st8m	玲	玲	lìng	1808	3	11	x2dgv7pdm64		2025-05-16 17:05:24	2025-05-16 17:05:24
xng24r89fyt	xxx64b7rajs	珉	珉	mìng	1808	3	12	x2dgv7pdm64		2025-05-16 17:05:24	2025-05-16 17:05:24
xjfdv3yzvhf	x6kdqzd9gk7	珀	珀	páe̤k	1808	3	13	x2dgv7pdm64		2025-05-16 17:05:24	2025-05-16 17:05:24
xvuzws5yfen	x3uds2kgp8p	班	班	băng	1808	3	14	x2dgv7pdm64		2025-05-16 17:05:24	2025-05-16 17:05:24
xctv9u8q7hd	x4qjwxvwxyh	珮	珮	buôi	1808	3	15	x2dgv7pdm64		2025-05-16 17:05:24	2025-05-16 17:05:24
xrqmqshju3m			珠	cuŏ	1808	3	16	x2dgv7pdm64	原書有誤，已更正	2025-05-16 17:05:24	2025-05-16 17:05:24
xx7dhch7msm	xzjqadv4trh	珓	珓	gáu	1808	3	17	x2dgv7pdm64		2025-05-16 17:05:24	2025-05-16 17:05:24
xxpzqa7s8vw			珪	giĕ	1808	3	18	x2dgv7pdm64		2025-05-16 17:05:24	2025-05-16 17:05:24
xrfqvu7r79p	xmkynfhxkn5	珩	珩	hèng	1808	3	19	x2dgv7pdm64		2025-05-16 17:05:24	2025-05-16 17:05:24
xvvqrar25ge	x7amc6862ps	珦	珦	hióng	1808	3	20	x2dgv7pdm64		2025-05-16 17:05:24	2025-05-16 17:05:24
xrqzjd8d24n			珣	sŭng	1808	3	21	x2dgv7pdm64		2025-05-16 17:05:24	2025-05-16 17:05:24
xj58ur4xa2w	xpwdwjwwn6m	球	球	gìu	1808	3	22	x2dgv7pdm64		2025-05-16 17:05:24	2025-05-16 17:05:24
xk6gqts8pdg	x8bc2h5x6b2	現	現	hiêng	1808	3	23	x2dgv7pdm64		2025-05-16 17:05:24	2025-05-16 17:05:24
x4uk68fj8vm	xkes4jnk8p4	理	理	lī	1809	1	1	x2dgv7pdm64		2025-05-16 17:05:24	2025-05-16 17:05:24
xwwu87mvhtj	xm3j2qd4p9f	琉	琉	lìu	1809	1	2	x2dgv7pdm64		2025-05-16 17:05:24	2025-05-16 17:05:24
x3vu78f2hhe	xzg4cet7qy4	琅	琅	liòng	1809	1	3	x2dgv7pdm64		2025-05-16 17:05:24	2025-05-16 17:05:24
x3b8xuraafy	x7q4eq8fw5c	珢	珢	ngṳ̀ng	1809	1	4	x2dgv7pdm64		2025-05-16 17:05:24	2025-05-16 17:05:24
xc85kthu7v5	xfzf2gb53zg	琇	琇	séu	1809	1	5	x2dgv7pdm64		2025-05-16 17:05:24	2025-05-16 17:05:24
xudb4tyywkc	xfszwuk4jeh	琶	琶	bà	1809	1	6	x2dgv7pdm64		2025-05-16 17:05:24	2025-05-16 17:05:24
xj5xwt6u3zx	xhfgexyydz6	琵	琵	bì	1809	1	7	x2dgv7pdm64		2025-05-16 17:05:24	2025-05-16 17:05:24
xtkb3ng4wqg	xvfg9s9njgv	琖	琖	cāng	1809	1	8	x2dgv7pdm64		2025-05-16 17:05:24	2025-05-16 17:05:24
x4qxhttvmnv	xeq8azkz3w6	琤	琤	cĕng	1809	1	9	x2dgv7pdm64		2025-05-16 17:05:24	2025-05-16 17:05:24
xp37sgy87y4	xnzgxre6r9c	琮	琮	cŭng	1809	1	10	x2dgv7pdm64		2025-05-16 17:05:24	2025-05-16 17:05:24
xfauat6hb7u	xv5atv8tzvf	琢	琢	dáuk	1809	1	11	x2dgv7pdm64		2025-05-16 17:05:24	2025-05-16 17:05:24
xzqm6zzdztx	xdxetfgscu7	琱	琱	diĕu	1809	1	12	x2dgv7pdm64		2025-05-16 17:05:24	2025-05-16 17:05:24
xzn2h3fnftd	xkughe6yhu6	琦	琦	gì	1809	1	13	x2dgv7pdm64		2025-05-16 17:05:24	2025-05-16 17:05:24
xjfbw3xyuww	xqvd3mast2t	琚	琚	gṳ̆	1809	1	14	x2dgv7pdm64		2025-05-16 17:05:24	2025-05-16 17:05:24
x2fbbzh7ys9	xy8vqd85csz	琯	琯	guāng	1809	1	15	x2dgv7pdm64		2025-05-16 17:05:24	2025-05-16 17:05:24
x8bs2rf8j2a	x9pmstyc3b9	琥	琥	hū	1809	1	16	x2dgv7pdm64		2025-05-16 17:05:24	2025-05-16 17:05:24
x5vak34ham8	xa8wjuum5yr	琺	琺	huák	1809	1	17	x2dgv7pdm64		2025-05-16 17:05:24	2025-05-16 17:05:24
xrssfder5vh	xtn8eb6aeur	琰	琰	iēng	1809	1	18	x2dgv7pdm64		2025-05-16 17:05:24	2025-05-16 17:05:24
x58yk7hm3yb	x2z7j2gh4k8	琴	琴	kìng	1809	1	19	x2dgv7pdm64		2025-05-16 17:05:24	2025-05-16 17:05:24
xmnsgqrfm5w	xur6hzea2tw	琳	琳	lìng	1809	1	20	x2dgv7pdm64		2025-05-16 17:05:24	2025-05-16 17:05:24
xvpp884v7t3			琫	pūng	1809	1	21	x2dgv7pdm64		2025-05-16 17:05:24	2025-05-16 17:05:24
xczmx9s5y6k	xypexbd5ewd	琛	琛	tĭng	1809	1	22	x2dgv7pdm64		2025-05-16 17:05:24	2025-05-16 17:05:24
xbqap9ze3un	xscab4c6dyq	琬	琬	uāng	1809	1	23	x2dgv7pdm64		2025-05-16 17:05:24	2025-05-16 17:05:24
x2es3tvkzda	xk6yj9482p5	瑑	瑑	diông	1809	2	1	x2dgv7pdm64		2025-05-16 17:05:24	2025-05-16 17:05:24
xzruwwfugt5	xxytm5x8cvx	瑕	瑕	hà	1809	2	2	x2dgv7pdm64		2025-05-16 17:05:24	2025-05-16 17:05:24
xwbj62n6kgt	x6wvm6w9pgw	瑚	瑚	hù	1809	2	3	x2dgv7pdm64		2025-05-16 17:05:24	2025-05-16 17:05:24
x2zvcf8huus	x89sbuytfhy	瑛	瑛	ĭng	1809	2	4	x2dgv7pdm64		2025-05-16 17:05:24	2025-05-16 17:05:24
xnvjvpk5zc2			瑁	mô̤	1809	2	5	x2dgv7pdm64		2025-05-16 17:05:24	2025-05-16 17:05:24
x32bz5rebn2			瑁	nguôi	1809	2	5	x2dgv7pdm64		2025-05-16 17:05:24	2025-05-16 17:05:24
x4m82zq8tcb	xcvc48ds5ud	瑙	瑙	nō̤	1809	2	6	x2dgv7pdm64		2025-05-16 17:05:24	2025-05-16 17:05:24
xtrhjur28f8	xwj4pp8xjq2	瑟	瑟	sáik	1809	2	7	x2dgv7pdm64		2025-05-16 17:05:24	2025-05-16 17:05:24
xxta82qqt4g	xzsjfkuxcn5	瑞	瑞	sôi	1809	2	8	x2dgv7pdm64		2025-05-16 17:05:24	2025-05-16 17:05:24
xk7438qww96	x7qrndwts8v	瑄	瑄	sŏng	1809	2	9	x2dgv7pdm64		2025-05-16 17:05:24	2025-05-16 17:05:24
xexzumsyf2f	xnnyb3bqxev	瑀	瑀	ṳ̄	1809	2	10	x2dgv7pdm64		2025-05-16 17:05:24	2025-05-16 17:05:24
xsyf2hd54gs	xfujk44bcrs	瑜	瑜	ṳ̀	1809	2	11	x2dgv7pdm64		2025-05-16 17:05:24	2025-05-16 17:05:24
x4hts63rr3p	xapxtcvhuys	瑋	瑋	ūi	1809	2	12	x2dgv7pdm64		2025-05-16 17:05:24	2025-05-16 17:05:24
xukrmqpp672	xdyz8tzygvw	瑗	瑗	uông	1809	2	13	x2dgv7pdm64		2025-05-16 17:05:24	2025-05-16 17:05:24
xxb8met25s2	x88uwpvqeyt	瑨	瑨	céng	1809	2	14	x2dgv7pdm64		2025-05-16 17:05:24	2025-05-16 17:05:24
xufekznb4xe	xtfdn3pbcrn	瑳	瑳	chŏ̤	1809	2	15	x2dgv7pdm64		2025-05-16 17:05:24	2025-05-16 17:05:24
xby9sz2rhrq	xp8bunmzbf4	瑲	瑲	chŏng	1809	2	16	x2dgv7pdm64		2025-05-16 17:05:24	2025-05-16 17:05:24
xrs36r38w75	xjrkujthsu3	瑱	瑱	diéng	1809	2	17	x2dgv7pdm64		2025-05-16 17:05:24	2025-05-16 17:05:24
x99jeeetzxb	xy7tc73deh3	瑰	瑰	gói	1809	2	18	x2dgv7pdm64		2025-05-16 17:05:24	2025-05-16 17:05:24
xf8fnh3yv4n	xeuq5qswj6m	瑤	瑤	ièu	1809	2	19	x2dgv7pdm64		2025-05-16 17:05:24	2025-05-16 17:05:24
x7j2dfrmnvz	xg7fh97nh3t	瑩	瑩	ìng	1809	2	20	x2dgv7pdm64		2025-05-16 17:05:24	2025-05-16 17:05:24
xcsetg8k9ef	x43y4y26jha	瑯	瑯	lòng	1809	2	21	x2dgv7pdm64		2025-05-16 17:05:25	2025-05-16 17:05:25
xssdjsjw8ej	x53j7yeenzr	瑪	瑪	mā	1809	2	22	x2dgv7pdm64		2025-05-16 17:05:25	2025-05-16 17:05:25
xzjnjduh8by	xrs443g4hf4	瑣	瑣	sō̤	1809	2	23	x2dgv7pdm64		2025-05-16 17:05:25	2025-05-16 17:05:25
xbumrhszezr			𤨏	sō̤	1809	2	23	x2dgv7pdm64		2025-05-16 17:05:25	2025-05-16 17:05:25
xq52guvf2jc	xqh46kgrc3p	璋	璋	ciŏng	1809	3	1	x2dgv7pdm64		2025-05-16 17:05:25	2025-05-16 17:05:25
xw8ua9a9ksu	x8x6h3uxzhg	璀	璀	chŏi	1809	3	2	x2dgv7pdm64		2025-05-16 17:05:25	2025-05-16 17:05:25
xnwenggr8j6	xu4hydk6xgq	璁	璁	chŭng	1809	3	3	x2dgv7pdm64		2025-05-16 17:05:25	2025-05-16 17:05:25
xfax2yjcvcn			瑾	gīng	1809	3	4	x2dgv7pdm64		2025-05-16 17:05:25	2025-05-16 17:05:25
xnd87hgf34v	x2syftmaqyu	璆	璆	gìu	1809	3	5	x2dgv7pdm64		2025-05-16 17:05:25	2025-05-16 17:05:25
xutq99p9b4h	xuehzjdctbg	璃	璃	liè	1809	3	6	x2dgv7pdm64		2025-05-16 17:05:25	2025-05-16 17:05:25
xp6txnaf8d5	xuehzjdctbg	璃	璃	là̤	1809	3	6	x2dgv7pdm64		2025-05-16 17:05:25	2025-05-16 17:05:25
xjbse4jrvky	x65vwf6anm4	璉	璉	liēng	1809	3	7	x2dgv7pdm64		2025-05-16 17:05:25	2025-05-16 17:05:25
xwcu4dh3uhz	x72tx2yf7b2	璊	璊	muàng	1809	3	8	x2dgv7pdm64		2025-05-16 17:05:25	2025-05-16 17:05:25
x6ph5m2zbtb	x9yc7hp2mqn	璈	璈	ngò̤	1809	3	9	x2dgv7pdm64		2025-05-16 17:05:25	2025-05-16 17:05:25
xyt9nhs5btf	xncacknh5kz	璇	璇	suòng	1809	3	10	x2dgv7pdm64	原書有誤，已更正	2025-05-16 17:05:25	2025-05-16 17:05:25
xz9qv273htx	x7u2fnnu7bq	璣	璣	gĭ	1809	3	11	x2dgv7pdm64		2025-05-16 17:05:25	2025-05-16 17:05:25
x9236f9g79q			璘	lìng	1809	3	12	x2dgv7pdm64		2025-05-16 17:05:25	2025-05-16 17:05:25
xxney9twqap	xhrc7e7bq9p	璐	璐	lô	1809	3	13	x2dgv7pdm64		2025-05-16 17:05:25	2025-05-16 17:05:25
xhwjxjgytcp	xmxq9wypucn	璞	璞	páuk	1809	3	14	x2dgv7pdm64		2025-05-16 17:05:25	2025-05-16 17:05:25
x3z6v8h9vqh	xu4aysshu3s	璜	璜	uòng	1809	3	15	x2dgv7pdm64		2025-05-16 17:05:25	2025-05-16 17:05:25
xh3445m8b6y	xv2md2f6brj	璨	璨	cháng	1809	3	16	x2dgv7pdm64		2025-05-16 17:05:25	2025-05-16 17:05:25
xavbwvy4dn7			璪	chō̤	1809	3	17	x2dgv7pdm64		2025-05-16 17:05:25	2025-05-16 17:05:25
xs245g4zy7k	xkumrh4v6hn	璫	璫	dŏng	1809	3	18	x2dgv7pdm64		2025-05-16 17:05:25	2025-05-16 17:05:25
xt8p49qshfe	x36a6cxy8er	璩	璩	gṳ̀	1809	3	19	x2dgv7pdm64		2025-05-16 17:05:25	2025-05-16 17:05:25
xkaae7kdbmh	xyzqmdg9qdr	璧	璧	pék	1809	3	20	x2dgv7pdm64		2025-05-16 17:05:25	2025-05-16 17:05:25
x86ue22tnuh			璲	sôi	1809	3	21	x2dgv7pdm64		2025-05-16 17:05:25	2025-05-16 17:05:25
xce6jrab938	x75mj85fnk7	環	環	kuàng	1809	3	22	x2dgv7pdm64		2025-05-16 17:05:25	2025-05-16 17:05:25
xpxa8jrxccg			璽	sā̤	1809	3	23	x2dgv7pdm64		2025-05-16 17:05:25	2025-05-16 17:05:25
xyaqyhufspc			璽	sē̤	1809	3	23	x2dgv7pdm64		2025-05-16 17:05:25	2025-05-16 17:05:25
xpukvy5ccuu			璿	suòng	1810	1	1	x2dgv7pdm64	原書有誤，已更正	2025-05-16 17:05:25	2025-05-16 17:05:25
xpaz6xngsp5	x66c5cjgcxt	瓊	瓊	gīng	1810	1	2	x2dgv7pdm64		2025-05-16 17:05:25	2025-05-16 17:05:25
x4z7ksuzraz			瓈	là̤	1810	1	3	x2dgv7pdm64		2025-05-16 17:05:25	2025-05-16 17:05:25
xhdy25d9w34			瓏	lùng	1810	1	4	x2dgv7pdm64		2025-05-16 17:05:25	2025-05-16 17:05:25
xykr2pe2s34			瓏	lè̤ng	1810	1	4	x2dgv7pdm64		2025-05-16 17:05:25	2025-05-16 17:05:25
xj7np93ckgw			瓐	lù	1810	1	5	x2dgv7pdm64		2025-05-16 17:05:25	2025-05-16 17:05:25
x637exdgffu	xmzp499esy9	瓔	瓔	ĭng	1810	1	6	x2dgv7pdm64		2025-05-16 17:05:25	2025-05-16 17:05:25
xujsphbvf7z	xhqedpybmwk	瓚	瓚	cuāng	1810	1	7	x2dgv7pdm64		2025-05-16 17:05:25	2025-05-16 17:05:25
xndfxje7v6p	xhrvsdqrehw	瓜	瓜	guă	1810	1	8	x89hcnb3ba2		2025-05-16 17:05:25	2025-05-16 17:05:25
xhf67pca8fb			𤫬	pūng	1810	1	9	x89hcnb3ba2		2025-05-16 17:05:25	2025-05-16 17:05:25
x9h6wbdtn6k	xkzaqfuceak	瓞	瓞	diĕk	1810	1	10	x89hcnb3ba2		2025-05-16 17:05:25	2025-05-16 17:05:25
xwdgzmwpfd3	xhvke3m6c6s	瓠	瓠	bù	1810	1	11	x89hcnb3ba2		2025-05-16 17:05:25	2025-05-16 17:05:25
x6d6527pbuk	xhvke3m6c6s	瓠	瓠	hù	1810	1	11	x89hcnb3ba2		2025-05-16 17:05:25	2025-05-16 17:05:25
xecywacsrdb	x54n4727zdt	瓢	瓢	pièu	1810	1	12	x89hcnb3ba2		2025-05-16 17:05:25	2025-05-16 17:05:25
xuxnhz5yqme			瓣	bâing	1810	1	13	x89hcnb3ba2		2025-05-16 17:05:25	2025-05-16 17:05:25
xbnes9xhsdk	xssd26774t6	瓤	瓤	siŏng	1810	1	14	x89hcnb3ba2		2025-05-16 17:05:25	2025-05-16 17:05:25
xqv3bnxk54n	xssd26774t6	瓤	瓤	nòng	1810	1	14	x89hcnb3ba2		2025-05-16 17:05:25	2025-05-16 17:05:25
xsd9ewcrres			瓦	nguā	1810	1	15	xm6p985akkv		2025-05-16 17:05:25	2025-05-16 17:05:25
x4zyunac4ux			瓦	nguâ	1810	1	15	xm6p985akkv		2025-05-16 17:05:25	2025-05-16 17:05:25
xh4n9f3h6tv			瓧	sĕk	1810	1	16	xm6p985akkv		2025-05-16 17:05:25	2025-05-16 17:05:25
xvup3n5mhwc			瓰	hŭng	1810	1	17	xm6p985akkv		2025-05-16 17:05:25	2025-05-16 17:05:25
xxy3jn7h3xx	x5uk4jh6fvn	瓴	瓴	lìng	1810	1	18	xm6p985akkv		2025-05-16 17:05:25	2025-05-16 17:05:25
x3ryvaqe2mm	xktm34kcm3x	瓶	瓶	bìng	1810	1	19	xm6p985akkv		2025-05-16 17:05:25	2025-05-16 17:05:25
x8wv6umvk5u	xnswpweee8c	甃	甃	cáiu	1810	1	20	xm6p985akkv		2025-05-16 17:05:25	2025-05-16 17:05:25
xq62qq6jrnw	xayf5mx3tjj	甄	甄	ĭng	1810	2	1	xm6p985akkv		2025-05-16 17:05:25	2025-05-16 17:05:25
xsqr5zpn3wy	xav7e265rna	甎	甎	cuŏng	1810	2	2	xm6p985akkv	原書有誤，已更正	2025-05-16 17:05:25	2025-05-16 17:05:25
xc6sfycu6mr	xmb5u6jjbq5	甋	甋	dék	1810	2	3	xm6p985akkv		2025-05-16 17:05:25	2025-05-16 17:05:25
x6xe24hwnzw	xkn2z3s56kc	甌	甌	ĕu	1810	2	4	xm6p985akkv		2025-05-16 17:05:25	2025-05-16 17:05:25
xefr8769hhy			甑	cáing	1810	2	5	xm6p985akkv		2025-05-16 17:05:25	2025-05-16 17:05:25
xtpxzhjfgfx			甑	sòng	1810	2	5	xm6p985akkv		2025-05-16 17:05:25	2025-05-16 17:05:25
x6vyzpdfdvb	xceqzue59dj	甒	甒	ū	1810	2	6	xm6p985akkv		2025-05-16 17:05:25	2025-05-16 17:05:25
xjs329zws7w	xs76fncwu4t	甕	甕	áe̤ng	1810	2	7	xm6p985akkv		2025-05-16 17:05:25	2025-05-16 17:05:25
x65q9x5krsx	xmh6fd3bd5j	甓	甓	bĭk	1810	2	8	xm6p985akkv		2025-05-16 17:05:25	2025-05-16 17:05:25
xvhby9zhyct			甖	ĭng	1810	2	9	xm6p985akkv		2025-05-16 17:05:25	2025-05-16 17:05:25
x7wx9r39fdx	xatmvxrz4yw	甘	甘	găng	1810	2	10	xkrpjuzn3y4		2025-05-16 17:05:25	2025-05-16 17:05:25
xca7aszpkda	xga9sje9yta	甚	甚	sêng	1810	2	11	xkrpjuzn3y4		2025-05-16 17:05:25	2025-05-16 17:05:25
xux56e9zjub	xjqbwaxymnf	甜	甜	diĕng	1810	2	12	xkrpjuzn3y4		2025-05-16 17:05:25	2025-05-16 17:05:25
xm9eh2ekfna			甛	diĕng	1810	2	12	xkrpjuzn3y4		2025-05-16 17:05:25	2025-05-16 17:05:25
xaqzs2qkspt			甞	siòng	1810	2	13	xkrpjuzn3y4		2025-05-16 17:05:25	2025-05-16 17:05:25
xjsv2et27ef			生	sĕng	1810	2	14	xw33trcg8f7		2025-05-16 17:05:25	2025-05-16 17:05:25
xu3wgr9pnqy			生	săng	1810	2	14	xw33trcg8f7		2025-05-16 17:05:25	2025-05-16 17:05:25
xp8dhhz7h3v			生	chăng	1810	2	14	xw33trcg8f7		2025-05-16 17:05:25	2025-05-16 17:05:25
xn5dbk2ebag			產	sāng	1810	2	15	xw33trcg8f7		2025-05-16 17:05:25	2025-05-16 17:05:25
xbpcczttrvq			産	sāng	1810	2	15	xw33trcg8f7		2025-05-16 17:05:25	2025-05-16 17:05:25
x7drha9y7fg	x7r3e3u4pvy	甡	甡	sĕng	1810	2	16	xw33trcg8f7		2025-05-16 17:05:25	2025-05-16 17:05:25
xy6k62abc3a	xyut7wke3x3	甥	甥	sĕng	1810	2	17	xw33trcg8f7		2025-05-16 17:05:25	2025-05-16 17:05:25
xbynwh2sfu3	x8nmjve8y5u	甦	甦	sŭ	1810	2	18	xw33trcg8f7		2025-05-16 17:05:25	2025-05-16 17:05:25
x8ba7wracbr	xm6vzxtvz25	用	用	ê̤ṳng	1810	2	19	xm6wnwbmvvb		2025-05-16 17:05:25	2025-05-16 17:05:25
x9txbsbug52	xbx68uan72h	甪	甪	lók	1810	3	1	xm6wnwbmvvb		2025-05-16 17:05:25	2025-05-16 17:05:25
xb3se3dty2s	x6v5qn4ccey	甫	甫	hū	1810	3	2	xm6wnwbmvvb		2025-05-16 17:05:25	2025-05-16 17:05:25
x35rv8e7u28	xpvsf7uyjyy	甬	甬	ṳ̄ng	1810	3	3	xm6wnwbmvvb		2025-05-16 17:05:25	2025-05-16 17:05:25
xxm9jjsu5er			甯	nìng	1810	3	4	xm6wnwbmvvb		2025-05-16 17:05:25	2025-05-16 17:05:25
xpy6bu26z3u			甯	nêng	1810	3	4	xm6wnwbmvvb		2025-05-16 17:05:25	2025-05-16 17:05:25
xcb5fugmmg8			田	dièng	1810	3	5	xv4cf2862zf		2025-05-16 17:05:25	2025-05-16 17:05:25
xnmd3mk5p3a			田	chèng	1810	3	5	xv4cf2862zf		2025-05-16 17:05:25	2025-05-16 17:05:25
xjk2rv5pg3f			甲	gák	1810	3	6	xv4cf2862zf		2025-05-16 17:05:25	2025-05-16 17:05:25
xm69hqqrz8z	xndvy5xdr9j	由	由	ìu	1810	3	7	xv4cf2862zf		2025-05-16 17:05:25	2025-05-16 17:05:25
xh3x6sfh8gt	xgevj22sjex	申	申	sĭng	1810	3	8	xv4cf2862zf		2025-05-16 17:05:25	2025-05-16 17:05:25
xfykqhpzmmf	xqhha876wps	甸	甸	diêng	1810	3	9	xv4cf2862zf		2025-05-16 17:05:25	2025-05-16 17:05:25
xjg8azb6mq9	xcz7ru8p444	男	男	nàng	1810	3	10	xv4cf2862zf		2025-05-16 17:05:25	2025-05-16 17:05:25
xws2yqrk984			町	tīng	1810	3	11	xv4cf2862zf		2025-05-16 17:05:25	2025-05-16 17:05:25
x3psfzy4xkc	xcwj8ygev5q	畀	畀	bé	1810	3	12	xv4cf2862zf		2025-05-16 17:05:25	2025-05-16 17:05:25
xkwsamk2xjx			畁	bé	1810	3	12	xv4cf2862zf		2025-05-16 17:05:25	2025-05-16 17:05:25
xxt4cvhpp8e	xv9du88ye9j	甾	甾	cṳ̆	1810	3	13	xv4cf2862zf		2025-05-16 17:05:25	2025-05-16 17:05:25
xkkq2veahqv			甿	màng	1810	3	14	xv4cf2862zf		2025-05-16 17:05:25	2025-05-16 17:05:25
xabhbwjycuf			画	uâ	1810	3	15	xv4cf2862zf		2025-05-16 17:05:25	2025-05-16 17:05:25
xhbjuzypag3	xussscapmcv	畋	畋	dièng	1810	3	16	xv4cf2862zf		2025-05-16 17:05:25	2025-05-16 17:05:25
xz8wp2g67ge	xhfes9tg52m	界	界	gái	1810	3	17	xv4cf2862zf		2025-05-16 17:05:25	2025-05-16 17:05:25
xb3qusdv69t			畊	gĕng	1810	3	18	xv4cf2862zf		2025-05-16 17:05:25	2025-05-16 17:05:25
xxaxm9psaaj	x4tbrp9tq9c	畎	畎	kēng	1810	3	19	xv4cf2862zf		2025-05-16 17:05:25	2025-05-16 17:05:25
xnu6grcmj37			畆	mēu	1810	3	20	xv4cf2862zf		2025-05-16 17:05:25	2025-05-16 17:05:25
xk2k57y5pww	xavsjxyteu9	畏	畏	ói	1810	3	21	xv4cf2862zf		2025-05-16 17:05:25	2025-05-16 17:05:25
xd7q2c6sy6t	x64ntqbzpez	毗	毗	pì	1811	1	1	xv4cf2862zf		2025-05-16 17:05:25	2025-05-16 17:05:25
x7wwzqn8hak	x64ntqbzpez	毗	毗	bì	1811	1	1	xv4cf2862zf		2025-05-16 17:05:25	2025-05-16 17:05:25
xw8234r4quh	xnqvctt9ppf	毘	毘	pì	1811	1	1	xv4cf2862zf		2025-05-16 17:05:25	2025-05-16 17:05:25
xcmyfdj7zgy	xnqvctt9ppf	毘	毘	bì	1811	1	1	xv4cf2862zf		2025-05-16 17:05:25	2025-05-16 17:05:25
xddujx2rmmc	xa8s25m3tfm	畇	畇	ṳ̀ng	1811	1	2	xv4cf2862zf		2025-05-16 17:05:25	2025-05-16 17:05:25
x8mdrte8y8w	xaksj7cqp8j	畚	畚	bóng	1811	1	3	xv4cf2862zf		2025-05-16 17:05:25	2025-05-16 17:05:25
x2mpxz7xdc3	xaksj7cqp8j	畚	畚	buōng	1811	1	3	xv4cf2862zf		2025-05-16 17:05:25	2025-05-16 17:05:25
x9jmq6y4pxd	xm9y7fnhgc7	畟	畟	cék	1811	1	4	xv4cf2862zf		2025-05-16 17:05:25	2025-05-16 17:05:25
xd6g3qkx9kw			畛	cīng	1811	1	5	xv4cf2862zf		2025-05-16 17:05:25	2025-05-16 17:05:25
x5ut9yt7euc	xm7trjgyswh	畜	畜	hé̤ṳk	1811	1	6	xv4cf2862zf		2025-05-16 17:05:25	2025-05-16 17:05:25
xjvnd4gzsjv			留	lìu	1811	1	7	xv4cf2862zf		2025-05-16 17:05:25	2025-05-16 17:05:25
xvjvm9utrd2			留	làu	1811	1	7	xv4cf2862zf		2025-05-16 17:05:25	2025-05-16 17:05:25
xhewg97uhcn			畝	mēu	1811	1	8	xv4cf2862zf		2025-05-16 17:05:25	2025-05-16 17:05:25
xrxcn333p92			畝	mū	1811	1	8	xv4cf2862zf		2025-05-16 17:05:25	2025-05-16 17:05:25
xxxv8tj35p8	x89w7zzqmtw	畔	畔	puâng	1811	1	9	xv4cf2862zf		2025-05-16 17:05:25	2025-05-16 17:05:25
x4qbn8zkyga	x7wsy773w47	畢	畢	bék	1811	1	10	xv4cf2862zf		2025-05-16 17:05:25	2025-05-16 17:05:25
xq8vhcahuam	xenhd7uytzh	畦	畦	hiè	1811	1	11	xv4cf2862zf		2025-05-16 17:05:25	2025-05-16 17:05:25
x6kjtdusxqc			𤱶	kēng	1811	1	12	xv4cf2862zf		2025-05-16 17:05:25	2025-05-16 17:05:25
xrxmvenmhvj			畧	liŏk	1811	1	13	xv4cf2862zf		2025-05-16 17:05:25	2025-05-16 17:05:25
xgt98sv8tjc	xkgbbhp4thf	略	略	liŏk	1811	1	13	xv4cf2862zf		2025-05-16 17:05:25	2025-05-16 17:05:25
x9mdjdxqd7x			㽞	lìu	1811	1	14	xv4cf2862zf		2025-05-16 17:05:25	2025-05-16 17:05:25
xshybwy3cyh	xwjw7p86rjg	畯	畯	cóng	1811	1	15	xv4cf2862zf		2025-05-16 17:05:25	2025-05-16 17:05:25
xqs64yhjcb8	x59nemvacw4	異	異	ê	1811	1	16	xv4cf2862zf		2025-05-16 17:05:25	2025-05-16 17:05:25
xt67uvbkzjw			畫	hĕk	1811	1	17	xv4cf2862zf		2025-05-16 17:05:25	2025-05-16 17:05:25
xwwquzt2qec			畫	uăh	1811	1	17	xv4cf2862zf		2025-05-16 17:05:25	2025-05-16 17:05:25
xsw484j9w9j			畫	uâ	1811	1	17	xv4cf2862zf		2025-05-16 17:05:25	2025-05-16 17:05:25
xmynbfgtamf			番	huăng	1811	1	18	xv4cf2862zf		2025-05-16 17:05:25	2025-05-16 17:05:25
xquad6m26um			𤲢	lìu	1811	1	19	xv4cf2862zf		2025-05-16 17:05:25	2025-05-16 17:05:25
xpcwzxp9zsf	x9bz8r8myu3	畬	畬	ṳ̀	1811	1	20	xv4cf2862zf		2025-05-16 17:05:25	2025-05-16 17:05:25
xtpnxna88zp	x9bz8r8myu3	畬	畬	siă	1811	1	20	xv4cf2862zf		2025-05-16 17:05:25	2025-05-16 17:05:25
x9fqcgubq97	xhvsvycmj82	畷	畷	cuók	1811	1	21	xv4cf2862zf		2025-05-16 17:05:25	2025-05-16 17:05:25
x79bxfdsrpy			當	dŏng	1811	1	22	xv4cf2862zf		2025-05-16 17:05:25	2025-05-16 17:05:25
xttf7yapaxh			當	dáung	1811	1	22	xv4cf2862zf		2025-05-16 17:05:25	2025-05-16 17:05:25
x8tv6ck4mz8	xpewcw5mhgr	畸	畸	gì	1811	1	23	xv4cf2862zf		2025-05-16 17:05:25	2025-05-16 17:05:25
x3bjtyej8pb	xq22f5j8w6s	畽	畽	tūng	1811	2	1	xv4cf2862zf		2025-05-16 17:05:25	2025-05-16 17:05:25
xuzmqcabb3j	xe9kz4sr8ap	畿	畿	gĭ	1811	2	2	xv4cf2862zf		2025-05-16 17:05:25	2025-05-16 17:05:25
xdamh2chj37	xuskcfndt9j	疆	疆	giŏng	1811	2	3	xv4cf2862zf		2025-05-16 17:05:25	2025-05-16 17:05:25
x3redt9smh6	x46exk9svrj	疇	疇	tìu	1811	2	4	xv4cf2862zf		2025-05-16 17:05:25	2025-05-16 17:05:25
xgxchcaww47			疊	diĕk	1811	2	5	xv4cf2862zf		2025-05-16 17:05:25	2025-05-16 17:05:25
xzz4rcc7hkt			疊	tăk	1811	2	5	xv4cf2862zf		2025-05-16 17:05:25	2025-05-16 17:05:25
xpeqq38wgff			疉	diĕk	1811	2	5	xv4cf2862zf		2025-05-16 17:05:25	2025-05-16 17:05:25
xu24xkkjvc4			疉	tăk	1811	2	5	xv4cf2862zf		2025-05-16 17:05:25	2025-05-16 17:05:25
x62mau4fyar	x8kdubq2xvj	疋	疋	pék	1811	2	6	xkuw662bcaj		2025-05-16 17:05:25	2025-05-16 17:05:25
x9kq3cqhram			疏	sŭ	1811	2	7	xkuw662bcaj		2025-05-16 17:05:25	2025-05-16 17:05:25
xgm4jxv87bk			疏	sĕ̤	1811	2	7	xkuw662bcaj		2025-05-16 17:05:25	2025-05-16 17:05:25
xn3gvp5hwng			疏	sáe̤	1811	2	7	xkuw662bcaj		2025-05-16 17:05:25	2025-05-16 17:05:25
xntp5wm7kzm			疎	sŭ	1811	2	8	xkuw662bcaj		2025-05-16 17:05:25	2025-05-16 17:05:25
xjpsnnb3s5p			疎	sĕ̤	1811	2	8	xkuw662bcaj		2025-05-16 17:05:25	2025-05-16 17:05:25
xkgaf8d6kbm			疑	ngì	1811	2	9	xkuw662bcaj		2025-05-16 17:05:25	2025-05-16 17:05:25
xqps26ymrvh	xqzcp6cku7y	疐	疐	té	1811	2	10	xkuw662bcaj		2025-05-16 17:05:25	2025-05-16 17:05:25
x57wmwwafyf			疒	chòng	1811	2	11	xju7w3xj3yu		2025-05-16 17:05:25	2025-05-16 17:05:25
x2mgyy3kzuq	xhhgya9zepg	疔	疔	dĭng	1811	2	12	xju7w3xj3yu		2025-05-16 17:05:25	2025-05-16 17:05:25
xywrhfx3gv7			㽱	giēu	1811	2	13	xju7w3xj3yu		2025-05-16 17:05:25	2025-05-16 17:05:25
xj84xsjg535			㽱	gĭu	1811	2	13	xju7w3xj3yu		2025-05-16 17:05:25	2025-05-16 17:05:25
xrxdg9pf4eu	xc3rq43xhem	疚	疚	kéu	1811	2	14	xju7w3xj3yu		2025-05-16 17:05:25	2025-05-16 17:05:25
xbpzvwaggx6			疝	sáng	1811	2	15	xju7w3xj3yu		2025-05-16 17:05:25	2025-05-16 17:05:25
xca7gcubsby	xeu3sze2pyr	疤	疤	bă	1811	2	16	xju7w3xj3yu		2025-05-16 17:05:25	2025-05-16 17:05:25
xv8xgxv74tr	xr8jcgaynf5	疥	疥	gái	1811	2	17	xju7w3xj3yu		2025-05-16 17:05:25	2025-05-16 17:05:25
xhdjvfmumc7	xr8jcgaynf5	疥	疥	gá̤	1811	2	17	xju7w3xj3yu		2025-05-16 17:05:25	2025-05-16 17:05:25
xs9xvyuq5sn	x7tsey72du2	疫	疫	ĭk	1811	2	18	xju7w3xj3yu		2025-05-16 17:05:25	2025-05-16 17:05:25
x46wvkytm3j	xj2wfcaujjv	疣	疣	ìu	1811	2	19	xju7w3xj3yu		2025-05-16 17:05:25	2025-05-16 17:05:25
xa3fhjhubvw			𤵌	să	1811	2	20	xju7w3xj3yu		2025-05-16 17:05:25	2025-05-16 17:05:25
xmjzrfw7vrs	xcz8j9fmyvw	疢	疢	téng	1811	3	1	xju7w3xj3yu		2025-05-16 17:05:25	2025-05-16 17:05:25
xydu7ec83wn	xcz8j9fmyvw	疢	疢	cīng	1811	3	1	xju7w3xj3yu		2025-05-16 17:05:25	2025-05-16 17:05:25
x9yd45jzz4t	x5bhqytnvrf	疿	疿	bé	1811	3	2	xju7w3xj3yu		2025-05-16 17:05:25	2025-05-16 17:05:25
xhjts5vutdn	x5bhqytnvrf	疿	疿	bói	1811	3	2	xju7w3xj3yu		2025-05-16 17:05:25	2025-05-16 17:05:25
xzbsjty4ca9			病	bêng	1811	3	3	xju7w3xj3yu		2025-05-16 17:05:25	2025-05-16 17:05:25
x5xxarbrcjr			病	bâng	1811	3	3	xju7w3xj3yu		2025-05-16 17:05:25	2025-05-16 17:05:25
xnqcw28h8c8	x5v9uszaq3c	痄	痄	cá	1811	3	4	xju7w3xj3yu		2025-05-16 17:05:25	2025-05-16 17:05:25
x5zz6hk7e35			症	céng	1811	3	5	xju7w3xj3yu		2025-05-16 17:05:25	2025-05-16 17:05:25
xrkujuxahe5			疾	cĭk	1811	3	6	xju7w3xj3yu		2025-05-16 17:05:25	2025-05-16 17:05:25
xp3ur8csj8p			疹	cīng	1811	3	7	xju7w3xj3yu		2025-05-16 17:05:25	2025-05-16 17:05:25
xp4xy8ej5hf			疹	mē̤ng	1811	3	7	xju7w3xj3yu		2025-05-16 17:05:25	2025-05-16 17:05:25
xqfc3tph46s			疽	cṳ̆	1811	3	8	xju7w3xj3yu		2025-05-16 17:05:25	2025-05-16 17:05:25
xsvtfbuffqf	xxumngjrq4x	疵	疵	cṳ̆	1811	3	9	xju7w3xj3yu		2025-05-16 17:05:25	2025-05-16 17:05:25
xqsdmkman53			疼	dèng	1811	3	10	xju7w3xj3yu		2025-05-16 17:05:25	2025-05-16 17:05:25
xmx2b9g9ufb	x2vxdqkxh33	痁	痁	diéng	1811	3	11	xju7w3xj3yu		2025-05-16 17:05:25	2025-05-16 17:05:25
xu46hnqmyad	xqh3kzrr6p6	痂	痂	gă	1811	3	12	xju7w3xj3yu		2025-05-16 17:05:25	2025-05-16 17:05:25
xcd5sxjthkd	xm9zc5cyvdq	疳	疳	găng	1811	3	13	xju7w3xj3yu		2025-05-16 17:05:25	2025-05-16 17:05:25
x42ybpk9ets			疧	gì	1811	3	14	xju7w3xj3yu		2025-05-16 17:05:25	2025-05-16 17:05:25
x643a35xn5e	xnzerwtes63	痃	痃	hièng	1811	3	15	xju7w3xj3yu		2025-05-16 17:05:25	2025-05-16 17:05:25
xecsnereh3a			痀	kṳ̆	1811	3	16	xju7w3xj3yu		2025-05-16 17:05:25	2025-05-16 17:05:25
xs6cahhnz8h			疴	ŏ̤	1811	3	17	xju7w3xj3yu		2025-05-16 17:05:25	2025-05-16 17:05:25
xbbh38s4gye	xbsk6vguggq	疲	疲	pì	1811	3	18	xju7w3xj3yu		2025-05-16 17:05:25	2025-05-16 17:05:25
xnhksm3zttk	xq3q57ke26h	痊	痊	chuăng	1811	3	19	xju7w3xj3yu		2025-05-16 17:05:25	2025-05-16 17:05:25
xvupzcfukdk	xy5vf8b4bhj	痔	痔	dê	1811	3	20	xju7w3xj3yu		2025-05-16 17:05:25	2025-05-16 17:05:25
x6v95hudedp	xc5s58ah8ae	𤶀	𤶀	gĭu	1811	3	21	xju7w3xj3yu		2025-05-16 17:05:25	2025-05-16 17:05:25
x2vbuy9aw5q	xnwx9v8tvxd	痕	痕	hòng	1811	3	22	xju7w3xj3yu		2025-05-16 17:05:25	2025-05-16 17:05:25
xq9yh73gadp			痐	huòi	1811	3	23	xju7w3xj3yu		2025-05-16 17:05:25	2025-05-16 17:05:25
x8wvwjd7gn4	x6vvxz9myzt	痍	痍	ì	1812	1	1	xju7w3xj3yu		2025-05-16 17:05:25	2025-05-16 17:05:25
x5bw9ea2de6			痒	iōng	1812	1	2	xju7w3xj3yu		2025-05-16 17:05:25	2025-05-16 17:05:25
xzrmhxfnrbf			痒	siòng	1812	1	2	xju7w3xj3yu		2025-05-16 17:05:25	2025-05-16 17:05:25
xmuv5w9my4a			𤶁	lô̤	1812	1	3	xju7w3xj3yu		2025-05-16 17:05:25	2025-05-16 17:05:25
xw42gh95yjh			痌	tŭng	1812	1	4	xju7w3xj3yu		2025-05-16 17:05:25	2025-05-16 17:05:25
x45f8cz5y9j	xgnz3hq95n7	痣	痣	cé	1812	1	5	xju7w3xj3yu		2025-05-16 17:05:25	2025-05-16 17:05:25
xz2gvv5vs8k			痘	dâu	1812	1	7	xju7w3xj3yu		2025-05-16 17:05:25	2025-05-16 17:05:25
xygystye9v5	xd4w4znn7bd	痚	痚	hĕu	1812	1	8	xju7w3xj3yu		2025-05-16 17:05:25	2025-05-16 17:05:25
x88psnjs7me	xgukja82xyt	痡	痡	hŭ	1812	1	9	xju7w3xj3yu		2025-05-16 17:05:25	2025-05-16 17:05:25
xyprzxxq4nu	x6zuh8dhy7n	痢	痢	lê	1812	1	10	xju7w3xj3yu		2025-05-16 17:05:25	2025-05-16 17:05:25
xuwvc8rv2jb			痗	muòi	1812	1	11	xju7w3xj3yu		2025-05-16 17:05:25	2025-05-16 17:05:25
x27gaguf5ky			痞	pī	1812	1	12	xju7w3xj3yu		2025-05-16 17:05:25	2025-05-16 17:05:25
xnvj5hcv5bw			痠	sŏng	1812	1	13	xju7w3xj3yu		2025-05-16 17:05:25	2025-05-16 17:05:25
xfxv6dp92uv	xkzd4wsn5cx	痛	痛	tóng	1812	1	14	xju7w3xj3yu		2025-05-16 17:05:25	2025-05-16 17:05:25
x8qxj8zrchb	xkzd4wsn5cx	痛	痛	tiáng	1812	1	14	xju7w3xj3yu		2025-05-16 17:05:25	2025-05-16 17:05:25
xcxvrnqfpv3			瘂	ā	1812	1	15	xju7w3xj3yu		2025-05-16 17:05:25	2025-05-16 17:05:25
xfgdmyc4v7j	xk5nztecfg8	痺	痺	bé	1812	1	16	xju7w3xj3yu		2025-05-16 17:05:25	2025-05-16 17:05:25
xm9bj54sftq	xq9sw7k6c93	痹	痹	bé	1812	1	16	xju7w3xj3yu		2025-05-16 17:05:25	2025-05-16 17:05:25
xamt4524q7p	xsgfrwsggzj	瘁	瘁	côi	1812	1	17	xju7w3xj3yu		2025-05-16 17:05:25	2025-05-16 17:05:25
xr4m8sbrsh6			痴	chĭ	1812	1	18	xju7w3xj3yu		2025-05-16 17:05:25	2025-05-16 17:05:25
xaj3uyjw2k2	xh5hcsz3xdn	瘃	瘃	dáuk	1812	1	19	xju7w3xj3yu		2025-05-16 17:05:25	2025-05-16 17:05:25
xfs6znwbmfz	xc8neeteax7	痼	痼	gó	1812	1	20	xju7w3xj3yu		2025-05-16 17:05:25	2025-05-16 17:05:25
xwep4fzqba8	xxwz9fw7cd2	痯	痯	guāng	1812	1	21	xju7w3xj3yu		2025-05-16 17:05:25	2025-05-16 17:05:25
xfbtvvscvr8	xh578c7qxbj	痳	痳	lìng	1812	1	22	xju7w3xj3yu		2025-05-16 17:05:25	2025-05-16 17:05:25
xj59eva7ran	x22p43688ja	痲	痲	mà	1812	1	23	xju7w3xj3yu		2025-05-16 17:05:25	2025-05-16 17:05:25
xu54mvq6dzv	x22p43688ja	痲	痲	muài	1812	1	23	xju7w3xj3yu		2025-05-16 17:05:25	2025-05-16 17:05:25
x7dr2497hfx			瘀	ó	1812	2	1	xju7w3xj3yu		2025-05-16 17:05:25	2025-05-16 17:05:25
xyk7ku7v2k2			痱	pī	1812	2	2	xju7w3xj3yu		2025-05-16 17:05:25	2025-05-16 17:05:25
xu9427s9h6u			痰	tàng	1812	2	3	xju7w3xj3yu		2025-05-16 17:05:25	2025-05-16 17:05:25
xf22nadt2ks			痿	ūi	1812	2	4	xju7w3xj3yu		2025-05-16 17:05:25	2025-05-16 17:05:25
x824j8k6v3d			瘇	cṳ̄ng	1812	2	5	xju7w3xj3yu		2025-05-16 17:05:25	2025-05-16 17:05:25
xy2rbab8hjx			瘏	dù	1812	2	6	xju7w3xj3yu		2025-05-16 17:05:25	2025-05-16 17:05:25
xmmvsbh8ch6	xcyqajyeyge	瘝	瘝	guăng	1812	2	7	xju7w3xj3yu		2025-05-16 17:05:25	2025-05-16 17:05:25
xpgn3fw72wk	xmgn3n6bbn6	瘕	瘕	gā	1812	2	8	xju7w3xj3yu		2025-05-16 17:05:25	2025-05-16 17:05:25
xkdvzzmkf2p	xt2hfbuzcn9	瘊	瘊	hèu	1812	2	9	xju7w3xj3yu		2025-05-16 17:05:25	2025-05-16 17:05:25
xzxay2a5ren	xfdqjaw8ksq	瘋	瘋	hŭng	1812	2	10	xju7w3xj3yu		2025-05-16 17:05:25	2025-05-16 17:05:25
xcnrpyksd98			瘖	ĭng	1812	2	11	xju7w3xj3yu		2025-05-16 17:05:25	2025-05-16 17:05:25
x2g97depmjf			瘍	iòng	1812	2	12	xju7w3xj3yu		2025-05-16 17:05:25	2025-05-16 17:05:25
xwaw9nqfzur	x9pvx5cymkh	瘌	瘌	lăk	1812	2	13	xju7w3xj3yu		2025-05-16 17:05:25	2025-05-16 17:05:25
xkpux3mt5nh	x9pvx5cymkh	瘌	瘌	lák	1812	2	13	xju7w3xj3yu		2025-05-16 17:05:25	2025-05-16 17:05:25
xnfzvxyguuf			㾫	piĕng	1812	2	14	xju7w3xj3yu		2025-05-16 17:05:25	2025-05-16 17:05:25
xemp3kk5n69	xqr28y7tptp	㾪	㾪	sēng	1812	2	15	xju7w3xj3yu		2025-05-16 17:05:25	2025-05-16 17:05:25
xt2qqztbwqx	xwgyx3942bx	瘦	瘦	ṳ̄	1812	2	16	xju7w3xj3yu		2025-05-16 17:05:25	2025-05-16 17:05:25
xwj7bvwj787	xyfsz9t7xwe	瘟	瘟	ŭng	1812	2	17	xju7w3xj3yu		2025-05-16 17:05:25	2025-05-16 17:05:25
xbrqcj9am7r	xmh5qdhvmqg	瘢	瘢	băng	1812	2	18	xju7w3xj3yu		2025-05-16 17:05:25	2025-05-16 17:05:25
x75wvkxy8sa	xzmytmnxntq	瘠	瘠	cék	1812	2	19	xju7w3xj3yu		2025-05-16 17:05:25	2025-05-16 17:05:25
xadbd37w4hn			瘥	chă	1812	2	20	xju7w3xj3yu		2025-05-16 17:05:25	2025-05-16 17:05:25
xj336tbpwv9			瘥	chŏ̤	1812	2	20	xju7w3xj3yu		2025-05-16 17:05:25	2025-05-16 17:05:25
xyfgz4c32s4	xuvv5yrg6z5	㾹	㾹	chà	1812	2	21	xju7w3xj3yu		2025-05-16 17:05:25	2025-05-16 17:05:25
xgjqm7t96pm	xb33yg659by	瘡	瘡	chŏng	1812	2	22	xju7w3xj3yu		2025-05-16 17:05:25	2025-05-16 17:05:25
xyz4chatht6			瘨	diĕng	1812	2	23	xju7w3xj3yu		2025-05-16 17:05:25	2025-05-16 17:05:25
xfnh66a49g5	xux3znbr8tc	瘞	瘞	é	1812	3	1	xju7w3xj3yu		2025-05-16 17:05:25	2025-05-16 17:05:25
x9rv2pmhj3x	xg94bnqq4tn	㾸	㾸	gò̤	1812	3	2	xju7w3xj3yu		2025-05-16 17:05:25	2025-05-16 17:05:25
xsas26sevsm	x7f3k6cqgh3	瘤	瘤	lìu	1812	3	3	xju7w3xj3yu		2025-05-16 17:05:25	2025-05-16 17:05:25
xedw7xhvyce	xx87dem84b9	瘧	瘧	ngiŏk	1812	3	4	xju7w3xj3yu		2025-05-16 17:05:25	2025-05-16 17:05:25
x9zeq6qq4zt	xwgyx3942bx	瘦	瘦	sáiu	1812	3	5	xju7w3xj3yu		2025-05-16 17:05:25	2025-05-16 17:05:25
x82syr5uxjp	xyfsz9t7xwe	瘟	瘟	ŭng	1812	3	6	xju7w3xj3yu		2025-05-16 17:05:25	2025-05-16 17:05:25
xg95v3zve4u			瘵	cié	1812	3	7	xju7w3xj3yu		2025-05-16 17:05:25	2025-05-16 17:05:25
xzd96cynr92	xmhwcra7ehr	瘴	瘴	cióng	1812	3	8	xju7w3xj3yu		2025-05-16 17:05:25	2025-05-16 17:05:25
x4fec2cux3f	x5nm5xbdzcw	瘺	瘺	lâiu	1812	3	9	xju7w3xj3yu		2025-05-16 17:05:25	2025-05-16 17:05:25
xcjnbv36g5j	xzu6t26vqg4	瘻	瘻	lâiu	1812	3	9	xju7w3xj3yu		2025-05-16 17:05:25	2025-05-16 17:05:25
xgqwmf9f6jn	xkw66k2jz6c	瘰	瘰	luō	1812	3	10	xju7w3xj3yu	原書有誤，已更正	2025-05-16 17:05:25	2025-05-16 17:05:25
xj5vyzas64r			瘼	mŏk	1812	3	11	xju7w3xj3yu		2025-05-16 17:05:25	2025-05-16 17:05:25
xvjfh7fu6w3			瘷	sáu	1812	3	12	xju7w3xj3yu		2025-05-16 17:05:25	2025-05-16 17:05:25
xg84kd9q9k4	x9xpzgxpajp	瘳	瘳	tĭu	1812	3	13	xju7w3xj3yu		2025-05-16 17:05:25	2025-05-16 17:05:25
xd348r8tfxq	xjzakhzacs6	癉	癉	dāng	1812	3	14	xju7w3xj3yu		2025-05-16 17:05:25	2025-05-16 17:05:25
xp5nreaj65c			癎	gáng	1812	3	15	xju7w3xj3yu		2025-05-16 17:05:25	2025-05-16 17:05:25
xptef4ttsvd	xsmb8wmj9cj	療	療	liêu	1812	3	16	xju7w3xj3yu		2025-05-16 17:05:25	2025-05-16 17:05:25
xrnrqn3ymdj			癆	lò̤	1812	3	17	xju7w3xj3yu		2025-05-16 17:05:25	2025-05-16 17:05:25
xd5vmbhr85w	x8wuh5e646h	癃	癃	lṳ̀ng	1812	3	18	xju7w3xj3yu		2025-05-16 17:05:25	2025-05-16 17:05:25
xjp4p5apv7x			癙	chṳ̄	1812	3	19	xju7w3xj3yu		2025-05-16 17:05:25	2025-05-16 17:05:25
xxp8ahvps8j	xeeyr7wyqhu	㿍	㿍	gá̤	1812	3	20	xju7w3xj3yu		2025-05-16 17:05:25	2025-05-16 17:05:25
xtg9be25prp	xkrf88agej4	癘	癘	lâ̤	1812	3	21	xju7w3xj3yu		2025-05-16 17:05:25	2025-05-16 17:05:25
x4adu84vb6b	x3e5urb3tp8	癖	癖	pék	1812	3	22	xju7w3xj3yu		2025-05-16 17:05:25	2025-05-16 17:05:25
xswmtsudvu6			癒	ṳ̄	1812	3	23	xju7w3xj3yu		2025-05-16 17:05:25	2025-05-16 17:05:25
xr3frbqtvbg			癐	ŭi	1813	1	1	xju7w3xj3yu		2025-05-16 17:05:25	2025-05-16 17:05:25
xwkr83n5x89	xewtb9etwyu	癡	癡	chĭ	1813	1	2	xju7w3xj3yu		2025-05-16 17:05:26	2025-05-16 17:05:26
x2q9zypqtra	xqh2xfmyk9b	癤	癤	ciék	1813	1	3	xju7w3xj3yu		2025-05-16 17:05:26	2025-05-16 17:05:26
xr8cjyjgasv			癥	dĭng	1813	1	4	xju7w3xj3yu		2025-05-16 17:05:26	2025-05-16 17:05:26
xru5syut67x			癢	iōng	1813	1	5	xju7w3xj3yu		2025-05-16 17:05:26	2025-05-16 17:05:26
xj88nmhtkar			癢	siông	1813	1	5	xju7w3xj3yu		2025-05-16 17:05:26	2025-05-16 17:05:26
x6tutqadq7g			𤻰	iōng	1813	1	5	xju7w3xj3yu		2025-05-16 17:05:26	2025-05-16 17:05:26
xjt8hnu59bw			𤻰	siông	1813	1	5	xju7w3xj3yu		2025-05-16 17:05:26	2025-05-16 17:05:26
x656ga8ywvy	xx3vka4pta7	癨	癨	huók	1813	1	6	xju7w3xj3yu		2025-05-16 17:05:26	2025-05-16 17:05:26
x9nne5fbc9w			癩	lâi	1813	1	7	xju7w3xj3yu		2025-05-16 17:05:26	2025-05-16 17:05:26
xh8v7bf6qt7			𤻤	lĕk	1813	1	8	xju7w3xj3yu		2025-05-16 17:05:26	2025-05-16 17:05:26
xyu8y9bx7pm			𤻤	lĭk	1813	1	8	xju7w3xj3yu		2025-05-16 17:05:26	2025-05-16 17:05:26
xs7ya7sq9s5			癧	lĕk	1813	1	8	xju7w3xj3yu		2025-05-16 17:05:26	2025-05-16 17:05:26
xxcwe7enkxz			癧	lĭk	1813	1	8	xju7w3xj3yu		2025-05-16 17:05:26	2025-05-16 17:05:26
xggdwun4h6k	x76tehcszqg	癭	癭	ĭng	1813	1	9	xju7w3xj3yu		2025-05-16 17:05:26	2025-05-16 17:05:26
xj7hsa9ndzq			癬	siēng	1813	1	10	xju7w3xj3yu		2025-05-16 17:05:26	2025-05-16 17:05:26
xgszqyamtw4			癬	chiāng	1813	1	10	xju7w3xj3yu		2025-05-16 17:05:26	2025-05-16 17:05:26
xk5gur5gp4j	xkjz5s7xxbn	癮	癮	ṳ̄ng	1813	1	11	xju7w3xj3yu		2025-05-16 17:05:26	2025-05-16 17:05:26
x4zz9yqadqj	xkjz5s7xxbn	癮	癮	ngiéng	1813	1	11	xju7w3xj3yu		2025-05-16 17:05:26	2025-05-16 17:05:26
xzdqb5up4gc	xbvvyrhgmnm	癯	癯	gṳ̀	1813	1	12	xju7w3xj3yu		2025-05-16 17:05:26	2025-05-16 17:05:26
xx79xyvxuq3	xqcste8vjhj	癰	癰	ṳ̆ng	1813	1	13	xju7w3xj3yu		2025-05-16 17:05:26	2025-05-16 17:05:26
x4rr3pvqgrd	xztmt8m7h3w	癲	癲	diĕng	1813	1	14	xju7w3xj3yu		2025-05-16 17:05:26	2025-05-16 17:05:26
xpbbj989nc9	x6s2gu3fngq	癱	癱	tăng	1813	1	15	xju7w3xj3yu		2025-05-16 17:05:26	2025-05-16 17:05:26
x4gke4uegqh			癶	buák	1813	1	16	xvw3z8c9v5k		2025-05-16 17:05:26	2025-05-16 17:05:26
x788dxwfkch	xkge39jteyu	癸	癸	gói	1813	1	17	xvw3z8c9v5k		2025-05-16 17:05:26	2025-05-16 17:05:26
xe2346s4nd3	x7r43vga4uk	登	登	dĕng	1813	1	18	xvw3z8c9v5k		2025-05-16 17:05:26	2025-05-16 17:05:26
xs4dd52y97p			發	huák	1813	1	19	xvw3z8c9v5k		2025-05-16 17:05:26	2025-05-16 17:05:26
xcxechpygab			白	bĕk	1813	2	1	xt93x7psbtp		2025-05-16 17:05:26	2025-05-16 17:05:26
xtgtje4myzn			白	băh	1813	2	1	xt93x7psbtp		2025-05-16 17:05:26	2025-05-16 17:05:26
xm674vr4rm5			百	báik	1813	2	2	xt93x7psbtp		2025-05-16 17:05:26	2025-05-16 17:05:26
xcjk57f6aka			百	báh	1813	2	2	xt93x7psbtp		2025-05-16 17:05:26	2025-05-16 17:05:26
x6gmve8jg34			皁	cô̤	1813	2	3	xt93x7psbtp		2025-05-16 17:05:26	2025-05-16 17:05:26
x9rczpbsda2	xyy5s6tampm	皂	皂	cô̤	1813	2	3	xt93x7psbtp		2025-05-16 17:05:26	2025-05-16 17:05:26
xyn4xctwrt3	xwa68tnjbt7	的	的	dék	1813	2	4	xt93x7psbtp		2025-05-16 17:05:26	2025-05-16 17:05:26
xg3ux5dqyr9	xaynpt6jben	皆	皆	găi	1813	2	5	xt93x7psbtp		2025-05-16 17:05:26	2025-05-16 17:05:26
xxw3mbfkmaw	x6vx2rmhmmd	皈	皈	gŭi	1813	2	6	xt93x7psbtp		2025-05-16 17:05:26	2025-05-16 17:05:26
xqkdp5he9ap			皇	huòng	1813	2	7	xt93x7psbtp		2025-05-16 17:05:26	2025-05-16 17:05:26
xt49n9ffn7a	x6geepabp5z	皎	皎	giēu	1813	2	8	xt93x7psbtp		2025-05-16 17:05:26	2025-05-16 17:05:26
x2sjsxvft2e	x2ddtbkhm28	皓	皓	hô̤	1813	2	9	xt93x7psbtp		2025-05-16 17:05:26	2025-05-16 17:05:26
xy5awdprs2h	xtanxjhweqe	皖	皖	uāng	1813	2	10	xt93x7psbtp		2025-05-16 17:05:26	2025-05-16 17:05:26
xszjqpazh6j			皙	sék	1813	2	11	xt93x7psbtp		2025-05-16 17:05:26	2025-05-16 17:05:26
xt59zqdkm4x	x56nhvebgec	皜	皜	gō̤	1813	2	12	xt93x7psbtp		2025-05-16 17:05:26	2025-05-16 17:05:26
xd6me9au833	xe8s5sfmbhx	皤	皤	bŏ̤	1813	2	13	xt93x7psbtp		2025-05-16 17:05:26	2025-05-16 17:05:26
xpkt63w8ek4			皥	hô̤	1813	2	14	xt93x7psbtp		2025-05-16 17:05:26	2025-05-16 17:05:26
xt8t4vdu7gn	x5e484ek87c	皦	皦	giēu	1813	2	15	xt93x7psbtp		2025-05-16 17:05:26	2025-05-16 17:05:26
x7pg5ztsk9q	xttpa6tzdnj	皭	皭	ciók	1813	2	16	xt93x7psbtp		2025-05-16 17:05:26	2025-05-16 17:05:26
x5ay5e4f9nn			皮	pì	1813	2	17	xez5z8ru495		2025-05-16 17:05:26	2025-05-16 17:05:26
xpbx4cfnapb			皮	puòi	1813	2	17	xez5z8ru495		2025-05-16 17:05:26	2025-05-16 17:05:26
xgy3awbf94u	xhbnmwq2y8k	皰	皰	pâu	1813	2	18	xez5z8ru495		2025-05-16 17:05:26	2025-05-16 17:05:26
xygjm5j39qs	x2sh9aw3fkr	𤿷	𤿷	kiăk	1813	2	19	xez5z8ru495		2025-05-16 17:05:26	2025-05-16 17:05:26
xm4zhyzhf3v	x2gbg8cf77t	皶	皶	că	1813	2	20	xez5z8ru495		2025-05-16 17:05:26	2025-05-16 17:05:26
xd8h2uxzp7w	xxwm3zfzp6r	鼓	鼓	gū	1813	3	1	xez5z8ru495		2025-05-16 17:05:26	2025-05-16 17:05:26
xhrttanfwd7	xz8a9tyk5wf	皺	皺	cáiu	1813	3	2	xez5z8ru495		2025-05-16 17:05:26	2025-05-16 17:05:26
x4dcpw64p9j	xz8a9tyk5wf	皺	皺	náiu	1813	3	2	xez5z8ru495		2025-05-16 17:05:26	2025-05-16 17:05:26
xrcdbn8wkf7			皻	că	1813	3	3	xez5z8ru495		2025-05-16 17:05:26	2025-05-16 17:05:26
xz74n2wbrec			皽	diēng	1813	3	4	xez5z8ru495		2025-05-16 17:05:26	2025-05-16 17:05:26
xqxh3tsk7ys			皽	dāng	1813	3	4	xez5z8ru495		2025-05-16 17:05:26	2025-05-16 17:05:26
xtmcsehytgu	x29a6xznqhg	皿	皿	mīng	1813	3	5	xtxaw29y2n5		2025-05-16 17:05:26	2025-05-16 17:05:26
xp32g5h6rbs	xrg7bhkqr2u	盂	盂	uò	1813	3	6	xtxaw29y2n5		2025-05-16 17:05:26	2025-05-16 17:05:26
xssd57gmzf2			盃	buŏi	1813	3	7	xtxaw29y2n5		2025-05-16 17:05:26	2025-05-16 17:05:26
xfzdrea5fw9	xn8j9pfk7pw	盆	盆	buòng	1813	3	8	xtxaw29y2n5		2025-05-16 17:05:26	2025-05-16 17:05:26
x62wknu6w4d	xqhkyabev8t	盅	盅	chṳ̆ng	1813	3	9	xtxaw29y2n5		2025-05-16 17:05:26	2025-05-16 17:05:26
xsnrdjp4dzg	x4xdg8zy6ap	盈	盈	ìng	1813	3	10	xtxaw29y2n5		2025-05-16 17:05:26	2025-05-16 17:05:26
xbd3f29adu5			益	ék	1813	3	11	xtxaw29y2n5		2025-05-16 17:05:26	2025-05-16 17:05:26
xckz8af4m2j			𥁐	hāi	1813	3	12	xtxaw29y2n5		2025-05-16 17:05:26	2025-05-16 17:05:26
xkk4p7d59qu	x7pmnmb49ma	盍	盍	hăk	1813	3	13	xtxaw29y2n5		2025-05-16 17:05:26	2025-05-16 17:05:26
xu2fdukbtcv	xs7fkqzxb6p	盉	盉	huò	1813	3	14	xtxaw29y2n5		2025-05-16 17:05:26	2025-05-16 17:05:26
xgs6e82usax	xj9a9gn27e7	盎	盎	ióng	1813	3	15	xtxaw29y2n5		2025-05-16 17:05:26	2025-05-16 17:05:26
xeakve6eevb	xb32a2j28qz	盌	盌	uāng	1813	3	16	xtxaw29y2n5		2025-05-16 17:05:26	2025-05-16 17:05:26
xwtmsa4dt46	x3yb5azks3r	盒	盒	ăk	1813	3	17	xtxaw29y2n5		2025-05-16 17:05:26	2025-05-16 17:05:26
xppm4qyjsbs			盖	gái	1813	3	18	xtxaw29y2n5		2025-05-16 17:05:26	2025-05-16 17:05:26
xen5rcphpkw	x54zkgcuuf9	盔	盔	kuŏi	1813	3	19	xtxaw29y2n5		2025-05-16 17:05:26	2025-05-16 17:05:26
x57arpmp8hy	x76y96mjbpn	盜	盜	dô̤	1813	3	20	xtxaw29y2n5		2025-05-16 17:05:26	2025-05-16 17:05:26
xxypt3vy249			盛	sêng	1813	3	21	xtxaw29y2n5		2025-05-16 17:05:26	2025-05-16 17:05:26
xvbzga3sr5f			盛	sìng	1813	3	21	xtxaw29y2n5		2025-05-16 17:05:26	2025-05-16 17:05:26
xx92mzmjpj9	xeutube25bq	盞	盞	cāng	1814	1	1	xtxaw29y2n5		2025-05-16 17:05:26	2025-05-16 17:05:26
xxsn9hcmet8	xmn4z8qtmh2	盟	盟	mèng	1814	1	2	xtxaw29y2n5		2025-05-16 17:05:26	2025-05-16 17:05:26
xsnbm4z9dnv			盡	cêng	1814	1	3	xtxaw29y2n5		2025-05-16 17:05:26	2025-05-16 17:05:26
xm8sgmpty82			監	gáng	1814	1	4	xtxaw29y2n5		2025-05-16 17:05:26	2025-05-16 17:05:26
xrhdf7v2f9c			監	găng	1814	1	4	xtxaw29y2n5		2025-05-16 17:05:26	2025-05-16 17:05:26
x5mkgn2hygq	xrx77key5rc	盤	盤	buàng	1814	1	5	xtxaw29y2n5		2025-05-16 17:05:26	2025-05-16 17:05:26
xgckrc7tb8e	xrx77key5rc	盤	盤	giék	1814	1	5	xtxaw29y2n5		2025-05-16 17:05:26	2025-05-16 17:05:26
xzr2m7uqvcz	xsw3vasc3dn	盦	盦	ăng	1814	1	6	xtxaw29y2n5		2025-05-16 17:05:26	2025-05-16 17:05:26
xutuanxyt94	x8ra78vw5xp	䀇	䀇	gū	1814	1	7	xtxaw29y2n5		2025-05-16 17:05:26	2025-05-16 17:05:26
x52sq2qnw8r			盥	kuāng	1814	1	8	xtxaw29y2n5		2025-05-16 17:05:26	2025-05-16 17:05:26
x5yvqj88a55	xcgrgrsvhwn	盧	盧	lù	1814	1	9	xtxaw29y2n5		2025-05-16 17:05:26	2025-05-16 17:05:26
xfd9dgnt4t7	xy5tmyru6ve	盪	盪	dâung	1814	1	10	xtxaw29y2n5		2025-05-16 17:05:26	2025-05-16 17:05:26
xbd7ug6f4ek	xy5tmyru6ve	盪	盪	táung	1814	1	10	xtxaw29y2n5		2025-05-16 17:05:26	2025-05-16 17:05:26
xxr5kwm77gh	xtqfj8v2guy	盬	盬	gū	1814	1	11	xtxaw29y2n5		2025-05-16 17:05:26	2025-05-16 17:05:26
xhjdtcuczck			盭	lâ̤	1814	1	12	xtxaw29y2n5		2025-05-16 17:05:26	2025-05-16 17:05:26
xc6ewvkdykd			目	mŭk	1814	1	13	xauve2cwrr4		2025-05-16 17:05:26	2025-05-16 17:05:26
xa9xdxhxg69			目	mĕ̤k	1814	1	13	xauve2cwrr4		2025-05-16 17:05:26	2025-05-16 17:05:26
xjdmkqsz786			目	mĕk	1814	1	13	xauve2cwrr4		2025-05-16 17:05:26	2025-05-16 17:05:26
xugnk7fs5wz	xnjcpw9rhpz	直	直	dĭk	1814	1	14	xauve2cwrr4		2025-05-16 17:05:26	2025-05-16 17:05:26
xf72by4z3kb			盱	hṳ̆	1814	1	15	xauve2cwrr4		2025-05-16 17:05:26	2025-05-16 17:05:26
xz8k96pgfb9	xj6thv89tc5	盲	盲	màng	1814	1	16	xauve2cwrr4		2025-05-16 17:05:26	2025-05-16 17:05:26
xfm25qwx9tq	xn5qvwbq9zr	眈	眈	dăng	1814	1	17	xauve2cwrr4		2025-05-16 17:05:26	2025-05-16 17:05:26
xny653n3bx2	xf373ek5ghe	盾	盾	dōng	1814	1	18	xauve2cwrr4		2025-05-16 17:05:26	2025-05-16 17:05:26
xw7d8sa84p8			盻	hiê	1814	1	19	xauve2cwrr4		2025-05-16 17:05:26	2025-05-16 17:05:26
x4b6d5ef3b3			盺	hṳ̆ng	1814	1	20	xauve2cwrr4		2025-05-16 17:05:26	2025-05-16 17:05:26
x5932gb68s4			看	káng	1814	1	21	xauve2cwrr4		2025-05-16 17:05:26	2025-05-16 17:05:26
x4rwjsbhn4w	xg7cabvrdsz	眉	眉	mì	1814	2	1	xauve2cwrr4		2025-05-16 17:05:26	2025-05-16 17:05:26
xs7pw6xyfzd	xz7dh5sda3w	眄	眄	miēng	1814	2	2	xauve2cwrr4		2025-05-16 17:05:26	2025-05-16 17:05:26
xn54mh2r75c	xwgzejag2wn	眇	眇	miēu	1814	2	3	xauve2cwrr4		2025-05-16 17:05:26	2025-05-16 17:05:26
x3srkyh425g	x8vfyudvnn6	眊	眊	mô̤	1814	2	4	xauve2cwrr4		2025-05-16 17:05:26	2025-05-16 17:05:26
xahstawdthc	xffb5u6cpvg	眅	眅	păng	1814	2	5	xauve2cwrr4		2025-05-16 17:05:26	2025-05-16 17:05:26
x99vpgwxhav	xpjvgyj5zdu	盼	盼	puáng	1814	2	6	xauve2cwrr4		2025-05-16 17:05:26	2025-05-16 17:05:26
xwv6wc4w545			省	sēng	1814	2	7	xauve2cwrr4		2025-05-16 17:05:26	2025-05-16 17:05:26
x6kcfjc67mn			省	sīng	1814	2	7	xauve2cwrr4		2025-05-16 17:05:26	2025-05-16 17:05:26
x668rtfca55			省	sāng	1814	2	7	xauve2cwrr4		2025-05-16 17:05:26	2025-05-16 17:05:26
xz6u5b89f4k			相	siŏng	1814	2	8	xauve2cwrr4		2025-05-16 17:05:26	2025-05-16 17:05:26
xykfz8uz953			相	sióng	1814	2	8	xauve2cwrr4		2025-05-16 17:05:26	2025-05-16 17:05:26
xdn2487rkkt			相	sŏng	1814	2	8	xauve2cwrr4		2025-05-16 17:05:26	2025-05-16 17:05:26
xte6gwjknr9	x3dnxad35qw	𥄹	𥄹	báu	1814	2	9	xauve2cwrr4		2025-05-16 17:05:26	2025-05-16 17:05:26
xfszybvuvm6	xd4kfhs52x8	眥	眥	cé̤ṳ	1814	2	10	xauve2cwrr4		2025-05-16 17:05:26	2025-05-16 17:05:26
x5f72an9fxt			眞	cĭng	1814	2	11	xauve2cwrr4		2025-05-16 17:05:26	2025-05-16 17:05:26
xgbvb72fqms	xgbau8feutb	真	真	cĭng	1814	2	11	xauve2cwrr4		2025-05-16 17:05:26	2025-05-16 17:05:26
xtq86uptt5q	x4j2q4rbt3e	眚	眚	chăng	1814	2	12	xauve2cwrr4		2025-05-16 17:05:26	2025-05-16 17:05:26
xpg2sggu8gw	x4j2q4rbt3e	眚	眚	sēng	1814	2	12	xauve2cwrr4		2025-05-16 17:05:26	2025-05-16 17:05:26
x2sye5phcx6	x6qp8w9gn8r	眩	眩	hièng	1814	2	13	xauve2cwrr4		2025-05-16 17:05:26	2025-05-16 17:05:26
xb3nr5g39fj	x6qp8w9gn8r	眩	眩	hìng	1814	2	13	xauve2cwrr4		2025-05-16 17:05:26	2025-05-16 17:05:26
xr8kfh4jtbb			𥄸	māu	1814	2	14	xauve2cwrr4		2025-05-16 17:05:26	2025-05-16 17:05:26
xf5mqa92jqf			眠	mièng	1814	2	15	xauve2cwrr4		2025-05-16 17:05:26	2025-05-16 17:05:26
xskbtw6fmcg			眠	mìng	1814	2	15	xauve2cwrr4		2025-05-16 17:05:26	2025-05-16 17:05:26
xm6r77fgzxw			眎	sê	1814	2	16	xauve2cwrr4		2025-05-16 17:05:26	2025-05-16 17:05:26
xcarf9b6qkc			眾	cé̤ṳng	1814	2	17	xauve2cwrr4		2025-05-16 17:05:26	2025-05-16 17:05:26
xrucmyyunyv	x83yse2bexv	眷	眷	guóng	1814	2	18	xauve2cwrr4		2025-05-16 17:05:26	2025-05-16 17:05:26
x3ny7tmpb4f	xy2u3gj532e	眴	眴	hióng	1814	2	19	xauve2cwrr4		2025-05-16 17:05:26	2025-05-16 17:05:26
xgfhcanyejd			眶	kuŏng	1814	2	20	xauve2cwrr4		2025-05-16 17:05:26	2025-05-16 17:05:26
x49xkybpxbr	xfs3ww4mzqb	眸	眸	mèu	1814	2	21	xauve2cwrr4		2025-05-16 17:05:26	2025-05-16 17:05:26
xf9z44b8wsf	xqb8gta8by9	眯	眯	mì	1814	2	22	xauve2cwrr4		2025-05-16 17:05:26	2025-05-16 17:05:26
x4nhqz3jn2s	xqb8gta8by9	眯	眯	mê	1814	2	22	xauve2cwrr4		2025-05-16 17:05:26	2025-05-16 17:05:26
xajp8xwk5d7			眳	mìng	1814	3	1	xauve2cwrr4		2025-05-16 17:05:26	2025-05-16 17:05:26
xh8turbggap	xyfnbbvp7e5	眼	眼	ngāng	1814	3	2	xauve2cwrr4		2025-05-16 17:05:26	2025-05-16 17:05:26
xnrptuwvqga	x6y9b67au38	眺	眺	tiéu	1814	3	3	xauve2cwrr4		2025-05-16 17:05:26	2025-05-16 17:05:26
x8r7dvfc4kj	xep5hsw8cam	眢	眢	uŏng	1814	3	4	xauve2cwrr4		2025-05-16 17:05:26	2025-05-16 17:05:26
xaaby37a5hy			着	ciŏk	1814	3	5	xauve2cwrr4		2025-05-16 17:05:26	2025-05-16 17:05:26
xur42xp95p5			着	diŏh	1814	3	5	xauve2cwrr4		2025-05-16 17:05:26	2025-05-16 17:05:26
xbs8bu46kxu			睃	cóng	1814	3	6	xauve2cwrr4		2025-05-16 17:05:26	2025-05-16 17:05:26
xqafjxcwpur	xcjhsdm2tnj	睇	睇	dâ̤	1814	3	7	xauve2cwrr4		2025-05-16 17:05:26	2025-05-16 17:05:26
xqzaktxxuzz			睊	giŏng	1814	3	8	xauve2cwrr4		2025-05-16 17:05:26	2025-05-16 17:05:26
xa5a5q6tj7m			睎	hĭ	1814	3	9	xauve2cwrr4		2025-05-16 17:05:26	2025-05-16 17:05:26
x5r3ejdge5w	xvwt4vyf7y3	睍	睍	hiēng	1814	3	10	xauve2cwrr4		2025-05-16 17:05:26	2025-05-16 17:05:26
xmqdpn83em7			𥇇	sŏ̤	1814	3	11	xauve2cwrr4		2025-05-16 17:05:26	2025-05-16 17:05:26
xr4mgm6xf9s	xz3fu6phpdx	睆	睆	uāng	1814	3	12	xauve2cwrr4		2025-05-16 17:05:26	2025-05-16 17:05:26
xac6g9fc7cu			睥	bê	1814	3	13	xauve2cwrr4		2025-05-16 17:05:26	2025-05-16 17:05:26
x3vkzf2muem			睥	pā̤	1814	3	13	xauve2cwrr4		2025-05-16 17:05:26	2025-05-16 17:05:26
xpcq43ekea2			睥	bā̤	1814	3	13	xauve2cwrr4		2025-05-16 17:05:26	2025-05-16 17:05:26
xev6b6da33f			睤	bê	1814	3	13	xauve2cwrr4		2025-05-16 17:05:26	2025-05-16 17:05:26
xaux4m4qqzm			睤	pā̤	1814	3	13	xauve2cwrr4		2025-05-16 17:05:26	2025-05-16 17:05:26
xtjscya5vrk			睤	bā̤	1814	3	13	xauve2cwrr4		2025-05-16 17:05:26	2025-05-16 17:05:26
x3fxjcceyxy	x8ay42kya4g	睜	睜	cĕng	1814	3	14	xauve2cwrr4		2025-05-16 17:05:26	2025-05-16 17:05:26
xdp4tn9b6ty			𥈤	ciĕk	1814	3	15	xauve2cwrr4		2025-05-16 17:05:26	2025-05-16 17:05:26
xzaj5vvgz9y	x7srbduxm4d	睛	睛	cĭng	1814	3	16	xauve2cwrr4		2025-05-16 17:05:26	2025-05-16 17:05:26
xj9gzv4bg5e	xdxpj4cddny	睟	睟	côi	1814	3	17	xauve2cwrr4		2025-05-16 17:05:26	2025-05-16 17:05:26
xm2d2py74mf	xu7bhpydq8r	睢	睢	cṳ̆	1814	3	18	xauve2cwrr4		2025-05-16 17:05:26	2025-05-16 17:05:26
xfd2kz4u3ek			睬	chāi	1814	3	19	xauve2cwrr4		2025-05-16 17:05:26	2025-05-16 17:05:26
x624gc32vkm			督	dók	1814	3	20	xauve2cwrr4		2025-05-16 17:05:26	2025-05-16 17:05:26
xfcsksexmjg			睘	gìng	1814	3	21	xauve2cwrr4		2025-05-16 17:05:26	2025-05-16 17:05:26
xxmq3t3rsub			睠	guóng	1814	3	22	xauve2cwrr4		2025-05-16 17:05:26	2025-05-16 17:05:26
x6ns5usy3ct			睠	guòng	1814	3	22	xauve2cwrr4		2025-05-16 17:05:26	2025-05-16 17:05:26
x72b8vb5anv			睪	ĭk	1815	1	1	xauve2cwrr4		2025-05-16 17:05:26	2025-05-16 17:05:26
xrvwcrr3mnd			䁆	káik	1815	1	2	xauve2cwrr4		2025-05-16 17:05:26	2025-05-16 17:05:26
xwk5nm26bak	xrujnx9sfa3	睞	睞	lâi	1815	1	3	xauve2cwrr4		2025-05-16 17:05:26	2025-05-16 17:05:26
xnd9svyyarv	xf546crehqh	睔	睔	lùng	1815	1	4	xauve2cwrr4		2025-05-16 17:05:26	2025-05-16 17:05:26
xvzevyretpj	xp7c4r9phyj	睦	睦	mŭk	1815	1	5	xauve2cwrr4		2025-05-16 17:05:26	2025-05-16 17:05:26
xrugbp49jwn	xwm4qugrrgk	睚	睚	ngài	1815	1	6	xauve2cwrr4		2025-05-16 17:05:26	2025-05-16 17:05:26
xx38cynu42w			睨	ngā̤	1815	1	7	xauve2cwrr4	原書有誤，已更正	2025-05-16 17:05:26	2025-05-16 17:05:26
xg4gjyqee33			睨	ngâ̤	1815	1	7	xauve2cwrr4		2025-05-16 17:05:26	2025-05-16 17:05:26
xtg53nxg3h5			睨	hā̤	1815	1	7	xauve2cwrr4		2025-05-16 17:05:26	2025-05-16 17:05:26
x3dazm86yw5	xgxeu8zbvtk	睡	睡	sói	1815	1	8	xauve2cwrr4		2025-05-16 17:05:26	2025-05-16 17:05:26
xwhkv7nwt6y	xt4xqsuqgjd	睶	睶	chūng	1815	1	9	xauve2cwrr4		2025-05-16 17:05:26	2025-05-16 17:05:26
xjp3zt45p3s	xdqvy29s7dj	睼	睼	dà̤	1815	1	10	xauve2cwrr4		2025-05-16 17:05:26	2025-05-16 17:05:26
xvurrnguxbu	xh34efh2zum	睹	睹	dū	1815	1	11	xauve2cwrr4		2025-05-16 17:05:26	2025-05-16 17:05:26
xapsvrfx45s	xt3fxv7m3mf	睿	睿	iô	1815	1	12	xauve2cwrr4		2025-05-16 17:05:26	2025-05-16 17:05:26
x6fejfpmnw8	xv8gh949t2x	睽	睽	kiĕ	1815	1	13	xauve2cwrr4		2025-05-16 17:05:26	2025-05-16 17:05:26
xu9eyrekm5e			瞀	mâiu	1815	1	14	xauve2cwrr4		2025-05-16 17:05:26	2025-05-16 17:05:26
xdxbw45zfz8	x87k8j9m7je	𥈊	𥈊	siák	1815	1	15	xauve2cwrr4		2025-05-16 17:05:26	2025-05-16 17:05:26
xqnuqs47dmz	xqxuszmkvkf	瞋	瞋	cĭng	1815	1	16	xauve2cwrr4		2025-05-16 17:05:26	2025-05-16 17:05:26
xagapddy57e	x7mmuwsc3w4	瞎	瞎	hák	1815	1	17	xauve2cwrr4		2025-05-16 17:05:26	2025-05-16 17:05:26
xebjbvrwus6	xwxxwet8sbp	瞑	瞑	mìng	1815	1	18	xauve2cwrr4		2025-05-16 17:05:26	2025-05-16 17:05:26
xucp5e5d9hz	x2bg8bbrcn5	瞍	瞍	sēu	1815	1	19	xauve2cwrr4		2025-05-16 17:05:26	2025-05-16 17:05:26
xjex27cghrk	xunsrkk46qh	瞠	瞠	dòng	1815	1	20	xauve2cwrr4		2025-05-16 17:05:26	2025-05-16 17:05:26
xf8fjrfcdcw	x8wuxqet7d3	瞖	瞖	ié	1815	1	21	xauve2cwrr4		2025-05-16 17:05:26	2025-05-16 17:05:26
x7wdyryhbva			瞞	muàng	1815	1	22	xauve2cwrr4		2025-05-16 17:05:26	2025-05-16 17:05:26
xphk8b8nxjc	x4u9t2rwyhq	瞧	瞧	cièu	1815	1	23	xauve2cwrr4		2025-05-16 17:05:26	2025-05-16 17:05:26
xxq7enjy9gx	xsn4bkveb7d	瞪	瞪	dèng	1815	2	1	xauve2cwrr4		2025-05-16 17:05:26	2025-05-16 17:05:26
xk3z7aeaq6j	xpndvuxvvax	瞳	瞳	dùng	1815	2	2	xauve2cwrr4		2025-05-16 17:05:26	2025-05-16 17:05:26
x277xquamu8	x9fu8fx25h3	瞰	瞰	hāng	1815	2	3	xauve2cwrr4		2025-05-16 17:05:26	2025-05-16 17:05:26
xq7v7swxq22	x9fu8fx25h3	瞰	瞰	káng	1815	2	3	xauve2cwrr4		2025-05-16 17:05:26	2025-05-16 17:05:26
xxban654nsy	xabcsjpgxht	瞶	瞶	huôi	1815	2	4	xauve2cwrr4		2025-05-16 17:05:26	2025-05-16 17:05:26
xmzzbytrmww			瞯	káng	1815	2	5	xauve2cwrr4		2025-05-16 17:05:26	2025-05-16 17:05:26
xuejcy8fd6k			瞯	hàng	1815	2	5	xauve2cwrr4		2025-05-16 17:05:26	2025-05-16 17:05:26
xsv4jqvf9ej	x2yyegpbyze	瞭	瞭	lièu	1815	2	6	xauve2cwrr4		2025-05-16 17:05:26	2025-05-16 17:05:26
xj7wbqzheaj	xh7aa57bzsq	瞵	瞵	lìng	1815	2	7	xauve2cwrr4		2025-05-16 17:05:26	2025-05-16 17:05:26
x53vpby34s6	xr4m2xy5s6w	瞥	瞥	piék	1815	2	8	xauve2cwrr4		2025-05-16 17:05:26	2025-05-16 17:05:26
xqusjxmzefm			瞤	sóng	1815	2	9	xauve2cwrr4		2025-05-16 17:05:26	2025-05-16 17:05:26
x5ueaggqqrc	xcdgdjrkhva	瞬	瞬	sūng	1815	2	10	xauve2cwrr4		2025-05-16 17:05:26	2025-05-16 17:05:26
xh98g5fmdwp			𥋜	cáiu	1815	2	11	xauve2cwrr4		2025-05-16 17:05:26	2025-05-16 17:05:26
xrs82kbsxq9	xjfgpz5j76t	瞻	瞻	ciĕng	1815	2	12	xauve2cwrr4		2025-05-16 17:05:26	2025-05-16 17:05:26
x8tcrkgk6pp	x9a7m3uk327	瞽	瞽	gū	1815	2	13	xauve2cwrr4		2025-05-16 17:05:26	2025-05-16 17:05:26
x42ydfm3vu5	xjzwskur7j9	瞿	瞿	gṳ̀	1815	2	14	xauve2cwrr4		2025-05-16 17:05:26	2025-05-16 17:05:26
xwr4rdc2675	xpyefpzc6az	矇	矇	mùng	1815	2	15	xauve2cwrr4		2025-05-16 17:05:26	2025-05-16 17:05:26
x3m9eeq53ej	x99ng7qyhsj	矍	矍	kuók	1815	2	16	xauve2cwrr4	原書有誤，已更正	2025-05-16 17:05:26	2025-05-16 17:05:26
xet9t3je4f4	x6k6hwyutsd	矗	矗	ché̤ṳk	1815	2	17	xauve2cwrr4		2025-05-16 17:05:26	2025-05-16 17:05:26
xma8jjdep76	x4m2sc4p64j	矚	矚	cé̤ṳk	1815	2	18	xauve2cwrr4		2025-05-16 17:05:26	2025-05-16 17:05:26
x9z8mfdem2y	xcj47a3j2v2	矛	矛	màu	1815	2	19	xfd8n9tg66t		2025-05-16 17:05:26	2025-05-16 17:05:26
xkn2hvy8ms9	xhbepvugw4f	矜	矜	kĭng	1815	2	20	xfd8n9tg66t		2025-05-16 17:05:26	2025-05-16 17:05:26
x4myt37j9y2			𥍬	chuáng	1815	2	21	xfd8n9tg66t		2025-05-16 17:05:26	2025-05-16 17:05:26
xn6buqse2qe			矟	sáuk	1815	3	1	xfd8n9tg66t		2025-05-16 17:05:26	2025-05-16 17:05:26
x5jraytwp62	xxv3x9wr85h	矞	矞	ṳ̆k	1815	3	2	xfd8n9tg66t		2025-05-16 17:05:26	2025-05-16 17:05:26
xzuud4brj4e	xz62d4rvnqq	矢	矢	chī	1815	3	3	xwn43f2u8mz		2025-05-16 17:05:26	2025-05-16 17:05:26
xewf5zkfnbu	xbae6gksrzh	矣	矣	é	1815	3	4	xwn43f2u8mz		2025-05-16 17:05:26	2025-05-16 17:05:26
xth6gfmzh57	xxvyngg4nsh	知	知	dĭ	1815	3	5	xwn43f2u8mz		2025-05-16 17:05:26	2025-05-16 17:05:26
xggefecx2gt	xxvyngg4nsh	知	知	dé	1815	3	5	xwn43f2u8mz		2025-05-16 17:05:26	2025-05-16 17:05:26
xzbfugftd9v	x29j479mj7y	矩	矩	gṳ̄	1815	3	6	xwn43f2u8mz		2025-05-16 17:05:26	2025-05-16 17:05:26
xvk74jx7p73	xr4r42uzy34	矧	矧	īng	1815	3	7	xwn43f2u8mz		2025-05-16 17:05:26	2025-05-16 17:05:26
xdcxj868s6w			短	duāng	1815	3	8	xwn43f2u8mz		2025-05-16 17:05:26	2025-05-16 17:05:26
x926hajqrb8			短	dōi	1815	3	8	xwn43f2u8mz		2025-05-16 17:05:26	2025-05-16 17:05:26
xfsbx8w9dt7	x84c8hgrfak	矮	矮	ā̤	1815	3	9	xwn43f2u8mz		2025-05-16 17:05:26	2025-05-16 17:05:26
xhz5yke33qs	xpxh86nna32	矰	矰	cĕng	1815	3	10	xwn43f2u8mz		2025-05-16 17:05:26	2025-05-16 17:05:26
xfpdm97cw7e	xbzz6ntkdy7	矯	矯	giēu	1815	3	11	xwn43f2u8mz		2025-05-16 17:05:26	2025-05-16 17:05:26
xspbhkdhuuw	xbrvfkum2r9	矱	矱	huŏk	1815	3	12	xwn43f2u8mz		2025-05-16 17:05:26	2025-05-16 17:05:26
xg7z8hc2fmm			石	sĭk	1815	3	13	xr8drqqkn6n		2025-05-16 17:05:26	2025-05-16 17:05:26
xgpam4zxgmc			石	siŏh	1815	3	13	xr8drqqkn6n		2025-05-16 17:05:26	2025-05-16 17:05:26
xd49ykq42bk			矴	déng	1815	3	14	xr8drqqkn6n		2025-05-16 17:05:26	2025-05-16 17:05:26
xdn7cgp72wa	x4dveyp88nz	矻	矻	káuk	1815	3	15	xr8drqqkn6n		2025-05-16 17:05:26	2025-05-16 17:05:26
xhx6t2nm3tg			矽	sĭk	1815	3	16	xr8drqqkn6n		2025-05-16 17:05:26	2025-05-16 17:05:26
xp7phmf2pkc	x894qa5a8ua	砌	砌	chiék	1815	3	17	xr8drqqkn6n		2025-05-16 17:05:26	2025-05-16 17:05:26
xgarkgx4mzz	x2wtmsaqzqm	砉	砉	hĕk	1815	3	18	xr8drqqkn6n		2025-05-16 17:05:26	2025-05-16 17:05:26
x8sj8mgnz6t	x8n247d8pkx	砆	砆	hŭ	1815	3	19	xr8drqqkn6n		2025-05-16 17:05:26	2025-05-16 17:05:26
xvpjdv722ff	xcpmadbakq6	砍	砍	kāng	1815	3	20	xr8drqqkn6n		2025-05-16 17:05:26	2025-05-16 17:05:26
xp7hukwc5w4	xkfsn6mfgs9	砑	砑	ngâ	1816	1	1	xr8drqqkn6n		2025-05-16 17:05:26	2025-05-16 17:05:26
xhxf9maxu95	xu2mx658mvh	砒	砒	piĕ	1816	1	2	xr8drqqkn6n		2025-05-16 17:05:26	2025-05-16 17:05:26
xv3qju2fp2q	xp4m9pztvzn	砂	砂	să	1816	1	3	xr8drqqkn6n		2025-05-16 17:05:26	2025-05-16 17:05:26
xjt4gqtdayh	xcx5mc94n3d	砠	砠	cù	1816	1	4	xr8drqqkn6n		2025-05-16 17:05:26	2025-05-16 17:05:26
xe56espkggh			砥	dī	1816	1	5	xr8drqqkn6n		2025-05-16 17:05:26	2025-05-16 17:05:26
x2at9spf8bc			砧	dōng	1816	1	6	xr8drqqkn6n		2025-05-16 17:05:26	2025-05-16 17:05:26
x68exuckmnu			砧	tĭng	1816	1	6	xr8drqqkn6n		2025-05-16 17:05:26	2025-05-16 17:05:26
x9cpcsj7r57			砧	dĭng	1816	1	6	xr8drqqkn6n		2025-05-16 17:05:26	2025-05-16 17:05:26
x39c963x3t9	xg6z7tnr59g	砝	砝	huák	1816	1	7	xr8drqqkn6n		2025-05-16 17:05:26	2025-05-16 17:05:26
xjjqwjcax63	x6zk2s55c4a	砰	砰	pàng	1816	1	8	xr8drqqkn6n		2025-05-16 17:05:26	2025-05-16 17:05:26
x4vvxyz4pqx	x6zk2s55c4a	砰	砰	pĕng	1816	1	8	xr8drqqkn6n		2025-05-16 17:05:26	2025-05-16 17:05:26
xmbsdesadxe			砲	páu	1816	1	9	xr8drqqkn6n		2025-05-16 17:05:26	2025-05-16 17:05:26
x8bty34f4xw			破	pó̤	1816	1	10	xr8drqqkn6n		2025-05-16 17:05:26	2025-05-16 17:05:26
xhx6pz3983v			破	puái	1816	1	10	xr8drqqkn6n		2025-05-16 17:05:26	2025-05-16 17:05:26
xct8t6mgrqj	xxr3zxpkbr3	砷	砷	sĭng	1816	1	11	xr8drqqkn6n		2025-05-16 17:05:26	2025-05-16 17:05:26
x7nv5kajyk5	x9vuxzcpgnb	硃	硃	cuŏ	1816	1	12	xr8drqqkn6n	原書有誤，已更正	2025-05-16 17:05:26	2025-05-16 17:05:26
xpn7ze5bx4b	xdae2ksh9db	硋	硋	hài	1816	1	13	xr8drqqkn6n		2025-05-16 17:05:26	2025-05-16 17:05:26
xnd55rbv4b5	xd6jenv2sn5	硎	硎	hìng	1816	1	14	xr8drqqkn6n		2025-05-16 17:05:26	2025-05-16 17:05:26
xgd9xgsffp6	x8va5qnv9f2	硇	硇	nàu	1816	1	15	xr8drqqkn6n		2025-05-16 17:05:26	2025-05-16 17:05:26
x2xv9fyeebw	x36pt8ah2rb	研	研	ngiĕng	1816	1	16	xr8drqqkn6n		2025-05-16 17:05:26	2025-05-16 17:05:26
xn5d337dfjp	x36pt8ah2rb	研	研	ngiéng	1816	1	16	xr8drqqkn6n		2025-05-16 17:05:26	2025-05-16 17:05:26
xwg9aqugtu8	xmv75htthz4	硒	硒	să̤	1816	1	17	xr8drqqkn6n		2025-05-16 17:05:26	2025-05-16 17:05:26
xet2355bpu4			𥑻	siēng	1816	1	18	xr8drqqkn6n		2025-05-16 17:05:26	2025-05-16 17:05:26
xd8nz6zhbqs			硨	chiă	1816	1	19	xr8drqqkn6n		2025-05-16 17:05:26	2025-05-16 17:05:26
x7zgzgddmdn	xvjkbh5m2d9	硣	硣	gáu	1816	1	20	xr8drqqkn6n		2025-05-16 17:05:26	2025-05-16 17:05:26
x2sn7km3wxw	x33h5b2qmr4	硜	硜	kĕng	1816	1	21	xr8drqqkn6n		2025-05-16 17:05:26	2025-05-16 17:05:26
xxptg2gcdn2	xwzrb3wduus	硫	硫	lìu	1816	1	22	xr8drqqkn6n		2025-05-16 17:05:26	2025-05-16 17:05:26
xv6t9p9rjhu	xbw3q34tdbw	硭	硭	mòng	1816	2	1	xr8drqqkn6n		2025-05-16 17:05:26	2025-05-16 17:05:26
xkjs995qt5k	xymtnfpryvr	硬	硬	ngâing	1816	2	2	xr8drqqkn6n		2025-05-16 17:05:26	2025-05-16 17:05:26
xcn5synxxy5	x5cy9rtgfy3	硯	硯	ngiéng	1816	2	3	xr8drqqkn6n		2025-05-16 17:05:26	2025-05-16 17:05:26
xxva2maaka4	xs4my5dh2rn	硝	硝	siĕu	1816	2	4	xr8drqqkn6n		2025-05-16 17:05:26	2025-05-16 17:05:26
xrp39rmw8ur			硼	bèng	1816	2	5	xr8drqqkn6n		2025-05-16 17:05:26	2025-05-16 17:05:26
xh32pfb8z2a			硼	bè̤ng	1816	2	5	xr8drqqkn6n		2025-05-16 17:05:26	2025-05-16 17:05:26
x33brgfdkf6	xar74wvrqhm	碑	碑	bĭ	1816	2	6	xr8drqqkn6n		2025-05-16 17:05:26	2025-05-16 17:05:26
xd9wttmtcy8	x8j2m4ercp3	碎	碎	chó̤i	1816	2	7	xr8drqqkn6n		2025-05-16 17:05:26	2025-05-16 17:05:26
x5pf7yr8a5n			碓	dái	1816	2	8	xr8drqqkn6n		2025-05-16 17:05:26	2025-05-16 17:05:26
xb9j3f8vxdx	xjywzd3sfg2	碇	碇	déng	1816	2	9	xr8drqqkn6n		2025-05-16 17:05:26	2025-05-16 17:05:26
x2bghv37njg	x99fkrye5pm	碘	碘	diēng	1816	2	10	xr8drqqkn6n		2025-05-16 17:05:26	2025-05-16 17:05:26
xk73f6ry2sy			碁	gì	1816	2	11	xr8drqqkn6n		2025-05-16 17:05:26	2025-05-16 17:05:26
xbwjvptxdqx	xvqda6dmr2y	碕	碕	gì	1816	2	12	xr8drqqkn6n		2025-05-16 17:05:27	2025-05-16 17:05:27
x428ktcjw9s			碌	lók	1816	2	13	xr8drqqkn6n		2025-05-16 17:05:27	2025-05-16 17:05:27
xteet5kh7jv			碍	ngâi	1816	2	14	xr8drqqkn6n		2025-05-16 17:05:27	2025-05-16 17:05:27
xnvc2xv7bc6			碆	pŏ̤	1816	2	15	xr8drqqkn6n		2025-05-16 17:05:27	2025-05-16 17:05:27
x79gt89beku	xkcn3nk8my8	硾	硾	tói	1816	2	16	xr8drqqkn6n		2025-05-16 17:05:27	2025-05-16 17:05:27
x5fm2sgaapc	xkcn3nk8my8	硾	硾	tôi	1816	2	16	xr8drqqkn6n		2025-05-16 17:05:27	2025-05-16 17:05:27
xrbqqek4eem	x9hy7tfq7b8	碔	碔	ū	1816	2	17	xr8drqqkn6n		2025-05-16 17:05:27	2025-05-16 17:05:27
xxw2e3cwmn5	xehy6xjnnme	碗	碗	uāng	1816	2	18	xr8drqqkn6n		2025-05-16 17:05:27	2025-05-16 17:05:27
x95e7h4sys5	x324eqvumtd	碲	碲	dá̤	1816	2	19	xr8drqqkn6n		2025-05-16 17:05:27	2025-05-16 17:05:27
xwfh34rmaw8	xtm9rybzzqt	碭	碭	dâung	1816	2	20	xr8drqqkn6n		2025-05-16 17:05:27	2025-05-16 17:05:27
xzt2c35ataw	xua8qkbk4n4	碟	碟	diĕk	1816	2	21	xr8drqqkn6n		2025-05-16 17:05:27	2025-05-16 17:05:27
xw68rvt8a6z	xx3ettjrkyt	碣	碣	giék	1816	2	22	xr8drqqkn6n		2025-05-16 17:05:27	2025-05-16 17:05:27
x77r43x49uu			碯	nō̤	1816	3	1	xr8drqqkn6n		2025-05-16 17:05:27	2025-05-16 17:05:27
x22cbqsahjf	x857zegn68r	碧	碧	pék	1816	3	2	xr8drqqkn6n		2025-05-16 17:05:27	2025-05-16 17:05:27
x8jz5uuc26w	x69puzfd476	碩	碩	sĭk	1816	3	3	xr8drqqkn6n		2025-05-16 17:05:27	2025-05-16 17:05:27
x472gmpgyg7			碪	tĭng	1816	3	4	xr8drqqkn6n		2025-05-16 17:05:27	2025-05-16 17:05:27
xnuyvp5add2			磅	bòng	1816	3	5	xr8drqqkn6n		2025-05-16 17:05:27	2025-05-16 17:05:27
xefbx2qpxzn			磅	bâung	1816	3	5	xr8drqqkn6n		2025-05-16 17:05:27	2025-05-16 17:05:27
xcu2278pe8g			磅	pòng	1816	3	5	xr8drqqkn6n		2025-05-16 17:05:27	2025-05-16 17:05:27
xd3xbsynfmp	x36gmmhw56p	磐	磐	buàng	1816	3	6	xr8drqqkn6n		2025-05-16 17:05:27	2025-05-16 17:05:27
xm5n6trgnr9	x3r5dfmw99y	磁	磁	cṳ̀	1816	3	7	xr8drqqkn6n		2025-05-16 17:05:27	2025-05-16 17:05:27
x45f57fvyz4	x3tw5jremzs	磋	磋	chŏ̤	1816	3	8	xr8drqqkn6n		2025-05-16 17:05:27	2025-05-16 17:05:27
x2xexqrmvd3			碾	diēng	1816	3	9	xr8drqqkn6n		2025-05-16 17:05:27	2025-05-16 17:05:27
xqsjdza6gu3			磌	dièng	1816	3	10	xr8drqqkn6n		2025-05-16 17:05:27	2025-05-16 17:05:27
xxx6fyy8vsv	x4aykvup8ku	磕	磕	káuk	1816	3	11	xr8drqqkn6n		2025-05-16 17:05:27	2025-05-16 17:05:27
x9zv6r55wu4	x4aykvup8ku	磕	磕	kái	1816	3	11	xr8drqqkn6n		2025-05-16 17:05:27	2025-05-16 17:05:27
xrrxhsm7an6	x4aykvup8ku	磕	磕	kŏk	1816	3	11	xr8drqqkn6n		2025-05-16 17:05:27	2025-05-16 17:05:27
xwckafrd7wj	x732snnsady	確	確	káuk	1816	3	12	xr8drqqkn6n		2025-05-16 17:05:27	2025-05-16 17:05:27
xnbpmuburen	xa46pnxevru	磊	磊	lūi	1816	3	13	xr8drqqkn6n		2025-05-16 17:05:27	2025-05-16 17:05:27
x7nqm296vxg	xcnsqv37wsp	碼	碼	mā	1816	3	14	xr8drqqkn6n		2025-05-16 17:05:27	2025-05-16 17:05:27
x8gayfnunju	xw9ruxshnnc	磇	磇	piĕ	1816	3	15	xr8drqqkn6n		2025-05-16 17:05:27	2025-05-16 17:05:27
xgq4szzxahk	xya5ymjqh3g	磉	磉	sŏng	1816	3	16	xr8drqqkn6n		2025-05-16 17:05:27	2025-05-16 17:05:27
xfw4d4ugegp			磒	ūng	1816	3	17	xr8drqqkn6n		2025-05-16 17:05:27	2025-05-16 17:05:27
xx8hvsqmfds	xsq4p5qh3w6	磧	磧	cáik	1816	3	18	xr8drqqkn6n		2025-05-16 17:05:27	2025-05-16 17:05:27
x2sv74cw6v3	xzb9kwv366r	磚	磚	cuŏng	1816	3	19	xr8drqqkn6n	原書有誤，已更正	2025-05-16 17:05:27	2025-05-16 17:05:27
xmhrmqd8jfc	xmt6an2gbtj	磡	磡	káng	1816	3	20	xr8drqqkn6n		2025-05-16 17:05:27	2025-05-16 17:05:27
xvcgn77ygcq	x7skcgndqgx	磬	磬	kéng	1816	3	21	xr8drqqkn6n		2025-05-16 17:05:27	2025-05-16 17:05:27
xn6nxr7kqnu	xk943f38fht	磟	磟	lĕ̤k	1816	3	22	xr8drqqkn6n		2025-05-16 17:05:27	2025-05-16 17:05:27
xtj8jjgfd9x			磨	mò̤	1817	1	1	xr8drqqkn6n		2025-05-16 17:05:27	2025-05-16 17:05:27
xeyy6abxu2b			磨	mô̤	1817	1	1	xr8drqqkn6n		2025-05-16 17:05:27	2025-05-16 17:05:27
x4cxkybhwj7			磨	muài	1817	1	1	xr8drqqkn6n		2025-05-16 17:05:27	2025-05-16 17:05:27
xqzc3thquta	x3q58ddeqwz	磯	磯	gĭ	1817	1	2	xr8drqqkn6n		2025-05-16 17:05:27	2025-05-16 17:05:27
xny6gevnvse	xyxubghnt6c	磲	磲	gṳ̀	1817	1	3	xr8drqqkn6n		2025-05-16 17:05:27	2025-05-16 17:05:27
xuy26b8p7fx	xa4j3jtxx2m	磽	磽	hiĕu	1817	1	4	xr8drqqkn6n		2025-05-16 17:05:27	2025-05-16 17:05:27
xke4wap92ka	xjfqqarfp6p	磺	磺	huòng	1817	1	5	xr8drqqkn6n		2025-05-16 17:05:27	2025-05-16 17:05:27
xks2s9wa74k			磿	lĭk	1817	1	6	xr8drqqkn6n		2025-05-16 17:05:27	2025-05-16 17:05:27
xe3b9nrm6nv	xz2tgy3vt4f	磷	磷	lìng	1817	1	7	xr8drqqkn6n		2025-05-16 17:05:27	2025-05-16 17:05:27
x5pm7qw26g2	xz2tgy3vt4f	磷	磷	léng	1817	1	7	xr8drqqkn6n		2025-05-16 17:05:27	2025-05-16 17:05:27
xy4n834wwke			磻	puăng	1817	1	8	xr8drqqkn6n		2025-05-16 17:05:27	2025-05-16 17:05:27
xgdm3nez5sg	x5kgmg46uur	礎	礎	chū	1817	1	9	xr8drqqkn6n		2025-05-16 17:05:27	2025-05-16 17:05:27
xpf6dym6pg8	xsm5cn733bs	礈	礈	tôi	1817	1	10	xr8drqqkn6n		2025-05-16 17:05:27	2025-05-16 17:05:27
x5dy828yj7w			礚	gái	1817	1	11	xr8drqqkn6n		2025-05-16 17:05:27	2025-05-16 17:05:27
xkhd6wzq24w	x38s8ymecgk	礙	礙	ngâi	1817	1	12	xr8drqqkn6n		2025-05-16 17:05:27	2025-05-16 17:05:27
xtbuu5m29ww	x8knyv68v4q	礬	礬	huàng	1817	1	13	xr8drqqkn6n		2025-05-16 17:05:27	2025-05-16 17:05:27
xx7uce73xeh	xt3zth95gve	礦	礦	kuōng	1817	1	14	xr8drqqkn6n		2025-05-16 17:05:27	2025-05-16 17:05:27
xqnzk76cgrj			礪	lâ̤	1817	1	15	xr8drqqkn6n		2025-05-16 17:05:27	2025-05-16 17:05:27
xjwesjfeh77	xw2xreneyze	礫	礫	lĭk	1817	1	16	xr8drqqkn6n		2025-05-16 17:05:27	2025-05-16 17:05:27
x8bd9mm4c9s			礮	páu	1817	1	17	xr8drqqkn6n		2025-05-16 17:05:27	2025-05-16 17:05:27
xbyjzzam73s	x7j6hjza95n	礴	礴	báuk	1817	1	18	xr8drqqkn6n		2025-05-16 17:05:27	2025-05-16 17:05:27
xtcdmpux2pv			礱	lùng	1817	1	19	xr8drqqkn6n		2025-05-16 17:05:27	2025-05-16 17:05:27
xa9g9x8fg6g			礱	lè̤ng	1817	1	19	xr8drqqkn6n		2025-05-16 17:05:27	2025-05-16 17:05:27
x2v6uzdaa9p	xayf5jhx8w4	礵	礵	sŏng	1817	1	20	xr8drqqkn6n		2025-05-16 17:05:27	2025-05-16 17:05:27
x3zk3a6kxmm			礶	guáng	1817	1	21	xr8drqqkn6n		2025-05-16 17:05:27	2025-05-16 17:05:27
xpccq4q3grj	xf6v6ht8f6g	示	示	sê	1817	2	1	x49rbdgv53v		2025-05-16 17:05:27	2025-05-16 17:05:27
x98mt32t9v8	xf6v6ht8f6g	示	示	gì	1817	2	1	x49rbdgv53v		2025-05-16 17:05:27	2025-05-16 17:05:27
xf3crh23xsp			礼	lā̤	1817	2	2	x49rbdgv53v		2025-05-16 17:05:27	2025-05-16 17:05:27
xtxpmqhv4tj	xmykjewmzxw	祁	祁	gì	1817	2	3	x49rbdgv53v		2025-05-16 17:05:27	2025-05-16 17:05:27
x6khp4wqxz7	xw2afv45f22	祀	祀	sê̤ṳ	1817	2	4	x49rbdgv53v		2025-05-16 17:05:27	2025-05-16 17:05:27
x7ev3d7vb75	x6dq44ckg6u	社	社	siâ	1817	2	5	x49rbdgv53v		2025-05-16 17:05:27	2025-05-16 17:05:27
xqhexfu9smq	xpmuge6d669	祉	祉	cī	1817	2	6	x49rbdgv53v		2025-05-16 17:05:27	2025-05-16 17:05:27
xvee8uxkkh6	xc36f24k4pu	祇	祇	ciĕ	1817	2	7	x49rbdgv53v		2025-05-16 17:05:27	2025-05-16 17:05:27
xxcju859g2b	xc36f24k4pu	祇	祇	gì	1817	2	7	x49rbdgv53v		2025-05-16 17:05:27	2025-05-16 17:05:27
xunc5dvdbj8	xgx6xphchaf	祈	祈	gì	1817	2	8	x49rbdgv53v		2025-05-16 17:05:27	2025-05-16 17:05:27
x68wd89cq4m	xgn3z4c344a	祆	祆	hiĕng	1817	2	9	x49rbdgv53v		2025-05-16 17:05:27	2025-05-16 17:05:27
x9ud587wh4t			祊	huŏng	1817	2	10	x49rbdgv53v		2025-05-16 17:05:27	2025-05-16 17:05:27
xjw7dtykw52	x72kyu5k5sc	祕	祕	bé	1817	2	11	x49rbdgv53v		2025-05-16 17:05:27	2025-05-16 17:05:27
xn9wz7gca85	xnnzgqm6ywf	祝	祝	cé̤ṳk	1817	2	12	x49rbdgv53v		2025-05-16 17:05:27	2025-05-16 17:05:27
xntfhfxbgkz			祗	ciĕ	1817	2	13	x49rbdgv53v		2025-05-16 17:05:27	2025-05-16 17:05:27
x6yzvbnazrt	xw48jvdggff	祚	祚	cuô	1817	2	14	x49rbdgv53v	原書有誤，已更正	2025-05-16 17:05:27	2025-05-16 17:05:27
x4qmt78j32b	x9s2s3z78wp	祖	祖	cū	1817	2	15	x49rbdgv53v		2025-05-16 17:05:27	2025-05-16 17:05:27
xqmmv6mkqpc			祐	êu	1817	2	16	x49rbdgv53v		2025-05-16 17:05:27	2025-05-16 17:05:27
xguzmtaht6t	xgzybxwu56x	祜	祜	hô	1817	2	17	x49rbdgv53v		2025-05-16 17:05:27	2025-05-16 17:05:27
x5y46d2jzex	xagvese9b3a	祔	祔	hô	1817	2	18	x49rbdgv53v		2025-05-16 17:05:27	2025-05-16 17:05:27
x4w6v87vgvr	x4qwycdu3gn	祓	祓	bók	1817	2	19	x49rbdgv53v		2025-05-16 17:05:27	2025-05-16 17:05:27
x95g9738v6e			䄃	iŏng	1817	2	20	x49rbdgv53v		2025-05-16 17:05:27	2025-05-16 17:05:27
xye55vhhrhd	xhhmr8tyyxg	祛	祛	kṳ̆	1817	2	21	x49rbdgv53v		2025-05-16 17:05:27	2025-05-16 17:05:27
xrvvtbapnvu	xsznqe9phzx	神	神	sìng	1817	3	1	x49rbdgv53v		2025-05-16 17:05:27	2025-05-16 17:05:27
xd6qfxzf4z8	xcqy5wezzdz	祟	祟	sói	1817	3	2	x49rbdgv53v		2025-05-16 17:05:27	2025-05-16 17:05:27
x7favhhb6qp	xt6sucek8jq	祠	祠	sṳ̀	1817	3	3	x49rbdgv53v		2025-05-16 17:05:27	2025-05-16 17:05:27
xbr7ps5m3xf	xp7xuu67mzs	祭	祭	cié	1817	3	4	x49rbdgv53v		2025-05-16 17:05:27	2025-05-16 17:05:27
xadvwv7vraa			祩	cuŏ	1817	3	5	x49rbdgv53v	原書有誤，已更正	2025-05-16 17:05:27	2025-05-16 17:05:27
x9xga8953xk			䄄	ĭng	1817	3	6	x49rbdgv53v		2025-05-16 17:05:27	2025-05-16 17:05:27
xrg5yryt99t	x8s3aw6pf6p	票	票	piéu	1817	3	7	x49rbdgv53v		2025-05-16 17:05:27	2025-05-16 17:05:27
xkdtsvgdjkk	x7r9vw2fsxw	祥	祥	siòng	1817	3	8	x49rbdgv53v		2025-05-16 17:05:27	2025-05-16 17:05:27
xztn22papmh	xne7cu8x48n	祧	祧	tiĕu	1817	3	9	x49rbdgv53v		2025-05-16 17:05:27	2025-05-16 17:05:27
xgcg3ytw5k3	xtmdeejxszc	祲	祲	cĭng	1817	3	10	x49rbdgv53v		2025-05-16 17:05:27	2025-05-16 17:05:27
xrkrh45ruk4			禀	bīng	1817	3	11	x49rbdgv53v		2025-05-16 17:05:27	2025-05-16 17:05:27
xucss92e9h3			禀	līng	1817	3	11	x49rbdgv53v		2025-05-16 17:05:27	2025-05-16 17:05:27
xt29j88p32q			禁	géng	1817	3	12	x49rbdgv53v		2025-05-16 17:05:27	2025-05-16 17:05:27
xk9hnvgsy9t			禁	gêng	1817	3	12	x49rbdgv53v		2025-05-16 17:05:27	2025-05-16 17:05:27
x4e7nvw3827	xz997574mwh	祺	祺	gì	1817	3	13	x49rbdgv53v		2025-05-16 17:05:27	2025-05-16 17:05:27
x2cey9qmbwp	xjbdbc3ktby	祼	祼	guáng	1817	3	14	x49rbdgv53v		2025-05-16 17:05:27	2025-05-16 17:05:27
xq5z3zj4g7a			⿰示府	hô	1817	3	15	x49rbdgv53v		2025-05-16 17:05:27	2025-05-16 17:05:27
xf3z3m5jgee	x3g2a2g7rqw	祿	祿	lṳ̆k	1817	3	16	x49rbdgv53v		2025-05-16 17:05:27	2025-05-16 17:05:27
xcq8aadeqkz	xjw49t4j8xy	禘	禘	dâ̤	1817	3	17	x49rbdgv53v		2025-05-16 17:05:27	2025-05-16 17:05:27
xw3nh3pbm4g	xchb3gu6rhg	禎	禎	dĭng	1817	3	18	x49rbdgv53v		2025-05-16 17:05:27	2025-05-16 17:05:27
x9k987j4ww9			福	hók	1817	3	19	x49rbdgv53v		2025-05-16 17:05:27	2025-05-16 17:05:27
xnjw2276vq3	xfhc6wvfk3m	禍	禍	huô	1817	3	20	x49rbdgv53v		2025-05-16 17:05:27	2025-05-16 17:05:27
xmn84nxrmnw	xvra3fndm65	禋	禋	ĭng	1817	3	21	x49rbdgv53v		2025-05-16 17:05:27	2025-05-16 17:05:27
xn4qwqcsb4v	xv7nqt7n9pa	禊	禊	kié	1817	3	22	x49rbdgv53v		2025-05-16 17:05:27	2025-05-16 17:05:27
x3fktpy5eg3	xn29pqr2ujb	禖	禖	muòi	1818	1	1	x49rbdgv53v		2025-05-16 17:05:27	2025-05-16 17:05:27
xpbpapy7ch4			禔	tì	1818	1	2	x49rbdgv53v		2025-05-16 17:05:27	2025-05-16 17:05:27
xq9gxwjt5uq	xj3mx9qfq63	禚	禚	chiók	1818	1	3	x49rbdgv53v		2025-05-16 17:05:27	2025-05-16 17:05:27
xvnzd4u5v95	xc76d8w4udt	禡	禡	má	1818	1	4	x49rbdgv53v		2025-05-16 17:05:27	2025-05-16 17:05:27
xr5kn42fn4v			禦	ngṳ̄	1818	1	5	x49rbdgv53v		2025-05-16 17:05:27	2025-05-16 17:05:27
xfs32vq6z63	xnu8kur36g5	禧	禧	hĭ	1818	1	6	x49rbdgv53v		2025-05-16 17:05:27	2025-05-16 17:05:27
x5mauxur467	xzbwwa7nykq	禪	禪	sièng	1818	1	7	x49rbdgv53v		2025-05-16 17:05:27	2025-05-16 17:05:27
xbgspftg57t	xzbwwa7nykq	禪	禪	siêng	1818	1	7	x49rbdgv53v		2025-05-16 17:05:27	2025-05-16 17:05:27
xhnwu82p6jp			禫	tāng	1818	1	8	x49rbdgv53v		2025-05-16 17:05:27	2025-05-16 17:05:27
xf2uqy2cktn			禬	guói	1818	1	9	x49rbdgv53v		2025-05-16 17:05:27	2025-05-16 17:05:27
xbedfx8egba	xkx9jrzp7x8	禮	禮	lā̤	1818	1	10	x49rbdgv53v		2025-05-16 17:05:27	2025-05-16 17:05:27
xxrqf5jt2hg	xnv82btkye5	禱	禱	dō̤	1818	1	11	x49rbdgv53v		2025-05-16 17:05:27	2025-05-16 17:05:27
xg4kxm7sdzj			禰	nī	1818	1	12	x49rbdgv53v		2025-05-16 17:05:27	2025-05-16 17:05:27
x4xp69ehq7y			䄤	lâi	1818	1	13	x49rbdgv53v		2025-05-16 17:05:27	2025-05-16 17:05:27
xw96z4z49wz			𥚗	iŏh	1818	1	14	x49rbdgv53v		2025-05-16 17:05:27	2025-05-16 17:05:27
xtcct7cv4ae	x2gkykq8myn	禳	禳	iông	1818	1	15	x49rbdgv53v		2025-05-16 17:05:27	2025-05-16 17:05:27
xprvxd5d934			禸	īu	1818	1	16	xr2gnt2a4ev		2025-05-16 17:05:27	2025-05-16 17:05:27
xykhcdttqfv			禸	nīu	1818	1	16	xr2gnt2a4ev		2025-05-16 17:05:27	2025-05-16 17:05:27
xxtzxcxu5vg	xwkr8r7vpf8	禺	禺	ngṳ̀	1818	1	17	xr2gnt2a4ev		2025-05-16 17:05:27	2025-05-16 17:05:27
x88c52t7pfs	xnrgffk3bjj	禹	禹	ṳ̄	1818	1	18	xr2gnt2a4ev		2025-05-16 17:05:27	2025-05-16 17:05:27
x82abfg8jqz			离	liè	1818	1	19	xr2gnt2a4ev		2025-05-16 17:05:27	2025-05-16 17:05:27
x3ch885hr47	x5jmbrfakw7	禽	禽	kìng	1818	1	20	xr2gnt2a4ev		2025-05-16 17:05:27	2025-05-16 17:05:27
x68sp7wunr3	xuss8dwrtrj	禾	禾	huò	1818	2	1	xdjuwartygz		2025-05-16 17:05:27	2025-05-16 17:05:27
xm3vvmqw9sj	x5a8yx2x3w9	秀	秀	séu	1818	2	2	xdjuwartygz		2025-05-16 17:05:27	2025-05-16 17:05:27
xxbmerj5acj			私	sṳ̆	1818	2	3	xdjuwartygz		2025-05-16 17:05:27	2025-05-16 17:05:27
xua6f5uh8g4			私	săi	1818	2	3	xdjuwartygz		2025-05-16 17:05:27	2025-05-16 17:05:27
xs44dp66eqy			秃	tŭk	1818	2	4	xdjuwartygz		2025-05-16 17:05:27	2025-05-16 17:05:27
xjmnhkfdu3k			秃	kŭk	1818	2	4	xdjuwartygz		2025-05-16 17:05:27	2025-05-16 17:05:27
xkpetu4hpmf	xqr5vrntb9y	秉	秉	bīng	1818	2	5	xdjuwartygz		2025-05-16 17:05:27	2025-05-16 17:05:27
xpq3n6fcd83			秆	gāng	1818	2	6	xdjuwartygz		2025-05-16 17:05:27	2025-05-16 17:05:27
xyt3m8zgryb			秋	chĭu	1818	2	7	xdjuwartygz		2025-05-16 17:05:27	2025-05-16 17:05:27
xq5y723vdzp			种	chṳ̆ng	1818	2	8	xdjuwartygz		2025-05-16 17:05:27	2025-05-16 17:05:27
xdu8278ce66	xafq2xw2t6w	科	科	kuŏ	1818	2	9	xdjuwartygz		2025-05-16 17:05:27	2025-05-16 17:05:27
xz2pv6us2xg			秘	bé	1818	2	10	xdjuwartygz		2025-05-16 17:05:27	2025-05-16 17:05:27
xrrtyds4x4f			秚	buâng	1818	2	11	xdjuwartygz		2025-05-16 17:05:27	2025-05-16 17:05:27
xvveyg3nurr	xm62942jsw2	秭	秭	cī	1818	2	12	xdjuwartygz		2025-05-16 17:05:27	2025-05-16 17:05:27
xg3r6xdr5gc	x7ch45sbkha	秦	秦	cìng	1818	2	13	xdjuwartygz		2025-05-16 17:05:27	2025-05-16 17:05:27
xvk348axmj6	xgxdd7bbmtr	租	租	cŭ	1818	2	14	xdjuwartygz		2025-05-16 17:05:27	2025-05-16 17:05:27
xch8ur6qggx	xmnj9h7p7dg	秤	秤	chéng	1818	2	15	xdjuwartygz		2025-05-16 17:05:27	2025-05-16 17:05:27
xyuucn2n668			秩	diĕk	1818	2	16	xdjuwartygz		2025-05-16 17:05:27	2025-05-16 17:05:27
xx75f7qudmz	xwnugckbxfc	秬	秬	gé̤ṳ	1818	2	17	xdjuwartygz		2025-05-16 17:05:27	2025-05-16 17:05:27
x5amd9m6yzj			秣	muák	1818	2	18	xdjuwartygz		2025-05-16 17:05:27	2025-05-16 17:05:27
xs9u96r97w9	xsg98bxh3ad	秧	秧	ŏng	1818	2	19	xdjuwartygz		2025-05-16 17:05:27	2025-05-16 17:05:27
x659m4vt558	xye8d2zxekb	秫	秫	sŭk	1818	2	20	xdjuwartygz		2025-05-16 17:05:27	2025-05-16 17:05:27
xy3jgk2hksr			移	iè	1818	2	21	xdjuwartygz		2025-05-16 17:05:27	2025-05-16 17:05:27
xqsk9c8jrfd			秸	ngák	1818	3	1	xdjuwartygz		2025-05-16 17:05:27	2025-05-16 17:05:27
xrgqc62v24w	x2vsmjk6fey	䄺	䄺	tà̤	1818	3	2	xdjuwartygz		2025-05-16 17:05:27	2025-05-16 17:05:27
xukx9b8kghe	xrpkasbbsvm	稌	稌	dù	1818	3	3	xdjuwartygz		2025-05-16 17:05:27	2025-05-16 17:05:27
xqevsyb5g83	xpkvbuf2zkc	稈	稈	gāng	1818	3	4	xdjuwartygz		2025-05-16 17:05:27	2025-05-16 17:05:27
xdjvprjm63e	xx38tkzyt86	稀	稀	hĭ	1818	3	5	xdjuwartygz		2025-05-16 17:05:27	2025-05-16 17:05:27
x476btpawq4	x3dtaumbmqq	稃	稃	hŭ	1818	3	6	xdjuwartygz		2025-05-16 17:05:27	2025-05-16 17:05:27
x7wywr3v85f	x2y6jkvs7c4	稂	稂	lòng	1818	3	7	xdjuwartygz		2025-05-16 17:05:27	2025-05-16 17:05:27
xhyeyzmfgg8	x87hgg7aevf	稍	稍	sāu	1818	3	8	xdjuwartygz		2025-05-16 17:05:27	2025-05-16 17:05:27
xjfzcefsvug	xa7zxgaknh4	稅	稅	suói	1818	3	9	xdjuwartygz		2025-05-16 17:05:27	2025-05-16 17:05:27
xredth8z7z6			程	tiàng	1818	3	10	xdjuwartygz		2025-05-16 17:05:27	2025-05-16 17:05:27
xjexqvqvqc5			程	tìng	1818	3	10	xdjuwartygz		2025-05-16 17:05:27	2025-05-16 17:05:27
xb45yt3ymjp			稗	bâi	1818	3	11	xdjuwartygz		2025-05-16 17:05:27	2025-05-16 17:05:27
x34ar35zwfu			稗	pá̤	1818	3	11	xdjuwartygz		2025-05-16 17:05:27	2025-05-16 17:05:27
x2qus37xd9a			稟	bīng	1818	3	12	xdjuwartygz		2025-05-16 17:05:27	2025-05-16 17:05:27
x5a9r88w4uc			稟	līng	1818	3	12	xdjuwartygz		2025-05-16 17:05:27	2025-05-16 17:05:27
xhz4czpx6jn			稠	cĭu	1818	3	13	xdjuwartygz		2025-05-16 17:05:27	2025-05-16 17:05:27
xkd8m2sz2q5	xby9w2wm2ms	稚	稚	dê	1818	3	14	xdjuwartygz		2025-05-16 17:05:27	2025-05-16 17:05:27
xymz6a3275e	xmevkefrux4	稛	稛	kūng	1818	3	15	xdjuwartygz		2025-05-16 17:05:27	2025-05-16 17:05:27
x7dbn43pkkc	xacf48etdnx	䅘	䅘	lài	1818	3	16	xdjuwartygz		2025-05-16 17:05:27	2025-05-16 17:05:27
xvde4chvxqt	x6cy8xapy4u	稜	稜	lìng	1818	3	17	xdjuwartygz		2025-05-16 17:05:27	2025-05-16 17:05:27
xp672rjvcjj			稑	lṳ̆k	1818	3	18	xdjuwartygz		2025-05-16 17:05:27	2025-05-16 17:05:27
xffkeekvd2s	x9x93pyh6wt	稙	稙	sĭk	1818	3	19	xdjuwartygz		2025-05-16 17:05:27	2025-05-16 17:05:27
xq62p7xec2y	x7xjkv6rb63	稔	稔	sīng	1818	3	20	xdjuwartygz		2025-05-16 17:05:27	2025-05-16 17:05:27
x949sahcem2			種	cṳ̄ng	1818	3	21	xdjuwartygz		2025-05-16 17:05:27	2025-05-16 17:05:27
xg5tjxawepa			種	cé̤ṳng	1818	3	21	xdjuwartygz		2025-05-16 17:05:27	2025-05-16 17:05:27
x43gbmkzffj			稱	chĭng	1818	3	22	xdjuwartygz		2025-05-16 17:05:27	2025-05-16 17:05:27
xkpb2qqrhhd			稱	chéng	1818	3	22	xdjuwartygz		2025-05-16 17:05:27	2025-05-16 17:05:27
xxt95msd7m8	xks8bfe6tg6	䅢	䅢	dêu	1819	1	1	xdjuwartygz		2025-05-16 17:05:27	2025-05-16 17:05:27
xcx3cp79crz			⿰禾⿱少生	miēu	1819	1	2	xdjuwartygz		2025-05-16 17:05:27	2025-05-16 17:05:27
xv9fy98zmvh			稬	nô̤	1819	1	3	xdjuwartygz		2025-05-16 17:05:27	2025-05-16 17:05:27
xphgec2ephr	x8xzn3x2xya	稷	稷	cék	1819	1	4	xdjuwartygz		2025-05-16 17:05:27	2025-05-16 17:05:27
xjfha73crku			稺	dê	1819	1	5	xdjuwartygz		2025-05-16 17:05:27	2025-05-16 17:05:27
xkpq6rktmcn	xxm3v6any5d	稻	稻	dô̤	1819	1	6	xdjuwartygz		2025-05-16 17:05:27	2025-05-16 17:05:27
xxhx798vxwq	xbfpfq4awax	稼	稼	gá	1819	1	7	xdjuwartygz		2025-05-16 17:05:27	2025-05-16 17:05:27
x8wykyeqhu6	xr85a4recme	稿	稿	gō̤	1819	1	8	xdjuwartygz		2025-05-16 17:05:27	2025-05-16 17:05:27
xj5bdt4dpun	x7awd2jk268	穀	穀	gók	1819	1	9	xdjuwartygz		2025-05-16 17:05:27	2025-05-16 17:05:27
xhw3mas6r5v			𥡴	kiĕ	1819	1	10	xdjuwartygz		2025-05-16 17:05:27	2025-05-16 17:05:27
x9jn222tnth			𥡴	kiē	1819	1	10	xdjuwartygz		2025-05-16 17:05:27	2025-05-16 17:05:27
xrdwx7wder8	xakjjbkcdjy	積	積	cék	1819	1	11	xdjuwartygz		2025-05-16 17:05:27	2025-05-16 17:05:27
xwpkqd6arbq	xe73r34c4x6	穄	穄	cié	1819	1	12	xdjuwartygz		2025-05-16 17:05:27	2025-05-16 17:05:27
xx24eejxn6m			穉	dê	1819	1	13	xdjuwartygz		2025-05-16 17:05:27	2025-05-16 17:05:27
xtznhhpp85s	xdtetwfjgm9	穎	穎	īng	1819	1	14	xdjuwartygz		2025-05-16 17:05:27	2025-05-16 17:05:27
x3hjgjhgsrq	xhhp9vwkqdt	穊	穊	kái	1819	1	15	xdjuwartygz		2025-05-16 17:05:27	2025-05-16 17:05:27
xkheqffsnnw	xc495fnum6c	穋	穋	lṳ̆k	1819	1	16	xdjuwartygz		2025-05-16 17:05:27	2025-05-16 17:05:27
xkktm4mj7qe	xg99ujhyfd8	穆	穆	mŭk	1819	1	17	xdjuwartygz		2025-05-16 17:05:27	2025-05-16 17:05:27
xws7bhndnfy	xvr4wv6cexf	穌	穌	sŭ	1819	1	18	xdjuwartygz		2025-05-16 17:05:27	2025-05-16 17:05:27
xkf4nd3pahc			𥡷	ūng	1819	1	19	xdjuwartygz		2025-05-16 17:05:27	2025-05-16 17:05:27
xd6ygkfhy4g	xqq8vg3ccfr	穙	穙	bŏ̤h	1819	1	20	xdjuwartygz	原書有誤，已更正	2025-05-16 17:05:27	2025-05-16 17:05:27
xwpe3aujc5d	xbetqwsvdz4	穜	穜	dùng	1819	1	21	xdjuwartygz		2025-05-16 17:05:27	2025-05-16 17:05:27
xznzkhxp3tf	xmv6ds78966	穗	穗	sói	1819	1	22	xdjuwartygz		2025-05-16 17:05:27	2025-05-16 17:05:27
x2szxy7kdhf	xbpabszmf9s	穠	穠	nùng	1819	2	1	xdjuwartygz		2025-05-16 17:05:27	2025-05-16 17:05:27
x55ddzxea57	x2jy9vvwg7b	穡	穡	sáik	1819	2	2	xdjuwartygz		2025-05-16 17:05:27	2025-05-16 17:05:27
xwcqvdc7g2q	xk8f2xdbdap	穟	穟	sôi	1819	2	3	xdjuwartygz		2025-05-16 17:05:27	2025-05-16 17:05:27
xstvdzdxssq	xq5v5fgr338	穢	穢	uói	1819	2	4	xdjuwartygz		2025-05-16 17:05:27	2025-05-16 17:05:27
x2h58xy68wb	x7rm4z6ncc5	穧	穧	cā̤	1819	2	5	xdjuwartygz		2025-05-16 17:05:27	2025-05-16 17:05:27
xgs7s7hr7xq			頹	dòi	1819	2	6	xdjuwartygz		2025-05-16 17:05:27	2025-05-16 17:05:27
xvhrvqpbp4u			穫	huŏk	1819	2	7	xdjuwartygz		2025-05-16 17:05:27	2025-05-16 17:05:27
xrfabvtayvp	xgycswd3wdd	穩	穩	ūng	1819	2	8	xdjuwartygz		2025-05-16 17:05:27	2025-05-16 17:05:27
x8pyj7zx6pw	xwf88caax4m	䆊	䆊	iê	1819	2	9	xdjuwartygz		2025-05-16 17:05:27	2025-05-16 17:05:27
xbcze5w3asn	x3h7qvvr27k	穰	穰	iōng	1819	2	10	xdjuwartygz		2025-05-16 17:05:27	2025-05-16 17:05:27
x5p8ejz7aka			𥤚	chĭu	1819	2	11	xdjuwartygz		2025-05-16 17:05:27	2025-05-16 17:05:27
xaxkqq276cp	x5anw6qqrd8	穴	穴	hiĕk	1819	2	12	xugkwj6fjxj		2025-05-16 17:05:27	2025-05-16 17:05:27
xdg7be6w7q8			穵	uák	1819	2	13	xugkwj6fjxj		2025-05-16 17:05:27	2025-05-16 17:05:27
xas4w7enz92	x7yasxmq7bv	究	究	géu	1819	2	14	xugkwj6fjxj		2025-05-16 17:05:27	2025-05-16 17:05:27
xsz8pa699k6			𥤮	dŏk	1819	2	15	xugkwj6fjxj		2025-05-16 17:05:27	2025-05-16 17:05:27
x9azhb52ndq			空	kŭng	1819	2	16	xugkwj6fjxj		2025-05-16 17:05:27	2025-05-16 17:05:27
x3g8dckbrpx			空	kĕ̤ng	1819	2	16	xugkwj6fjxj		2025-05-16 17:05:27	2025-05-16 17:05:27
xd85vzwczzc			空	kóng	1819	2	16	xugkwj6fjxj		2025-05-16 17:05:27	2025-05-16 17:05:27
xvyumdf9kmx			空	káe̤ng	1819	2	16	xugkwj6fjxj		2025-05-16 17:05:27	2025-05-16 17:05:27
x438n9r5kyc	x5cbbe7rzjs	穹	穹	kṳ̆ng	1819	2	17	xugkwj6fjxj		2025-05-16 17:05:27	2025-05-16 17:05:27
xtnhbk5cb2w	xmsb98qrq8g	穸	穸	sĭk	1819	2	18	xugkwj6fjxj		2025-05-16 17:05:27	2025-05-16 17:05:27
xsetzyy26rt			窃	chiék	1819	2	19	xugkwj6fjxj		2025-05-16 17:05:27	2025-05-16 17:05:27
xyp76d546wb	xnb8qeh42rr	穿	穿	chuŏng	1819	2	20	xugkwj6fjxj	原書有誤，已更正	2025-05-16 17:05:27	2025-05-16 17:05:27
x952mnas42m	xquht7cq752	突	突	dŏk	1819	2	21	xugkwj6fjxj		2025-05-16 17:05:27	2025-05-16 17:05:27
x6gvvymwyb4	xgsgn6mt36y	窀	窀	dŭng	1819	3	1	xugkwj6fjxj		2025-05-16 17:05:27	2025-05-16 17:05:27
x8qxap7qdf9			穽	sêng	1819	3	2	xugkwj6fjxj		2025-05-16 17:05:27	2025-05-16 17:05:27
xqzzbbj6mrd	xvxjmzyjnmk	窆	窆	biēng	1819	3	3	xugkwj6fjxj		2025-05-16 17:05:27	2025-05-16 17:05:27
x88kftq6tfp			窄	cáh	1819	3	4	xugkwj6fjxj		2025-05-16 17:05:27	2025-05-16 17:05:27
xvp8mj9ra4y			⿰穴占	dĭng	1819	3	5	xugkwj6fjxj		2025-05-16 17:05:27	2025-05-16 17:05:27
xcde9vwtg9v	xxaaj3qnba3	窈	窈	iēu	1819	3	6	xugkwj6fjxj		2025-05-16 17:05:27	2025-05-16 17:05:27
xma2dn6tw28	xxaaj3qnba3	窈	窈	liēu	1819	3	6	xugkwj6fjxj		2025-05-16 17:05:27	2025-05-16 17:05:27
xh756xpw3yh	xxaaj3qnba3	窈	窈	miēu	1819	3	6	xugkwj6fjxj		2025-05-16 17:05:27	2025-05-16 17:05:27
x5jsrpd7rw3	xp7e7mhr3yh	窅	窅	miēu	1819	3	7	xugkwj6fjxj		2025-05-16 17:05:27	2025-05-16 17:05:27
xkwtz29j2rd			窊	uă	1819	3	8	xugkwj6fjxj		2025-05-16 17:05:27	2025-05-16 17:05:27
x6pkxz9wvhq			窓	chŏng	1819	3	9	xugkwj6fjxj		2025-05-16 17:05:27	2025-05-16 17:05:27
xxjmssfdwx6	xqpg5petvxg	窖	窖	gáu	1819	3	10	xugkwj6fjxj		2025-05-16 17:05:27	2025-05-16 17:05:27
xxj7mj3tn4c	x3hbsbqgk74	窘	窘	kūng	1819	3	11	xugkwj6fjxj		2025-05-16 17:05:27	2025-05-16 17:05:27
xn3uszgswxs	xh9s2yg9ccq	窟	窟	káuk	1819	3	12	xugkwj6fjxj		2025-05-16 17:05:27	2025-05-16 17:05:27
xe79sfbmmms	xywgedwa4s2	窠	窠	uŏ	1819	3	13	xugkwj6fjxj		2025-05-16 17:05:27	2025-05-16 17:05:27
xg66tgmmr7z	xspfn3vzucj	窬	窬	ṳ̀	1819	3	14	xugkwj6fjxj		2025-05-16 17:05:27	2025-05-16 17:05:27
xtcbqe3bvke	xy5hp764juj	窪	窪	uă	1819	3	15	xugkwj6fjxj		2025-05-16 17:05:27	2025-05-16 17:05:27
xxqft5zbdn9			窩	uŏ	1819	3	16	xugkwj6fjxj		2025-05-16 17:05:27	2025-05-16 17:05:27
xe7aj9yte6s			窩	uō	1819	3	16	xugkwj6fjxj		2025-05-16 17:05:27	2025-05-16 17:05:27
xqz54nb9v7k	xg4kfqb6mbq	窮	窮	gṳ̀ng	1819	3	17	xugkwj6fjxj		2025-05-16 17:05:27	2025-05-16 17:05:27
xpm4zc8eh6b			窰	ièu	1819	3	18	xugkwj6fjxj		2025-05-16 17:05:27	2025-05-16 17:05:27
xmubej2vbpk	xv9qtesbqgu	窳	窳	ṳ̄	1819	3	19	xugkwj6fjxj		2025-05-16 17:05:27	2025-05-16 17:05:27
x97uaf6srde	xpz5kpw4ys5	窺	窺	kiĕ	1819	3	20	xugkwj6fjxj		2025-05-16 17:05:27	2025-05-16 17:05:27
xkfhtrazkm6	xgf8b5nucr6	窶	窶	lé̤ṳ	1819	3	21	xugkwj6fjxj		2025-05-16 17:05:27	2025-05-16 17:05:27
xy4ea7xrak8			𨗉	sôi	1819	3	22	xugkwj6fjxj		2025-05-16 17:05:27	2025-05-16 17:05:27
xnujy45csm8	xznee4fhyu4	䆱	䆱	tàng	1820	1	1	xugkwj6fjxj		2025-05-16 17:05:27	2025-05-16 17:05:27
xz8dufsry6y	x2rku39ze4q	窾	窾	kuāng	1820	1	2	xugkwj6fjxj		2025-05-16 17:05:27	2025-05-16 17:05:27
x29mjzpvr3b	xjwg7j5km77	竄	竄	chuáng	1820	1	3	xugkwj6fjxj		2025-05-16 17:05:27	2025-05-16 17:05:27
xrvqm5cc5cz	xvhxhxgar43	竅	竅	kiéu	1820	1	4	xugkwj6fjxj		2025-05-16 17:05:27	2025-05-16 17:05:27
xqdxgttmj58			⿱穴濫	làng	1820	1	5	xugkwj6fjxj		2025-05-16 17:05:27	2025-05-16 17:05:27
x7j6uzgambx	xteemekbhhk	竇	竇	dâiu	1820	1	6	xugkwj6fjxj		2025-05-16 17:05:27	2025-05-16 17:05:27
xvq94e27c59			竈	có̤	1820	1	7	xugkwj6fjxj		2025-05-16 17:05:28	2025-05-16 17:05:28
xtp47a44uzk			竈	cáu	1820	1	7	xugkwj6fjxj		2025-05-16 17:05:28	2025-05-16 17:05:28
x2j2msnqvjc			竉	lūng	1820	1	8	xugkwj6fjxj		2025-05-16 17:05:28	2025-05-16 17:05:28
xcf3thmnhzf			竉	láe̤ng	1820	1	8	xugkwj6fjxj		2025-05-16 17:05:28	2025-05-16 17:05:28
x8kfq4pzjjq	xy88sdy8z6e	竊	竊	chiék	1820	1	9	xugkwj6fjxj		2025-05-16 17:05:28	2025-05-16 17:05:28
xu7drp2mzpj	xq4s2ndzbgt	立	立	lĭk	1820	1	10	x95nuby7bth		2025-05-16 17:05:28	2025-05-16 17:05:28
xnfdqrfxpck			竍	sĕk	1820	1	11	x95nuby7bth		2025-05-16 17:05:28	2025-05-16 17:05:28
x9zhmtd9yba			竕	hŭng	1820	1	12	x95nuby7bth		2025-05-16 17:05:28	2025-05-16 17:05:28
xe8dw6y75yu			竔	sĭng	1820	1	13	x95nuby7bth		2025-05-16 17:05:28	2025-05-16 17:05:28
xzpe6fdz2mk			竝	báing	1820	1	14	x95nuby7bth		2025-05-16 17:05:28	2025-05-16 17:05:28
xudnrfnmywn	xrnatmchftg	站	站	câng	1820	1	15	x95nuby7bth		2025-05-16 17:05:28	2025-05-16 17:05:28
x3gcgbuzmmt	xbfhnasddbt	章	章	ciŏng	1820	1	16	x95nuby7bth		2025-05-16 17:05:28	2025-05-16 17:05:28
x5yhtkxaq6j			竚	tṳ̄	1820	1	17	x95nuby7bth		2025-05-16 17:05:28	2025-05-16 17:05:28
xuk9hygwpyc			竡	báik	1820	1	18	x95nuby7bth		2025-05-16 17:05:28	2025-05-16 17:05:28
xv9r7uej8mr	xsrptjutuy4	竟	竟	géng	1820	1	19	x95nuby7bth		2025-05-16 17:05:28	2025-05-16 17:05:28
xdkbemx4785	xpmmnaf8pcd	竣	竣	cóng	1820	1	20	x95nuby7bth		2025-05-16 17:05:28	2025-05-16 17:05:28
xzzwskxdvn8	xfct3yvvkfw	童	童	dùng	1820	1	21	x95nuby7bth		2025-05-16 17:05:28	2025-05-16 17:05:28
xfgjgxy8kg5			𥩾	pŏk	1820	2	1	x95nuby7bth		2025-05-16 17:05:28	2025-05-16 17:05:28
xtkwsdse38n			竢	sê̤ṳ	1820	2	2	x95nuby7bth		2025-05-16 17:05:28	2025-05-16 17:05:28
xm9axbu283g	xjwec8r5jsj	竦	竦	sūng	1820	2	3	x95nuby7bth		2025-05-16 17:05:28	2025-05-16 17:05:28
xzsnp5f9wtr	x3utb8kz2tu	豎	豎	sê̤ṳ	1820	2	4	x95nuby7bth		2025-05-16 17:05:28	2025-05-16 17:05:28
x7sywf7478f	x9zyn2ehrmw	端	端	duăng	1820	2	5	x95nuby7bth		2025-05-16 17:05:28	2025-05-16 17:05:28
xxatkgnm5n5	x46k7egsrgj	竭	竭	giĕk	1820	2	6	x95nuby7bth		2025-05-16 17:05:28	2025-05-16 17:05:28
xhygn5pt7qu	xydc9vht9wy	競	競	gêng	1820	2	7	x95nuby7bth		2025-05-16 17:05:28	2025-05-16 17:05:28
xmzr6yzzkvr	xs9edbcnrz8	竹	竹	dé̤ṳk	1820	2	8	xjbnyqh5rab		2025-05-16 17:05:28	2025-05-16 17:05:28
xxqb8ymjm9s	xadcvd624uw	竺	竺	dé̤ṳk	1820	2	9	xjbnyqh5rab		2025-05-16 17:05:28	2025-05-16 17:05:28
xh7a4gxv49e			竻	lĕk	1820	2	10	xjbnyqh5rab		2025-05-16 17:05:28	2025-05-16 17:05:28
xrh4cc6dpuw	xeud63xtec4	竿	竿	găng	1820	2	11	xjbnyqh5rab		2025-05-16 17:05:28	2025-05-16 17:05:28
x2q94nvjcyg	xqu3dgj4gd6	笆	笆	bă	1820	2	12	xjbnyqh5rab		2025-05-16 17:05:28	2025-05-16 17:05:28
xbmzzqaav9n			笔	bék	1820	2	13	xjbnyqh5rab		2025-05-16 17:05:28	2025-05-16 17:05:28
xkkgjptkbzs			笟	cáu	1820	2	14	xjbnyqh5rab		2025-05-16 17:05:28	2025-05-16 17:05:28
xkjbjrz7x5v			笟	ciă	1820	2	14	xjbnyqh5rab		2025-05-16 17:05:28	2025-05-16 17:05:28
xddtypq8pjp			笑	chiéu	1820	2	15	xjbnyqh5rab		2025-05-16 17:05:28	2025-05-16 17:05:28
x4nb22xj6a5	xq82xa9vpb6	笏	笏	huók	1820	2	16	xjbnyqh5rab		2025-05-16 17:05:28	2025-05-16 17:05:28
xrcanc5gv3m	x4gep6adss4	笈	笈	ngék	1820	2	17	xjbnyqh5rab		2025-05-16 17:05:28	2025-05-16 17:05:28
x63q7z92kzs			笋	sūng	1820	2	18	xjbnyqh5rab		2025-05-16 17:05:28	2025-05-16 17:05:28
xnsvvu8w5v2	xzaba76mqmy	笨	笨	buōng	1820	2	19	xjbnyqh5rab		2025-05-16 17:05:28	2025-05-16 17:05:28
xy9xqf2zxbj	xwgav5nqyyz	笮	笮	cáh	1820	2	20	xjbnyqh5rab		2025-05-16 17:05:28	2025-05-16 17:05:28
xm5wpks4kts	xb4shh585j6	笫	笫	cī	1820	2	21	xjbnyqh5rab		2025-05-16 17:05:28	2025-05-16 17:05:28
xpxbb8tp2pm	x5f5jus5sh2	笞*	笞	chĭ	1820	3	1	xjbnyqh5rab		2025-05-16 17:05:28	2025-05-16 17:05:28
xjgnqkcp5rc			第	dâ̤	1820	3	2	xjbnyqh5rab		2025-05-16 17:05:28	2025-05-16 17:05:28
x4drynvzwr7			笪	dáng	1820	3	3	xjbnyqh5rab		2025-05-16 17:05:28	2025-05-16 17:05:28
x9zh99nae7r	xugxn3mfxvv	笤	笤	dèu	1820	3	4	xjbnyqh5rab		2025-05-16 17:05:28	2025-05-16 17:05:28
xr8jbywfqw4	xuxh5bu6tq8	笛	笛	dĭk	1820	3	5	xjbnyqh5rab		2025-05-16 17:05:28	2025-05-16 17:05:28
xe5kzu3se7t	xs645efqhp8	笱	笱	gēu	1820	3	6	xjbnyqh5rab		2025-05-16 17:05:28	2025-05-16 17:05:28
xhf2vz6npqn	xcvmr4565v3	笳	笳	giă	1820	3	7	xjbnyqh5rab		2025-05-16 17:05:28	2025-05-16 17:05:28
xfsedwavsdp	xkzwnw6uvp6	符	符	hù	1820	3	8	xjbnyqh5rab		2025-05-16 17:05:28	2025-05-16 17:05:28
xeszu9qjzx3	x3gyxh999eb	笠	笠	lĭk	1820	3	9	xjbnyqh5rab		2025-05-16 17:05:28	2025-05-16 17:05:28
xbh9hd7e5ag			笝	năk	1820	3	10	xjbnyqh5rab		2025-05-16 17:05:28	2025-05-16 17:05:28
xrga36auzt8	x89gu35fjhz	笙	笙	sĕng	1820	3	11	xjbnyqh5rab		2025-05-16 17:05:28	2025-05-16 17:05:28
xbyw36gxt24	xfm9azqangu	笥	笥	sê̤ṳ	1820	3	12	xjbnyqh5rab		2025-05-16 17:05:28	2025-05-16 17:05:28
xthuf5b53p8	x4whprz7nf8	筆	筆	bék	1820	3	13	xjbnyqh5rab		2025-05-16 17:05:28	2025-05-16 17:05:28
xzanchdzzu7			策	cháik	1820	3	14	xjbnyqh5rab		2025-05-16 17:05:28	2025-05-16 17:05:28
xkuv5fv876b			策	cháh	1820	3	14	xjbnyqh5rab		2025-05-16 17:05:28	2025-05-16 17:05:28
x32cfhmmvvd			筅	chēng	1820	3	15	xjbnyqh5rab		2025-05-16 17:05:28	2025-05-16 17:05:28
xy2e2ajb9rb			筅	siēng	1820	3	15	xjbnyqh5rab		2025-05-16 17:05:28	2025-05-16 17:05:28
xxcuw8x4aff	x8vu4mthyy4	筌	筌	chuăng	1820	3	16	xjbnyqh5rab		2025-05-16 17:05:28	2025-05-16 17:05:28
xt6sgs3rytc	x4nkssggj4d	答	答	dák	1820	3	17	xjbnyqh5rab		2025-05-16 17:05:28	2025-05-16 17:05:28
xvy9mudnp4f			等	dēng	1820	3	18	xjbnyqh5rab		2025-05-16 17:05:28	2025-05-16 17:05:28
x724dyjqd3s			等	dīng	1820	3	18	xjbnyqh5rab		2025-05-16 17:05:28	2025-05-16 17:05:28
xw2faeky8az			筑	dé̤ṳk	1820	3	19	xjbnyqh5rab		2025-05-16 17:05:28	2025-05-16 17:05:28
xymgqwn3yp6			筒	dùng	1820	3	20	xjbnyqh5rab		2025-05-16 17:05:28	2025-05-16 17:05:28
xdajpc2br5t			筒	dè̤ng	1820	3	20	xjbnyqh5rab		2025-05-16 17:05:28	2025-05-16 17:05:28
xs8p2rgtbs6			䈂	giĕ	1820	3	21	xjbnyqh5rab		2025-05-16 17:05:28	2025-05-16 17:05:28
xensp4bafte	xurq8tjncg5	筴	筴	giék	1820	3	22	xjbnyqh5rab		2025-05-16 17:05:28	2025-05-16 17:05:28
x5dg2dz3eex			筦	guāng	1821	1	1	xjbnyqh5rab		2025-05-16 17:05:28	2025-05-16 17:05:28
x2wddwjctsc	xm27g6q7e5t	筋	筋	gṳ̆ng	1821	1	2	xjbnyqh5rab		2025-05-16 17:05:28	2025-05-16 17:05:28
xpp2qghcx4y	xpj8haf927q	筏	筏	huăk	1821	1	3	xjbnyqh5rab		2025-05-16 17:05:28	2025-05-16 17:05:28
xcvz7wwcwyk			筇	kṳ̆ng	1821	1	4	xjbnyqh5rab		2025-05-16 17:05:28	2025-05-16 17:05:28
x7tgpf7jk33	xgzttj6zzuh	筐	筐	kuŏng	1821	1	5	xjbnyqh5rab		2025-05-16 17:05:28	2025-05-16 17:05:28
xnp2x66a92t	xvfwtjpm9vj	䇭	䇭	lō̤	1821	1	6	xjbnyqh5rab		2025-05-16 17:05:28	2025-05-16 17:05:28
xszmjhn9vzz	xkcge2rdswp	筍	筍	sūng	1821	1	7	xjbnyqh5rab		2025-05-16 17:05:28	2025-05-16 17:05:28
x2ese7nyssr	xmxybja4ekj	筢	筢	bà	1821	1	8	xjbnyqh5rab		2025-05-16 17:05:28	2025-05-16 17:05:28
xwhrdvyw6vx			筯	dê̤ṳ	1821	1	9	xjbnyqh5rab		2025-05-16 17:05:28	2025-05-16 17:05:28
xbhbckhsuge			筩	dùng	1821	1	10	xjbnyqh5rab		2025-05-16 17:05:28	2025-05-16 17:05:28
x5p3nttjeqn	xje6gb4jxds	筵	筵	iòng	1821	1	11	xjbnyqh5rab		2025-05-16 17:05:28	2025-05-16 17:05:28
x9ygc2adype	xynrs2ukzqj	筷	筷	kuái	1821	1	12	xjbnyqh5rab		2025-05-16 17:05:28	2025-05-16 17:05:28
xgcmr3b63ze	xk4ysgqhn4m	筤	筤	lòng	1821	1	13	xjbnyqh5rab		2025-05-16 17:05:28	2025-05-16 17:05:28
xwh62t3q5uu	xap5v9b9x9z	筥	筥	lṳ̄	1821	1	14	xjbnyqh5rab		2025-05-16 17:05:28	2025-05-16 17:05:28
xdjefskqcnj			𥭗	pùng	1821	1	15	xjbnyqh5rab		2025-05-16 17:05:28	2025-05-16 17:05:28
xu2bk6sh2kq			筭	sáung	1821	1	16	xjbnyqh5rab		2025-05-16 17:05:28	2025-05-16 17:05:28
x42q2p797zv	xqqjnsmdpfy	筲	筲	sĕu	1821	1	17	xjbnyqh5rab		2025-05-16 17:05:28	2025-05-16 17:05:28
x2den679975	xkdttwy5u4q	筮	筮	siê	1821	1	18	xjbnyqh5rab		2025-05-16 17:05:28	2025-05-16 17:05:28
x79kj44jtt5	xhdyh6w2ceg	筱	筱	siēu	1821	1	19	xjbnyqh5rab		2025-05-16 17:05:28	2025-05-16 17:05:28
xqsqyyscutr	xpbmyr7yeup	筠	筠	ṳ̀ng	1821	1	20	xjbnyqh5rab		2025-05-16 17:05:28	2025-05-16 17:05:28
xh62hwpbvhd	xp8a8vxnp6n	𥮕	𥮕	âung	1821	2	1	xjbnyqh5rab		2025-05-16 17:05:28	2025-05-16 17:05:28
xfjhuhqj6zb	xupvu78zxnz	箅	箅	bê	1821	2	2	xjbnyqh5rab		2025-05-16 17:05:28	2025-05-16 17:05:28
x6g2jjsekku			箔	bŏ̤h	1821	2	3	xjbnyqh5rab		2025-05-16 17:05:28	2025-05-16 17:05:28
xqkfbewdjw3			箚	cák	1821	2	4	xjbnyqh5rab		2025-05-16 17:05:28	2025-05-16 17:05:28
xxunr6ydfmw	xydegr6gkgm	箏	箏	cĕng	1821	2	5	xjbnyqh5rab		2025-05-16 17:05:28	2025-05-16 17:05:28
xtp7pbjjuqe	x2gt46knb55	箑	箑	ciĕk	1821	2	6	xjbnyqh5rab		2025-05-16 17:05:28	2025-05-16 17:05:28
x5ya8cnwzzb			箋	chiĕng	1821	2	7	xjbnyqh5rab		2025-05-16 17:05:28	2025-05-16 17:05:28
xjdqxqjh6md			箒	chīu	1821	2	8	xjbnyqh5rab		2025-05-16 17:05:28	2025-05-16 17:05:28
xnkrtxr85qb			箠	chuòi	1821	2	9	xjbnyqh5rab		2025-05-16 17:05:28	2025-05-16 17:05:28
x8ux35va69v	xq554kfqppy	箕	箕	gĭ	1821	2	10	xjbnyqh5rab		2025-05-16 17:05:28	2025-05-16 17:05:28
xxkwjdwf4zr			箇	gó̤	1821	2	11	xjbnyqh5rab		2025-05-16 17:05:28	2025-05-16 17:05:28
xp5ywmk7efe			管	guāng	1821	2	12	xjbnyqh5rab		2025-05-16 17:05:28	2025-05-16 17:05:28
x36y2hz4c59			管	guōng	1821	2	12	xjbnyqh5rab		2025-05-16 17:05:28	2025-05-16 17:05:28
xzbb6fxdgf8			箝	kièng	1821	2	13	xjbnyqh5rab		2025-05-16 17:05:28	2025-05-16 17:05:28
xe2phnt3qef			篐	kŭ	1821	2	14	xjbnyqh5rab		2025-05-16 17:05:28	2025-05-16 17:05:28
xtwrhuvvpkm	x2xqzdc6h9g	箜	箜	kŭng	1821	2	15	xjbnyqh5rab		2025-05-16 17:05:28	2025-05-16 17:05:28
xgegspc7mp4	xv7rfu95hbg	箂	箂	lài	1821	2	16	xjbnyqh5rab		2025-05-16 17:05:28	2025-05-16 17:05:28
x2z5nawy265	xarpmnxxr4m	算	算	sáung	1821	2	17	xjbnyqh5rab		2025-05-16 17:05:28	2025-05-16 17:05:28
xuf85yjte26	x874frj3b85	箯	箯	biĕng	1821	2	18	xjbnyqh5rab		2025-05-16 17:05:28	2025-05-16 17:05:28
xdv2289rawt			節	ciék	1821	2	19	xjbnyqh5rab		2025-05-16 17:05:28	2025-05-16 17:05:28
x43chjzhy4g			節	cáik	1821	2	19	xjbnyqh5rab		2025-05-16 17:05:28	2025-05-16 17:05:28
x24sj2y8pjn			箭	ciéng	1821	2	20	xjbnyqh5rab		2025-05-16 17:05:28	2025-05-16 17:05:28
xaz9k7v4ck3			箴	cĭng	1821	2	21	xjbnyqh5rab		2025-05-16 17:05:28	2025-05-16 17:05:28
xgpdrzyged8	x4mzp76at3f	箸	箸	dê̤ṳ	1821	2	22	xjbnyqh5rab		2025-05-16 17:05:28	2025-05-16 17:05:28
x782s55w8mg			⿳⺮⿰工口木	dé̤ṳk	1821	2	23	xjbnyqh5rab		2025-05-16 17:05:28	2025-05-16 17:05:28
xpe8wbsbg85	xatvkkqgrrh	築	築	dé̤ṳk	1821	2	23	xjbnyqh5rab		2025-05-16 17:05:28	2025-05-16 17:05:28
x4k39xkjemd	xdrntrjxvd6	篆	篆	duông	1821	2	24	xjbnyqh5rab	原書有誤，已更正	2025-05-16 17:05:28	2025-05-16 17:05:28
xxjhjjj3yw4	xbanvajrsq7	篋	篋	giék	1821	3	1	xjbnyqh5rab		2025-05-16 17:05:28	2025-05-16 17:05:28
xubj9c933jh	xnjv4qhmqu6	篌	篌	hèu	1821	3	2	xjbnyqh5rab		2025-05-16 17:05:28	2025-05-16 17:05:28
xktmspse9ea	xq2v5u4c3gt	範	範	huâng	1821	3	3	xjbnyqh5rab		2025-05-16 17:05:28	2025-05-16 17:05:28
x6tc6k92vmn	xcjsbdsps5j	篁	篁	huòng	1821	3	4	xjbnyqh5rab		2025-05-16 17:05:28	2025-05-16 17:05:28
xcja4kh8hg9			箬	iŏk	1821	3	5	xjbnyqh5rab		2025-05-16 17:05:28	2025-05-16 17:05:28
xp6f5udxfgx			箬	niŏk	1821	3	5	xjbnyqh5rab		2025-05-16 17:05:28	2025-05-16 17:05:28
xd7d72ww7nz	xepsbkhde37	篇	篇	piĕng	1821	3	6	xjbnyqh5rab		2025-05-16 17:05:28	2025-05-16 17:05:28
xvx7rd8h8ht	xu398w6epg7	箱	箱	siŏng	1821	3	7	xjbnyqh5rab		2025-05-16 17:05:28	2025-05-16 17:05:28
xq87e22hy2y			箆	bê	1821	3	8	xjbnyqh5rab		2025-05-16 17:05:28	2025-05-16 17:05:28
xp9cwgcpf43			篧	ché̤ṳk	1821	3	9	xjbnyqh5rab		2025-05-16 17:05:28	2025-05-16 17:05:28
xqc4druxpf4			篘	chĕu	1821	3	10	xjbnyqh5rab		2025-05-16 17:05:28	2025-05-16 17:05:28
x7d2e48mrf6	xsuzc2ewxwp	篡	篡	chuáng	1821	3	11	xjbnyqh5rab		2025-05-16 17:05:28	2025-05-16 17:05:28
xtbya2b6n6s	xsuzc2ewxwp	篡	篡	chuá	1821	3	11	xjbnyqh5rab		2025-05-16 17:05:28	2025-05-16 17:05:28
x9sfmgzazau			箎	diè	1821	3	12	xjbnyqh5rab		2025-05-16 17:05:28	2025-05-16 17:05:28
xbfg65eqryt	xccup7th246	篤	篤	dók	1821	3	13	xjbnyqh5rab		2025-05-16 17:05:28	2025-05-16 17:05:28
xfud4yt5qay	xe6hmxzhqus	篨	篨	dṳ̀	1821	3	14	xjbnyqh5rab		2025-05-16 17:05:28	2025-05-16 17:05:28
x2q87a27em2	xywe7rhp9bn	篝	篝	gĕu	1821	3	15	xjbnyqh5rab		2025-05-16 17:05:28	2025-05-16 17:05:28
x5fw3m7u7rz	xezrpcu2bxf	篙	篙	gŏ̤	1821	3	16	xjbnyqh5rab		2025-05-16 17:05:28	2025-05-16 17:05:28
xgezzr96jyu	xqq2xfvyx9q	篚	篚	pī	1821	3	17	xjbnyqh5rab		2025-05-16 17:05:28	2025-05-16 17:05:28
x8cja2vy9xx			篠	siēu	1821	3	18	xjbnyqh5rab		2025-05-16 17:05:28	2025-05-16 17:05:28
xvf5gsa2xh9			篩	sṳ̆	1821	3	19	xjbnyqh5rab		2025-05-16 17:05:28	2025-05-16 17:05:28
xcwuw5upa3e			篩	tăi	1821	3	19	xjbnyqh5rab		2025-05-16 17:05:28	2025-05-16 17:05:28
x99yrgkp884	xnrxevrj5w6	篳	篳	bék	1821	3	20	xjbnyqh5rab		2025-05-16 17:05:28	2025-05-16 17:05:28
xrpy3ey2wxd			簈	bīng	1821	3	21	xjbnyqh5rab		2025-05-16 17:05:28	2025-05-16 17:05:28
xxcky7dzkag			簀	cáik	1821	3	22	xjbnyqh5rab		2025-05-16 17:05:28	2025-05-16 17:05:28
x26ej4uwcfb			簇	cŭk	1822	1	1	xjbnyqh5rab		2025-05-16 17:05:28	2025-05-16 17:05:28
xj66ux743nq	x3t2w66w7vs	篸	篸	chăng	1822	1	2	xjbnyqh5rab		2025-05-16 17:05:28	2025-05-16 17:05:28
xjburazy8n7	xqxrgyv6ykq	簉	簉	chó̤	1822	1	3	xjbnyqh5rab		2025-05-16 17:05:28	2025-05-16 17:05:28
xaw7yw44m73	xy5d6hes2xp	篼	篼	dĕu	1822	1	4	xjbnyqh5rab		2025-05-16 17:05:28	2025-05-16 17:05:28
xf85pr6dxkf			篴	dĭk	1822	1	5	xjbnyqh5rab		2025-05-16 17:05:28	2025-05-16 17:05:28
xgqye5futjd	xqpjx7qw4ss	簋	簋	gūi	1822	1	6	xjbnyqh5rab		2025-05-16 17:05:28	2025-05-16 17:05:28
xnz3mqzpx2f			簆	káiu	1822	1	7	xjbnyqh5rab		2025-05-16 17:05:28	2025-05-16 17:05:28
xwtfghb9zw8	x3ya4fukj7s	簍	簍	lēu	1822	1	8	xjbnyqh5rab		2025-05-16 17:05:28	2025-05-16 17:05:28
xg2hwukypvy			簏	lṳ̆k	1822	1	9	xjbnyqh5rab		2025-05-16 17:05:28	2025-05-16 17:05:28
xsv9yp6qxf8			篾	miĕk	1822	1	10	xjbnyqh5rab		2025-05-16 17:05:28	2025-05-16 17:05:28
xzp33kbmys8	xbp8bxqjxv9	篷	篷	pùng	1822	1	11	xjbnyqh5rab		2025-05-16 17:05:28	2025-05-16 17:05:28
xq3bkszv3jh	xrtfw4h5dbt	簌	簌	sók	1822	1	12	xjbnyqh5rab		2025-05-16 17:05:28	2025-05-16 17:05:28
x92ea49r9nc	xhndtrbt86c	篲	篲	suói	1822	1	13	xjbnyqh5rab		2025-05-16 17:05:28	2025-05-16 17:05:28
xme5yuaj8ed	xzgsb7axkrc	簪	簪	căng	1822	1	14	xjbnyqh5rab		2025-05-16 17:05:28	2025-05-16 17:05:28
xsku95mjjmn	xd3jzaaj7qu	簞	簞	dăng	1822	1	15	xjbnyqh5rab		2025-05-16 17:05:28	2025-05-16 17:05:28
x6h4ppkdmzt	xqh8ctjgw7s	簦	簦	dĕng	1822	1	16	xjbnyqh5rab		2025-05-16 17:05:28	2025-05-16 17:05:28
xvbmsfm7t4x	xsax4ms2gam	簟	簟	diéng	1822	1	17	xjbnyqh5rab		2025-05-16 17:05:28	2025-05-16 17:05:28
xxvjdbh34zb	xdxkhb9ps3b	簡	簡	gāng	1822	1	18	xjbnyqh5rab		2025-05-16 17:05:28	2025-05-16 17:05:28
xxvjnvf4vt9	x4tn5vt425n	簣	簣	gôi	1822	1	19	xjbnyqh5rab		2025-05-16 17:05:28	2025-05-16 17:05:28
xt5dsq6yvqq	xgwnbnznx6r	簠	簠	hū	1822	1	20	xjbnyqh5rab		2025-05-16 17:05:28	2025-05-16 17:05:28
xhcra2jnzdz			簨	sūng	1822	1	21	xjbnyqh5rab		2025-05-16 17:05:28	2025-05-16 17:05:28
x69ef4439sv	xh2ny4bue9z	𥳳	𥳳	tì	1822	1	22	xjbnyqh5rab		2025-05-16 17:05:28	2025-05-16 17:05:28
xf2utj3zmjj			簧	uòng	1822	1	23	xjbnyqh5rab		2025-05-16 17:05:28	2025-05-16 17:05:28
xxa45f74xgh			簸	bó̤	1822	2	1	xjbnyqh5rab		2025-05-16 17:05:28	2025-05-16 17:05:28
x3bcfuh46sz			簸	buái	1822	2	1	xjbnyqh5rab		2025-05-16 17:05:28	2025-05-16 17:05:28
xnxmgaqdh65	x5nygzjmks9	簽	簽	chiĕng	1822	2	2	xjbnyqh5rab		2025-05-16 17:05:28	2025-05-16 17:05:28
xgbrjapwyzr			簴	gṳ̄	1822	2	3	xjbnyqh5rab		2025-05-16 17:05:28	2025-05-16 17:05:28
x4srud9vrac			簻	kuŏ	1822	2	4	xjbnyqh5rab		2025-05-16 17:05:28	2025-05-16 17:05:28
xxh95eqsknk			𥷒	liăh	1822	2	5	xjbnyqh5rab		2025-05-16 17:05:28	2025-05-16 17:05:28
xa8t8ayeacv	xsn6p6xambj	簾	簾	lièng	1822	2	6	xjbnyqh5rab		2025-05-16 17:05:28	2025-05-16 17:05:28
xmsp6f2yqcq			簿	puô	1822	2	7	xjbnyqh5rab		2025-05-16 17:05:28	2025-05-16 17:05:28
x97ybkyad8j			簷	sièng	1822	2	8	xjbnyqh5rab		2025-05-16 17:05:28	2025-05-16 17:05:28
xabfftkvuww			簷	sìng	1822	2	8	xjbnyqh5rab		2025-05-16 17:05:28	2025-05-16 17:05:28
xvatryff82h	x9862y5szbm	籍	籍	cĭk	1822	2	9	xjbnyqh5rab		2025-05-16 17:05:28	2025-05-16 17:05:28
xer7ptzsaxn	xs2b3ydbgjf	籊	籊	dĭk	1822	2	10	xjbnyqh5rab		2025-05-16 17:05:28	2025-05-16 17:05:28
xk2srgegb7m	x72s7fwcxms	籃	籃	làng	1822	2	11	xjbnyqh5rab		2025-05-16 17:05:28	2025-05-16 17:05:28
x3ttpx7s7ju	xk4nyqg7d5c	籋	籋	niék	1822	2	12	xjbnyqh5rab		2025-05-16 17:05:28	2025-05-16 17:05:28
x4cwxh8dpeq	x8gfd7szzuc	簫	簫	siĕu	1822	2	13	xjbnyqh5rab		2025-05-16 17:05:28	2025-05-16 17:05:28
xh9qxz99x4t	xwht2amz8q2	籌	籌	tìu	1822	2	14	xjbnyqh5rab		2025-05-16 17:05:28	2025-05-16 17:05:28
xjb94tm469p			籐	dìng	1822	2	15	xjbnyqh5rab		2025-05-16 17:05:28	2025-05-16 17:05:28
xvex4v4chz2	xnfe74zuvm9	䉪	䉪	lāi	1822	2	16	xjbnyqh5rab		2025-05-16 17:05:28	2025-05-16 17:05:28
xspr79vhmvz	xqzcd2wa2yu	籓	籓	huăng	1822	2	17	xjbnyqh5rab		2025-05-16 17:05:28	2025-05-16 17:05:28
xk9wnrt8ema			籒	lēu	1822	2	18	xjbnyqh5rab		2025-05-16 17:05:28	2025-05-16 17:05:28
x674na4ngnc	xaekhzmk379	籀	籀	lēu	1822	2	18	xjbnyqh5rab		2025-05-16 17:05:28	2025-05-16 17:05:28
x5wyrnsa9ht	x9rw68hhk2g	籛	籛	cièng	1822	2	19	xjbnyqh5rab		2025-05-16 17:05:28	2025-05-16 17:05:28
xxym52zfxct	xcryeubws98	籟	籟	lái	1822	2	20	xjbnyqh5rab		2025-05-16 17:05:28	2025-05-16 17:05:28
x7nukbtajc7			籚	lù	1822	2	21	xjbnyqh5rab		2025-05-16 17:05:28	2025-05-16 17:05:28
xtbrdn7zx24	x7523wprcnt	籙	籙	lṳ̆k	1822	2	22	xjbnyqh5rab		2025-05-16 17:05:28	2025-05-16 17:05:28
xexwut4yxxn			籠	lṳ̀ng	1822	2	23	xjbnyqh5rab		2025-05-16 17:05:28	2025-05-16 17:05:28
xkbaxsjbkzg			籠	lè̤ng	1822	2	23	xjbnyqh5rab		2025-05-16 17:05:28	2025-05-16 17:05:28
xmsputcs4hn			籜	táuk	1822	3	1	xjbnyqh5rab		2025-05-16 17:05:28	2025-05-16 17:05:28
xh8d6dgkknt			籖	chiĕng	1822	3	2	xjbnyqh5rab		2025-05-16 17:05:28	2025-05-16 17:05:28
xmas7rm9cxu			籧	gṳ̀	1822	3	3	xjbnyqh5rab		2025-05-16 17:05:28	2025-05-16 17:05:28
x87dzb8ze3x	x3m9kqxv92h	籥	籥	iŏh	1822	3	4	xjbnyqh5rab		2025-05-16 17:05:28	2025-05-16 17:05:28
xzzbtvvw9cb	xnhwbd99drw	籩	籩	biĕng	1822	3	5	xjbnyqh5rab		2025-05-16 17:05:28	2025-05-16 17:05:28
xhrp5t3n5ap	xehh34r35q7	籬	籬	liè	1822	3	6	xjbnyqh5rab		2025-05-16 17:05:28	2025-05-16 17:05:28
xh662kg5qb7	x7raxzadjzw	籮	籮	lò̤	1822	3	7	xjbnyqh5rab		2025-05-16 17:05:28	2025-05-16 17:05:28
xs2rbkzgpre			䉷	ngièng	1822	3	8	xjbnyqh5rab		2025-05-16 17:05:28	2025-05-16 17:05:28
xvyuddqtfna	xmdzfkfn9es	籲	籲	iŏh	1822	3	9	xjbnyqh5rab		2025-05-16 17:05:28	2025-05-16 17:05:28
xjjc6vs8r6s	xpps93y4gjm	米	米	mī	1822	3	10	xpnq8ua8qf6		2025-05-16 17:05:28	2025-05-16 17:05:28
xzxx6x4seqf			粃	bī	1822	3	11	xpnq8ua8qf6		2025-05-16 17:05:28	2025-05-16 17:05:28
x4gkjxzu844	xb9328v3hj8	粉	粉	hūng	1822	3	12	xpnq8ua8qf6		2025-05-16 17:05:28	2025-05-16 17:05:28
xr22uz38hgd			粎	mī	1822	3	13	xpnq8ua8qf6		2025-05-16 17:05:28	2025-05-16 17:05:28
xym2v268jbe	xaz9qty6evs	粗	粗	chŭ	1822	3	14	xpnq8ua8qf6		2025-05-16 17:05:28	2025-05-16 17:05:28
x7tsy26euqy			䊀	gù	1822	3	15	xpnq8ua8qf6		2025-05-16 17:05:28	2025-05-16 17:05:28
x6x3dxpkefe	x437a4sktnb	粒	粒	lăk	1822	3	16	xpnq8ua8qf6		2025-05-16 17:05:28	2025-05-16 17:05:28
x9cvbhr9fyf	xuzh67ve6sz	粘	粘	nièng	1822	3	17	xpnq8ua8qf6		2025-05-16 17:05:28	2025-05-16 17:05:28
xp3fk8286cj			粕	pó̤h	1822	3	18	xpnq8ua8qf6		2025-05-16 17:05:28	2025-05-16 17:05:28
xpuyajxuyd2	xpdbfbwnbzp	粥	粥	cé̤ṳk	1822	3	19	xpnq8ua8qf6		2025-05-16 17:05:28	2025-05-16 17:05:28
x73eu9n9bat	xpdbfbwnbzp	粥	粥	ṳ̆k	1822	3	19	xpnq8ua8qf6		2025-05-16 17:05:28	2025-05-16 17:05:28
x2cnagn4wnz			粧	cŏng	1822	3	20	xpnq8ua8qf6		2025-05-16 17:05:28	2025-05-16 17:05:28
xry6wzmkvdx	x8hhvwp4cfd	粢	粢	cṳ̆	1822	3	21	xpnq8ua8qf6		2025-05-16 17:05:28	2025-05-16 17:05:28
x624k6vd54a	x9s6kshks43	粬	粬	ké̤ṳk	1823	1	1	xpnq8ua8qf6		2025-05-16 17:05:28	2025-05-16 17:05:28
x7yjb4tv4aq			粦	lìng	1823	1	2	xpnq8ua8qf6		2025-05-16 17:05:28	2025-05-16 17:05:28
xqp35wt3y6g			粞	să̤	1823	1	3	xpnq8ua8qf6		2025-05-16 17:05:28	2025-05-16 17:05:28
x8wuj6354yv			粟	sé̤ṳk	1823	1	4	xpnq8ua8qf6		2025-05-16 17:05:28	2025-05-16 17:05:28
xms8pkqjwnk			粟	chióh	1823	1	4	xpnq8ua8qf6		2025-05-16 17:05:28	2025-05-16 17:05:28
xvubmasd22y	x5ndxdgmw7s	粵	粵	uŏk	1823	1	5	xpnq8ua8qf6		2025-05-16 17:05:28	2025-05-16 17:05:28
xvcn9pz86mk	xk4j2kpmgp7	粲	粲	cháng	1823	1	6	xpnq8ua8qf6		2025-05-16 17:05:28	2025-05-16 17:05:28
x43wycm8t9x	xk4j2kpmgp7	粲	粲	chāng	1823	1	6	xpnq8ua8qf6		2025-05-16 17:05:28	2025-05-16 17:05:28
xvmjf5gxem9	x9m98uq55s3	粳	粳	găng	1823	1	7	xpnq8ua8qf6		2025-05-16 17:05:28	2025-05-16 17:05:28
xc3hptch3zp			粮	liòng	1823	1	8	xpnq8ua8qf6		2025-05-16 17:05:28	2025-05-16 17:05:28
xpqt3tb4dqz	xqyfxeuhzv2	梁	梁	liòng	1823	1	9	xpnq8ua8qf6		2025-05-16 17:05:28	2025-05-16 17:05:28
x4eg3npx38z	xhxh4wjvn3z	粺	粺	bâi	1823	1	10	xpnq8ua8qf6		2025-05-16 17:05:28	2025-05-16 17:05:28
xrex8n2zc5n			精	cĭng	1823	1	11	xpnq8ua8qf6		2025-05-16 17:05:28	2025-05-16 17:05:28
xpnjwfa3tdv			精	ciăng	1823	1	11	xpnq8ua8qf6		2025-05-16 17:05:28	2025-05-16 17:05:28
xuz63y4q4ns	xjkmw26m6de	粽	粽	cóng	1823	1	12	xpnq8ua8qf6		2025-05-16 17:05:28	2025-05-16 17:05:28
x6k5vuumdjz	xjkmw26m6de	粽	粽	cáe̤ng	1823	1	12	xpnq8ua8qf6		2025-05-16 17:05:28	2025-05-16 17:05:28
xadhpskcrh7			緀	chá̤	1823	1	13	xpnq8ua8qf6		2025-05-16 17:05:28	2025-05-16 17:05:28
xmdeebvnmxr			粿	guōi	1823	1	14	xpnq8ua8qf6		2025-05-16 17:05:28	2025-05-16 17:05:28
xawbvn7zxv8	xkbrg3kmrce	粼	粼	lìng	1823	1	15	xpnq8ua8qf6		2025-05-16 17:05:28	2025-05-16 17:05:28
x57ghcpy2up	x3xtmsre9gd	粹	粹	sói	1823	1	16	xpnq8ua8qf6		2025-05-16 17:05:28	2025-05-16 17:05:28
xz5zufz3e5b			糉	cóng	1823	1	17	xpnq8ua8qf6		2025-05-16 17:05:28	2025-05-16 17:05:28
x4e5b4hbjrw			糉	cáe̤ng	1823	1	17	xpnq8ua8qf6		2025-05-16 17:05:28	2025-05-16 17:05:28
x23k53qvbdn			糊	gù	1823	1	18	xpnq8ua8qf6		2025-05-16 17:05:28	2025-05-16 17:05:28
x6ntg9bsuc9			糊	hù	1823	1	18	xpnq8ua8qf6		2025-05-16 17:05:28	2025-05-16 17:05:28
xseqq6ddtbm	x3htzmz9td5	糈	糈	sṳ̆	1823	1	19	xpnq8ua8qf6		2025-05-16 17:05:28	2025-05-16 17:05:28
xgmt4u2ff9h			糗	chéu	1823	1	20	xpnq8ua8qf6		2025-05-16 17:05:28	2025-05-16 17:05:28
xyym7xrqfqd			糓	gók	1823	1	22	xpnq8ua8qf6		2025-05-16 17:05:28	2025-05-16 17:05:28
xmx32y67pwc	x72zg7xv36t	𥻵	𥻵	sì	1823	2	1	xpnq8ua8qf6		2025-05-16 17:05:28	2025-05-16 17:05:28
x67ka9pdckd	xdtjjtea6t8	糖	糖	tòng	1823	2	2	xpnq8ua8qf6		2025-05-16 17:05:28	2025-05-16 17:05:28
xvmas4gssw4	xd8xrc9grzu	糟	糟	cău	1823	2	3	xpnq8ua8qf6		2025-05-16 17:05:28	2025-05-16 17:05:28
xbm97rpqnkc			䊢	ciŏng	1823	2	4	xpnq8ua8qf6		2025-05-16 17:05:28	2025-05-16 17:05:28
xtg59gvvvny	xypsxnaxbtw	糙	糙	chó̤	1823	2	5	xpnq8ua8qf6		2025-05-16 17:05:28	2025-05-16 17:05:28
xg57h46gvbb			糞	hóng	1823	2	6	xpnq8ua8qf6		2025-05-16 17:05:28	2025-05-16 17:05:28
xdbacggsgke			糞	bóng	1823	2	6	xpnq8ua8qf6		2025-05-16 17:05:28	2025-05-16 17:05:28
xbg55b2j5wp	x4tnxhax5rm	糠	糠	kŏng	1823	2	7	xpnq8ua8qf6		2025-05-16 17:05:28	2025-05-16 17:05:28
xfznemfp99c			𥻿	liè	1823	2	8	xpnq8ua8qf6		2025-05-16 17:05:28	2025-05-16 17:05:28
x8hahehenj4			糜	mì	1823	2	9	xpnq8ua8qf6		2025-05-16 17:05:28	2025-05-16 17:05:28
xb8q65jqnjg			糦	chié	1823	2	10	xpnq8ua8qf6		2025-05-16 17:05:28	2025-05-16 17:05:28
xhpbrp4bj45	x47ksqu3h4r	糧	糧	liòng	1823	2	11	xpnq8ua8qf6		2025-05-16 17:05:28	2025-05-16 17:05:28
x7srwbtwfek			糤	sáng	1823	2	12	xpnq8ua8qf6		2025-05-16 17:05:28	2025-05-16 17:05:28
xhuhhjuh9yy	xddnwequ33w	糯	糯	nô̤	1823	2	14	xpnq8ua8qf6		2025-05-16 17:05:28	2025-05-16 17:05:28
xfcpyhmaea7	xhz3vhs6m7k	糲	糲	lâ̤	1823	2	15	xpnq8ua8qf6		2025-05-16 17:05:28	2025-05-16 17:05:28
xjqwcxyg697	xkq2ksudm92	糴	糴	dĭk	1823	2	17	xpnq8ua8qf6		2025-05-16 17:05:28	2025-05-16 17:05:28
xzcxyxtbynq	xkq2ksudm92	糴	糴	diăh	1823	2	17	xpnq8ua8qf6		2025-05-16 17:05:28	2025-05-16 17:05:28
xfyrqratf44			糱	ngiĕk	1823	2	18	xpnq8ua8qf6		2025-05-16 17:05:28	2025-05-16 17:05:28
xa2hueddhs8	xx47ys36eh6	糶	糶	tiéu	1823	2	19	xpnq8ua8qf6		2025-05-16 17:05:28	2025-05-16 17:05:28
xbms6zqdef5			糸	sĭ	1823	2	20	xp8jek6fgsp		2025-05-16 17:05:28	2025-05-16 17:05:28
xvykam5pm82	x37y6s3pej3	系	系	hiê	1823	2	21	xp8jek6fgsp		2025-05-16 17:05:28	2025-05-16 17:05:28
xur96hg5d8y	xz5km77bvku	糾	糾	gīu	1823	3	1	xp8jek6fgsp		2025-05-16 17:05:28	2025-05-16 17:05:28
x7aabhxtw9b	x6tf6auybju	紂	紂	dêu	1823	3	2	xp8jek6fgsp		2025-05-16 17:05:28	2025-05-16 17:05:28
xmmxeqwakem	x97vhpn3k3y	紀	紀	gī	1823	3	3	xp8jek6fgsp		2025-05-16 17:05:28	2025-05-16 17:05:28
xdb8xa5yaxr	xj57ynnvccp	紇	紇	hŏk	1823	3	4	xp8jek6fgsp		2025-05-16 17:05:28	2025-05-16 17:05:28
xx4uack4jaa			紆	hṳ̆	1823	3	5	xp8jek6fgsp		2025-05-16 17:05:28	2025-05-16 17:05:28
xy6bjnny655			紅	hùng	1823	3	6	xp8jek6fgsp		2025-05-16 17:05:28	2025-05-16 17:05:28
xhwqwa8f887			紅	è̤ng	1823	3	6	xp8jek6fgsp		2025-05-16 17:05:28	2025-05-16 17:05:28
x54vxyayz3r	xvk5tz65869	䭣	⿰米齊	că̤	1823	2	13	xpnq8ua8qf6		2025-09-26 19:03:47	2025-05-16 17:05:28
xarujgb3fbp	xb4jb4zxf8q	糕	糕	gŏ̤	1823	1	21	xpnq8ua8qf6		2025-09-27 00:36:50	2025-05-16 17:05:28
xhahwnmetj2	x32fcz6ggyw	紉	紉	ìng	1823	3	7	xp8jek6fgsp		2025-05-16 17:05:28	2025-05-16 17:05:28
xstftjufdvn	xnbmypnrpwu	約	約	iók	1823	3	8	xp8jek6fgsp		2025-05-16 17:05:29	2025-05-16 17:05:29
xfcv5bn8f3a	xnbmypnrpwu	約	約	ióh	1823	3	8	xp8jek6fgsp		2025-05-16 17:05:29	2025-05-16 17:05:29
x284qdqdcnh	x7sw7fqjkn7	紃	紃	sùng	1823	3	9	xp8jek6fgsp		2025-05-16 17:05:29	2025-05-16 17:05:29
xe5rrcbrtt7	xu9j8f2c95s	紈	紈	uòng	1823	3	10	xp8jek6fgsp		2025-05-16 17:05:29	2025-05-16 17:05:29
xb3ujhaupmn	x7vje7pqqj3	紙	紙	cāi	1823	3	11	xp8jek6fgsp		2025-05-16 17:05:29	2025-05-16 17:05:29
x9umz66pm8a			紓	chṳ̆	1823	3	12	xp8jek6fgsp		2025-05-16 17:05:29	2025-05-16 17:05:29
xhqnrpm26ep	xmmd4gbhymq	紞	紞	dāng	1823	3	13	xp8jek6fgsp		2025-05-16 17:05:29	2025-05-16 17:05:29
x5smxkpbj6m			紏	gīu	1823	3	14	xp8jek6fgsp		2025-05-16 17:05:29	2025-05-16 17:05:29
xzre8mt6455	x6aw7z9drtp	紘	紘	hèng	1823	3	15	xp8jek6fgsp		2025-05-16 17:05:29	2025-05-16 17:05:29
xu59pbadgjp	xsksj9qqwj4	紛	紛	hŭng	1823	3	16	xp8jek6fgsp		2025-05-16 17:05:29	2025-05-16 17:05:29
xqb2tkq7n28			紡	huōng	1823	3	17	xp8jek6fgsp		2025-05-16 17:05:29	2025-05-16 17:05:29
xqkvztm88ww			紡	pūng	1823	3	17	xp8jek6fgsp		2025-05-16 17:05:29	2025-05-16 17:05:29
xqmga9ru2eh	x9xzffd9cyv	紝	紝	ìng	1823	3	18	xp8jek6fgsp		2025-05-16 17:05:29	2025-05-16 17:05:29
xdpj9x6ff9y	xcdz9ey85g6	納	納	năk	1823	3	19	xp8jek6fgsp		2025-05-16 17:05:29	2025-05-16 17:05:29
x2znuebjact	xbczcpdjger	紐	紐	nīu	1823	3	20	xp8jek6fgsp		2025-05-16 17:05:29	2025-05-16 17:05:29
xn2evc8a48v	xbczcpdjger	紐	紐	nìu	1823	3	20	xp8jek6fgsp		2025-05-16 17:05:29	2025-05-16 17:05:29
xjt8x4kxs2q			級	ngék	1823	3	21	xp8jek6fgsp		2025-05-16 17:05:29	2025-05-16 17:05:29
xy6mrp2c2jx	xfmqn7u5uw6	紊	紊	ông	1823	3	22	xp8jek6fgsp		2025-05-16 17:05:29	2025-05-16 17:05:29
xw33ewsdmg6	xcrp8bbhr4x	紑	紑	pèu	1824	1	1	xp8jek6fgsp		2025-05-16 17:05:29	2025-05-16 17:05:29
xqmg925mmp4	xzuxb82wjcr	紗	紗	să	1824	1	2	xp8jek6fgsp		2025-05-16 17:05:29	2025-05-16 17:05:29
xjhku7h2ycr			索	sáuk	1824	1	3	xp8jek6fgsp		2025-05-16 17:05:29	2025-05-16 17:05:29
x7v2e4x5qza			索	só̤h	1824	1	3	xp8jek6fgsp		2025-05-16 17:05:29	2025-05-16 17:05:29
x4qxaffzjzr	xhf23ghvqka	素	素	só	1824	1	4	xp8jek6fgsp		2025-05-16 17:05:29	2025-05-16 17:05:29
x2nk49pc5rg	xnj52ssj34g	純	純	sùng	1824	1	5	xp8jek6fgsp		2025-05-16 17:05:29	2025-05-16 17:05:29
xufqtzbthtz	xnj52ssj34g	純	純	dòng	1824	1	5	xp8jek6fgsp		2025-05-16 17:05:29	2025-05-16 17:05:29
x2vj95ypg5c	xnj52ssj34g	純	純	sèu	1824	1	5	xp8jek6fgsp		2025-05-16 17:05:29	2025-05-16 17:05:29
xv62qgj8ugv			⿰糸㝉	tṳ̄	1824	1	6	xp8jek6fgsp		2025-05-16 17:05:29	2025-05-16 17:05:29
x9x7uzsmjqx	xhq5r5dx9z3	紜	紜	ùng	1824	1	7	xp8jek6fgsp		2025-05-16 17:05:29	2025-05-16 17:05:29
xufpaasbdt2			絆	buâng	1824	1	8	xp8jek6fgsp		2025-05-16 17:05:29	2025-05-16 17:05:29
xh7uwh8aq6q			紥	cák	1824	1	9	xp8jek6fgsp		2025-05-16 17:05:29	2025-05-16 17:05:29
xrkjbwf2ekb	x6k768ejxpf	紫	紫	ciē	1824	1	10	xp8jek6fgsp		2025-05-16 17:05:29	2025-05-16 17:05:29
xf8gu4tmdxt	x9acpx8tk7g	紾	紾	cīng	1824	1	11	xp8jek6fgsp		2025-05-16 17:05:29	2025-05-16 17:05:29
xx9yx9jv9vq	xawx7ky2xpn	組	組	cū	1824	1	12	xp8jek6fgsp		2025-05-16 17:05:29	2025-05-16 17:05:29
x689z99cjkq			終	cṳ̆ng	1824	1	13	xp8jek6fgsp		2025-05-16 17:05:29	2025-05-16 17:05:29
xwkj7xv6f4x	x6j4c92bdq6	紿	紿	dāi	1824	1	14	xp8jek6fgsp		2025-05-16 17:05:29	2025-05-16 17:05:29
xnsk2bw7nzf			䋎	dák	1824	1	15	xp8jek6fgsp		2025-05-16 17:05:29	2025-05-16 17:05:29
x9k9qfq2cyx			紬	dìu	1824	1	16	xp8jek6fgsp		2025-05-16 17:05:29	2025-05-16 17:05:29
x3vs4msk65g			紬	tiêu	1824	1	16	xp8jek6fgsp		2025-05-16 17:05:29	2025-05-16 17:05:29
xm5ms2fzf44			紽	dò̤	1824	1	17	xp8jek6fgsp		2025-05-16 17:05:29	2025-05-16 17:05:29
xsmm3x25kew			絅	gēng	1824	1	18	xp8jek6fgsp		2025-05-16 17:05:29	2025-05-16 17:05:29
x8cth3d2jq7	xzvzq7tbb4m	紺	紺	hāng	1824	1	19	xp8jek6fgsp		2025-05-16 17:05:29	2025-05-16 17:05:29
x4ysrfwp8xv			絃	hièng	1824	1	20	xp8jek6fgsp		2025-05-16 17:05:29	2025-05-16 17:05:29
xxwjmfz3r9m	x67guh6yvgu	紼	紼	hók	1824	1	21	xp8jek6fgsp		2025-05-16 17:05:29	2025-05-16 17:05:29
xt75zu93vv9	xfazamccmvw	紱	紱	hók	1824	1	22	xp8jek6fgsp		2025-05-16 17:05:29	2025-05-16 17:05:29
xexv993trny	x33j9e58kk5	絀	絀	kók	1824	2	1	xp8jek6fgsp		2025-05-16 17:05:29	2025-05-16 17:05:29
xwcebsqk42u	x33j9e58kk5	絀	絀	tók	1824	2	1	xp8jek6fgsp		2025-05-16 17:05:29	2025-05-16 17:05:29
x2kmj3vmdzb	x33j9e58kk5	絀	絀	ciók	1824	2	1	xp8jek6fgsp		2025-05-16 17:05:29	2025-05-16 17:05:29
xcrsnknywaw			絇	kṳ̆	1824	2	2	xp8jek6fgsp		2025-05-16 17:05:29	2025-05-16 17:05:29
x37j6rx7sze			累	lūi	1824	2	3	xp8jek6fgsp		2025-05-16 17:05:29	2025-05-16 17:05:29
xnjj9wtdtj4			累	lôi	1824	2	3	xp8jek6fgsp		2025-05-16 17:05:29	2025-05-16 17:05:29
xnqtqzbjnj6	xydvche4t58	細	細	sá̤	1824	2	4	xp8jek6fgsp		2025-05-16 17:05:29	2025-05-16 17:05:29
xdvchkyq69c	xevy6gvqapf	絁	絁	siĕ	1824	2	5	xp8jek6fgsp		2025-05-16 17:05:29	2025-05-16 17:05:29
x56cg8xw629			紲	siék	1824	2	6	xp8jek6fgsp		2025-05-16 17:05:29	2025-05-16 17:05:29
xuapfpfzeqd	xkmgv49ygch	紹	紹	siêu	1824	2	7	xp8jek6fgsp		2025-05-16 17:05:29	2025-05-16 17:05:29
x3tb33by4t7			紳	sĭng	1824	2	8	xp8jek6fgsp		2025-05-16 17:05:29	2025-05-16 17:05:29
xuehq8qszqn	x8tfnnbt2mc	紵	紵	tṳ̄	1824	2	9	xp8jek6fgsp		2025-05-16 17:05:29	2025-05-16 17:05:29
xmqyx75jn88			絶	cuŏk	1824	2	10	xp8jek6fgsp	原書有誤，已更正	2025-05-16 17:05:29	2025-05-16 17:05:29
xrxz7tyeumx	xkaa8fz8cra	絰	絰	diĕk	1824	2	11	xp8jek6fgsp		2025-05-16 17:05:29	2025-05-16 17:05:29
xznp9vx76gp	xn5cda2b84v	絳	絳	gáung	1824	2	12	xp8jek6fgsp		2025-05-16 17:05:29	2025-05-16 17:05:29
xwvz4aa23dc	xzgr377vag4	給	給	gék	1824	2	13	xp8jek6fgsp		2025-05-16 17:05:29	2025-05-16 17:05:29
xv33gguzfre			結	giék	1824	2	14	xp8jek6fgsp		2025-05-16 17:05:29	2025-05-16 17:05:29
x6dpchgmn5c			結	gáik	1824	2	14	xp8jek6fgsp		2025-05-16 17:05:29	2025-05-16 17:05:29
xp4ef3ufys5	x9hnbvtj5b3	絜	絜	giék	1824	2	15	xp8jek6fgsp		2025-05-16 17:05:29	2025-05-16 17:05:29
x4nhmsfkec7	x9hnbvtj5b3	絜	絜	giĕk	1824	2	15	xp8jek6fgsp		2025-05-16 17:05:29	2025-05-16 17:05:29
xjxm53cf9gk			絞	giēu	1824	2	16	xp8jek6fgsp		2025-05-16 17:05:29	2025-05-16 17:05:29
xgrzwuutuwb			絞	gā	1824	2	16	xp8jek6fgsp		2025-05-16 17:05:29	2025-05-16 17:05:29
xuap5dh7v9p	xnfcm2rquda	絢	絢	hióng	1824	2	17	xp8jek6fgsp		2025-05-16 17:05:29	2025-05-16 17:05:29
xfr9queax5k	xu964x23mqq	絪	絪	ĭng	1824	2	18	xp8jek6fgsp		2025-05-16 17:05:29	2025-05-16 17:05:29
x8rf83hc5jc			絡	lŏk	1824	2	19	xp8jek6fgsp		2025-05-16 17:05:29	2025-05-16 17:05:29
xkxwtnwge4s			絡	lŏ̤h	1824	2	19	xp8jek6fgsp		2025-05-16 17:05:29	2025-05-16 17:05:29
xhytxh36p7e			𥿯	puái	1824	2	20	xp8jek6fgsp		2025-05-16 17:05:29	2025-05-16 17:05:29
xagmqzq7dqk			絮	sé̤ṳ	1824	2	21	xp8jek6fgsp		2025-05-16 17:05:29	2025-05-16 17:05:29
xx7h93zbes3			𢇁	sĭ	1824	2	22	xp8jek6fgsp		2025-05-16 17:05:29	2025-05-16 17:05:29
x6rkeb42eyd			絏	siék	1824	3	1	xp8jek6fgsp		2025-05-16 17:05:29	2025-05-16 17:05:29
xrva3gb39a6	xx2dg4x5kjg	絛	絛	tŏ̤	1824	3	2	xp8jek6fgsp		2025-05-16 17:05:29	2025-05-16 17:05:29
xwrvkrtjq3p	xj8wraum8rq	統	統	tūng	1824	3	3	xp8jek6fgsp		2025-05-16 17:05:29	2025-05-16 17:05:29
xw6e26trm4p	xjdmetm2b23	絨	絨	ṳ̀ng	1824	3	4	xp8jek6fgsp		2025-05-16 17:05:29	2025-05-16 17:05:29
xb9eqxp9nd4	xqtf9hr5fcr	綁	綁	bōng	1824	3	5	xp8jek6fgsp		2025-05-16 17:05:29	2025-05-16 17:05:29
xkdg96cueck	xqtf9hr5fcr	綁	綁	buōng	1824	3	5	xp8jek6fgsp		2025-05-16 17:05:29	2025-05-16 17:05:29
xg5eer7uwnu			䋠	buō	1824	3	6	xp8jek6fgsp		2025-05-16 17:05:29	2025-05-16 17:05:29
xmf4p3cvfq9	xx4ka58hz93	綏	綏	chŭi	1824	3	7	xp8jek6fgsp		2025-05-16 17:05:29	2025-05-16 17:05:29
xvgk45trfjv	xkf9ufjqmsk	綆	綆	gēng	1824	3	8	xp8jek6fgsp		2025-05-16 17:05:29	2025-05-16 17:05:29
xtbm8d8xfdy			經	gĭng	1824	3	9	xp8jek6fgsp		2025-05-16 17:05:29	2025-05-16 17:05:29
xbrfmnn8gav			經	giăng	1824	3	9	xp8jek6fgsp		2025-05-16 17:05:29	2025-05-16 17:05:29
xt2f8v7mqx4			絹	gióng	1824	3	10	xp8jek6fgsp		2025-05-16 17:05:29	2025-05-16 17:05:29
x4jgyswvzeb			絹	géng	1824	3	10	xp8jek6fgsp		2025-05-16 17:05:29	2025-05-16 17:05:29
xqd43tenjty			絹	giōng	1824	3	10	xp8jek6fgsp		2025-05-16 17:05:29	2025-05-16 17:05:29
xc8az26vrck	xrpeht2cbjv	絿	絿	gìu	1824	3	11	xp8jek6fgsp		2025-05-16 17:05:29	2025-05-16 17:05:29
x7g5c6xszjs	xhmavhdee6h	絺	絺	hĭ	1824	3	12	xp8jek6fgsp		2025-05-16 17:05:29	2025-05-16 17:05:29
xqd4xkvac7h	xka5h6k7s7s	綍	綍	hók	1824	3	13	xp8jek6fgsp		2025-05-16 17:05:29	2025-05-16 17:05:29
xcjg2htg7ra	xvvrqfmp64p	綌	綌	kék	1824	3	14	xp8jek6fgsp		2025-05-16 17:05:29	2025-05-16 17:05:29
xea3a9u9tkb			綑	kūng	1824	3	15	xp8jek6fgsp		2025-05-16 17:05:29	2025-05-16 17:05:29
xvzgys52428			綉	séu	1824	3	16	xp8jek6fgsp		2025-05-16 17:05:29	2025-05-16 17:05:29
xqvwx688q9j	xyh34yf7kve	絲	絲	sĭ	1824	3	17	xp8jek6fgsp		2025-05-16 17:05:29	2025-05-16 17:05:29
xxf2g5a76bd	xkmhfsqtp66	綃	綃	siĕu	1824	3	18	xp8jek6fgsp		2025-05-16 17:05:29	2025-05-16 17:05:29
xqd3vpud6ug			綈	tá̤	1824	3	19	xp8jek6fgsp		2025-05-16 17:05:29	2025-05-16 17:05:29
xae3h3gfa7h			綄	uāng	1824	3	20	xp8jek6fgsp		2025-05-16 17:05:29	2025-05-16 17:05:29
xbrqrdg5een			綄	huàng	1824	3	20	xp8jek6fgsp		2025-05-16 17:05:29	2025-05-16 17:05:29
xzx393vuzc9	xaqyps8makn	繃	繃	bĕng	1824	3	21	xp8jek6fgsp		2025-05-16 17:05:29	2025-05-16 17:05:29
xep9y453u3s	xcbn25u5sbk	緅	緅	cĕu	1824	3	22	xp8jek6fgsp		2025-05-16 17:05:29	2025-05-16 17:05:29
xcvewf37qg4	x2f2cdc232n	緇	緇	cṳ̆	1825	1	1	xp8jek6fgsp		2025-05-16 17:05:29	2025-05-16 17:05:29
xmch44rsaps	xay9jv5q89r	綴	綴	cuók	1825	1	2	xp8jek6fgsp		2025-05-16 17:05:29	2025-05-16 17:05:29
xmd5phugr9j			緀	chă̤	1825	1	3	xp8jek6fgsp		2025-05-16 17:05:29	2025-05-16 17:05:29
xs4k7ef9nqa	x8hs7g4mjs7	綵	綵	chāi	1825	1	4	xp8jek6fgsp		2025-05-16 17:05:29	2025-05-16 17:05:29
xnf3cgbfvd9	xp7hh577kj7	綽	綽	chiók	1825	1	5	xp8jek6fgsp		2025-05-16 17:05:29	2025-05-16 17:05:29
x3qbqfnd7uf	xaytyxq7bdq	綻	綻	dêng	1825	1	6	xp8jek6fgsp		2025-05-16 17:05:29	2025-05-16 17:05:29
x6b8ggknqm2	x32xq4gvuzn	綢	綢	dìu	1825	1	7	xp8jek6fgsp		2025-05-16 17:05:29	2025-05-16 17:05:29
xw6crwzf32r	x32xq4gvuzn	綢	綢	diĕu	1825	1	7	xp8jek6fgsp		2025-05-16 17:05:29	2025-05-16 17:05:29
xs8gmhcpuuk	x32xq4gvuzn	綢	綢	tŏ̤	1825	1	7	xp8jek6fgsp		2025-05-16 17:05:29	2025-05-16 17:05:29
x7w5pztpqjr	xq9q4aw3e92	綯	綯	dò̤	1825	1	8	xp8jek6fgsp		2025-05-16 17:05:29	2025-05-16 17:05:29
xf6y9fe7929	xtw7423sbpp	綦	綦	gĭ	1825	1	9	xp8jek6fgsp		2025-05-16 17:05:29	2025-05-16 17:05:29
xz7dwxwd7th	xxs9wwdnunq	緊	緊	gīng	1825	1	10	xp8jek6fgsp		2025-05-16 17:05:29	2025-05-16 17:05:29
xyrs7a4nzka	xsy5hhjuah4	綱	綱	gŏng	1825	1	11	xp8jek6fgsp		2025-05-16 17:05:29	2025-05-16 17:05:29
xg9grusvxd6			綰	guāng	1825	1	12	xp8jek6fgsp		2025-05-16 17:05:29	2025-05-16 17:05:29
xgy3e7azgzb			綰	uāng	1825	1	12	xp8jek6fgsp		2025-05-16 17:05:29	2025-05-16 17:05:29
xzdbmvezfdm	xam7xkhtcd8	緄	緄	gūng	1825	1	13	xp8jek6fgsp		2025-05-16 17:05:29	2025-05-16 17:05:29
xmbcdmfsdt9	xgnj5bedsup	綣	綣	guóng	1825	1	14	xp8jek6fgsp		2025-05-16 17:05:29	2025-05-16 17:05:29
xpdewmj3cwn	x8edpp4bqep	綺	綺	kiē	1825	1	15	xp8jek6fgsp		2025-05-16 17:05:29	2025-05-16 17:05:29
xv3nmxfa9qd	xtravshwwn4	綮	綮	kiē	1825	1	16	xp8jek6fgsp		2025-05-16 17:05:29	2025-05-16 17:05:29
xpp4x665e4c	xt82aqarddb	綾	綾	lìng	1825	1	17	xp8jek6fgsp		2025-05-16 17:05:29	2025-05-16 17:05:29
xs2fcd9tcx8	x8arpx7gfe9	綹	綹	līu	1825	1	18	xp8jek6fgsp		2025-05-16 17:05:29	2025-05-16 17:05:29
x98urzm5w2w			綠	lṳ̆k	1825	1	19	xp8jek6fgsp		2025-05-16 17:05:29	2025-05-16 17:05:29
xtrmgxjxh9z			綠	luŏh	1825	1	19	xp8jek6fgsp	原書有誤，已更正	2025-05-16 17:05:29	2025-05-16 17:05:29
xvfzfsw9btp	xnjrk48kmuk	綸	綸	lùng	1825	1	20	xp8jek6fgsp		2025-05-16 17:05:29	2025-05-16 17:05:29
x4vy6bhm4ck	xnjrk48kmuk	綸	綸	guăng	1825	1	20	xp8jek6fgsp		2025-05-16 17:05:29	2025-05-16 17:05:29
xqp5c7kzkc2	x7xkmuchcdh	𦁧	𦁧	mâe̤ng	1825	1	21	xp8jek6fgsp		2025-05-16 17:05:29	2025-05-16 17:05:29
xp3bd5jjnde	xvn7huu26p5	維	維	mì	1825	1	22	xp8jek6fgsp		2025-05-16 17:05:29	2025-05-16 17:05:29
x557myu7pkk	xhrc252edaa	綿	綿	mièng	1825	1	23	xp8jek6fgsp		2025-05-16 17:05:29	2025-05-16 17:05:29
xj3fk7spt7b	x8ahx7g5nj3	緎	緎	mĭk	1825	2	1	xp8jek6fgsp		2025-05-16 17:05:29	2025-05-16 17:05:29
xuexvhbwr3q	xx5rhnnqcsy	緋	緋	pĭ	1825	2	2	xp8jek6fgsp		2025-05-16 17:05:29	2025-05-16 17:05:29
x4mxetyt9ds	xxjnaxgddtn	綬	綬	sêu	1825	2	3	xp8jek6fgsp		2025-05-16 17:05:29	2025-05-16 17:05:29
xq88n3hxgce			綫	siáng	1825	2	4	xp8jek6fgsp		2025-05-16 17:05:29	2025-05-16 17:05:29
x67nfxsjdku			䋲	sìng	1825	2	5	xp8jek6fgsp		2025-05-16 17:05:29	2025-05-16 17:05:29
xqk2ykc2mn2	x9dm2pm6cwp	緌	緌	ŭi	1825	2	6	xp8jek6fgsp		2025-05-16 17:05:29	2025-05-16 17:05:29
xw5dzjshxzy	xhwj2qmcsu3	網	網	uōng	1825	2	7	xp8jek6fgsp		2025-05-16 17:05:29	2025-05-16 17:05:29
xkv9bktzu3k	xtmhj6db5ru	緶	緶	bièng	1825	2	8	xp8jek6fgsp		2025-05-16 17:05:29	2025-05-16 17:05:29
x6r9m8surf2	xu2dypv3na9	緝	緝	cék	1825	2	9	xp8jek6fgsp		2025-05-16 17:05:29	2025-05-16 17:05:29
x32nx9ctudb	xd8zq89dfzc	締	締	dâ̤	1825	2	10	xp8jek6fgsp		2025-05-16 17:05:29	2025-05-16 17:05:29
xtdhkz856ev			縀	dâung	1825	2	11	xp8jek6fgsp		2025-05-16 17:05:29	2025-05-16 17:05:29
xpmwv8frwh7	xdys4b4d94m	緞	緞	dâung	1825	2	11	xp8jek6fgsp		2025-05-16 17:05:29	2025-05-16 17:05:29
xh3x93m4h86			緻	dé	1825	2	12	xp8jek6fgsp		2025-05-16 17:05:29	2025-05-16 17:05:29
xzyqt7anp22	xfkhvxnxng5	緙	緙	gáik	1825	2	13	xp8jek6fgsp		2025-05-16 17:05:29	2025-05-16 17:05:29
x676882btkp	xq6tysyz6kt	緘	緘	hàng	1825	2	14	xp8jek6fgsp		2025-05-16 17:05:29	2025-05-16 17:05:29
x7m7mubvfbr			緯	hói	1825	2	15	xp8jek6fgsp		2025-05-16 17:05:29	2025-05-16 17:05:29
x57k44jcsmv	xaqepu9msp6	緩	緩	huâng	1825	2	16	xp8jek6fgsp		2025-05-16 17:05:29	2025-05-16 17:05:29
xv99mqrebvh	x4zd3chcdby	緣	緣	iòng	1825	2	17	xp8jek6fgsp		2025-05-16 17:05:29	2025-05-16 17:05:29
xvvg3yyt92y	x4zd3chcdby	緣	緣	iông	1825	2	17	xp8jek6fgsp		2025-05-16 17:05:29	2025-05-16 17:05:29
xj6wht47ctt			縁	iòng	1825	2	17	xp8jek6fgsp		2025-05-16 17:05:29	2025-05-16 17:05:29
x84jhrh7sa3			縁	iông	1825	2	17	xp8jek6fgsp		2025-05-16 17:05:29	2025-05-16 17:05:29
x2tsjbgj7kn	xaqhj4kurmt	練	練	liêng	1825	2	18	xp8jek6fgsp		2025-05-16 17:05:29	2025-05-16 17:05:29
xv5ztb8xmfc	x48rmn5p65m	緬	緬	miēng	1825	2	19	xp8jek6fgsp		2025-05-16 17:05:29	2025-05-16 17:05:29
xyq7futdzt8			緜	mièng	1825	2	20	xp8jek6fgsp		2025-05-16 17:05:29	2025-05-16 17:05:29
xe39m6pxurc			緡	mìng	1825	2	21	xp8jek6fgsp		2025-05-16 17:05:29	2025-05-16 17:05:29
xxzp62p9nv8			編	piĕng	1825	2	22	xp8jek6fgsp		2025-05-16 17:05:29	2025-05-16 17:05:29
x45ggt7h9jk	xtdjpmwc9pn	緒	緒	sê̤ṳ	1825	2	23	xp8jek6fgsp		2025-05-16 17:05:29	2025-05-16 17:05:29
xrv3jr3fgq6	xtq48bpd47g	線	線	siáng	1825	3	1	xp8jek6fgsp		2025-05-16 17:05:29	2025-05-16 17:05:29
xrdyxnwhx7f	xbqjqjdjge5	緗	緗	siông	1825	3	2	xp8jek6fgsp		2025-05-16 17:05:29	2025-05-16 17:05:29
xtrf4pr84vd	xff82bxkpr6	緦	緦	sṳ̆	1825	3	3	xp8jek6fgsp		2025-05-16 17:05:29	2025-05-16 17:05:29
xyqwye7bzd8			緼	ūng	1825	3	4	xp8jek6fgsp		2025-05-16 17:05:29	2025-05-16 17:05:29
x7m6cspvedb			緼	ŭng	1825	3	4	xp8jek6fgsp		2025-05-16 17:05:29	2025-05-16 17:05:29
xmtspvktftk	xfz2zpqx9qc	縛	縛	buŏh	1825	3	5	xp8jek6fgsp		2025-05-16 17:05:29	2025-05-16 17:05:29
xnghyau42d4	x8583xh6ers	縐	縐	cáiu	1825	3	6	xp8jek6fgsp		2025-05-16 17:05:29	2025-05-16 17:05:29
xuzghgmmwgn	xqny7wbejvt	縉	縉	céng	1825	3	7	xp8jek6fgsp		2025-05-16 17:05:29	2025-05-16 17:05:29
xyu2dsdh7a4	x46m7nnrp73	縝	縝	cīng	1825	3	8	xp8jek6fgsp		2025-05-16 17:05:29	2025-05-16 17:05:29
xwjnzeqzgaw			縓	chuăng	1825	3	9	xp8jek6fgsp		2025-05-16 17:05:29	2025-05-16 17:05:29
x9gtfbt8dun	xctqbx3ds4r	縋	縋	dôi	1825	3	10	xp8jek6fgsp		2025-05-16 17:05:29	2025-05-16 17:05:29
xzjjhptup6g	xysngr5wn6x	縣	縣	gâing	1825	3	11	xp8jek6fgsp		2025-05-16 17:05:29	2025-05-16 17:05:29
x3v9z9vmnks	x48xbumetcp	縑	縑	giĕng	1825	3	12	xp8jek6fgsp		2025-05-16 17:05:29	2025-05-16 17:05:29
xxw762y9ehq	x7zbak37rt4	縞	縞	gō̤	1825	3	13	xp8jek6fgsp		2025-05-16 17:05:29	2025-05-16 17:05:29
xn5wr4un22u	xnfr354twba	縊	縊	ié	1825	3	14	xp8jek6fgsp		2025-05-16 17:05:29	2025-05-16 17:05:29
x9uas279uq6	xkxgc6ndz6e	縈	縈	ìng	1825	3	15	xp8jek6fgsp		2025-05-16 17:05:29	2025-05-16 17:05:29
xchczcvm24f			䌇	sáuk	1825	3	16	xp8jek6fgsp		2025-05-16 17:05:29	2025-05-16 17:05:29
xhwkbeeaxd7	xz8aycqnr8p	縗	縗	sŏi	1825	3	17	xp8jek6fgsp		2025-05-16 17:05:29	2025-05-16 17:05:29
xy3umegv3ug			縚	tŏ̤	1825	3	18	xp8jek6fgsp		2025-05-16 17:05:29	2025-05-16 17:05:29
x5fctztphgb	xajwuwnc2fe	縟	縟	ṳ̆k	1825	3	19	xp8jek6fgsp		2025-05-16 17:05:29	2025-05-16 17:05:29
x4jj2wx6asg	xaqyps8makn	繃	繃	bĕng	1825	3	20	xp8jek6fgsp		2025-05-16 17:05:29	2025-05-16 17:05:29
xhwnpscpnzg	x8jnfa3j6yc	縶	縶	cék	1825	3	21	xp8jek6fgsp		2025-05-16 17:05:29	2025-05-16 17:05:29
xuug492vdu5			績	cék	1825	3	22	xp8jek6fgsp		2025-05-16 17:05:29	2025-05-16 17:05:29
x2jzhfccc9m			績	cáh	1825	3	22	xp8jek6fgsp		2025-05-16 17:05:29	2025-05-16 17:05:29
x7wsskwjq8f	xfzcnz67cea	縱	縱	cé̤ṳng	1825	3	23	xp8jek6fgsp		2025-05-16 17:05:29	2025-05-16 17:05:29
xssc7qc8sct	xfzcnz67cea	縱	縱	cŭng	1825	3	23	xp8jek6fgsp		2025-05-16 17:05:29	2025-05-16 17:05:29
xbxrb2syj4s			總	cūng	1826	1	1	xp8jek6fgsp		2025-05-16 17:05:29	2025-05-16 17:05:29
x3abax6k2xv	xhfdvegmjkg	繁	繁	huàng	1826	1	2	xp8jek6fgsp		2025-05-16 17:05:29	2025-05-16 17:05:29
x4a4vv9bpqg	xke3ffj9s3f	繇	繇	ìu	1826	1	3	xp8jek6fgsp		2025-05-16 17:05:29	2025-05-16 17:05:29
xc2xzx65dbj	xke3ffj9s3f	繇	繇	ièu	1826	1	3	xp8jek6fgsp		2025-05-16 17:05:29	2025-05-16 17:05:29
xkff5xaktm3			縷	lé̤ṳ	1826	1	4	xp8jek6fgsp		2025-05-16 17:05:29	2025-05-16 17:05:29
xrvqjqzms3n	xyf4h8tgn9m	縭	縭	liè	1826	1	5	xp8jek6fgsp		2025-05-16 17:05:29	2025-05-16 17:05:29
xwwb5fwn3nj	xd3tj76b8ds	縲	縲	lùi	1826	1	6	xp8jek6fgsp		2025-05-16 17:05:29	2025-05-16 17:05:29
xskwqp567vw	xrxbqtbx5p4	繂	繂	lŭk	1826	1	7	xp8jek6fgsp		2025-05-16 17:05:29	2025-05-16 17:05:29
x2bvrryhkdq			糜	mì	1826	1	8	xp8jek6fgsp		2025-05-16 17:05:29	2025-05-16 17:05:29
xyzm7xqh9z2			繆	mièu	1826	1	9	xp8jek6fgsp		2025-05-16 17:05:29	2025-05-16 17:05:29
xwpnzkuetpm	xdaw5vzxt36	縹	縹	piēu	1826	1	10	xp8jek6fgsp		2025-05-16 17:05:29	2025-05-16 17:05:29
x5dbgqc425w			縫	pùng	1826	1	11	xp8jek6fgsp		2025-05-16 17:05:29	2025-05-16 17:05:29
xscj885f3u3			縫	bùng	1826	1	11	xp8jek6fgsp		2025-05-16 17:05:29	2025-05-16 17:05:29
xhtymehtx52			縮	sáuk	1826	1	12	xp8jek6fgsp		2025-05-16 17:05:29	2025-05-16 17:05:29
xs8kssppnc2			縮	té̤ṳk	1826	1	12	xp8jek6fgsp		2025-05-16 17:05:29	2025-05-16 17:05:29
xe3m7nxvhm3			繅	sŏ̤	1826	1	13	xp8jek6fgsp		2025-05-16 17:05:29	2025-05-16 17:05:29
xpbmzczbutt	xfkuyggrt3w	織	織	cék	1826	1	14	xp8jek6fgsp		2025-05-16 17:05:29	2025-05-16 17:05:29
xf2nnm6pbps	xhp68adss4y	繒	繒	cĕng	1826	1	15	xp8jek6fgsp		2025-05-16 17:05:29	2025-05-16 17:05:29
xy4673bhmzz	xb8gavdxdqw	繐	繐	hiê	1826	1	16	xp8jek6fgsp		2025-05-16 17:05:29	2025-05-16 17:05:29
xajz2ebu586			繙	huăng	1826	1	17	xp8jek6fgsp		2025-05-16 17:05:29	2025-05-16 17:05:29
xcwbpyqh6es	xuayngp79rr	繢	繢	huôi	1826	1	18	xp8jek6fgsp		2025-05-16 17:05:29	2025-05-16 17:05:29
xrsyzkzaw6z	xa5g7m4urkq	繚	繚	lièu	1826	1	19	xp8jek6fgsp		2025-05-16 17:05:29	2025-05-16 17:05:29
xrh2zt6p522	xa5g7m4urkq	繚	繚	liēu	1826	1	19	xp8jek6fgsp		2025-05-16 17:05:29	2025-05-16 17:05:29
x7dhyjtp4wx			繞	nāu	1826	1	20	xp8jek6fgsp		2025-05-16 17:05:29	2025-05-16 17:05:29
xekqv272m78			繖	sāng	1826	1	21	xp8jek6fgsp		2025-05-16 17:05:29	2025-05-16 17:05:29
xyzq2yj2yhb	xgvxyenw3ht	繕	繕	siêng	1826	1	22	xp8jek6fgsp		2025-05-16 17:05:29	2025-05-16 17:05:29
xurwyu9vpmh	xzpjp2htae7	繘	繘	ṳ̆k	1826	1	23	xp8jek6fgsp		2025-05-16 17:05:29	2025-05-16 17:05:29
xukw445222h	xbnhzkk4rup	纃	纃	cá̤	1826	2	1	xp8jek6fgsp		2025-05-16 17:05:29	2025-05-16 17:05:29
xwn3xt9ybrn			繭	giēng	1826	2	2	xp8jek6fgsp		2025-05-16 17:05:29	2025-05-16 17:05:29
xen6572as8u	xgbrrd4yb5b	繳	繳	giēu	1826	2	3	xp8jek6fgsp		2025-05-16 17:05:29	2025-05-16 17:05:29
xu3sabktk9y	xgbrrd4yb5b	繳	繳	chiók	1826	2	3	xp8jek6fgsp		2025-05-16 17:05:29	2025-05-16 17:05:29
xtyq9a3fea8			𦅾	giēu	1826	2	3	xp8jek6fgsp		2025-05-16 17:05:29	2025-05-16 17:05:29
x9gkkdxsxzh			𦅾	chiók	1826	2	3	xp8jek6fgsp		2025-05-16 17:05:29	2025-05-16 17:05:29
xrn4emjwh8e			繫	hiê	1826	2	4	xp8jek6fgsp		2025-05-16 17:05:29	2025-05-16 17:05:29
xrtk498622w	xmd24tfhj4n	繪	繪	huôi	1826	2	5	xp8jek6fgsp		2025-05-16 17:05:29	2025-05-16 17:05:29
x42rntw3gqy	x5z7b8na7ff	繹	繹	ĭk	1826	2	6	xp8jek6fgsp		2025-05-16 17:05:29	2025-05-16 17:05:29
xwgt85f5b35			繸	sói	1826	2	8	xp8jek6fgsp		2025-05-16 17:05:29	2025-05-16 17:05:29
x63qw3w46z8	xz2sv6npytt	辮	辮	biêng	1826	2	9	xp8jek6fgsp		2025-05-16 17:05:29	2025-05-16 17:05:29
xz7wy9dszyg	xq3bw7qkdd2	繽	繽	bĭng	1826	2	10	xp8jek6fgsp		2025-05-16 17:05:29	2025-05-16 17:05:29
xtv6mwmpwzm			纂	cuāng	1826	2	11	xp8jek6fgsp		2025-05-16 17:05:29	2025-05-16 17:05:29
xnpanj982ke	x7dfkkdpfmf	繼	繼	gié	1826	2	12	xp8jek6fgsp		2025-05-16 17:05:29	2025-05-16 17:05:29
x89xrm7ujpk	xw9q7ny2hz3	纁	纁	hṳ̆ng	1826	2	13	xp8jek6fgsp		2025-05-16 17:05:29	2025-05-16 17:05:29
xqx2d9fatnj	xbcjkrusn67	繾	繾	kiēng	1826	2	14	xp8jek6fgsp		2025-05-16 17:05:29	2025-05-16 17:05:29
xjuhv9xbktq	xtyr3vp5kru	繡	繡	séu	1826	2	15	xp8jek6fgsp		2025-05-16 17:05:29	2025-05-16 17:05:29
xquwu8v7tv6	x6qg7zyhng2	繻	繻	sṳ̆	1826	2	16	xp8jek6fgsp		2025-05-16 17:05:29	2025-05-16 17:05:29
xkeestm823d			纒	dièng	1826	2	17	xp8jek6fgsp		2025-05-16 17:05:29	2025-05-16 17:05:29
x7b2eg6efr5	xzfqsrb5qf6	纈	纈	giék	1826	2	18	xp8jek6fgsp		2025-05-16 17:05:29	2025-05-16 17:05:29
xyzwhkr8hue	xwd4txbz8kp	纊	纊	kuōng	1826	2	19	xp8jek6fgsp		2025-05-16 17:05:29	2025-05-16 17:05:29
xa7uah3wwgh			纇	lŏi	1826	2	20	xp8jek6fgsp		2025-05-16 17:05:29	2025-05-16 17:05:29
xkm23hy24dk			纇	lôi	1826	2	20	xp8jek6fgsp		2025-05-16 17:05:29	2025-05-16 17:05:29
xz9qa3583cb			纍	lùi	1826	2	21	xp8jek6fgsp		2025-05-16 17:05:29	2025-05-16 17:05:29
x756szvh5gg	x4h336juge5	纆	纆	mĕ̤k	1826	2	22	xp8jek6fgsp		2025-05-16 17:05:29	2025-05-16 17:05:29
xu632xfrkwk	xdfgeds4rp7	續	續	sṳ̆k	1826	2	23	xp8jek6fgsp		2025-05-16 17:05:29	2025-05-16 17:05:29
xh2nmbg8ffc	xn3bncwmtn6	纑	纑	lù	1826	3	1	xp8jek6fgsp		2025-05-16 17:05:29	2025-05-16 17:05:29
x6ksf5znwkj	x6x2a6aac96	纔	纔	chăi	1826	3	2	xp8jek6fgsp		2025-05-16 17:05:29	2025-05-16 17:05:29
xeg7twzcrh6	x6x2a6aac96	纔	纔	chài	1826	3	2	xp8jek6fgsp		2025-05-16 17:05:29	2025-05-16 17:05:29
xckrmr9rhty			纖	chiĕng	1826	3	3	xp8jek6fgsp		2025-05-16 17:05:29	2025-05-16 17:05:29
xu3egjsb4un	xnjpz555tuf	纓	纓	ĭng	1826	3	4	xp8jek6fgsp		2025-05-16 17:05:29	2025-05-16 17:05:29
xnap9kv3b9z			纘	cuāng	1826	3	5	xp8jek6fgsp		2025-05-16 17:05:29	2025-05-16 17:05:29
x9nkyr8hfwu	x5acjufxuzx	纛	纛	dŭk	1826	3	6	xp8jek6fgsp		2025-05-16 17:05:29	2025-05-16 17:05:29
xk47ewx97aa	x75yc9fv273	纚	纚	sā̤	1826	3	7	xp8jek6fgsp		2025-05-16 17:05:29	2025-05-16 17:05:29
xbc2jczwage			䌳	siĕ	1826	3	8	xp8jek6fgsp		2025-05-16 17:05:29	2025-05-16 17:05:29
x6hx3zz593h	xpgj65v5md3	纜	纜	lāng	1826	3	9	xp8jek6fgsp		2025-05-16 17:05:29	2025-05-16 17:05:29
xubhy7c7yqm	xbe6ujxdhn8	缶	缶	pēu	1826	3	10	x37enmuj8j4		2025-05-16 17:05:29	2025-05-16 17:05:29
xpk4ys8awbe	xsf6ydmpt5t	釭	釭	gŏng	1826	3	11	x37enmuj8j4		2025-05-16 17:05:29	2025-05-16 17:05:29
xnq43an4twt			缷	siá	1826	3	12	x37enmuj8j4		2025-05-16 17:05:29	2025-05-16 17:05:29
xkk7wsyx7k3			缺	kuók	1826	3	13	x37enmuj8j4		2025-05-16 17:05:29	2025-05-16 17:05:29
xskgf8pse8q			缺	kiék	1826	3	13	x37enmuj8j4		2025-05-16 17:05:29	2025-05-16 17:05:29
xj6zg5uawzn			缾	bìng	1826	3	14	x37enmuj8j4		2025-05-16 17:05:29	2025-05-16 17:05:29
xcfsghjcr7n			罃	ĭng	1826	3	15	x37enmuj8j4		2025-05-16 17:05:29	2025-05-16 17:05:29
xc9q6fas27j			罅	hiă	1826	3	16	x37enmuj8j4		2025-05-16 17:05:29	2025-05-16 17:05:29
xmzkhda2ype			罄	kéng	1826	3	17	x37enmuj8j4		2025-05-16 17:05:29	2025-05-16 17:05:29
xywwngpxtkf			⿱殸𦈢	kéng	1826	3	17	x37enmuj8j4		2025-05-16 17:05:29	2025-05-16 17:05:29
xdcghnr8uxj			罇	cŏng	1826	3	18	x37enmuj8j4		2025-05-16 17:05:29	2025-05-16 17:05:29
xhc4y9s7scw			罈	tàng	1826	3	19	x37enmuj8j4		2025-05-16 17:05:29	2025-05-16 17:05:29
xcruq6nfnj7	xeeyfz3zbu2	罌	罌	ĭng	1826	3	20	x37enmuj8j4		2025-05-16 17:05:29	2025-05-16 17:05:29
xchfgyr8t3w	xrqjh7pgbr5	罍	罍	lòi	1826	3	21	x37enmuj8j4		2025-05-16 17:05:29	2025-05-16 17:05:29
xcre6vjxhvs	xkgphfubmxz	罐	罐	guáng	1826	3	22	x37enmuj8j4		2025-05-16 17:05:29	2025-05-16 17:05:29
xqfte32udzf			网	uōng	1827	1	1	xhrjuxh2rcc		2025-05-16 17:05:29	2025-05-16 17:05:29
xxmtfeydz6b	xyrqmkthugj	罕	罕	hāng	1827	1	2	xhrjuxh2rcc		2025-05-16 17:05:29	2025-05-16 17:05:29
xkp99euatcq			䍐	hāng	1827	1	2	xhrjuxh2rcc		2025-05-16 17:05:29	2025-05-16 17:05:29
xdy7mc5qabt	xe94svt2gb2	罔	罔	uōng	1827	1	3	xhrjuxh2rcc		2025-05-16 17:05:29	2025-05-16 17:05:29
xr94h6c8mq9	xk2kuy43k9g	罘	罘	pèu	1827	1	4	xhrjuxh2rcc		2025-05-16 17:05:29	2025-05-16 17:05:29
x38sw3dd72f	xned6puzbvh	罝	罝	ciă	1827	1	5	xhrjuxh2rcc		2025-05-16 17:05:29	2025-05-16 17:05:29
xvhtgdf22fd	xas76mfjzvx	罡	罡	gŏng	1827	1	6	xhrjuxh2rcc		2025-05-16 17:05:29	2025-05-16 17:05:29
xfr6krk7me6	xmd8xgkxr95	罛	罛	gŭ	1827	1	7	xhrjuxh2rcc		2025-05-16 17:05:29	2025-05-16 17:05:29
xz3xhdsa6st	xf7v3ysyhsy	罟	罟	gū	1827	1	8	xhrjuxh2rcc		2025-05-16 17:05:29	2025-05-16 17:05:29
xa7t8nha4b6			罣	guá	1827	1	9	xhrjuxh2rcc		2025-05-16 17:05:30	2025-05-16 17:05:30
xkykjgy7wb4	xtbjmu4t45t	罥	罥	giōng	1827	1	10	xhrjuxh2rcc		2025-05-16 17:05:30	2025-05-16 17:05:30
xsph5efsmq6	xygzcnzk3hg	罪	罪	cô̤i	1827	1	11	xhrjuxh2rcc		2025-05-16 17:05:30	2025-05-16 17:05:30
xj5f7grecpg	xk25wtjqs8d	䍜	䍜	dáe̤k	1827	1	12	xhrjuxh2rcc		2025-05-16 17:05:30	2025-05-16 17:05:30
x3pb9kvfw2r	xrn7mcpf8fk	罩	罩	dáu	1827	1	13	xhrjuxh2rcc		2025-05-16 17:05:30	2025-05-16 17:05:30
x8y4ur9zejq	x64vbhzez4q	置	置	dé	1827	1	14	xhrjuxh2rcc		2025-05-16 17:05:30	2025-05-16 17:05:30
xpstzhr27x6			罭	mĭk	1827	1	15	xhrjuxh2rcc		2025-05-16 17:05:30	2025-05-16 17:05:30
x5ck6fng8cj			罧	sĕng	1827	1	16	xhrjuxh2rcc		2025-05-16 17:05:30	2025-05-16 17:05:30
xngqw5zvgb3	xuj58sdwz7f	罰	罰	huăk	1827	1	17	xhrjuxh2rcc		2025-05-16 17:05:30	2025-05-16 17:05:30
xw2vc7ya5tw	xtnenanx4y9	罳	罳	cṳ̆	1827	1	18	xhrjuxh2rcc		2025-05-16 17:05:30	2025-05-16 17:05:30
x3ez6cw82tu	x8z3jygf39h	署	署	sṳ̄	1827	1	19	xhrjuxh2rcc		2025-05-16 17:05:30	2025-05-16 17:05:30
xjhmqnfhz34	xb9xp25ewe2	罷	罷	bâ	1827	1	20	xhrjuxh2rcc		2025-05-16 17:05:30	2025-05-16 17:05:30
xw3b8gfhqpk	xb9xp25ewe2	罷	罷	pì	1827	1	20	xhrjuxh2rcc		2025-05-16 17:05:30	2025-05-16 17:05:30
xsxt5vpe9kf	xxtueytaqey	罶	罶	līu	1827	1	21	xhrjuxh2rcc		2025-05-16 17:05:30	2025-05-16 17:05:30
x7vrg44rdwc	xkete2xjkez	罵	罵	má	1827	1	22	xhrjuxh2rcc		2025-05-16 17:05:30	2025-05-16 17:05:30
xm27b397gdj	xv4fc7sc62g	罹	罹	lié	1827	2	1	xhrjuxh2rcc		2025-05-16 17:05:30	2025-05-16 17:05:30
xyxaa2s4khx	xuqtj2s5qzy	罾	罾	cĕng	1827	2	2	xhrjuxh2rcc		2025-05-16 17:05:30	2025-05-16 17:05:30
xekq7nugmxe			罿	dùng	1827	2	3	xhrjuxh2rcc		2025-05-16 17:05:30	2025-05-16 17:05:30
xfy48248dj5			罿	chṳ̆ng	1827	2	3	xhrjuxh2rcc		2025-05-16 17:05:30	2025-05-16 17:05:30
xdjnxfshfpa	xy6cd4ntcpq	罽	罽	gié	1827	2	4	xhrjuxh2rcc		2025-05-16 17:05:30	2025-05-16 17:05:30
xzpapmtdtz3			羂	giōng	1827	2	5	xhrjuxh2rcc		2025-05-16 17:05:30	2025-05-16 17:05:30
xarwz665gcw	x55xptuy6ys	羅	羅	lò̤	1827	2	6	xhrjuxh2rcc		2025-05-16 17:05:30	2025-05-16 17:05:30
xcm3p6rwx3a	xv5n27pwcbg	羆	羆	pì	1827	2	7	xhrjuxh2rcc		2025-05-16 17:05:30	2025-05-16 17:05:30
xmhdpgavquz	x7k8yk65hbh	羇	羇	giĕ	1827	2	8	xhrjuxh2rcc		2025-05-16 17:05:30	2025-05-16 17:05:30
xhtjkrhtb2a	xdxpzkbjm76	羈	羈	giĕ	1827	2	9	xhrjuxh2rcc		2025-05-16 17:05:30	2025-05-16 17:05:30
x8jgp8fbz39	xtbwb56e5md	羊	羊	iòng	1827	2	10	xs76wpz46ae		2025-05-16 17:05:30	2025-05-16 17:05:30
xr7qyk7udf9	x8sbnmxzcr6	羌	羌	giŏng	1827	2	11	xs76wpz46ae		2025-05-16 17:05:30	2025-05-16 17:05:30
xkvang9zhag	xzd8x59gr7x	羑	羑	gīu	1827	2	12	xs76wpz46ae		2025-05-16 17:05:30	2025-05-16 17:05:30
xw5s57xs7ct	x6qfaathun3	美	美	mī	1827	2	13	xs76wpz46ae		2025-05-16 17:05:30	2025-05-16 17:05:30
xvkvekhfpgz	x2ry34k7z72	羓	羓	bă	1827	2	14	xs76wpz46ae		2025-05-16 17:05:30	2025-05-16 17:05:30
x9wdehqy583			羗	giŏng	1827	2	15	xs76wpz46ae		2025-05-16 17:05:30	2025-05-16 17:05:30
x33b779u9y3	xdreub9963b	羔	羔	gŏ̤	1827	2	16	xs76wpz46ae		2025-05-16 17:05:30	2025-05-16 17:05:30
xybyrdbxbf8	x4rr82zaumv	羖	羖	gū	1827	2	17	xs76wpz46ae		2025-05-16 17:05:30	2025-05-16 17:05:30
x3x95p6wetp	xbhw9wj8bhn	羝	羝	dì	1827	2	18	xs76wpz46ae		2025-05-16 17:05:30	2025-05-16 17:05:30
xzeng6bvp9h	xnxus6ktd43	羚	羚	lìng	1827	2	19	xs76wpz46ae		2025-05-16 17:05:30	2025-05-16 17:05:30
xcseujsnhza			羞	sĭu	1827	2	20	xs76wpz46ae		2025-05-16 17:05:30	2025-05-16 17:05:30
x4sru58q9zr			羞	siēu	1827	2	20	xs76wpz46ae		2025-05-16 17:05:30	2025-05-16 17:05:30
xbaxpvg8283	xzuvam2gvjx	羜	羜	tṳ̄	1827	2	21	xs76wpz46ae		2025-05-16 17:05:30	2025-05-16 17:05:30
xa8esbvk9kf	xrqwzjkv8m8	羨	羨	siêng	1827	3	1	xs76wpz46ae		2025-05-16 17:05:30	2025-05-16 17:05:30
x2xsuj6nrmx	xb5mypzftbt	羹	羹	gĕng	1827	3	2	xs76wpz46ae		2025-05-16 17:05:30	2025-05-16 17:05:30
xq7dftsv9sd	xs3xru2mb4k	羲	羲	hĭ	1827	3	3	xs76wpz46ae		2025-05-16 17:05:30	2025-05-16 17:05:30
xcyss6ztcf2	xnsyk3xm7t5	羸	羸	lùi	1827	3	4	xs76wpz46ae		2025-05-16 17:05:30	2025-05-16 17:05:30
xh6s8qgpmn7	x47t4axqqc4	羶	羶	siĕng	1827	3	5	xs76wpz46ae		2025-05-16 17:05:30	2025-05-16 17:05:30
xv9sv9w5y9w	x5ex3ceyuh7	羽	羽	ṳ̄	1827	3	6	xars9xgnfnf		2025-05-16 17:05:30	2025-05-16 17:05:30
x5y3zkr3yyh	xczh8zuvce2	羿	羿	ngiê	1827	3	7	xars9xgnfnf		2025-05-16 17:05:30	2025-05-16 17:05:30
x5797uup4fr			翄	chié	1827	3	8	xars9xgnfnf		2025-05-16 17:05:30	2025-05-16 17:05:30
xmpka9ysbmc	x5qyvj3v836	翅	翅	chié	1827	3	8	xars9xgnfnf		2025-05-16 17:05:30	2025-05-16 17:05:30
xryp87f48f5			翆	chói	1827	3	9	xars9xgnfnf		2025-05-16 17:05:30	2025-05-16 17:05:30
xtyksqbtd34	x4vqkckdh3p	翀	翀	chṳ̆ng	1827	3	10	xars9xgnfnf		2025-05-16 17:05:30	2025-05-16 17:05:30
xcjzr9ug7vq	x3depr3uerr	翁	翁	ŭng	1827	3	11	xars9xgnfnf		2025-05-16 17:05:30	2025-05-16 17:05:30
xj8wfn5nt6r	xqpjk4r7qbp	翌	翌	ĭk	1827	3	12	xars9xgnfnf		2025-05-16 17:05:30	2025-05-16 17:05:30
xqc98wdhzva	xwbpqdzwhda	翎	翎	lìng	1827	3	13	xars9xgnfnf		2025-05-16 17:05:30	2025-05-16 17:05:30
xs9b5ujc9gx	x5sdt9zme9c	習	習	sĭk	1827	3	14	xars9xgnfnf		2025-05-16 17:05:30	2025-05-16 17:05:30
xhytby8aw7q	xehwtsqr9tm	翕	翕	hék	1827	3	15	xars9xgnfnf		2025-05-16 17:05:30	2025-05-16 17:05:30
xtbs9rvavj3	x5vz42tz2b5	翔	翔	siòng	1827	3	16	xars9xgnfnf		2025-05-16 17:05:30	2025-05-16 17:05:30
xsh662fz7d8	xadc96arjf8	翛	翛	siĕu	1827	3	17	xars9xgnfnf		2025-05-16 17:05:30	2025-05-16 17:05:30
x3paqus4wer	xe838ax4bnh	翠	翠	chói	1827	3	18	xars9xgnfnf		2025-05-16 17:05:30	2025-05-16 17:05:30
x6pwhc7zng9	xuae8emjymm	翟	翟	dĭk	1827	3	19	xars9xgnfnf		2025-05-16 17:05:30	2025-05-16 17:05:30
xz3ue8q78k5	x6u3cv7n3yg	翡	翡	hói	1827	3	20	xars9xgnfnf		2025-05-16 17:05:30	2025-05-16 17:05:30
xcaje742w95			翣	sák	1828	1	1	xars9xgnfnf		2025-05-16 17:05:30	2025-05-16 17:05:30
xsnjtgvsrgp			翦	cēng	1828	1	2	xars9xgnfnf		2025-05-16 17:05:30	2025-05-16 17:05:30
xfzcwye894u			翦	ciēng	1828	1	2	xars9xgnfnf		2025-05-16 17:05:30	2025-05-16 17:05:30
xawbxut3n2u	x6j976tesed	翥	翥	cṳ̄	1828	1	3	xars9xgnfnf		2025-05-16 17:05:30	2025-05-16 17:05:30
xvm4jacpzgs	xeraeabk5xu	翮	翮	gáik	1828	1	4	xars9xgnfnf		2025-05-16 17:05:30	2025-05-16 17:05:30
x3hj5gsujvq	xasyjdv8a2r	翰	翰	hâng	1828	1	5	xars9xgnfnf		2025-05-16 17:05:30	2025-05-16 17:05:30
xyeee49bym7	xasyjdv8a2r	翰	翰	hàng	1828	1	5	xars9xgnfnf		2025-05-16 17:05:30	2025-05-16 17:05:30
xg7awsjfnwh	x7399k6bjer	翯	翯	hŏk	1828	1	6	xars9xgnfnf		2025-05-16 17:05:30	2025-05-16 17:05:30
x9fjk9trxe6	xfux2jjgtu6	翬	翬	hŭi	1828	1	7	xars9xgnfnf		2025-05-16 17:05:30	2025-05-16 17:05:30
xcxsa2wyjy5			翫	nguâng	1828	1	8	xars9xgnfnf		2025-05-16 17:05:30	2025-05-16 17:05:30
xpz9x5yramv	xp5g2vxubh7	翩	翩	piĕng	1828	1	9	xars9xgnfnf		2025-05-16 17:05:30	2025-05-16 17:05:30
xpqp4933ut8	xtx9edy5brg	翳	翳	ié	1828	1	10	xars9xgnfnf		2025-05-16 17:05:30	2025-05-16 17:05:30
x5b9d4n4bfz	x2gxn2hfdu6	翻	翻	huăng	1828	1	11	xars9xgnfnf		2025-05-16 17:05:30	2025-05-16 17:05:30
xmwzqcjufz4			翼	ĭk	1828	1	12	xars9xgnfnf		2025-05-16 17:05:30	2025-05-16 17:05:30
xcp8rw46e7d			翼	sĭk	1828	1	12	xars9xgnfnf		2025-05-16 17:05:30	2025-05-16 17:05:30
x692wgevw9d	x9ufyj4c3kv	翹	翹	ngièu	1828	1	13	xars9xgnfnf		2025-05-16 17:05:30	2025-05-16 17:05:30
xyq9hkvjwv2	xxh4rv2ewwb	翱	翱	ngò̤	1828	1	14	xars9xgnfnf		2025-05-16 17:05:30	2025-05-16 17:05:30
xptdsbnrp38	xjdmt2yjurq	翽	翽	uói	1828	1	15	xars9xgnfnf		2025-05-16 17:05:30	2025-05-16 17:05:30
xy5xjgefzp4			翿	dò̤	1828	1	16	xars9xgnfnf		2025-05-16 17:05:30	2025-05-16 17:05:30
x7vadgujwm9	xcwbbv3bsgw	耀	耀	iêu	1828	1	17	xars9xgnfnf		2025-05-16 17:05:30	2025-05-16 17:05:30
xz5m8nnsry6			老	lō̤	1828	1	18	xc89jan344f		2025-05-16 17:05:30	2025-05-16 17:05:30
xghy5rfc8y7			老	lâu	1828	1	18	xc89jan344f		2025-05-16 17:05:30	2025-05-16 17:05:30
x8r4spumbkt	xujaxnrs678	考	考	kō̤	1828	1	19	xc89jan344f		2025-05-16 17:05:30	2025-05-16 17:05:30
xyxg5exa3fw	xxenfqgwnxu	者	者	ciā	1828	1	20	xc89jan344f		2025-05-16 17:05:30	2025-05-16 17:05:30
xtb4wzvyq3q	x7v5h6mpezn	耆	耆	gì	1828	1	21	xc89jan344f		2025-05-16 17:05:30	2025-05-16 17:05:30
xnf22upb36p	x89cjgh8u7w	耄	耄	mô̤	1828	1	22	xc89jan344f		2025-05-16 17:05:30	2025-05-16 17:05:30
xn8y6mtfhmv			耇	gēu	1828	2	1	xc89jan344f		2025-05-16 17:05:30	2025-05-16 17:05:30
xkggmpg7tsb	xxwfaayhk2t	耋	耋	diĕk	1828	2	2	xc89jan344f		2025-05-16 17:05:30	2025-05-16 17:05:30
xk24vnm2tqf	xam5ruqubtv	而	而	ì	1828	2	3	xyb2kmmw5zy		2025-05-16 17:05:30	2025-05-16 17:05:30
x2hjww2sa2q	xfd26vkx84z	耑	耑	cuŏng	1828	2	4	xyb2kmmw5zy	原書有誤，已更正	2025-05-16 17:05:30	2025-05-16 17:05:30
xzkrnjfzk65	xkhqntcf8wq	耐	耐	nâi	1828	2	5	xyb2kmmw5zy		2025-05-16 17:05:30	2025-05-16 17:05:30
x62h5crhsaq	xet3dkfauqp	耍	耍	suā	1828	2	6	xyb2kmmw5zy		2025-05-16 17:05:30	2025-05-16 17:05:30
xer9zpsgmdw	xsew4ysxwx2	耒	耒	lô̤i	1828	2	7	xk6fmnfs8pn		2025-05-16 17:05:30	2025-05-16 17:05:30
xxsqzaytjw2	xbkk5xrjsdr	耔	耔	cṳ̄	1828	2	8	xk6fmnfs8pn		2025-05-16 17:05:30	2025-05-16 17:05:30
x4pmydgrpq3			耙	bâ	1828	2	9	xk6fmnfs8pn		2025-05-16 17:05:30	2025-05-16 17:05:30
x8gzxjee77p	x5zsyu39ysg	耕	耕	gĕng	1828	2	10	xk6fmnfs8pn		2025-05-16 17:05:30	2025-05-16 17:05:30
xh63nw8cmy3			耗	hó̤	1828	2	11	xk6fmnfs8pn		2025-05-16 17:05:30	2025-05-16 17:05:30
xk4hgc4y3k2	x289z2rrkfs	耘	耘	ùng	1828	2	12	xk6fmnfs8pn		2025-05-16 17:05:30	2025-05-16 17:05:30
x89teccbdhq	xy5jtxxthbj	耜	耜	sê̤ṳ	1828	2	13	xk6fmnfs8pn		2025-05-16 17:05:30	2025-05-16 17:05:30
xjbj775syzz	xtjfq5mbac7	耦	耦	ngēu	1828	2	14	xk6fmnfs8pn		2025-05-16 17:05:30	2025-05-16 17:05:30
xfj37sp43tt	xn2kbuc5g54	耨	耨	nâiu	1828	2	15	xk6fmnfs8pn		2025-05-16 17:05:30	2025-05-16 17:05:30
xtpx7a6y9mv	xzac8mqf5n5	耰	耰	ĭu	1828	2	16	xk6fmnfs8pn		2025-05-16 17:05:30	2025-05-16 17:05:30
xfq5y2cbfjg			耳	ngī	1828	2	17	xcmk9qpd56r		2025-05-16 17:05:30	2025-05-16 17:05:30
xph9r6czq34			耳	ngê	1828	2	17	xcmk9qpd56r		2025-05-16 17:05:30	2025-05-16 17:05:30
xub6hazyark	xe8gf6qznpg	耶	耶	ià	1828	2	18	xcmk9qpd56r		2025-05-16 17:05:30	2025-05-16 17:05:30
x6nk83uf7ef			𦕃	dăng	1828	2	19	xcmk9qpd56r		2025-05-16 17:05:30	2025-05-16 17:05:30
xxmenf5hfqn	xm2y2zdsdbw	耽	耽	dăng	1828	3	1	xcmk9qpd56r		2025-05-16 17:05:30	2025-05-16 17:05:30
xjnmytm9bdk	xbbbrdjwfb6	耿	耿	gēng	1828	3	2	xcmk9qpd56r		2025-05-16 17:05:30	2025-05-16 17:05:30
x2hgb828jya			耻	tī	1828	3	3	xcmk9qpd56r		2025-05-16 17:05:30	2025-05-16 17:05:30
xuf5a758qvc	xaqbgdxatbg	聃	聃	dăng	1828	3	4	xcmk9qpd56r		2025-05-16 17:05:30	2025-05-16 17:05:30
xz64kvt4e7s	xbdswj7gwkh	聊	聊	lièu	1828	3	5	xcmk9qpd56r		2025-05-16 17:05:30	2025-05-16 17:05:30
xsp98qyaxxj	xd7jb7ub9sh	聆	聆	lìng	1828	3	6	xcmk9qpd56r		2025-05-16 17:05:30	2025-05-16 17:05:30
x2wbqzstxa7			聒	guák	1828	3	7	xcmk9qpd56r		2025-05-16 17:05:30	2025-05-16 17:05:30
xqm7hzzwb4d	xauyq63cau5	聘	聘	péng	1828	3	8	xcmk9qpd56r		2025-05-16 17:05:30	2025-05-16 17:05:30
xaw2q2cfshg			聖	séng	1828	3	9	xcmk9qpd56r		2025-05-16 17:05:30	2025-05-16 17:05:30
x5a7gtedaqg			聖	siáng	1828	3	9	xcmk9qpd56r		2025-05-16 17:05:30	2025-05-16 17:05:30
xjzm4zzxj5w	xwtxhny4q95	聚	聚	cê̤ṳ	1828	3	10	xcmk9qpd56r		2025-05-16 17:05:30	2025-05-16 17:05:30
xgeqcz9rm3q			聦	chŭng	1828	3	11	xcmk9qpd56r		2025-05-16 17:05:30	2025-05-16 17:05:30
xesfvqe72u6			聝	gáik	1828	3	12	xcmk9qpd56r		2025-05-16 17:05:30	2025-05-16 17:05:30
xjw6sa2p77x	xyhsqyv4abe	聞	聞	ùng	1828	3	13	xcmk9qpd56r		2025-05-16 17:05:30	2025-05-16 17:05:30
xgz88ec8u5x	xyhsqyv4abe	聞	聞	ông	1828	3	13	xcmk9qpd56r		2025-05-16 17:05:30	2025-05-16 17:05:30
xjfswcwd8rh	xmzxjhn8w25	聰	聰	chŭng	1828	3	14	xcmk9qpd56r		2025-05-16 17:05:30	2025-05-16 17:05:30
xyxtre3uvrk	xmgcnbxcnvj	聯	聯	lièng	1828	3	15	xcmk9qpd56r		2025-05-16 17:05:30	2025-05-16 17:05:30
xkj8rx2xn4x			聲	sĭng	1828	3	16	xcmk9qpd56r		2025-05-16 17:05:30	2025-05-16 17:05:30
xdtkmqzfmjk			聲	siăng	1828	3	16	xcmk9qpd56r		2025-05-16 17:05:30	2025-05-16 17:05:30
x6vdh5x9vvy	x9sud22khk9	聳	聳	sūng	1828	3	17	xcmk9qpd56r		2025-05-16 17:05:30	2025-05-16 17:05:30
x6c4ru7xah9	xxpxqz8mnup	職	職	cék	1828	3	18	xcmk9qpd56r		2025-05-16 17:05:30	2025-05-16 17:05:30
x2f9g8h7p6v	xs9bbwsjeq2	聵	聵	huôi	1828	3	19	xcmk9qpd56r		2025-05-16 17:05:30	2025-05-16 17:05:30
xvzhg7ybu7r			聶	niék	1828	3	20	xcmk9qpd56r		2025-05-16 17:05:30	2025-05-16 17:05:30
xv78e95a7un			聾	lùng	1828	3	21	xcmk9qpd56r		2025-05-16 17:05:30	2025-05-16 17:05:30
x4afm5ve7na			聾	lè̤ng	1828	3	21	xcmk9qpd56r		2025-05-16 17:05:30	2025-05-16 17:05:30
xn986mqvy6f			聽	téng	1828	3	22	xcmk9qpd56r		2025-05-16 17:05:30	2025-05-16 17:05:30
xej3pdzzcze			聽	tiăng	1828	3	22	xcmk9qpd56r		2025-05-16 17:05:30	2025-05-16 17:05:30
xudx3xsh659	x649fb7dq38	聿	聿	ṳ̆k	1829	1	1	x4nthhvuux4		2025-05-16 17:05:30	2025-05-16 17:05:30
xyqrpune8ez			𦘚	uâ	1829	1	2	x4nthhvuux4		2025-05-16 17:05:30	2025-05-16 17:05:30
x8g3fdpeuy8	xyaj8a3s7y2	肄	肄	ê	1829	1	3	x4nthhvuux4		2025-05-16 17:05:30	2025-05-16 17:05:30
x7ak3v2yhef			肆	sé̤ṳ	1829	1	4	x4nthhvuux4		2025-05-16 17:05:30	2025-05-16 17:05:30
x5792u98j46			肆	sé	1829	1	4	x4nthhvuux4		2025-05-16 17:05:30	2025-05-16 17:05:30
x2xqabd8kzv	xxtd5z7kf6c	肅	肅	sé̤ṳk	1829	1	5	x4nthhvuux4		2025-05-16 17:05:30	2025-05-16 17:05:30
xwe76j7bv5a	xhrmb87tpaf	肇	肇	diêu	1829	1	6	x4nthhvuux4		2025-05-16 17:05:30	2025-05-16 17:05:30
xbj53a8buvn	xfyyytfgcup	肉	肉	nṳ̆k	1829	1	7	x3kax4pkbhm		2025-05-16 17:05:30	2025-05-16 17:05:30
xt7wqrxpkwz	xfyyytfgcup	肉	肉	éu	1829	1	7	x3kax4pkbhm		2025-05-16 17:05:30	2025-05-16 17:05:30
x2avpcrjghq	x9zk2baevmw	肌	肌	gĭ	1829	1	8	x3kax4pkbhm		2025-05-16 17:05:30	2025-05-16 17:05:30
xvnjhe7ur54			肋	lĕk	1829	1	9	x3kax4pkbhm		2025-05-16 17:05:30	2025-05-16 17:05:30
xupz7e3e3ac			肋	lĕ̤k	1829	1	9	x3kax4pkbhm		2025-05-16 17:05:30	2025-05-16 17:05:30
x92vnztqpqk	xdvfrscz3zg	肘	肘	dīu	1829	1	10	x3kax4pkbhm		2025-05-16 17:05:30	2025-05-16 17:05:30
xtjp6r8rywn			肚	dô	1829	1	11	x3kax4pkbhm		2025-05-16 17:05:30	2025-05-16 17:05:30
x3nqdaf8e7c			肚	dū	1829	1	11	x3kax4pkbhm		2025-05-16 17:05:30	2025-05-16 17:05:30
x8bbnjh9mc2	xpdx2eeecea	肝	肝	găng	1829	1	12	x3kax4pkbhm		2025-05-16 17:05:30	2025-05-16 17:05:30
xebbkfyxpzz	xerh79qpw6y	肛	肛	gŏng	1829	1	13	x3kax4pkbhm		2025-05-16 17:05:30	2025-05-16 17:05:30
xrbqc94wqp7	xv29zgyb7b4	肓	肓	huŏng	1829	1	14	x3kax4pkbhm		2025-05-16 17:05:30	2025-05-16 17:05:30
xx9cxfwbype			肖	siéu	1829	1	15	x3kax4pkbhm		2025-05-16 17:05:30	2025-05-16 17:05:30
xcfnx8hx5at			肖	sáiu	1829	1	15	x3kax4pkbhm		2025-05-16 17:05:30	2025-05-16 17:05:30
xvmtg9bhkxp			肖	siĕu	1829	1	15	x3kax4pkbhm		2025-05-16 17:05:30	2025-05-16 17:05:30
xhgyxdnv8tj	xjgp3gyt8hf	肜	肜	ṳ̀ng	1829	1	16	x3kax4pkbhm		2025-05-16 17:05:30	2025-05-16 17:05:30
xm7q3emn5n8	x8bpbqvbr5k	肢	肢	ciĕ	1829	1	17	x3kax4pkbhm		2025-05-16 17:05:30	2025-05-16 17:05:30
xga5g38a5qq	xtj97cbcr9a	肫	肫	dŭng	1829	1	18	x3kax4pkbhm		2025-05-16 17:05:30	2025-05-16 17:05:30
x7d4p2f94wa	xrkhw2rmnc6	肱	肱	gĕng	1829	1	19	x3kax4pkbhm		2025-05-16 17:05:30	2025-05-16 17:05:30
xvt4fagtvra	xrhehj6ds3w	肩	肩	giĕng	1829	1	20	x3kax4pkbhm		2025-05-16 17:05:30	2025-05-16 17:05:30
x3ezxgej6s2	x5zyfpmxs9z	股	股	gū	1829	2	1	x3kax4pkbhm		2025-05-16 17:05:30	2025-05-16 17:05:30
xm7k63csdzn	xzyvzkzzjga	肸	肸	hék	1829	2	2	x3kax4pkbhm		2025-05-16 17:05:30	2025-05-16 17:05:30
xebukzzusyk	xjn2ygt84mt	肺	肺	hié	1829	2	3	x3kax4pkbhm		2025-05-16 17:05:30	2025-05-16 17:05:30
xbe8j4pasdc			肯	kēng	1829	2	4	x3kax4pkbhm		2025-05-16 17:05:30	2025-05-16 17:05:30
xhtjx36erfz			肯	kīng	1829	2	4	x3kax4pkbhm		2025-05-16 17:05:30	2025-05-16 17:05:30
xtjbcbt4dp5			肻	kēng	1829	2	4	x3kax4pkbhm		2025-05-16 17:05:30	2025-05-16 17:05:30
xcjbbstbxbk			肻	kīng	1829	2	4	x3kax4pkbhm		2025-05-16 17:05:30	2025-05-16 17:05:30
x39d322h4w8			肭	năk	1829	2	5	x3kax4pkbhm		2025-05-16 17:05:30	2025-05-16 17:05:30
xycsru6wvtm			肭	né̤ṳk	1829	2	5	x3kax4pkbhm		2025-05-16 17:05:30	2025-05-16 17:05:30
x94kcx9zvm7			朒	năk	1829	2	5	x3kax4pkbhm		2025-05-16 17:05:30	2025-05-16 17:05:30
xfye9npz6qe			朒	né̤ṳk	1829	2	5	x3kax4pkbhm		2025-05-16 17:05:30	2025-05-16 17:05:30
xg6ahv8hwc3			肴	ngàu	1829	2	6	x3kax4pkbhm		2025-05-16 17:05:30	2025-05-16 17:05:30
xxj4rp5k4fs	x854at9p2hk	肨	肨	páung	1829	2	7	x3kax4pkbhm		2025-05-16 17:05:30	2025-05-16 17:05:30
x2zayjscf2t			肥	pì	1829	2	8	x3kax4pkbhm		2025-05-16 17:05:30	2025-05-16 17:05:30
xnngx5mtvk5			肥	bùi	1829	2	8	x3kax4pkbhm		2025-05-16 17:05:30	2025-05-16 17:05:30
xpxatye6rec			肧	puŏi	1829	2	9	x3kax4pkbhm		2025-05-16 17:05:30	2025-05-16 17:05:30
xswzjsxekvk	x5jzycmw7tb	育	育	ṳ̆k	1829	2	10	x3kax4pkbhm		2025-05-16 17:05:30	2025-05-16 17:05:30
xfzzza3et5x			胞	bàu	1829	2	11	x3kax4pkbhm		2025-05-16 17:05:30	2025-05-16 17:05:30
x8r3h6utvsm			胖	buàng	1829	2	12	x3kax4pkbhm		2025-05-16 17:05:30	2025-05-16 17:05:30
xge4hjdg73v			背	buói	1829	2	13	x3kax4pkbhm		2025-05-16 17:05:30	2025-05-16 17:05:30
xz94s6md4hj			背	buôi	1829	2	13	x3kax4pkbhm		2025-05-16 17:05:30	2025-05-16 17:05:30
x6y33x9ck4u			背	piăng	1829	2	13	x3kax4pkbhm		2025-05-16 17:05:30	2025-05-16 17:05:30
xtn7jarmdhs			胏	cī	1829	2	14	x3kax4pkbhm		2025-05-16 17:05:30	2025-05-16 17:05:30
xxwr3t859vt	x7p8ca9gfwk	胙	胙	cuô	1829	2	15	x3kax4pkbhm	原書有誤，已更正	2025-05-16 17:05:30	2025-05-16 17:05:30
xcupkh4mb9t			胔	cṳ̆	1829	2	16	x3kax4pkbhm		2025-05-16 17:05:30	2025-05-16 17:05:30
xwr5hjrntbs			胆	dāng	1829	2	17	x3kax4pkbhm		2025-05-16 17:05:30	2025-05-16 17:05:30
xk85w74pehe	x9485c5fq7j	胄	胄	dêu	1829	2	18	x3kax4pkbhm		2025-05-16 17:05:30	2025-05-16 17:05:30
xv8ujny7v4s	xyp8kyhfk6p	胝	胝	dĭ	1829	2	19	x3kax4pkbhm		2025-05-16 17:05:30	2025-05-16 17:05:30
xked6d59nuk	x7sq4p8bknb	胤	胤	êng	1829	2	20	x3kax4pkbhm		2025-05-16 17:05:30	2025-05-16 17:05:30
xx799vcwsxb			朎	gêng	1829	2	21	x3kax4pkbhm		2025-05-16 17:05:30	2025-05-16 17:05:30
xrd995c3czq			𦙶	gū	1829	2	22	x3kax4pkbhm		2025-05-16 17:05:30	2025-05-16 17:05:30
x9gqvcgket5	xvhw4f9azz6	胡	胡	hù	1829	3	1	x3kax4pkbhm		2025-05-16 17:05:30	2025-05-16 17:05:30
xanarvme5tg	xnqqwepxssf	胠	胠	kṳ̆	1829	3	2	x3kax4pkbhm		2025-05-16 17:05:30	2025-05-16 17:05:30
xtg3mwvas7r	xa72xcpshrd	朐	朐	kṳ̆	1829	3	3	x3kax4pkbhm		2025-05-16 17:05:30	2025-05-16 17:05:30
xczzbr2skks	xpuwy7ddq6w	胃	胃	ôi	1829	3	4	x3kax4pkbhm		2025-05-16 17:05:30	2025-05-16 17:05:30
xv2uwht5yr2	xww3rab8x36	胚	胚	puŏi	1829	3	5	x3kax4pkbhm		2025-05-16 17:05:30	2025-05-16 17:05:30
xyxe8aet8fd	x2z6sd7pb9r	胥	胥	sṳ̄	1829	3	6	x3kax4pkbhm		2025-05-16 17:05:30	2025-05-16 17:05:30
x3gyktt3p9t			胎	tăi	1829	3	7	x3kax4pkbhm		2025-05-16 17:05:30	2025-05-16 17:05:30
xczccbjgwr3			胎	tŏi	1829	3	7	x3kax4pkbhm		2025-05-16 17:05:30	2025-05-16 17:05:30
x3mpc23ysew	xt499nq27dd	脊	脊	cék	1829	3	8	x3kax4pkbhm		2025-05-16 17:05:30	2025-05-16 17:05:30
xvcyendcpcn	xxrq4zk3y8q	胾	胾	cé̤ṳ	1829	3	9	x3kax4pkbhm		2025-05-16 17:05:30	2025-05-16 17:05:30
xtqq55vntxe	x2dyywzxsze	脂	脂	ciĕ	1829	3	10	x3kax4pkbhm		2025-05-16 17:05:30	2025-05-16 17:05:30
x3pu3u2dhmx	x9563n6pdvh	脆	脆	chuói	1829	3	11	x3kax4pkbhm		2025-05-16 17:05:30	2025-05-16 17:05:30
xg78gup4bj5			脃	chuói	1829	3	11	x3kax4pkbhm		2025-05-16 17:05:30	2025-05-16 17:05:30
xn83fv97jvk	xcvf85askxa	胴	胴	dông	1829	3	12	x3kax4pkbhm		2025-05-16 17:05:30	2025-05-16 17:05:30
xtmhz4twfsa	xq8sx2zjs6j	胱	胱	guŏng	1829	3	13	x3kax4pkbhm		2025-05-16 17:05:30	2025-05-16 17:05:30
xs9ysveaduy			脇	hiĕk	1829	3	14	x3kax4pkbhm		2025-05-16 17:05:30	2025-05-16 17:05:30
xtzcb39fkd3	xkgbhum68jv	脅	脅	hiĕk	1829	3	14	x3kax4pkbhm		2025-05-16 17:05:30	2025-05-16 17:05:30
xbc5f85et6z	xqrrwhpkeud	胸	胸	hṳ̆ng	1829	3	15	x3kax4pkbhm		2025-05-16 17:05:30	2025-05-16 17:05:30
xh66bbqdc6w			胷	hṳ̆ng	1829	3	15	x3kax4pkbhm		2025-05-16 17:05:30	2025-05-16 17:05:30
xuxcwugqfph	x27x78g2rzp	胰	胰	ì	1829	3	16	x3kax4pkbhm		2025-05-16 17:05:30	2025-05-16 17:05:30
x2g25ty3wre	xc9pgerwbs5	胭	胭	iĕng	1829	3	17	x3kax4pkbhm		2025-05-16 17:05:30	2025-05-16 17:05:30
x9wgkfxwqxs			胶	kă	1829	3	18	x3kax4pkbhm		2025-05-16 17:05:30	2025-05-16 17:05:30
x662c2exmkr	xaew9kfxtwj	胯	胯	kuá	1829	3	19	x3kax4pkbhm		2025-05-16 17:05:30	2025-05-16 17:05:30
xbj6bn2bdnt	xjw2jyrrcdb	胮	胮	măng	1829	3	20	x3kax4pkbhm		2025-05-16 17:05:30	2025-05-16 17:05:30
xukwemvknw7			脈	mĕk	1829	3	21	x3kax4pkbhm		2025-05-16 17:05:30	2025-05-16 17:05:30
xsmu9hzvzfj			脈	măh	1829	3	21	x3kax4pkbhm		2025-05-16 17:05:30	2025-05-16 17:05:30
xszawah3xnh			脉	mĕk	1829	3	21	x3kax4pkbhm		2025-05-16 17:05:30	2025-05-16 17:05:30
xeg7m6k9y5p			脉	măh	1829	3	21	x3kax4pkbhm		2025-05-16 17:05:30	2025-05-16 17:05:30
xea6aw9d7u6	xzr5bewpdar	能	能	nèng	1829	3	22	x3kax4pkbhm		2025-05-16 17:05:30	2025-05-16 17:05:30
xkhrugadb9b	xjg5wfyvdu2	脞	脞	chó̤	1830	1	1	x3kax4pkbhm		2025-05-16 17:05:30	2025-05-16 17:05:30
xv6n2y8md2m			脰	dâu	1830	1	2	x3kax4pkbhm		2025-05-16 17:05:30	2025-05-16 17:05:30
xhc4z7mkakv	xjg55ubw3dd	脛	脛	gêng	1830	1	3	x3kax4pkbhm		2025-05-16 17:05:30	2025-05-16 17:05:30
x59t3vt4mhn			脚	giók	1830	1	4	x3kax4pkbhm		2025-05-16 17:05:30	2025-05-16 17:05:30
xbkdzpbcpc5			脚	gióh	1830	1	4	x3kax4pkbhm		2025-05-16 17:05:30	2025-05-16 17:05:30
xdzsbpbr2n7	xj67t23p4m7	脝	脝	hĕng	1830	1	5	x3kax4pkbhm		2025-05-16 17:05:30	2025-05-16 17:05:30
x6kk64jxt87			脯	hū	1830	1	6	x3kax4pkbhm		2025-05-16 17:05:30	2025-05-16 17:05:30
xa9scs24zc8			脢	muòi	1830	1	7	x3kax4pkbhm		2025-05-16 17:05:30	2025-05-16 17:05:30
xwt66wjebvg			脬	pă	1830	1	8	x3kax4pkbhm		2025-05-16 17:05:30	2025-05-16 17:05:30
xmetsej53yw	xbxe86a3wr2	脩	脩	sĭu	1830	1	9	x3kax4pkbhm		2025-05-16 17:05:30	2025-05-16 17:05:30
x7szmp5xsvu			脧	sŏng	1830	1	10	x3kax4pkbhm		2025-05-16 17:05:30	2025-05-16 17:05:30
xh2c3u6g2bu	x8fhkjxxfm4	脣	脣	sùng	1830	1	11	x3kax4pkbhm		2025-05-16 17:05:30	2025-05-16 17:05:30
xnv35b4uu5q	x8hju3arfpj	脡	脡	tīng	1830	1	12	x3kax4pkbhm		2025-05-16 17:05:30	2025-05-16 17:05:30
xna5vgfwud8			脫	tuák	1830	1	13	x3kax4pkbhm		2025-05-16 17:05:30	2025-05-16 17:05:30
xuhx9nn64rw			脫	táung	1830	1	13	x3kax4pkbhm		2025-05-16 17:05:30	2025-05-16 17:05:30
x9cypann9k3			脱	tuák	1830	1	13	x3kax4pkbhm		2025-05-16 17:05:30	2025-05-16 17:05:30
x8t53d5ybfv			脱	táung	1830	1	13	x3kax4pkbhm		2025-05-16 17:05:30	2025-05-16 17:05:30
xkfyryj5hbm			脗	ūng	1830	1	14	x3kax4pkbhm		2025-05-16 17:05:30	2025-05-16 17:05:30
xty54jmb9qc			腌	ăng	1830	1	15	x3kax4pkbhm		2025-05-16 17:05:30	2025-05-16 17:05:30
xzc78nfvcjt			腌	iĕng	1830	1	15	x3kax4pkbhm		2025-05-16 17:05:30	2025-05-16 17:05:30
x5ffujzv7ww	x9reqa823zy	脾	脾	bì	1830	1	16	x3kax4pkbhm		2025-05-16 17:05:30	2025-05-16 17:05:30
x37ygf3h7eq			腁	bièng	1830	1	17	x3kax4pkbhm		2025-05-16 17:05:30	2025-05-16 17:05:30
x9cqbbs663b			腆	diēng	1830	1	18	x3kax4pkbhm		2025-05-16 17:05:30	2025-05-16 17:05:30
xdwwdn9khky	x76cv5p9uqu	脹	脹	dióng	1830	1	19	x3kax4pkbhm		2025-05-16 17:05:30	2025-05-16 17:05:30
xjr4eq46uve			腐	hô	1830	1	20	x3kax4pkbhm		2025-05-16 17:05:30	2025-05-16 17:05:30
xya7fk4dxfc			腐	bô	1830	1	20	x3kax4pkbhm		2025-05-16 17:05:30	2025-05-16 17:05:30
xyb6xusgzwr	x7xeqv2zrsk	腑	腑	hū	1830	1	21	x3kax4pkbhm		2025-05-16 17:05:30	2025-05-16 17:05:30
x824kpukhfc	xh82u73npnt	腋	腋	ĭk	1830	1	22	x3kax4pkbhm		2025-05-16 17:05:30	2025-05-16 17:05:30
x7p7nn9kj53			腍	īng	1830	2	1	x3kax4pkbhm		2025-05-16 17:05:30	2025-05-16 17:05:30
xhkbjv3acmy	x94v3s9wn7r	腔	腔	kiŏng	1830	2	2	x3kax4pkbhm		2025-05-16 17:05:30	2025-05-16 17:05:30
xm2ew6xqvn8			腊	lăk	1830	2	3	x3kax4pkbhm		2025-05-16 17:05:30	2025-05-16 17:05:30
xfunubcgxsk			腊	sék	1830	2	3	x3kax4pkbhm		2025-05-16 17:05:30	2025-05-16 17:05:30
xdh59rf6rx9			𦜍	páe̤ng	1830	2	4	x3kax4pkbhm		2025-05-16 17:05:30	2025-05-16 17:05:30
xmx74xwe4gk	x7sp5n788qf	腓	腓	pì	1830	2	5	x3kax4pkbhm		2025-05-16 17:05:30	2025-05-16 17:05:30
xz2hwh6myfd	xda9atut8qn	腎	腎	sêng	1830	2	6	x3kax4pkbhm		2025-05-16 17:05:30	2025-05-16 17:05:30
xbqy2ngk7fz	xda9atut8qn	腎	腎	lêng	1830	2	6	x3kax4pkbhm		2025-05-16 17:05:30	2025-05-16 17:05:30
x7se4p2g2qm	xejyvnaesxn	腕	腕	uāng	1830	2	7	x3kax4pkbhm		2025-05-16 17:05:30	2025-05-16 17:05:30
x8dd4cc86qg	xjk5ww8s5y5	腠	腠	cáiu	1830	2	8	x3kax4pkbhm		2025-05-16 17:05:30	2025-05-16 17:05:30
x9yjemfumnu	x2cpubtfybc	腫	腫	cṳ̄ng	1830	2	9	x3kax4pkbhm		2025-05-16 17:05:30	2025-05-16 17:05:30
x5pcx4kf8x2			腸	diòng	1830	2	10	x3kax4pkbhm		2025-05-16 17:05:30	2025-05-16 17:05:30
x35pr8x2zuu			腸	dòng	1830	2	10	x3kax4pkbhm		2025-05-16 17:05:30	2025-05-16 17:05:30
xjvgptyaw72			腯	dōng	1830	2	11	x3kax4pkbhm		2025-05-16 17:05:30	2025-05-16 17:05:30
x8sw38rwbcp	x3cyk46wuwp	腱	腱	gióng	1830	2	12	x3kax4pkbhm		2025-05-16 17:05:30	2025-05-16 17:05:30
x3ez95pyqtr			腹	hók	1830	2	13	x3kax4pkbhm		2025-05-16 17:05:30	2025-05-16 17:05:30
x7ndse3mbdn			腹	bók	1830	2	13	x3kax4pkbhm		2025-05-16 17:05:30	2025-05-16 17:05:30
x597g36qxgt	xew7nsaeyu8	腰	腰	iĕu	1830	2	14	x3kax4pkbhm		2025-05-16 17:05:30	2025-05-16 17:05:30
x9tes6jbn8q	xwbnqdnmcd4	腡	腡	lò̤	1830	2	15	x3kax4pkbhm		2025-05-16 17:05:30	2025-05-16 17:05:30
xbyv6dksy5z	xjmr7ettjgu	腩	腩	nāng	1830	2	16	x3kax4pkbhm		2025-05-16 17:05:30	2025-05-16 17:05:30
xu7racdggc9			腦	nō̤	1830	2	17	x3kax4pkbhm		2025-05-16 17:05:30	2025-05-16 17:05:30
xux5cwzpu57			𦝩	ôi	1830	2	18	x3kax4pkbhm		2025-05-16 17:05:30	2025-05-16 17:05:30
x52uy844ztp	xgfz5qppp39	腮	腮	săi	1830	2	19	x3kax4pkbhm		2025-05-16 17:05:30	2025-05-16 17:05:30
x5n5wpzgh4e	xfn387vyah5	腥	腥	sĭng	1830	2	20	x3kax4pkbhm		2025-05-16 17:05:30	2025-05-16 17:05:30
xy9esz9tzjd	xhfvcjhxgwb	腺	腺	siáng	1830	2	21	x3kax4pkbhm		2025-05-16 17:05:31	2025-05-16 17:05:31
xu46u74taqd			腵	tuáng	1830	2	22	x3kax4pkbhm		2025-05-16 17:05:31	2025-05-16 17:05:31
x8k938gqd8g	x822kv26gwj	腴	腴	ṳ̀	1830	3	1	x3kax4pkbhm		2025-05-16 17:05:31	2025-05-16 17:05:31
xu9mzsfe8xf	xvhkv2hn365	膊	膊	báuk	1830	3	2	x3kax4pkbhm		2025-05-16 17:05:31	2025-05-16 17:05:31
xqxdpkf5ghj	xvhkv2hn365	膊	膊	bōng	1830	3	2	x3kax4pkbhm		2025-05-16 17:05:31	2025-05-16 17:05:31
xgeagt4b7ag	xn2qjy67u7r	膍	膍	bì	1830	3	3	x3kax4pkbhm		2025-05-16 17:05:31	2025-05-16 17:05:31
x6gwjd7zdjf			膀	bòng	1830	3	4	x3kax4pkbhm		2025-05-16 17:05:31	2025-05-16 17:05:31
xjyew57tkax			膈	gáik	1830	3	5	x3kax4pkbhm		2025-05-16 17:05:31	2025-05-16 17:05:31
x9m759sb325			膈	káing	1830	3	5	x3kax4pkbhm		2025-05-16 17:05:31	2025-05-16 17:05:31
xhqgptup2kh	xzavmjgyf34	膏	膏	gŏ̤	1830	3	6	x3kax4pkbhm		2025-05-16 17:05:31	2025-05-16 17:05:31
x3swzmbztzq	xpd2hhkwx8d	膋	膋	lièu	1830	3	7	x3kax4pkbhm		2025-05-16 17:05:31	2025-05-16 17:05:31
xxmwhmd8bnx	x78zdwb26pd	膂	膂	lṳ̄	1830	3	8	x3kax4pkbhm		2025-05-16 17:05:31	2025-05-16 17:05:31
xmp2rhd9dh4	xjnd5ss8f2f	𬂌	𬂌	nēng	1830	3	9	x3kax4pkbhm		2025-05-16 17:05:31	2025-05-16 17:05:31
xw6ph3gu5ea	x63gt4q7uw3	腿	腿	tōi	1830	3	10	x3kax4pkbhm		2025-05-16 17:05:31	2025-05-16 17:05:31
x675sjaraxv	x3d3gs4y9np	膃	膃	uák	1830	3	11	x3kax4pkbhm		2025-05-16 17:05:31	2025-05-16 17:05:31
x2a32rts8sg			䐬	cò̤	1830	3	12	x3kax4pkbhm		2025-05-16 17:05:31	2025-05-16 17:05:31
xkazpqaqdeh	xv43p8pxr2w	膝	膝	chék	1830	3	13	x3kax4pkbhm		2025-05-16 17:05:31	2025-05-16 17:05:31
xxf54ehp63j	x7ukbbnbmq8	膛	膛	dòng	1830	3	14	x3kax4pkbhm		2025-05-16 17:05:31	2025-05-16 17:05:31
x7drhjjxvhp			膠	gĕu	1830	3	15	x3kax4pkbhm		2025-05-16 17:05:31	2025-05-16 17:05:31
x3bmqvsebuq			膠	gă	1830	3	15	x3kax4pkbhm		2025-05-16 17:05:31	2025-05-16 17:05:31
xmvwj7cwyu4	xfuanzftcfx	膕	膕	guók	1830	3	16	x3kax4pkbhm		2025-05-16 17:05:31	2025-05-16 17:05:31
xunxjx3qkhy	xhd8u7prx9d	膚	膚	hŭ	1830	3	17	x3kax4pkbhm		2025-05-16 17:05:31	2025-05-16 17:05:31
xbehxjk4fg5	x8pj5cruzxa	膟	膟	lŭk	1830	3	18	x3kax4pkbhm		2025-05-16 17:05:31	2025-05-16 17:05:31
x2u3uugb4nm			膜	mŏk	1830	3	19	x3kax4pkbhm		2025-05-16 17:05:31	2025-05-16 17:05:31
xt9bbjv4pd9			膜	muò	1830	3	19	x3kax4pkbhm		2025-05-16 17:05:31	2025-05-16 17:05:31
x52rabsnh3m			膲	ciĕu	1830	3	20	x3kax4pkbhm		2025-05-16 17:05:31	2025-05-16 17:05:31
x8zeqcad58f	x2k8f3zgfjm	膵	膵	côi	1830	3	21	x3kax4pkbhm		2025-05-16 17:05:31	2025-05-16 17:05:31
xbxq9p24mqe	xbn9ewpa2z9	膰	膰	huăng	1830	3	22	x3kax4pkbhm		2025-05-16 17:05:31	2025-05-16 17:05:31
xh4w8v85kwg			𦠉	ié	1831	1	1	x3kax4pkbhm		2025-05-16 17:05:31	2025-05-16 17:05:31
xvdmszefn3t			膫	lièu	1831	1	2	x3kax4pkbhm		2025-05-16 17:05:31	2025-05-16 17:05:31
xhpfkm6frqt			膩	nê	1831	1	3	x3kax4pkbhm		2025-05-16 17:05:31	2025-05-16 17:05:31
xhvqxh8epwu	xwcjh39563u	膨	膨	pàng	1831	1	4	x3kax4pkbhm		2025-05-16 17:05:31	2025-05-16 17:05:31
xymnn89mbm6	x9hvs6mtmjn	膳	膳	siêng	1831	1	5	x3kax4pkbhm		2025-05-16 17:05:31	2025-05-16 17:05:31
x786avnnkay	xd7a4vn38t9	膴	膴	ū	1831	1	6	x3kax4pkbhm		2025-05-16 17:05:31	2025-05-16 17:05:31
xxh72nvsxv7	xd7a4vn38t9	膴	膴	ù	1831	1	6	x3kax4pkbhm		2025-05-16 17:05:31	2025-05-16 17:05:31
xws8kky8muh	xwf6dbpgn7d	臂	臂	bié	1831	1	7	x3kax4pkbhm		2025-05-16 17:05:31	2025-05-16 17:05:31
xb6ryns365p			臊	chŏ̤	1831	1	8	x3kax4pkbhm		2025-05-16 17:05:31	2025-05-16 17:05:31
xgufzesahzx			臊	cŏ̤	1831	1	8	x3kax4pkbhm		2025-05-16 17:05:31	2025-05-16 17:05:31
xw3pe77mzh3	x4ergas3zvx	膽	膽	dāng	1831	1	9	x3kax4pkbhm		2025-05-16 17:05:31	2025-05-16 17:05:31
xpfkdn5uf47	xfru9fxfssn	臀	臀	dòng	1831	1	10	x3kax4pkbhm		2025-05-16 17:05:31	2025-05-16 17:05:31
xds9bh28xa7	x766dkezqr8	臆	臆	é	1831	1	11	x3kax4pkbhm		2025-05-16 17:05:31	2025-05-16 17:05:31
xcsnq36wgvd	xdmkuskhn3s	膾	膾	guói	1831	1	12	x3kax4pkbhm		2025-05-16 17:05:31	2025-05-16 17:05:31
xmeyyrmnzqn	x8kbenhctnz	膺	膺	ĭng	1831	1	13	x3kax4pkbhm		2025-05-16 17:05:31	2025-05-16 17:05:31
x8f4pvuh5nh	xcfyk5ba4pr	臉	臉	liēng	1831	1	14	x3kax4pkbhm		2025-05-16 17:05:31	2025-05-16 17:05:31
xgr3xjge539	xqhm94qetpn	臁	臁	lièng	1831	1	15	x3kax4pkbhm		2025-05-16 17:05:31	2025-05-16 17:05:31
x4jbs5nxth8	xp53k3sh8ux	膿	膿	nùng	1831	1	16	x3kax4pkbhm		2025-05-16 17:05:31	2025-05-16 17:05:31
xj46tryetkf	xp53k3sh8ux	膿	膿	nè̤ng	1831	1	16	x3kax4pkbhm		2025-05-16 17:05:31	2025-05-16 17:05:31
x72c5dqxyp4	xdgstvyxg57	臃	臃	ṳ̆ng	1831	1	17	x3kax4pkbhm		2025-05-16 17:05:31	2025-05-16 17:05:31
xddpvsdaae4	xeq9xav2zw2	臏	臏	bĭng	1831	1	18	x3kax4pkbhm		2025-05-16 17:05:31	2025-05-16 17:05:31
x7n3equ2pzz			臍	că̤	1831	1	19	x3kax4pkbhm		2025-05-16 17:05:31	2025-05-16 17:05:31
xh9yukqchyd			臍	sài	1831	1	19	x3kax4pkbhm		2025-05-16 17:05:31	2025-05-16 17:05:31
xxutuspqwfk			臕	biĕu	1831	1	20	x3kax4pkbhm		2025-05-16 17:05:31	2025-05-16 17:05:31
xscz7k89xza			𦠛	căng	1831	1	21	x3kax4pkbhm		2025-05-16 17:05:31	2025-05-16 17:05:31
xugc3h3z2n9	x46nkvmy2k3	臖	臖	háe̤ng	1831	1	22	x3kax4pkbhm		2025-05-16 17:05:31	2025-05-16 17:05:31
xkts3pnma8j	xtua4bskwy6	臘	臘	lăk	1831	1	23	x3kax4pkbhm		2025-05-16 17:05:31	2025-05-16 17:05:31
xcscj799fvz	x8kydhqembg	臚	臚	lù	1831	2	1	x3kax4pkbhm		2025-05-16 17:05:31	2025-05-16 17:05:31
x7ebt7u8jjn	xp6mbbkpwe4	臟	臟	câung	1831	2	2	x3kax4pkbhm		2025-05-16 17:05:31	2025-05-16 17:05:31
xhbg3u4mdb4			臠	luāng	1831	2	3	x3kax4pkbhm		2025-05-16 17:05:31	2025-05-16 17:05:31
x2rmzn3wqqv	xjxdu3nzckv	臣	臣	sìng	1831	2	4	xc997mszfwa		2025-05-16 17:05:31	2025-05-16 17:05:31
x37aqc7yz89			卧	nguô	1831	2	5	xc997mszfwa		2025-05-16 17:05:31	2025-05-16 17:05:31
xwpu9fxxez7	xmhe6dyhk2m	臥	臥	nguô	1831	2	5	xc997mszfwa		2025-05-16 17:05:31	2025-05-16 17:05:31
xn59jg7hfsv	x9zstd4bucz	臧	臧	cŏng	1831	2	6	xc997mszfwa		2025-05-16 17:05:31	2025-05-16 17:05:31
xj5xhh2vma7	xgkycnpv3yb	臨	臨	lìng	1831	2	7	xc997mszfwa		2025-05-16 17:05:31	2025-05-16 17:05:31
xtt6rwpsbbg			自	cê̤ṳ	1831	2	8	xzshhnz8rmf		2025-05-16 17:05:31	2025-05-16 17:05:31
xc6cm4wpznn			自	cê	1831	2	8	xzshhnz8rmf		2025-05-16 17:05:31	2025-05-16 17:05:31
x4psef2j43b			臭	chéu	1831	2	9	xzshhnz8rmf		2025-05-16 17:05:31	2025-05-16 17:05:31
xabhx2dhz2p			臭	cháu	1831	2	9	xzshhnz8rmf		2025-05-16 17:05:31	2025-05-16 17:05:31
xvn8nedsqgs	xab36k65b7h	臬	臬	ngiĕk	1831	2	10	xzshhnz8rmf		2025-05-16 17:05:31	2025-05-16 17:05:31
x6djymdexgn			皐	gŏ̤	1831	2	11	xzshhnz8rmf		2025-05-16 17:05:31	2025-05-16 17:05:31
xebn9qqhw8x	x87znq4tseg	臲	臲	ngiĕk	1831	2	12	xzshhnz8rmf		2025-05-16 17:05:31	2025-05-16 17:05:31
xdxcgavfy95	xvjsfz32u3y	至	至	cé	1831	2	13	xa7q279qfjv		2025-05-16 17:05:31	2025-05-16 17:05:31
xkudk9kcy3x	xvjsfz32u3y	至	至	gáu	1831	2	13	xa7q279qfjv		2025-05-16 17:05:31	2025-05-16 17:05:31
xan9qzgt5pn	xmvqzz3vbq2	致	致	dé	1831	2	14	xa7q279qfjv		2025-05-16 17:05:31	2025-05-16 17:05:31
xkrm8nma4k3			䑓	dài	1831	2	15	xa7q279qfjv		2025-05-16 17:05:31	2025-05-16 17:05:31
xq4k7vbh5pe			臺	dài	1831	2	16	xa7q279qfjv		2025-05-16 17:05:31	2025-05-16 17:05:31
xhxx4few2s9	xwaub3sfmnu	臻	臻	cĕng	1831	2	17	xa7q279qfjv		2025-05-16 17:05:31	2025-05-16 17:05:31
xyyv2fxnqxc			臼	kêu	1831	2	18	xf6faqf973d		2025-05-16 17:05:31	2025-05-16 17:05:31
xgaw3seq5bv			臼	kô	1831	2	18	xf6faqf973d		2025-05-16 17:05:31	2025-05-16 17:05:31
x9xrc74d9e3	xbmdnp4a4pp	臾	臾	ṳ̀	1831	3	1	xf6faqf973d		2025-05-16 17:05:31	2025-05-16 17:05:31
xsrbyvqxty6			臿	chák	1831	3	2	xf6faqf973d		2025-05-16 17:05:31	2025-05-16 17:05:31
xezzfx9858w	xq6t762vsch	舁	舁	ṳ̀	1831	3	3	xf6faqf973d		2025-05-16 17:05:31	2025-05-16 17:05:31
xkxvqm2jx2x	xwqxyv9rtnx	舀	舀	iēu	1831	3	4	xf6faqf973d		2025-05-16 17:05:31	2025-05-16 17:05:31
xrgj6cd9rb2	xucvfes9fkr	舂	舂	cṳ̆ng	1831	3	5	xf6faqf973d		2025-05-16 17:05:31	2025-05-16 17:05:31
xdjzee7zrdc	x3cyjppvnas	舄	舄	sék	1831	3	6	xf6faqf973d		2025-05-16 17:05:31	2025-05-16 17:05:31
x8bd45m8ezy	xbug86e4pxe	舅	舅	gêu	1831	3	7	xf6faqf973d		2025-05-16 17:05:31	2025-05-16 17:05:31
xjwa8m9f22j			與	ṳ̄	1831	3	8	xf6faqf973d		2025-05-16 17:05:31	2025-05-16 17:05:31
x89rqbwk8fz			與	ṳ̀	1831	3	8	xf6faqf973d		2025-05-16 17:05:31	2025-05-16 17:05:31
xj4jaxpabs4			與	ê̤ṳ	1831	3	8	xf6faqf973d		2025-05-16 17:05:31	2025-05-16 17:05:31
xf6wvd86tvm			与	ṳ̄	1831	3	8	xf6faqf973d		2025-05-16 17:05:31	2025-05-16 17:05:31
xaf7q7jn698			与	ṳ̀	1831	3	8	xf6faqf973d		2025-05-16 17:05:31	2025-05-16 17:05:31
xyykkdepzy5			与	ê̤ṳ	1831	3	8	xf6faqf973d		2025-05-16 17:05:31	2025-05-16 17:05:31
xqby3cz7vqj			興	hĭng	1831	3	9	xf6faqf973d		2025-05-16 17:05:31	2025-05-16 17:05:31
xhrmmk8pgx6			興	héng	1831	3	9	xf6faqf973d		2025-05-16 17:05:31	2025-05-16 17:05:31
xjbfs4hhnn7	xtvv79fwnb5	舉	舉	gṳ̄	1831	3	10	xf6faqf973d		2025-05-16 17:05:31	2025-05-16 17:05:31
xmnncksk4ke			舊	gêu	1831	3	11	xf6faqf973d		2025-05-16 17:05:31	2025-05-16 17:05:31
xczskc86h3m			舊	gô	1831	3	11	xf6faqf973d		2025-05-16 17:05:31	2025-05-16 17:05:31
xyc6y2zrqu5	x8yvujv6ar3	舌	舌	siĕk	1831	3	12	xmzsscvnsd9		2025-05-16 17:05:31	2025-05-16 17:05:31
xznr9by53bd	xevjhmypf3t	舍	舍	siá	1831	3	13	xmzsscvnsd9		2025-05-16 17:05:31	2025-05-16 17:05:31
x96sf4x5jzm	xevjhmypf3t	舍	舍	siā	1831	3	13	xmzsscvnsd9		2025-05-16 17:05:31	2025-05-16 17:05:31
xpdjx4ucyba			䑛	dī	1831	3	14	xmzsscvnsd9		2025-05-16 17:05:31	2025-05-16 17:05:31
xv3y9wy29d8			舒	chṳ̆	1831	3	15	xmzsscvnsd9		2025-05-16 17:05:31	2025-05-16 17:05:31
xggmkdu4yuw			舖	puó	1831	3	16	xmzsscvnsd9		2025-05-16 17:05:31	2025-05-16 17:05:31
xeytn2hvkkv	x6mteq6kmrx	舔	舔	tiēng	1831	3	17	xmzsscvnsd9		2025-05-16 17:05:31	2025-05-16 17:05:31
xq4478aut2h			舘	guāng	1831	3	18	xmzsscvnsd9		2025-05-16 17:05:31	2025-05-16 17:05:31
x9j4829uep4	x7jhse7gypv	舛	舛	chuāng	1831	3	19	xzwg872ea39		2025-05-16 17:05:31	2025-05-16 17:05:31
x3d48nvgxm5	x99zhft23ey	舜	舜	sóng	1831	3	20	xzwg872ea39		2025-05-16 17:05:31	2025-05-16 17:05:31
xn984vewd2k	x9jz62r8btk	舞	舞	ū	1831	3	21	xzwg872ea39		2025-05-16 17:05:31	2025-05-16 17:05:31
xxxcwsfrkw4	xyfjs3jzfy3	舟	舟	cĭu	1832	1	1	x6r8r9q8ajq		2025-05-16 17:05:31	2025-05-16 17:05:31
xmac9t3mz3c	xups4kdqyhb	舠	舠	dŏ̤	1832	1	2	x6r8r9q8ajq		2025-05-16 17:05:31	2025-05-16 17:05:31
x5377pq6rek	xgknh93x7ed	舢	舢	săng	1832	1	3	x6r8r9q8ajq		2025-05-16 17:05:31	2025-05-16 17:05:31
xqzshc8z522			舡	sùng	1832	1	4	x6r8r9q8ajq		2025-05-16 17:05:31	2025-05-16 17:05:31
x53mw7xm8bb			般	băng	1832	1	5	x6r8r9q8ajq		2025-05-16 17:05:31	2025-05-16 17:05:31
xm5yg7vqscu			般	buăng	1832	1	5	x6r8r9q8ajq		2025-05-16 17:05:31	2025-05-16 17:05:31
x7trxy3z47r	xvhk49pubsz	航	航	hòng	1832	1	6	x6r8r9q8ajq		2025-05-16 17:05:31	2025-05-16 17:05:31
xpdyakvf9mc	xth2mjgmhkx	舫	舫	huōng	1832	1	7	x6r8r9q8ajq		2025-05-16 17:05:31	2025-05-16 17:05:31
xnsarcr5fah			舶	bŏ̤h	1832	1	8	x6r8r9q8ajq		2025-05-16 17:05:31	2025-05-16 17:05:31
xsdmzaqqk7n			舴	cá	1832	1	9	x6r8r9q8ajq		2025-05-16 17:05:31	2025-05-16 17:05:31
xv5pe4gnmdt			舵	dò̤	1832	1	10	x6r8r9q8ajq		2025-05-16 17:05:31	2025-05-16 17:05:31
xy6wazb4qvk			舵	duâi	1832	1	10	x6r8r9q8ajq		2025-05-16 17:05:31	2025-05-16 17:05:31
x4fhq9rm2pz	xf33q2234vg	舷	舷	hièng	1832	1	11	x6r8r9q8ajq		2025-05-16 17:05:31	2025-05-16 17:05:31
xdcr765v3qh	xdrcnndezdg	舸	舸	kō̤	1832	1	12	x6r8r9q8ajq		2025-05-16 17:05:31	2025-05-16 17:05:31
xxv767wpjcb	xa8qnu8826s	船	船	sùng	1832	1	13	x6r8r9q8ajq		2025-05-16 17:05:31	2025-05-16 17:05:31
x9ucg48u4n5	xswk6ngd64q	艄	艄	sáu	1832	1	14	x6r8r9q8ajq		2025-05-16 17:05:31	2025-05-16 17:05:31
xdm8vjxx8dw	xkgpnps9u4s	艇	艇	tīng	1832	1	15	x6r8r9q8ajq		2025-05-16 17:05:31	2025-05-16 17:05:31
xammrnv75ez			⿰舟⿺廴丰	tīng	1832	1	15	x6r8r9q8ajq		2025-05-16 17:05:31	2025-05-16 17:05:31
xzhmvs65kh2	xunt8gw2j2s	䑳	䑳	lùng	1832	1	16	x6r8r9q8ajq		2025-05-16 17:05:31	2025-05-16 17:05:31
x3kdp9ycdet	xspqdktz7jg	艋	艋	mēng	1832	1	17	x6r8r9q8ajq		2025-05-16 17:05:31	2025-05-16 17:05:31
xrz99aqr28u	xnfc8dqmeqr	艑	艑	biêng	1832	1	18	x6r8r9q8ajq		2025-05-16 17:05:31	2025-05-16 17:05:31
xqsab97ar4t	xk5z73tazyv	艓	艓	diĕk	1832	1	19	x6r8r9q8ajq		2025-05-16 17:05:31	2025-05-16 17:05:31
xm767fs7qjw	xc7acthwg7t	艖	艖	chă	1832	1	20	x6r8r9q8ajq		2025-05-16 17:05:31	2025-05-16 17:05:31
xpf87n359r6	xtr4fa6wqu8	艙	艙	chŏng	1832	1	21	x6r8r9q8ajq		2025-05-16 17:05:31	2025-05-16 17:05:31
xshpbusdxzg			艘	sĕu	1832	1	22	x6r8r9q8ajq		2025-05-16 17:05:31	2025-05-16 17:05:31
xegc3h8d6wy	x8u35vpatp3	艚	艚	cò̤	1832	2	1	x6r8r9q8ajq		2025-05-16 17:05:31	2025-05-16 17:05:31
xpcgefmhway			艛	lèu	1832	2	2	x6r8r9q8ajq		2025-05-16 17:05:31	2025-05-16 17:05:31
xw8yfqbepp7	xkgmhfy9xey	艟	艟	dùng	1832	2	3	x6r8r9q8ajq		2025-05-16 17:05:31	2025-05-16 17:05:31
x6cf8gbv67y			艢	chiòng	1832	2	4	x6r8r9q8ajq		2025-05-16 17:05:31	2025-05-16 17:05:31
xdafncwhwxp			艣	lū	1832	2	5	x6r8r9q8ajq		2025-05-16 17:05:31	2025-05-16 17:05:31
x779ct6r55w	xf2x4ys7dkg	艤	艤	ngiê	1832	2	6	x6r8r9q8ajq		2025-05-16 17:05:31	2025-05-16 17:05:31
xc2eysz84ea	xzmfhsqjc74	艦	艦	kāng	1832	2	7	x6r8r9q8ajq		2025-05-16 17:05:31	2025-05-16 17:05:31
x9tfr6gsx9e	xkmq7jgy5nd	艨	艨	mùng	1832	2	8	x6r8r9q8ajq		2025-05-16 17:05:31	2025-05-16 17:05:31
xd3ssj9ncxd	xv74xja3tcd	艫	艫	lù	1832	2	9	x6r8r9q8ajq		2025-05-16 17:05:31	2025-05-16 17:05:31
x3ut3s3qwdz	x6ehap9krk8	艮	艮	gáung	1832	2	10	xs7ksw7mkre		2025-05-16 17:05:31	2025-05-16 17:05:31
xbtztkccfz7	x6ehap9krk8	艮	艮	ngṳ̀ng	1832	2	10	xs7ksw7mkre		2025-05-16 17:05:31	2025-05-16 17:05:31
x6xr3n2ypsj	xzgv6wu2uxy	良	良	liòng	1832	2	11	xs7ksw7mkre		2025-05-16 17:05:31	2025-05-16 17:05:31
xss4um7rx3f	xun586wa3f2	艱	艱	găng	1832	2	12	xs7ksw7mkre		2025-05-16 17:05:31	2025-05-16 17:05:31
x69g7rpgysa	xzuzw4bsdn5	色	色	sáik	1832	2	13	xf5g79cmezf		2025-05-16 17:05:31	2025-05-16 17:05:31
xy6tmwur6kg			艴	hók	1832	2	14	xf5g79cmezf		2025-05-16 17:05:31	2025-05-16 17:05:31
xkwx2yr7zcw			艶	iêng	1832	2	15	xf5g79cmezf		2025-05-16 17:05:31	2025-05-16 17:05:31
xzfrsas2965			艸	chō̤	1832	2	16	xrkmxtadgne		2025-05-16 17:05:31	2025-05-16 17:05:31
xh6umj76bvn			艸	chāu	1832	2	16	xrkmxtadgne		2025-05-16 17:05:31	2025-05-16 17:05:31
x84bp4cah2e			芀	dèu	1832	2	17	xrkmxtadgne		2025-05-16 17:05:31	2025-05-16 17:05:31
xchb8kuhhy9	x3q92egzqbe	艽	艽	gìu	1832	2	18	xrkmxtadgne		2025-05-16 17:05:31	2025-05-16 17:05:31
x8pvk7dy8tm	xkcem4dznvb	艻	艻	lĕk	1832	3	1	xrkmxtadgne		2025-05-16 17:05:31	2025-05-16 17:05:31
xdffstwt8b3			艾	ngái	1832	3	2	xrkmxtadgne		2025-05-16 17:05:31	2025-05-16 17:05:31
xxjfmugkxec			艾	ngié	1832	3	2	xrkmxtadgne		2025-05-16 17:05:31	2025-05-16 17:05:31
xr9yfyuydhc	xqd27zmywc8	芊	芊	chiĕng	1832	3	3	xrkmxtadgne		2025-05-16 17:05:31	2025-05-16 17:05:31
xq5va9njm3v	xr4zbeyt5ae	芍	芍	chiók	1832	3	4	xrkmxtadgne		2025-05-16 17:05:31	2025-05-16 17:05:31
x2fk79umdgs			𦬊	gī	1832	3	5	xrkmxtadgne		2025-05-16 17:05:31	2025-05-16 17:05:31
xvj779g3me6	xs4feekuact	芎	芎	gṳ̆ng	1832	3	6	xrkmxtadgne		2025-05-16 17:05:31	2025-05-16 17:05:31
xkgeuqbjf8c			芒	mòng	1832	3	7	xrkmxtadgne		2025-05-16 17:05:31	2025-05-16 17:05:31
xh2da9fz9s8			芒	mè̤ng	1832	3	7	xrkmxtadgne		2025-05-16 17:05:31	2025-05-16 17:05:31
x4xsmjthpcu	x2p95ny26qv	芃	芃	pùng	1832	3	8	xrkmxtadgne		2025-05-16 17:05:31	2025-05-16 17:05:31
xqjhx6dwqdb	x7wnxehz22q	芋	芋	uô	1832	3	9	xrkmxtadgne		2025-05-16 17:05:31	2025-05-16 17:05:31
x99swnmxa2r	xgx9ah4a88m	芄	芄	uòng	1832	3	10	xrkmxtadgne		2025-05-16 17:05:31	2025-05-16 17:05:31
xrpfs958gpn	xbs32wgnz7z	芭	芭	bă	1832	3	11	xrkmxtadgne		2025-05-16 17:05:31	2025-05-16 17:05:31
x6pj4qagu8z	xvdurybjf3w	芷	芷	cī	1832	3	12	xrkmxtadgne		2025-05-16 17:05:31	2025-05-16 17:05:31
xc9j244rpjf	xphu9qrrv3v	芝	芝	ciĕ	1832	3	13	xrkmxtadgne		2025-05-16 17:05:31	2025-05-16 17:05:31
xykeqsmn2uk	xa2rp39h5u7	芻	芻	chṳ̆	1832	3	14	xrkmxtadgne		2025-05-16 17:05:31	2025-05-16 17:05:31
x2bgyqt5765	xsyr2vcmq5h	芥	芥	gái	1832	3	15	xrkmxtadgne		2025-05-16 17:05:31	2025-05-16 17:05:31
xh7fxvm3rsp	x4jjfb8a55g	芰	芰	gé	1832	3	16	xrkmxtadgne		2025-05-16 17:05:31	2025-05-16 17:05:31
xmfjebswq95	xaxu39dpm3k	芪	芪	gì	1832	3	17	xrkmxtadgne		2025-05-16 17:05:31	2025-05-16 17:05:31
xkfv6wgn9cz			芾	hié	1832	3	18	xrkmxtadgne		2025-05-16 17:05:31	2025-05-16 17:05:31
xy78bfg7xzu			芾	hók	1832	3	18	xrkmxtadgne		2025-05-16 17:05:31	2025-05-16 17:05:31
x98jjy6e85p	xhsmqwfvfmc	芙	芙	hù	1832	3	19	xrkmxtadgne		2025-05-16 17:05:31	2025-05-16 17:05:31
xjvtzpshhzu	xu92vjqgkwr	芬	芬	hŭng	1832	3	20	xrkmxtadgne		2025-05-16 17:05:31	2025-05-16 17:05:31
xkr9v7hyeya	xbse7atf8cb	芳	芳	huŏng	1832	3	21	xrkmxtadgne		2025-05-16 17:05:31	2025-05-16 17:05:31
x5csap3emud	xv2k7kf5a64	芮	芮	iô	1833	1	1	xrkmxtadgne		2025-05-16 17:05:31	2025-05-16 17:05:31
xgsh4dfzq4r	xu7xzbxqnwt	芡	芡	kiéng	1833	1	2	xrkmxtadgne		2025-05-16 17:05:31	2025-05-16 17:05:31
xunh96mt4nt	xgesnp93fk6	芩	芩	kìng	1833	1	3	xrkmxtadgne		2025-05-16 17:05:31	2025-05-16 17:05:31
xcmu6xabnpj	xkwjs27jexq	芹	芹	kṳ̀ng	1833	1	4	xrkmxtadgne		2025-05-16 17:05:31	2025-05-16 17:05:31
xkmycu8wbzg	xxbs75zjbdh	芼	芼	mô̤	1833	1	5	xrkmxtadgne		2025-05-16 17:05:31	2025-05-16 17:05:31
xwthdqd2mmf	xxbs75zjbdh	芼	芼	mò̤	1833	1	5	xrkmxtadgne		2025-05-16 17:05:31	2025-05-16 17:05:31
xvqqvyf592e	xtetvknsr2q	芽	芽	ngà	1833	1	6	xrkmxtadgne		2025-05-16 17:05:31	2025-05-16 17:05:31
x6n2gr748ze	xkupgjcsxce	芫	芫	nguòng	1833	1	7	xrkmxtadgne		2025-05-16 17:05:31	2025-05-16 17:05:31
x7nusmrxbze	xdepqjus2un	芣	芣	pèu	1833	1	8	xrkmxtadgne		2025-05-16 17:05:31	2025-05-16 17:05:31
xup7h2ut2gt	x8avppckqdk	芟	芟	săng	1833	1	9	xrkmxtadgne		2025-05-16 17:05:31	2025-05-16 17:05:31
xuhrphkp8kq	x9pvkg3fweh	芯	芯	sĭng	1833	1	10	xrkmxtadgne		2025-05-16 17:05:31	2025-05-16 17:05:31
xrpjp9mf3sw	x552xu5tk7d	芸	芸	ùng	1833	1	11	xrkmxtadgne		2025-05-16 17:05:31	2025-05-16 17:05:31
xkce6jxxs7r	xk6qkd6excy	茇	茇	băk	1833	1	12	xrkmxtadgne		2025-05-16 17:05:31	2025-05-16 17:05:31
x4pa5skrqqv			𦭞	băk	1833	1	12	xrkmxtadgne		2025-05-16 17:05:31	2025-05-16 17:05:31
xejzu495nxp	xsb674sp8ju	苞	苞	bàu	1833	1	13	xrkmxtadgne		2025-05-16 17:05:31	2025-05-16 17:05:31
x2485x642u2			苾	bé	1833	1	14	xrkmxtadgne		2025-05-16 17:05:31	2025-05-16 17:05:31
xnenextmtpb			苹	bìng	1833	1	15	xrkmxtadgne		2025-05-16 17:05:31	2025-05-16 17:05:31
x5z4pzthb53			苫	cáing	1833	1	16	xrkmxtadgne		2025-05-16 17:05:31	2025-05-16 17:05:31
xu7x5ghazav	x8ej6nj9vr2	苴	苴	cṳ̆	1833	1	17	xrkmxtadgne		2025-05-16 17:05:31	2025-05-16 17:05:31
xv69xejut2x	xqyn3egfcqm	茁	茁	cuók	1833	1	18	xrkmxtadgne		2025-05-16 17:05:31	2025-05-16 17:05:31
x58paxu3fss	xqyhf6fdbpw	苐	苐	dâ̤	1833	1	19	xrkmxtadgne		2025-05-16 17:05:31	2025-05-16 17:05:31
xp2ysmgahw9	xwrbzje27qd	苕	苕	dèu	1833	1	20	xrkmxtadgne		2025-05-16 17:05:31	2025-05-16 17:05:31
xxyf97zwypc	x4kcqnye8e4	苷	苷	găng	1833	1	21	xrkmxtadgne		2025-05-16 17:05:31	2025-05-16 17:05:31
xz4k39mk25a	x4veqz7y727	苟	苟	gēu	1833	1	22	xrkmxtadgne		2025-05-16 17:05:31	2025-05-16 17:05:31
xk2ww33yxjc			茄	giă	1833	1	23	xrkmxtadgne		2025-05-16 17:05:31	2025-05-16 17:05:31
x9ucxap92hg			茄	giò	1833	1	23	xrkmxtadgne		2025-05-16 17:05:31	2025-05-16 17:05:31
x7a4tpqfuba	xpjmp4npru5	茀	茀	hók	1833	2	1	xrkmxtadgne		2025-05-16 17:05:31	2025-05-16 17:05:31
xwppy5cgayk	x34ezmq6adz	苻	苻	hù	1833	2	2	xrkmxtadgne		2025-05-16 17:05:31	2025-05-16 17:05:31
xeva4eqcxjz	xcj4g2dgb9p	范	范	huâng	1833	2	3	xrkmxtadgne		2025-05-16 17:05:31	2025-05-16 17:05:31
xcbf8bdzv8v	xeyrb75pfmn	苡	苡	ī	1833	2	4	xrkmxtadgne		2025-05-16 17:05:31	2025-05-16 17:05:31
xht7fesxkac	xsbgvtup2zk	苒	苒	iēng	1833	2	5	xrkmxtadgne		2025-05-16 17:05:31	2025-05-16 17:05:31
x9zzvrs8a7a	xsj8b28aa95	英	英	ĭng	1833	2	6	xrkmxtadgne		2025-05-16 17:05:31	2025-05-16 17:05:31
xcj2z78trxb			若	iŏk	1833	2	7	xrkmxtadgne		2025-05-16 17:05:31	2025-05-16 17:05:31
xybzkacukq9			苛	kŏ̤	1833	2	8	xrkmxtadgne		2025-05-16 17:05:31	2025-05-16 17:05:31
x28jdtpkwur	x2crakd2cxk	苦	苦	kū	1833	2	9	xrkmxtadgne		2025-05-16 17:05:31	2025-05-16 17:05:31
xwxqdakxver	xqfeqqs5389	苙	苙	lĭk	1833	2	10	xrkmxtadgne		2025-05-16 17:05:31	2025-05-16 17:05:31
xjw9c8b2szn	xgb4kmxhbc3	苓	苓	lìng	1833	2	11	xrkmxtadgne		2025-05-16 17:05:31	2025-05-16 17:05:31
xpcm5t93jqf	xy5uz2puexu	茂	茂	mâiu	1833	2	12	xrkmxtadgne		2025-05-16 17:05:31	2025-05-16 17:05:31
x7txm5fkawy	xknsqeu653j	茆	茆	māu	1833	2	13	xrkmxtadgne		2025-05-16 17:05:31	2025-05-16 17:05:31
xpybjxksjt6	xadeq5uqxpt	茅	茅	màu	1833	2	14	xrkmxtadgne	原書有誤，已更正	2025-05-16 17:05:31	2025-05-16 17:05:31
x7mjt9jr95p			苗	mièu	1833	2	15	xrkmxtadgne		2025-05-16 17:05:31	2025-05-16 17:05:31
xj72g86zbe5	xhhyu5budtx	茉	茉	muăk	1833	2	16	xrkmxtadgne		2025-05-16 17:05:31	2025-05-16 17:05:31
x5zkzgv3pm8	xhhyu5budtx	茉	茉	mĕ̤k	1833	2	16	xrkmxtadgne		2025-05-16 17:05:31	2025-05-16 17:05:31
xxneuqgzmfu	xpgjquubmqb	苜	苜	mŭk	1833	2	17	xrkmxtadgne		2025-05-16 17:05:31	2025-05-16 17:05:31
x6bf3t2qc6t	xp3vqsjexbk	苶	苶	niĕk	1833	2	18	xrkmxtadgne		2025-05-16 17:05:31	2025-05-16 17:05:31
xcx6ss22f8u			苔	tăi	1833	2	19	xrkmxtadgne		2025-05-16 17:05:31	2025-05-16 17:05:31
xet2dtq85ag			苔	tì	1833	2	19	xrkmxtadgne		2025-05-16 17:05:31	2025-05-16 17:05:31
xn7gjwe9tgb			苧	tṳ̄	1833	2	20	xrkmxtadgne		2025-05-16 17:05:31	2025-05-16 17:05:31
xhe2v2zcc29			苧	dâe̤	1833	2	20	xrkmxtadgne		2025-05-16 17:05:31	2025-05-16 17:05:31
xdmjyfxww5k	xq4srgjcfnj	苑	苑	uōng	1833	2	21	xrkmxtadgne		2025-05-16 17:05:31	2025-05-16 17:05:31
xptcsn284s8			荐	ciéng	1833	2	22	xrkmxtadgne		2025-05-16 17:05:31	2025-05-16 17:05:31
xwcf3daebdm			茱	cuŏ	1833	2	23	xrkmxtadgne	原書有誤，已更正	2025-05-16 17:05:31	2025-05-16 17:05:31
xjgxw2y7czz			茨	cṳ̆	1833	3	1	xrkmxtadgne		2025-05-16 17:05:31	2025-05-16 17:05:31
xp3dd66buga			茨	chié	1833	3	1	xrkmxtadgne		2025-05-16 17:05:31	2025-05-16 17:05:31
xpudsra7qaj			茲	cṳ̀	1833	3	2	xrkmxtadgne		2025-05-16 17:05:31	2025-05-16 17:05:31
xmcshrnbzgy			茦	cháik	1833	3	3	xrkmxtadgne		2025-05-16 17:05:31	2025-05-16 17:05:31
xx3jm4tp9b6			茦	chié	1833	3	3	xrkmxtadgne		2025-05-16 17:05:31	2025-05-16 17:05:31
x9cuzrpqesj			茜	cháing	1833	3	4	xrkmxtadgne		2025-05-16 17:05:31	2025-05-16 17:05:31
xt6cu7uzrg5			草	chō̤	1833	3	5	xrkmxtadgne		2025-05-16 17:05:31	2025-05-16 17:05:31
xa232tv523t			草	chāu	1833	3	5	xrkmxtadgne		2025-05-16 17:05:31	2025-05-16 17:05:31
xv52vjkyv7x	x8qt9ww8b5q	荃	荃	chuăng	1833	3	6	xrkmxtadgne		2025-05-16 17:05:31	2025-05-16 17:05:31
xaah7xx9bcs	x9t57smrzsw	茶	茶	dà	1833	3	7	xrkmxtadgne		2025-05-16 17:05:31	2025-05-16 17:05:31
xcs4ukk3kn7			荅	dák	1833	3	8	xrkmxtadgne		2025-05-16 17:05:31	2025-05-16 17:05:31
x4evgpwu59b			荄	găi	1833	3	9	xrkmxtadgne		2025-05-16 17:05:31	2025-05-16 17:05:31
xu7kfkk9b8e			茭	gău	1833	3	10	xrkmxtadgne		2025-05-16 17:05:31	2025-05-16 17:05:31
xndbcrtfr5m			荆	gìng	1833	3	11	xrkmxtadgne		2025-05-16 17:05:31	2025-05-16 17:05:31
xn8kvms64k2	x8gqmdmvmu9	荇	荇	háing	1833	3	12	xrkmxtadgne		2025-05-16 17:05:31	2025-05-16 17:05:31
x5rqgxtkfu7	x8vw3zg6973	茯	茯	hŭk	1833	3	13	xrkmxtadgne		2025-05-16 17:05:31	2025-05-16 17:05:31
xsgv2v857bn	x66vptbjwn6	茴	茴	huòi	1833	3	14	xrkmxtadgne		2025-05-16 17:05:31	2025-05-16 17:05:31
x56xc4ukh7m	x66vptbjwn6	茴	茴	puòi	1833	3	14	xrkmxtadgne		2025-05-16 17:05:31	2025-05-16 17:05:31
xg2njgdxcgq	xfqk5r9xswc	荒	荒	huŏng	1833	3	15	xrkmxtadgne		2025-05-16 17:05:31	2025-05-16 17:05:31
xnbshywf5v5	xuxmd98etmg	茵	茵	ĭng	1833	3	16	xrkmxtadgne		2025-05-16 17:05:31	2025-05-16 17:05:31
xurkt6bqq7q	x83r68sdsdk	荏	荏	īng	1833	3	17	xrkmxtadgne		2025-05-16 17:05:31	2025-05-16 17:05:31
x8wuf3v5hpb			茘	lié	1833	3	18	xrkmxtadgne		2025-05-16 17:05:31	2025-05-16 17:05:31
x8gfwspex2z			茘	liè	1833	3	18	xrkmxtadgne		2025-05-16 17:05:31	2025-05-16 17:05:31
xgruur54ds8	xueq9eb7krr	荔	荔	lié	1833	3	18	xrkmxtadgne		2025-05-16 17:05:31	2025-05-16 17:05:31
x62mp4vf8tg	xueq9eb7krr	荔	荔	liè	1833	3	18	xrkmxtadgne		2025-05-16 17:05:31	2025-05-16 17:05:31
xbxhwgxdx8p	xmv69eczg9u	茗	茗	mìng	1833	3	19	xrkmxtadgne		2025-05-16 17:05:31	2025-05-16 17:05:31
xv879nrabbj	x6h43ydy74t	茫	茫	mòng	1833	3	20	xrkmxtadgne		2025-05-16 17:05:31	2025-05-16 17:05:31
xgwn9sxv888	xapcrdv4qdg	荍	荍	ngièu	1833	3	21	xrkmxtadgne		2025-05-16 17:05:31	2025-05-16 17:05:31
xsxcthb4yuc			荀	sùng	1833	3	22	xrkmxtadgne		2025-05-16 17:05:31	2025-05-16 17:05:31
xht8yw7j7ey	xg4xrcpb2cj	荑	荑	tà̤	1833	3	23	xrkmxtadgne		2025-05-16 17:05:31	2025-05-16 17:05:31
xq3b2pg667h	xg4xrcpb2cj	荑	荑	ì	1833	3	23	xrkmxtadgne		2025-05-16 17:05:31	2025-05-16 17:05:31
x8m4m56hnvg	x5aw76ahtjn	茹	茹	ṳ̀	1834	1	1	xrkmxtadgne		2025-05-16 17:05:31	2025-05-16 17:05:31
x892k6rrrg8	xvdas9bhj96	茸	茸	ṳ̀ng	1834	1	2	xrkmxtadgne		2025-05-16 17:05:31	2025-05-16 17:05:31
x95qu9m3akx			莆	buò	1834	1	3	xrkmxtadgne		2025-05-16 17:05:31	2025-05-16 17:05:31
xj4h64um988			𦮷	buói	1834	1	4	xrkmxtadgne		2025-05-16 17:05:31	2025-05-16 17:05:31
xyr53yr6hmp	x7j5bft7xjh	荸	荸	buŏk	1834	1	5	xrkmxtadgne		2025-05-16 17:05:31	2025-05-16 17:05:31
xkdw7xdj46y	xe7mdra4bn3	莊	莊	cŏng	1834	1	6	xrkmxtadgne		2025-05-16 17:05:31	2025-05-16 17:05:31
xxfjmfruf4f			⿱艹初	cháe̤	1834	1	7	xrkmxtadgne		2025-05-16 17:05:31	2025-05-16 17:05:31
xads2wbmbea			莗	chiă	1834	1	8	xrkmxtadgne		2025-05-16 17:05:31	2025-05-16 17:05:31
xe4ruq2wazz			莝	chó̤i	1834	1	9	xrkmxtadgne		2025-05-16 17:05:31	2025-05-16 17:05:31
xtxkqmgbsjd			荳	dâiu	1834	1	10	xrkmxtadgne		2025-05-16 17:05:32	2025-05-16 17:05:32
xa39pqtyrrk			荳	dâu	1834	1	10	xrkmxtadgne		2025-05-16 17:05:32	2025-05-16 17:05:32
xchy8kmb7s8	xgycuweq8ax	荻	荻	dĭk	1834	1	11	xrkmxtadgne		2025-05-16 17:05:32	2025-05-16 17:05:32
x86sausar3c	xuxc8bscyp3	荼	荼	dù	1834	1	12	xrkmxtadgne		2025-05-16 17:05:32	2025-05-16 17:05:32
xd22kzg5bub	x6kpt95cgz3	莢	莢	giék	1834	1	13	xrkmxtadgne		2025-05-16 17:05:32	2025-05-16 17:05:32
xtrmvz4fhvh	xjrbve58nxn	莧	莧	háing	1834	1	14	xrkmxtadgne		2025-05-16 17:05:32	2025-05-16 17:05:32
xw8mnfrpg5d	xjrbve58nxn	莧	莧	hiêng	1834	1	14	xrkmxtadgne		2025-05-16 17:05:32	2025-05-16 17:05:32
xfak2mdrd3h			荷	hò̤	1834	1	15	xrkmxtadgne		2025-05-16 17:05:32	2025-05-16 17:05:32
xg5h97f3brw			荷	hô̤	1834	1	15	xrkmxtadgne		2025-05-16 17:05:32	2025-05-16 17:05:32
xxmuwc7c8mb			莩	hŭ	1834	1	16	xrkmxtadgne		2025-05-16 17:05:32	2025-05-16 17:05:32
x5e72w3q5dd			莩	piēu	1834	1	16	xrkmxtadgne		2025-05-16 17:05:32	2025-05-16 17:05:32
xgna89k6dqq	xaf73m3bxtx	莠	莠	īu	1834	1	17	xrkmxtadgne		2025-05-16 17:05:32	2025-05-16 17:05:32
xe3yr6dvmfd	xjcp22jadf9	莖	莖	kĕng	1834	1	18	xrkmxtadgne		2025-05-16 17:05:32	2025-05-16 17:05:32
xvknwujyzmu	xax6kk8yaxs	莉	莉	lê	1834	1	19	xrkmxtadgne		2025-05-16 17:05:32	2025-05-16 17:05:32
x8fk4cvq9tg			莅	lê	1834	1	20	xrkmxtadgne		2025-05-16 17:05:32	2025-05-16 17:05:32
x8crckxxwq8	xduk2sgc589	莨	莨	lòng	1834	1	21	xrkmxtadgne		2025-05-16 17:05:32	2025-05-16 17:05:32
xsmv9suqf2e			莒	lṳ̄	1834	1	22	xrkmxtadgne		2025-05-16 17:05:32	2025-05-16 17:05:32
xm9axee2hw6			莫	mŏk	1834	1	23	xrkmxtadgne		2025-05-16 17:05:32	2025-05-16 17:05:32
xktpbgcwczu			莫	mŏ̤h	1834	1	23	xrkmxtadgne		2025-05-16 17:05:32	2025-05-16 17:05:32
xf88jsqbsuw	xpsdguyuzf3	莓	莓	muòi	1834	2	1	xrkmxtadgne		2025-05-16 17:05:32	2025-05-16 17:05:32
x3c4rtt3aug	xpsdguyuzf3	莓	莓	muōi	1834	2	1	xrkmxtadgne		2025-05-16 17:05:32	2025-05-16 17:05:32
xqqsxjjcrr9	xbcwfsw83xg	莪	莪	ngò̤	1834	2	2	xrkmxtadgne		2025-05-16 17:05:32	2025-05-16 17:05:32
xgy983jhx9q			莦	său	1834	2	3	xrkmxtadgne		2025-05-16 17:05:32	2025-05-16 17:05:32
xkfyypqvka8	xfb8gbevfq3	莘	莘	sĭng	1834	2	4	xrkmxtadgne		2025-05-16 17:05:32	2025-05-16 17:05:32
x6c4kexkkqs	x9x3tfbxzfr	莎	莎	sŏ̤	1834	2	5	xrkmxtadgne		2025-05-16 17:05:32	2025-05-16 17:05:32
x9ngad9hyvg	x9x3tfbxzfr	莎	莎	să	1834	2	5	xrkmxtadgne		2025-05-16 17:05:32	2025-05-16 17:05:32
xgwp7k4f9p9			荽	sŭi	1834	2	6	xrkmxtadgne		2025-05-16 17:05:32	2025-05-16 17:05:32
xzugcu4bbsk	xuqgf262jt6	莞	莞	uāng	1834	2	7	xrkmxtadgne		2025-05-16 17:05:32	2025-05-16 17:05:32
xwuc8hv66nq			菴	ăng	1834	2	8	xrkmxtadgne		2025-05-16 17:05:32	2025-05-16 17:05:32
xr3p3a5a6rd			萆	bĭ	1834	2	9	xrkmxtadgne		2025-05-16 17:05:32	2025-05-16 17:05:32
xec9v39dc7c			𦱔	bĭ	1834	2	9	xrkmxtadgne		2025-05-16 17:05:32	2025-05-16 17:05:32
x6s6jfrfysq	xrfrv8ux6qk	萍	萍	bìng	1834	2	10	xrkmxtadgne		2025-05-16 17:05:32	2025-05-16 17:05:32
xwsmp8upe6m	xbw79um4zsw	菢	菢	bô	1834	2	11	xrkmxtadgne		2025-05-16 17:05:32	2025-05-16 17:05:32
x9un7mwcj97	xbw79um4zsw	菢	菢	bô̤	1834	2	11	xrkmxtadgne		2025-05-16 17:05:32	2025-05-16 17:05:32
xwu7p8zzdrz	xf4kgb4ck7k	菩	菩	bù	1834	2	12	xrkmxtadgne		2025-05-16 17:05:32	2025-05-16 17:05:32
xd74ex9zvh8	xzxhmnj8bjf	菁	菁	cĭng	1834	2	13	xrkmxtadgne		2025-05-16 17:05:32	2025-05-16 17:05:32
xwf9hp5kdcm	x9tdtq7b4b2	萃	萃	chôi	1834	2	14	xrkmxtadgne		2025-05-16 17:05:32	2025-05-16 17:05:32
xatzjkzd3nc	x937zgynyb6	菹	菹	cṳ̆	1834	2	15	xrkmxtadgne		2025-05-16 17:05:32	2025-05-16 17:05:32
xcpry62bnyh	xzpj3cepage	菑	菑	cṳ̆	1834	2	16	xrkmxtadgne		2025-05-16 17:05:32	2025-05-16 17:05:32
xbewqaktseb	xzpj3cepage	菑	菑	căi	1834	2	16	xrkmxtadgne		2025-05-16 17:05:32	2025-05-16 17:05:32
x96vzxajy3d	xfdv7jfw7rc	萋	萋	chă̤	1834	2	17	xrkmxtadgne		2025-05-16 17:05:32	2025-05-16 17:05:32
xxyweev6xkq	xb38egp995f	菜	菜	chái	1834	2	18	xrkmxtadgne		2025-05-16 17:05:32	2025-05-16 17:05:32
xy36tk4kxy4			莿	chié	1834	2	19	xrkmxtadgne		2025-05-16 17:05:32	2025-05-16 17:05:32
xgeg77enu5y			菖	chiŏng	1834	2	20	xrkmxtadgne		2025-05-16 17:05:32	2025-05-16 17:05:32
xka24e7me4k			菖	chĕ̤ng	1834	2	20	xrkmxtadgne		2025-05-16 17:05:32	2025-05-16 17:05:32
xgk73nuybnd			䓡	dĭ	1834	2	21	xrkmxtadgne		2025-05-16 17:05:32	2025-05-16 17:05:32
x7qy85nv5r9	xszvapy9nyk	萇	萇	diòng	1834	2	22	xrkmxtadgne		2025-05-16 17:05:32	2025-05-16 17:05:32
x4vxcrv52jc	xkc9gavhbw4	萄	萄	dò̤	1834	2	23	xrkmxtadgne		2025-05-16 17:05:32	2025-05-16 17:05:32
x9s3e3yjbn7	xvqpzpdvu4g	菊	菊	gé̤ṳk	1834	3	1	xrkmxtadgne		2025-05-16 17:05:32	2025-05-16 17:05:32
xar2sdh5kap	xphbw4jgp9n	堇	堇	gê̤ṳng	1834	3	2	xrkmxtadgne		2025-05-16 17:05:32	2025-05-16 17:05:32
xky28jwavf7	xphbw4jgp9n	堇	堇	gīng	1834	3	2	xrkmxtadgne		2025-05-16 17:05:32	2025-05-16 17:05:32
xk777d8974e	xkfgn5vjz26	萁	萁	gì	1834	3	3	xrkmxtadgne		2025-05-16 17:05:32	2025-05-16 17:05:32
xak7x2uq9wa	xu3yr3g9wzn	菰	菰	gŭ	1834	3	4	xrkmxtadgne		2025-05-16 17:05:32	2025-05-16 17:05:32
x3uuxbhpx7r	xqabshac35z	菇	菇	gŭ	1834	3	4	xrkmxtadgne		2025-05-16 17:05:32	2025-05-16 17:05:32
x28kyn8eh3u			菓	guō	1834	3	5	xrkmxtadgne		2025-05-16 17:05:32	2025-05-16 17:05:32
xv58azy95ax	xrvu48ndfcr	菅	菅	guāng	1834	3	6	xrkmxtadgne		2025-05-16 17:05:32	2025-05-16 17:05:32
xqaqpjk8qsz	xejks94k2a8	菡	菡	hāng	1834	3	7	xrkmxtadgne		2025-05-16 17:05:32	2025-05-16 17:05:32
xkwf8y8z9fx	x78x5x8kjmz	菔	菔	hŭk	1834	3	8	xrkmxtadgne		2025-05-16 17:05:32	2025-05-16 17:05:32
xp4s3tcz6pe			華	huà	1834	3	9	xrkmxtadgne		2025-05-16 17:05:32	2025-05-16 17:05:32
xrhrmb42xbt	x3ah5v95cxg	菌	菌	kūng	1834	3	10	xrkmxtadgne		2025-05-16 17:05:32	2025-05-16 17:05:32
xwnrpq9zsrp	xh5h27mf8uw	萊	萊	lài	1834	3	11	xrkmxtadgne		2025-05-16 17:05:32	2025-05-16 17:05:32
x7ay6qmtbx6	xs9hwws7m9x	萏	萏	lāng	1834	3	12	xrkmxtadgne		2025-05-16 17:05:32	2025-05-16 17:05:32
xauhmk2m6hf	x7fp5h477ew	菱	菱	lèng	1834	3	13	xrkmxtadgne		2025-05-16 17:05:32	2025-05-16 17:05:32
xgf3z6ue398	x7fp5h477ew	菱	菱	lìng	1834	3	13	xrkmxtadgne		2025-05-16 17:05:32	2025-05-16 17:05:32
xynw4fnejtc	xr8w8u77wcp	菉	菉	lṳ̆k	1834	3	14	xrkmxtadgne		2025-05-16 17:05:32	2025-05-16 17:05:32
xjkx7gdebu2			萌	mèng	1834	3	15	xrkmxtadgne		2025-05-16 17:05:32	2025-05-16 17:05:32
xdt6pf36b53			莾	mōng	1834	3	16	xrkmxtadgne		2025-05-16 17:05:32	2025-05-16 17:05:32
xjy5xzn8qxc	xfwggsewz56	莽	莽	mōng	1834	3	16	xrkmxtadgne		2025-05-16 17:05:32	2025-05-16 17:05:32
xu25av9f3ew			菲	pī	1834	3	17	xrkmxtadgne		2025-05-16 17:05:32	2025-05-16 17:05:32
xb4es9598e5			菲	pĭ	1834	3	17	xrkmxtadgne		2025-05-16 17:05:32	2025-05-16 17:05:32
x84g2grp53f			菠	bŏ̤	1834	3	18	xrkmxtadgne		2025-05-16 17:05:32	2025-05-16 17:05:32
xcnerd4ekbh			菠	puŏ	1834	3	18	xrkmxtadgne		2025-05-16 17:05:32	2025-05-16 17:05:32
xrz37j5aya7	xqkv8p8maj3	菶	菶	pūng	1834	3	19	xrkmxtadgne		2025-05-16 17:05:32	2025-05-16 17:05:32
xk92xrkmwmt	xurrvmjsf75	菽	菽	sé̤ṳk	1834	3	20	xrkmxtadgne		2025-05-16 17:05:32	2025-05-16 17:05:32
xy8u5jh68sc	xfhrcszcx7k	菼	菼	tāng	1834	3	21	xrkmxtadgne		2025-05-16 17:05:32	2025-05-16 17:05:32
xp4a5v9c4j5	xpszmjjbqf7	菟	菟	tó	1834	3	22	xrkmxtadgne		2025-05-16 17:05:32	2025-05-16 17:05:32
x5jjgsaq6kk	xpszmjjbqf7	菟	菟	dù	1834	3	22	xrkmxtadgne		2025-05-16 17:05:32	2025-05-16 17:05:32
x3hmmpbfz7x	xhy9dw5gpdz	菀	菀	uāng	1834	3	23	xrkmxtadgne		2025-05-16 17:05:32	2025-05-16 17:05:32
xnar8ftf2pb			萎	ūi	1835	1	1	xrkmxtadgne		2025-05-16 17:05:32	2025-05-16 17:05:32
x8n9ssxdsak			龿	uòng	1835	1	2	xrkmxtadgne		2025-05-16 17:05:32	2025-05-16 17:05:32
xkdqjewemw7			葊	ăng	1835	1	3	xrkmxtadgne		2025-05-16 17:05:32	2025-05-16 17:05:32
x3eppk5negx	xy7ekkdfgfh	葆	葆	bō̤	1835	1	4	xrkmxtadgne		2025-05-16 17:05:32	2025-05-16 17:05:32
x9dkqk2nzcg			葡	buò	1835	1	5	xrkmxtadgne		2025-05-16 17:05:32	2025-05-16 17:05:32
xn8ppd8xv67			葡	bù	1835	1	5	xrkmxtadgne		2025-05-16 17:05:32	2025-05-16 17:05:32
x6a5gbbpemb			𦳦	căi	1835	1	6	xrkmxtadgne		2025-05-16 17:05:32	2025-05-16 17:05:32
xj8c7jfayvp	x56t46hty5n	葬	葬	cáung	1835	1	7	xrkmxtadgne		2025-05-16 17:05:32	2025-05-16 17:05:32
xwtg4zu8jh5			塟	cáung	1835	1	7	xrkmxtadgne		2025-05-16 17:05:32	2025-05-16 17:05:32
xtchdybb2ac	xqug3fuf3mv	葺	葺	cék	1835	1	8	xrkmxtadgne		2025-05-16 17:05:32	2025-05-16 17:05:32
x95g6g29key	xszqerjqm46	著	著	ciŏk	1835	1	9	xrkmxtadgne		2025-05-16 17:05:32	2025-05-16 17:05:32
x4hz4yznrvc	xszqerjqm46	著	著	dé̤ṳ	1835	1	9	xrkmxtadgne		2025-05-16 17:05:32	2025-05-16 17:05:32
x4w9j7hnaqb			葱	chŭng	1835	1	10	xrkmxtadgne		2025-05-16 17:05:32	2025-05-16 17:05:32
x9zme3cu22z			葱	chĕ̤ng	1835	1	10	xrkmxtadgne		2025-05-16 17:05:32	2025-05-16 17:05:32
xaha49u5xzy	x9h9c7rpa9c	蒂	蒂	dé	1835	1	11	xrkmxtadgne		2025-05-16 17:05:32	2025-05-16 17:05:32
xx6kcjrnswq	xcrbauvghnt	董	董	dūng	1835	1	12	xrkmxtadgne		2025-05-16 17:05:32	2025-05-16 17:05:32
xp3yf3ypzs9	x4jrev8ayx9	葭	葭	gă	1835	1	13	xrkmxtadgne		2025-05-16 17:05:32	2025-05-16 17:05:32
x4jurw7gxuw	x34pef3x837	葛	葛	gák	1835	1	14	xrkmxtadgne		2025-05-16 17:05:32	2025-05-16 17:05:32
xdqn8syafej	xkhgvguj3hh	葵	葵	gì	1835	1	15	xrkmxtadgne		2025-05-16 17:05:32	2025-05-16 17:05:32
x8pxawwnexz	x2439eumx2y	萱	萱	hiŏng	1835	1	16	xrkmxtadgne		2025-05-16 17:05:32	2025-05-16 17:05:32
xd2pqpxw76f			葍	hók	1835	1	17	xrkmxtadgne		2025-05-16 17:05:32	2025-05-16 17:05:32
x6zfv5u6fu6	x8mf9gp9bwd	葫	葫	hù	1835	1	18	xrkmxtadgne		2025-05-16 17:05:32	2025-05-16 17:05:32
xxmnrkmqcez	x9uvtme9ppn	葑	葑	hŭng	1835	1	19	xrkmxtadgne		2025-05-16 17:05:32	2025-05-16 17:05:32
xab3nmmkbdh	x2rzet2hs4n	葷	葷	hŭng	1835	1	20	xrkmxtadgne		2025-05-16 17:05:32	2025-05-16 17:05:32
x9t32nasgf9			葉	iĕk	1835	1	21	xrkmxtadgne		2025-05-16 17:05:32	2025-05-16 17:05:32
xazeexeg37x			葉	niŏh	1835	1	21	xrkmxtadgne		2025-05-16 17:05:32	2025-05-16 17:05:32
x73mpeqwzf4	xmkjf7khdjw	葽	葽	iĕu	1835	1	22	xrkmxtadgne		2025-05-16 17:05:32	2025-05-16 17:05:32
x6agcb9s4sd			葯	iŏh	1835	2	1	xrkmxtadgne		2025-05-16 17:05:32	2025-05-16 17:05:32
xsm5p6m9dcd			落	lŏk	1835	2	2	xrkmxtadgne		2025-05-16 17:05:32	2025-05-16 17:05:32
xpx2w7rd4m2			落	lŏ̤h	1835	2	2	xrkmxtadgne		2025-05-16 17:05:32	2025-05-16 17:05:32
x5rvbzhgmn5	xgutnp4y9mj	萼	萼	ngáuk	1835	2	3	xrkmxtadgne		2025-05-16 17:05:32	2025-05-16 17:05:32
xvzsmzgywtr	x957zu6ywhb	葸	葸	sā̤	1835	2	4	xrkmxtadgne		2025-05-16 17:05:32	2025-05-16 17:05:32
x9ze7vc3se7	xd2by3djfwp	葚	葚	sêng	1835	2	5	xrkmxtadgne		2025-05-16 17:05:32	2025-05-16 17:05:32
xbd564ryh9u	x5qwtjgr7xn	萸	萸	ṳ̀	1835	2	6	xrkmxtadgne		2025-05-16 17:05:32	2025-05-16 17:05:32
x48jt6y947r	xhf8n58yy28	萬	萬	uâng	1835	2	7	xrkmxtadgne		2025-05-16 17:05:32	2025-05-16 17:05:32
x32fy2fvqbq	xbsd5fvy4sf	葳	葳	ŭi	1835	2	8	xrkmxtadgne		2025-05-16 17:05:32	2025-05-16 17:05:32
x24nz4ye544	xkt9yb74q9w	葦	葦	ūi	1835	2	9	xrkmxtadgne		2025-05-16 17:05:32	2025-05-16 17:05:32
xgyje25wube	x7v3zmupr6s	萵	萵	uŏ	1835	2	10	xrkmxtadgne		2025-05-16 17:05:32	2025-05-16 17:05:32
x498zv8auhp			蒲	buò	1835	2	11	xrkmxtadgne		2025-05-16 17:05:32	2025-05-16 17:05:32
xq8cmxb47hj			蒲	bù	1835	2	11	xrkmxtadgne		2025-05-16 17:05:32	2025-05-16 17:05:32
xn3zj3ydyym			蓓	buôi	1835	2	12	xrkmxtadgne		2025-05-16 17:05:32	2025-05-16 17:05:32
xtyh2wm8kbk	x2y2hvuxjuh	蓁	蓁	cĕng	1835	2	13	xrkmxtadgne		2025-05-16 17:05:32	2025-05-16 17:05:32
xa9ycs3d8uu	x8c83gxw6gf	蒺	蒺	cĭk	1835	2	14	xrkmxtadgne		2025-05-16 17:05:32	2025-05-16 17:05:32
xydzg2pu67y	xnekcb4uq5y	蒸	蒸	cĭng	1835	2	15	xrkmxtadgne		2025-05-16 17:05:32	2025-05-16 17:05:32
xrfnmkv2meu			蒨	cháing	1835	2	16	xrkmxtadgne		2025-05-16 17:05:32	2025-05-16 17:05:32
xrqqfjqbuze	xwentvdfnaw	蒼	蒼	chŏng	1835	2	17	xrkmxtadgne		2025-05-16 17:05:32	2025-05-16 17:05:32
xjh542hs5dm	x8j6q99g32q	蓋	蓋	gái	1835	2	18	xrkmxtadgne		2025-05-16 17:05:32	2025-05-16 17:05:32
xcw3v488fj4	x23g425xup5	蒹	蒹	giĕng	1835	2	19	xrkmxtadgne		2025-05-16 17:05:32	2025-05-16 17:05:32
xcyzbhuxnpd			⿱艹髙	gŏ̤	1835	2	20	xrkmxtadgne		2025-05-16 17:05:32	2025-05-16 17:05:32
xtv4mg84nma	x29945vd233	蒿	蒿	gŏ̤	1835	2	20	xrkmxtadgne		2025-05-16 17:05:32	2025-05-16 17:05:32
xmqxanx8jzy	xwcp3gqz9m2	蒟	蒟	gṳ̄	1835	2	21	xrkmxtadgne		2025-05-16 17:05:32	2025-05-16 17:05:32
xh4p4ddx6sk			蓄	hé̤ṳk	1835	2	22	xrkmxtadgne		2025-05-16 17:05:32	2025-05-16 17:05:32
x7v7effm7r7			蓄	háe̤k	1835	2	22	xrkmxtadgne		2025-05-16 17:05:32	2025-05-16 17:05:32
x3f8stvsx52			𦶎	huà	1835	3	1	xrkmxtadgne		2025-05-16 17:05:32	2025-05-16 17:05:32
xaqxc3nntm6	x9g45ud9xep	蒻	蒻	iŏk	1835	3	2	xrkmxtadgne		2025-05-16 17:05:32	2025-05-16 17:05:32
x26nxtmr8gc	xhhs72e7upw	蒯	蒯	kuāi	1835	3	3	xrkmxtadgne		2025-05-16 17:05:32	2025-05-16 17:05:32
xgnasnmq87j	xu2pfzjhbfj	蒞	蒞	lê	1835	3	4	xrkmxtadgne		2025-05-16 17:05:32	2025-05-16 17:05:32
xnv5mbuw8pj	xn6mu64nwk6	蓏	蓏	luō	1835	3	5	xrkmxtadgne	原書有誤，已更正	2025-05-16 17:05:32	2025-05-16 17:05:32
xjq3j5efgys	xhnhhuqhssb	蓂	蓂	mìng	1835	3	6	xrkmxtadgne		2025-05-16 17:05:32	2025-05-16 17:05:32
xwtpssheb5g			蒙	mùng	1835	3	7	xrkmxtadgne		2025-05-16 17:05:32	2025-05-16 17:05:32
xh9e32t778e			蒙	màng	1835	3	7	xrkmxtadgne		2025-05-16 17:05:32	2025-05-16 17:05:32
xx7h29f2zve	x6pmbbrwdqw	蓊	蓊	óng	1835	3	8	xrkmxtadgne		2025-05-16 17:05:32	2025-05-16 17:05:32
x9aab5yha6n	x3eb7cvfuu4	蒜	蒜	sáung	1835	3	9	xrkmxtadgne		2025-05-16 17:05:32	2025-05-16 17:05:32
xhskeex3jc7	xk5ey7fh4ak	蒐	蒐	sĕu	1835	3	10	xrkmxtadgne		2025-05-16 17:05:32	2025-05-16 17:05:32
x7n5c96x2rr	xburrr4z4yw	蓍	蓍	sĭ	1835	3	11	xrkmxtadgne		2025-05-16 17:05:32	2025-05-16 17:05:32
xg5963fnbrr	x7rra4auwaw	蒔	蒔	sì	1835	3	12	xrkmxtadgne		2025-05-16 17:05:32	2025-05-16 17:05:32
xbsnfgm4jaq	x7rra4auwaw	蒔	蒔	sê	1835	3	12	xrkmxtadgne		2025-05-16 17:05:32	2025-05-16 17:05:32
xeaegqvhy2b			蓆	sĭk	1835	3	13	xrkmxtadgne		2025-05-16 17:05:32	2025-05-16 17:05:32
xcthagv72k3			蓆	chiŏh	1835	3	13	xrkmxtadgne		2025-05-16 17:05:32	2025-05-16 17:05:32
xkbd42h78kx			䓾	sŏ̤	1835	3	14	xrkmxtadgne		2025-05-16 17:05:32	2025-05-16 17:05:32
x54b7xpd37u			蓑	sŏi	1835	3	15	xrkmxtadgne		2025-05-16 17:05:32	2025-05-16 17:05:32
x5ncvuyzcq8			蓑	săi	1835	3	15	xrkmxtadgne		2025-05-16 17:05:32	2025-05-16 17:05:32
x6kujfhn5u3	xtvf4mq45kv	蓀	蓀	sŏng	1835	3	16	xrkmxtadgne		2025-05-16 17:05:32	2025-05-16 17:05:32
xb62s24cbzj			蒓	sùng	1835	3	17	xrkmxtadgne		2025-05-16 17:05:32	2025-05-16 17:05:32
xd7jn59hzjr	xbwsukn4wvx	蓐	蓐	ṳ̆k	1835	3	18	xrkmxtadgne		2025-05-16 17:05:32	2025-05-16 17:05:32
x2cvp7g677s	x324evqsmq5	蓉	蓉	ṳ̀ng	1835	3	19	xrkmxtadgne		2025-05-16 17:05:32	2025-05-16 17:05:32
xasjuzyvd3h	xgg8aw5mxga	蓽	蓽	bék	1835	3	20	xrkmxtadgne		2025-05-16 17:05:32	2025-05-16 17:05:32
x5peefuqz6n	xfuugumdg54	蔢	蔢	bò̤	1835	3	21	xrkmxtadgne		2025-05-16 17:05:32	2025-05-16 17:05:32
xcecwv9jsen	xf9yrk6j4ke	蔔	蔔	bŭk	1835	3	22	xrkmxtadgne		2025-05-16 17:05:32	2025-05-16 17:05:32
xa6bhr7esuq	xys6au8vbxn	蔀	蔀	buô	1836	1	1	xrkmxtadgne		2025-05-16 17:05:32	2025-05-16 17:05:32
xtku3zr7san	xswvrenw5nv	蔗	蔗	ciá	1836	1	2	xrkmxtadgne		2025-05-16 17:05:32	2025-05-16 17:05:32
xvpaa6qqmux	xykc7s2x3pk	蔣	蔣	ciōng	1836	1	3	xrkmxtadgne		2025-05-16 17:05:32	2025-05-16 17:05:32
x6w93dd5h9u			蔟	cŭk	1836	1	4	xrkmxtadgne		2025-05-16 17:05:32	2025-05-16 17:05:32
x99w455yus7	xunbkqgd468	蔡	蔡	chái	1836	1	5	xrkmxtadgne		2025-05-16 17:05:32	2025-05-16 17:05:32
xrdrq3ttzuy			蔥	chĕ̤ng	1836	1	6	xrkmxtadgne		2025-05-16 17:05:32	2025-05-16 17:05:32
x3cqj3kr9wx	xgrwtdgf3e7	蓧	蓧	dâiu	1836	1	7	xrkmxtadgne		2025-05-16 17:05:32	2025-05-16 17:05:32
x43ncf5xm5f			蔕	dé	1836	1	8	xrkmxtadgne		2025-05-16 17:05:32	2025-05-16 17:05:32
xe8x2zkzk9y			蔕	dái	1836	1	8	xrkmxtadgne		2025-05-16 17:05:32	2025-05-16 17:05:32
xypyf9vqq6g			蔯	dìng	1836	1	9	xrkmxtadgne		2025-05-16 17:05:32	2025-05-16 17:05:32
xwb6fubcn88	xxhdywggf56	蓫	蓫	dṳ̆k	1836	1	10	xrkmxtadgne		2025-05-16 17:05:32	2025-05-16 17:05:32
x6n5nruhn7y	xc6mypgmmww	蔭	蔭	éng	1836	1	11	xrkmxtadgne		2025-05-16 17:05:32	2025-05-16 17:05:32
xdefd7wtzqp			蔒	hŭng	1836	1	12	xrkmxtadgne		2025-05-16 17:05:32	2025-05-16 17:05:32
x9xnzj7yhfd	xffxu8a5r76	蔫	蔫	iŏng	1836	1	13	xrkmxtadgne		2025-05-16 17:05:32	2025-05-16 17:05:32
xk3hu77y2f9			𦸅	káiu	1836	1	14	xrkmxtadgne		2025-05-16 17:05:32	2025-05-16 17:05:32
xrjfn7agfp8			蓮	lèng	1836	1	15	xrkmxtadgne		2025-05-16 17:05:32	2025-05-16 17:05:32
xqfnvehryeg	x9y6sd86q6g	蔞	蔞	lèu	1836	1	16	xrkmxtadgne		2025-05-16 17:05:32	2025-05-16 17:05:32
xns6zrwqqmr	x9y6sd86q6g	蔞	蔞	lĕu	1836	1	16	xrkmxtadgne		2025-05-16 17:05:32	2025-05-16 17:05:32
xtjpwpk2wtx			蔂	lùi	1836	1	17	xrkmxtadgne		2025-05-16 17:05:32	2025-05-16 17:05:32
xzmqnsgs5h7			蓼	lŭk	1836	1	18	xrkmxtadgne		2025-05-16 17:05:32	2025-05-16 17:05:32
xk54dr266c3			蓼	liēu	1836	1	18	xrkmxtadgne		2025-05-16 17:05:32	2025-05-16 17:05:32
xaunjfj2qeu			蔴	mà	1836	1	19	xrkmxtadgne		2025-05-16 17:05:32	2025-05-16 17:05:32
xn5pms6km29			蔴	muài	1836	1	19	xrkmxtadgne		2025-05-16 17:05:32	2025-05-16 17:05:32
x2ft9w7fa7t			蔓	mâng	1836	1	20	xrkmxtadgne		2025-05-16 17:05:32	2025-05-16 17:05:32
xj27x76h7ch			蔓	muàng	1836	1	20	xrkmxtadgne		2025-05-16 17:05:32	2025-05-16 17:05:32
xmnsgs7ykba	xzu9b6qnnpg	蔑	蔑	miĕk	1836	1	21	xrkmxtadgne		2025-05-16 17:05:32	2025-05-16 17:05:32
xkuy34gdqwn			蔦	nēu	1836	1	22	xrkmxtadgne		2025-05-16 17:05:32	2025-05-16 17:05:32
xa98gmkm4a8			蓺	ngiê	1836	2	1	xrkmxtadgne		2025-05-16 17:05:32	2025-05-16 17:05:32
x3nd79fvudc	xxjtjmxhp94	蔚	蔚	ói	1836	2	2	xrkmxtadgne		2025-05-16 17:05:32	2025-05-16 17:05:32
x3eshyxjdr2	xyqtrzffvvb	蓬	蓬	pùng	1836	2	3	xrkmxtadgne		2025-05-16 17:05:32	2025-05-16 17:05:32
xhx6p5b6nfy			蓰	sā̤	1836	2	4	xrkmxtadgne		2025-05-16 17:05:32	2025-05-16 17:05:32
xnna8mprgax	xjucq2vbr3z	蓿	蓿	sé̤ṳk	1836	2	5	xrkmxtadgne		2025-05-16 17:05:32	2025-05-16 17:05:32
xd3ry3w675f	x455u3q9jcf	蔌	蔌	sók	1836	2	6	xrkmxtadgne		2025-05-16 17:05:32	2025-05-16 17:05:32
x67gpfetquv	xgn7ss8z376	蔬	蔬	sŭ	1836	2	7	xrkmxtadgne		2025-05-16 17:05:32	2025-05-16 17:05:32
x8c59cp2vwu	xy7aq9xmeyy	蓴	蓴	sùng	1836	2	8	xrkmxtadgne		2025-05-16 17:05:32	2025-05-16 17:05:32
xkexhqqr82r	xzbn8mzxy9c	蓪	蓪	tŭng	1836	2	9	xrkmxtadgne		2025-05-16 17:05:32	2025-05-16 17:05:32
xhf8q4qmss8	xz3bjquur7j	蔽	蔽	bé	1836	2	10	xrkmxtadgne		2025-05-16 17:05:32	2025-05-16 17:05:32
xqf6tq3cjat	xkemt995frm	蕉	蕉	ciĕu	1836	2	11	xrkmxtadgne		2025-05-16 17:05:32	2025-05-16 17:05:32
x9vzp2p3ze7	xc86s7hprmx	蕞	蕞	cháuk	1836	2	12	xrkmxtadgne		2025-05-16 17:05:32	2025-05-16 17:05:32
xemxprwju54	xdphssu6d48	蕝	蕝	cháuk	1836	2	12	xrkmxtadgne		2025-05-16 17:05:32	2025-05-16 17:05:32
x6srcmwb4jx	x9phbjbgvnv	蕆	蕆	diēng	1836	2	14	xrkmxtadgne		2025-05-16 17:05:32	2025-05-16 17:05:32
xywqty4uacp	xq5fat55zqd	蕎	蕎	gièu	1836	2	15	xrkmxtadgne		2025-05-16 17:05:32	2025-05-16 17:05:32
x8k5epanv96	xq5fat55zqd	蕎	蕎	giò	1836	2	15	xrkmxtadgne		2025-05-16 17:05:32	2025-05-16 17:05:32
x4v9xmuh5ws	xa2k3mdcj47	蕢	蕢	gôi	1836	2	16	xrkmxtadgne		2025-05-16 17:05:32	2025-05-16 17:05:32
xgkww4nz5mv	x6fg6av79rg	蕖	蕖	gṳ̀	1836	2	17	xrkmxtadgne		2025-05-16 17:05:32	2025-05-16 17:05:32
xad2xureefc	xhgzqejrw27	蕨	蕨	guók	1836	2	18	xrkmxtadgne		2025-05-16 17:05:32	2025-05-16 17:05:32
xzgde9cq3jr	xzm7ga5u9jv	蕙	蕙	hiê	1836	2	19	xrkmxtadgne		2025-05-16 17:05:32	2025-05-16 17:05:32
xse96q5futg	xa3ecyfd5jg	蕃	蕃	huăng	1836	2	20	xrkmxtadgne		2025-05-16 17:05:32	2025-05-16 17:05:32
xb4arcz3dec			蕓	hùng	1836	2	21	xrkmxtadgne		2025-05-16 17:05:32	2025-05-16 17:05:32
xa7y3m4wg28	xcvm3sxhhjp	蕡	蕡	hùng	1836	2	22	xrkmxtadgne		2025-05-16 17:05:32	2025-05-16 17:05:32
xn47sjfnjc4	xk5jrz5jzfd	蕕	蕕	ìu	1836	3	1	xrkmxtadgne		2025-05-16 17:05:32	2025-05-16 17:05:32
x2j8m3wpw4k	xpras5g2hmy	蕊	蕊	lūi	1836	3	2	xrkmxtadgne		2025-05-16 17:05:32	2025-05-16 17:05:32
xreqfv52b2y			蕋	lūi	1836	3	2	xrkmxtadgne		2025-05-16 17:05:32	2025-05-16 17:05:32
x5zwwr7mxmq	xmjrhvvctuu	蕘	蕘	ngièu	1836	3	3	xrkmxtadgne		2025-05-16 17:05:32	2025-05-16 17:05:32
x7yte2u7hp7			蕚	ngŏk	1836	3	4	xrkmxtadgne		2025-05-16 17:05:32	2025-05-16 17:05:32
xb2jq6wehp8	xyd2scw9bqe	蕣	蕣	sóng	1836	3	5	xrkmxtadgne		2025-05-16 17:05:32	2025-05-16 17:05:32
xtwr984hv28			蕪	ù	1836	3	6	xrkmxtadgne		2025-05-16 17:05:32	2025-05-16 17:05:32
xs3jycf5bxw			蕤	ŭi	1836	3	7	xrkmxtadgne		2025-05-16 17:05:32	2025-05-16 17:05:32
x74ka3j5esx	xquv6sghvv7	⿱艹越	⿱艹越	uŏk	1836	3	8	xrkmxtadgne		2025-05-16 17:05:32	2025-05-16 17:05:32
x78b8fza4dr			薄	bŏk	1836	3	9	xrkmxtadgne		2025-05-16 17:05:32	2025-05-16 17:05:32
xh8jr8xrp9n			薄	bŏ̤h	1836	3	9	xrkmxtadgne		2025-05-16 17:05:32	2025-05-16 17:05:32
xuzgn7a9w77			薦	ciéng	1836	3	10	xrkmxtadgne		2025-05-16 17:05:32	2025-05-16 17:05:32
xuztrxbffw8	xh5ajx6uv92	薔	薔	chiòng	1836	3	11	xrkmxtadgne		2025-05-16 17:05:32	2025-05-16 17:05:32
xfeewxjwvv2	xh5ajx6uv92	薔	薔	dù	1836	3	11	xrkmxtadgne		2025-05-16 17:05:32	2025-05-16 17:05:32
xc3ekk88nyb	xh5ajx6uv92	薔	薔	sáik	1836	3	11	xrkmxtadgne		2025-05-16 17:05:32	2025-05-16 17:05:32
x48yutrfa57	xy7bkbs5mqn	薘	薘	dăk	1836	3	12	xrkmxtadgne		2025-05-16 17:05:32	2025-05-16 17:05:32
xpw7xmzkmw3	xprtby5ychg	薏	薏	é	1836	3	13	xrkmxtadgne		2025-05-16 17:05:32	2025-05-16 17:05:32
xy2wqpvgjsg	x84tt59h4u7	薨	薨	ĕng	1836	3	14	xrkmxtadgne		2025-05-16 17:05:32	2025-05-16 17:05:32
xn2pebd82t4			蕷	ê̤ṳ	1836	3	15	xrkmxtadgne		2025-05-16 17:05:32	2025-05-16 17:05:32
xqvuatvu2dc	xn6fvzwzzmc	薁	薁	é̤ṳk	1836	3	16	xrkmxtadgne		2025-05-16 17:05:32	2025-05-16 17:05:32
xahr7dart7h	x2wqch4wy8q	薊	薊	gié	1836	3	17	xrkmxtadgne		2025-05-16 17:05:32	2025-05-16 17:05:32
x5yhd6mfy3k	xhgk3drqcav	薑	薑	giŏng	1836	3	18	xrkmxtadgne		2025-05-16 17:05:32	2025-05-16 17:05:32
xr4qq6qdyf8			𦼸	gŏ̤	1836	3	19	xrkmxtadgne		2025-05-16 17:05:32	2025-05-16 17:05:32
xfdatmypmqm			𦼸	hău	1836	3	19	xrkmxtadgne		2025-05-16 17:05:32	2025-05-16 17:05:32
xhe54qh799a	x33caunt7fs	薅	薅	gŏ̤	1836	3	19	xrkmxtadgne		2025-05-16 17:05:32	2025-05-16 17:05:32
xutyq2rsdke	x33caunt7fs	薅	薅	hău	1836	3	19	xrkmxtadgne		2025-05-16 17:05:32	2025-05-16 17:05:32
xdvh9bbyuha	x9z8avpngrd	薈	薈	guói	1836	3	20	xrkmxtadgne		2025-05-16 17:05:32	2025-05-16 17:05:32
xyfpa6svcwh	xwqgq6tpyyb	薤	薤	hâi	1836	3	21	xrkmxtadgne		2025-05-16 17:05:32	2025-05-16 17:05:32
xkwkc368sxq	x3khydhk69r	薖	薖	kuŏ	1836	3	22	xrkmxtadgne		2025-05-16 17:05:32	2025-05-16 17:05:32
xsdnb9h3b8h	xuwhrbksccc	薐	薐	lìng	1837	1	1	xrkmxtadgne		2025-05-16 17:05:32	2025-05-16 17:05:32
x9u4mcp3dex			蕾	lūi	1837	1	2	xrkmxtadgne		2025-05-16 17:05:32	2025-05-16 17:05:32
xm76rhaxz9a	xytjyt87xu2	薇	薇	mì	1837	1	3	xrkmxtadgne		2025-05-16 17:05:32	2025-05-16 17:05:32
xsqft8e6t8k	x5uwfnu3wz2	薜	薜	pék	1837	1	4	xrkmxtadgne		2025-05-16 17:05:32	2025-05-16 17:05:32
x8f38578ghr	x22565cwr5d	薩	薩	sák	1837	1	5	xrkmxtadgne		2025-05-16 17:05:32	2025-05-16 17:05:32
x5vnmz8ygy5	xrx4p6bvbuj	薛	薛	siék	1837	1	6	xrkmxtadgne		2025-05-16 17:05:32	2025-05-16 17:05:32
xyv47uauk2y	xwhr8en5t9k	薪	薪	sĭng	1837	1	7	xrkmxtadgne		2025-05-16 17:05:32	2025-05-16 17:05:32
xrvna3fqmat	xmwend3y22u	薙	薙	tié	1837	1	8	xrkmxtadgne		2025-05-16 17:05:32	2025-05-16 17:05:32
xa2s35edmxd	xmwend3y22u	薙	薙	dê	1837	1	8	xrkmxtadgne		2025-05-16 17:05:32	2025-05-16 17:05:32
xwte78qzhng	xret9f98kh8	薺	薺	cā̤	1837	1	9	xrkmxtadgne		2025-05-16 17:05:32	2025-05-16 17:05:32
xekxvyjhwrt	xrftthcmv3z	藎	藎	cêng	1837	1	10	xrkmxtadgne		2025-05-16 17:05:32	2025-05-16 17:05:32
xzt2v5zczgh			藉	ciâ	1837	1	11	xrkmxtadgne		2025-05-16 17:05:32	2025-05-16 17:05:32
xmq28byrgrj			藉	cĭk	1837	1	11	xrkmxtadgne		2025-05-16 17:05:32	2025-05-16 17:05:32
xuvkz93ujra			藏	còng	1837	1	12	xrkmxtadgne		2025-05-16 17:05:32	2025-05-16 17:05:32
xku2ec5djsn			藏	câung	1837	1	12	xrkmxtadgne		2025-05-16 17:05:32	2025-05-16 17:05:32
x74qvg8ecca	x36uahtnu86	薹	薹	dài	1837	1	13	xrkmxtadgne		2025-05-16 17:05:32	2025-05-16 17:05:32
x9gcp928e4p	x2ga5xxdqs7	藁	藁	gō̤	1837	1	14	xrkmxtadgne		2025-05-16 17:05:32	2025-05-16 17:05:32
xv66b8pnf49			薰	hṳ̆ng	1837	1	15	xrkmxtadgne		2025-05-16 17:05:32	2025-05-16 17:05:32
x62bp93unw4			薾	ī	1837	1	16	xrkmxtadgne		2025-05-16 17:05:32	2025-05-16 17:05:32
xefvkcbeqyk	x6s72dubq8h	藍	藍	làng	1837	1	17	xrkmxtadgne		2025-05-16 17:05:32	2025-05-16 17:05:32
xh9kdjq9n4j	xsf57xszyes	藐	藐	miēu	1837	1	18	xrkmxtadgne		2025-05-16 17:05:32	2025-05-16 17:05:32
xefjxg56gkk			薿	ngī	1837	1	19	xrkmxtadgne		2025-05-16 17:05:32	2025-05-16 17:05:32
x9n2af6dyy3	xeqs67mwmqt	薸	薸	pièu	1837	1	20	xrkmxtadgne		2025-05-16 17:05:32	2025-05-16 17:05:32
xhpcnccqjj9	xzqyxy6a3xq	藇	藇	sê̤ṳ	1837	1	21	xrkmxtadgne		2025-05-16 17:05:32	2025-05-16 17:05:32
x738pnup9fm	xq7x3ftw4su	蕭	蕭	siĕu	1837	1	22	xrkmxtadgne		2025-05-16 17:05:32	2025-05-16 17:05:32
xwk8w43ztrc	x97y7sxuf3d	薯	薯	sṳ̀	1837	1	23	xrkmxtadgne		2025-05-16 17:05:32	2025-05-16 17:05:32
xrvhe5yfdtr	xwft7caxknb	薳	薳	uōng	1837	2	1	xrkmxtadgne		2025-05-16 17:05:32	2025-05-16 17:05:32
x4na27h4e39	xwft7caxknb	薳	薳	ūi	1837	2	1	xrkmxtadgne		2025-05-16 17:05:32	2025-05-16 17:05:32
xbktprghhnm			慸	dé	1837	2	2	xrkmxtadgne		2025-05-16 17:05:32	2025-05-16 17:05:32
x7pbgmeqesf			藤	dìng	1837	2	3	xrkmxtadgne		2025-05-16 17:05:32	2025-05-16 17:05:32
x5vs5rby5vb	xykf9zfumf8	藩	藩	huăng	1837	2	4	xrkmxtadgne		2025-05-16 17:05:33	2025-05-16 17:05:33
x3k87tmjsep	x3xz722est6	藥	藥	iŏh	1837	2	5	xrkmxtadgne		2025-05-16 17:05:33	2025-05-16 17:05:33
x6gmhubgd9k	xht67kenmv3	藜	藜	là̤	1837	2	6	xrkmxtadgne		2025-05-16 17:05:33	2025-05-16 17:05:33
xejsarwetjq	x3xrmvzw97j	藟	藟	lūi	1837	2	7	xrkmxtadgne		2025-05-16 17:05:33	2025-05-16 17:05:33
xwcefwf94q6			藕	ngâu	1837	2	8	xrkmxtadgne		2025-05-16 17:05:33	2025-05-16 17:05:33
xsgqvmg6v5h	xxhqggttgxm	藝	藝	ngiê	1837	2	9	xrkmxtadgne		2025-05-16 17:05:33	2025-05-16 17:05:33
xdsq9px2ygc	xadwjsszu2w	藪	藪	sēu	1837	2	10	xrkmxtadgne		2025-05-16 17:05:33	2025-05-16 17:05:33
xsjwrb53hbs			藛	siá	1837	2	11	xrkmxtadgne		2025-05-16 17:05:33	2025-05-16 17:05:33
x74r4msnnby	xnw4pczfqdj	藚	藚	sṳ̆k	1837	2	12	xrkmxtadgne		2025-05-16 17:05:33	2025-05-16 17:05:33
xn6ukpcde5x	xhc5gvsbbus	藹	藹	āi	1837	2	13	xrkmxtadgne		2025-05-16 17:05:33	2025-05-16 17:05:33
x9wd6fygghf	xytqr7frd5z	蘋	蘋	bìng	1837	2	14	xrkmxtadgne		2025-05-16 17:05:33	2025-05-16 17:05:33
x7amsryb6ry	xsfn2yhjshs	藻	藻	chó̤	1837	2	15	xrkmxtadgne		2025-05-16 17:05:33	2025-05-16 17:05:33
x3takvd46v9	xtdz6hrknjq	蘄	蘄	gì	1837	2	16	xrkmxtadgne		2025-05-16 17:05:33	2025-05-16 17:05:33
xyjj3fc34ng			䕫	gì	1837	2	17	xrkmxtadgne		2025-05-16 17:05:33	2025-05-16 17:05:33
x74a3sj38ev	xqhrxf6z7h3	蘅	蘅	hèng	1837	2	18	xrkmxtadgne		2025-05-16 17:05:33	2025-05-16 17:05:33
xq2b2amkcxu			蘐	hiŏng	1837	2	19	xrkmxtadgne		2025-05-16 17:05:33	2025-05-16 17:05:33
xgeygyugkv9	x27smeefhh7	藿	藿	huók	1837	2	20	xrkmxtadgne		2025-05-16 17:05:33	2025-05-16 17:05:33
xtxjg8zh9wz	xz4vmh3aq5h	藾	藾	lâi	1837	2	21	xrkmxtadgne		2025-05-16 17:05:33	2025-05-16 17:05:33
xjg7j9n6tzs	x4nze6xkq8k	藺	藺	lêng	1837	2	22	xrkmxtadgne		2025-05-16 17:05:33	2025-05-16 17:05:33
xw72pz9tps2	xxetghnhfeq	蘆	蘆	lù	1837	2	23	xrkmxtadgne		2025-05-16 17:05:33	2025-05-16 17:05:33
x774smbz69z	x7s5qcgh82y	蘑	蘑	mò̤	1837	3	1	xrkmxtadgne		2025-05-16 17:05:33	2025-05-16 17:05:33
x2hx9dy7vh3	xj7e8dmtqs7	蘇	蘇	sŭ	1837	3	2	xrkmxtadgne		2025-05-16 17:05:33	2025-05-16 17:05:33
xaf3bq2kw6z			蘓	sŭ	1837	3	2	xrkmxtadgne		2025-05-16 17:05:33	2025-05-16 17:05:33
x3vc9swn3hq	x25xxfpd3nx	蘀	蘀	táuk	1837	3	3	xrkmxtadgne		2025-05-16 17:05:33	2025-05-16 17:05:33
xzr787npm2s	xcn8q77y7kb	蘊	蘊	ūng	1837	3	4	xrkmxtadgne		2025-05-16 17:05:33	2025-05-16 17:05:33
xmwbpsr6qv8	xqf9cb3uppt	蘧	蘧	gṳ̀	1837	3	5	xrkmxtadgne		2025-05-16 17:05:33	2025-05-16 17:05:33
x77ynbm8q5x			蘤	huă	1837	3	6	xrkmxtadgne		2025-05-16 17:05:33	2025-05-16 17:05:33
x2ttj8gww38	xmzzcfrnapj	蘩	蘩	huàng	1837	3	7	xrkmxtadgne		2025-05-16 17:05:33	2025-05-16 17:05:33
xhmfnenzbwd			蘨	ièu	1837	3	8	xrkmxtadgne		2025-05-16 17:05:33	2025-05-16 17:05:33
xd55mk9b8ds	xv2zpkya8ug	蘡	蘡	ĭng	1837	3	9	xrkmxtadgne		2025-05-16 17:05:33	2025-05-16 17:05:33
x7ghjxa9p5b	x8zbadc4mqa	蘭	蘭	làng	1837	3	10	xrkmxtadgne		2025-05-16 17:05:33	2025-05-16 17:05:33
xtuuu748g5s	x8zbadc4mqa	蘭	蘭	nàng	1837	3	10	xrkmxtadgne		2025-05-16 17:05:33	2025-05-16 17:05:33
xey83cck3s2			蘝	liêng	1837	3	11	xrkmxtadgne		2025-05-16 17:05:33	2025-05-16 17:05:33
xfmgy63k7g4	xh5hg2a3snj	蘢	蘢	lùng	1837	3	12	xrkmxtadgne		2025-05-16 17:05:33	2025-05-16 17:05:33
xufjuvkmgrb	xs4tu2hj542	蘖	蘖	ngiĕk	1837	3	13	xrkmxtadgne		2025-05-16 17:05:33	2025-05-16 17:05:33
xfnmzu53jc6	xzp3asvkbzd	蘚	蘚	siēng	1837	3	14	xrkmxtadgne		2025-05-16 17:05:33	2025-05-16 17:05:33
xya39mvsjqp	xvpa8r65yep	蘸	蘸	cáng	1837	3	15	xrkmxtadgne		2025-05-16 17:05:33	2025-05-16 17:05:33
xg8588nufe9			蘿	lò̤	1837	3	16	xrkmxtadgne		2025-05-16 17:05:33	2025-05-16 17:05:33
xn8dwe6dzf8	xvxweyqc2n8	蘼	蘼	mì	1837	3	17	xrkmxtadgne		2025-05-16 17:05:33	2025-05-16 17:05:33
x3kdwr8svyu	xn8x7xketqa	虆	虆	lùi	1837	3	18	xrkmxtadgne		2025-05-16 17:05:33	2025-05-16 17:05:33
xasngq8yq4n			虉	ngĭk	1837	3	19	xrkmxtadgne		2025-05-16 17:05:33	2025-05-16 17:05:33
xfwrytfmha5			虍	hū	1837	3	20	xb3q8cpekkz		2025-05-16 17:05:33	2025-05-16 17:05:33
xrajmcpvftu	x7n7m5tjcf7	虎	虎	hū	1837	3	21	xb3q8cpekkz		2025-05-16 17:05:33	2025-05-16 17:05:33
xmnrc6s26pm	xqxt9p69ywv	虐	虐	ngiŏk	1838	1	1	xb3q8cpekkz		2025-05-16 17:05:33	2025-05-16 17:05:33
xmxtee73jdj			䖍	gièng	1838	1	2	xb3q8cpekkz		2025-05-16 17:05:33	2025-05-16 17:05:33
xmz23j3bu8d	xzhmw6sq6ue	虓	虓	hău	1838	1	3	xb3q8cpekkz		2025-05-16 17:05:33	2025-05-16 17:05:33
xh3h7qy4a4v			處	ché̤ṳ	1838	1	4	xb3q8cpekkz		2025-05-16 17:05:33	2025-05-16 17:05:33
x7wwn6pezan			處	chṳ̄	1838	1	4	xb3q8cpekkz		2025-05-16 17:05:33	2025-05-16 17:05:33
xvruh4xs2tr			䖏	ché̤ṳ	1838	1	4	xb3q8cpekkz		2025-05-16 17:05:33	2025-05-16 17:05:33
xvx2z8pyaeb			䖏	chṳ̄	1838	1	4	xb3q8cpekkz		2025-05-16 17:05:33	2025-05-16 17:05:33
xgn2bd68byj	xr2srnqxa77	虛	虛	hṳ̆	1838	1	5	xb3q8cpekkz		2025-05-16 17:05:33	2025-05-16 17:05:33
xtpfnf7z2sj			虜	luō	1838	1	6	xb3q8cpekkz	原書有誤，已更正	2025-05-16 17:05:33	2025-05-16 17:05:33
xpnuqq42u2e	xwhyytkt7z8	號	號	hô̤	1838	1	7	xb3q8cpekkz		2025-05-16 17:05:33	2025-05-16 17:05:33
xkrtuyqy7tu			号	hô̤	1838	1	7	xb3q8cpekkz		2025-05-16 17:05:33	2025-05-16 17:05:33
xynkpzsvzng	x34m992rmpn	虞	虞	ngṳ̀	1838	1	8	xb3q8cpekkz		2025-05-16 17:05:33	2025-05-16 17:05:33
x5pwh9tuk4n	xpanadtu8px	虠	虠	ngău	1838	1	9	xb3q8cpekkz		2025-05-16 17:05:33	2025-05-16 17:05:33
xxz44mwancz	x24vrazt6b4	虢	虢	gáik	1838	1	10	xb3q8cpekkz		2025-05-16 17:05:33	2025-05-16 17:05:33
xqy2n8epqxm	xk8x4ahy7dc	虥	虥	câng	1838	1	11	xb3q8cpekkz		2025-05-16 17:05:33	2025-05-16 17:05:33
xhgd3mdg5ht	xnuq7c32pvk	虧	虧	kŭi	1838	1	12	xb3q8cpekkz		2025-05-16 17:05:33	2025-05-16 17:05:33
xj9eny5zyc2			虫	tṳ̀ng	1838	1	13	xzjureabsa8		2025-05-16 17:05:33	2025-05-16 17:05:33
xrhfug23wzp			虫	tè̤ng	1838	1	13	xzjureabsa8		2025-05-16 17:05:33	2025-05-16 17:05:33
xx7yepfwbx4			虬	gìu	1838	1	14	xzjureabsa8		2025-05-16 17:05:33	2025-05-16 17:05:33
xbz7xfha83r			虯	gìu	1838	1	15	xzjureabsa8		2025-05-16 17:05:33	2025-05-16 17:05:33
xyqpvcfhz6d			虱	sáik	1838	1	16	xzjureabsa8		2025-05-16 17:05:33	2025-05-16 17:05:33
xge8tpfjwtu			⿰虫千	chiĕng	1838	1	17	xzjureabsa8		2025-05-16 17:05:33	2025-05-16 17:05:33
xbma2su5jca	xew5yb2kvuf	虼	虼	gā	1838	1	18	xzjureabsa8		2025-05-16 17:05:33	2025-05-16 17:05:33
x8rsmzh5v3z			虹	hùng	1838	1	19	xzjureabsa8		2025-05-16 17:05:33	2025-05-16 17:05:33
xwchxfhtxzh	xf962nh7bfk	虯	虯	kìu	1838	1	15	xzjureabsa8		2025-09-26 17:03:44	2025-05-16 17:05:33
xpcxun7kqxr			虹	kê̤ṳng	1838	1	19	xzjureabsa8		2025-05-16 17:05:33	2025-05-16 17:05:33
xcbxxdqf884			虺	ūi	1838	1	20	xzjureabsa8		2025-05-16 17:05:33	2025-05-16 17:05:33
xp3scq2qgdq			虺	huŏi	1838	1	20	xzjureabsa8		2025-05-16 17:05:33	2025-05-16 17:05:33
xgk4rcdvecs	xgvfqyyrtye	蚍	蚍	bì	1838	1	21	xzjureabsa8		2025-05-16 17:05:33	2025-05-16 17:05:33
xpjmeqkcf4q			蚕	càng	1838	2	1	xzjureabsa8		2025-05-16 17:05:33	2025-05-16 17:05:33
xn9754tbzf5			蚕	chèng	1838	2	1	xzjureabsa8		2025-05-16 17:05:33	2025-05-16 17:05:33
xvfyduzud2m	xcazds4x2y8	䖣	䖣	cāu	1838	2	2	xzjureabsa8		2025-05-16 17:05:33	2025-05-16 17:05:33
x947hxvt5e5			蚤	cō̤	1838	2	3	xzjureabsa8		2025-05-16 17:05:33	2025-05-16 17:05:33
xs5ypv6swhj			蚤	cāu	1838	2	3	xzjureabsa8		2025-05-16 17:05:33	2025-05-16 17:05:33
xydf2x75gyr			蚤	cā	1838	2	3	xzjureabsa8		2025-05-16 17:05:33	2025-05-16 17:05:33
xk8jqw7j9uy	x69hh4wreuz	蚩*	蚩	chĭ	1838	2	4	xzjureabsa8		2025-05-16 17:05:33	2025-05-16 17:05:33
xfx2mvfd5jy			蚪	dēu	1838	2	5	xzjureabsa8		2025-05-16 17:05:33	2025-05-16 17:05:33
xmv5uuud64x	xqqg4va9xan	蚧	蚧	gái	1838	2	6	xzjureabsa8		2025-05-16 17:05:33	2025-05-16 17:05:33
x7g2gypkw7w			蚣	gŭng	1838	2	7	xzjureabsa8		2025-05-16 17:05:33	2025-05-16 17:05:33
xj23b9kzc27	x8hvsbw47ww	蚨	蚨	hù	1838	2	8	xzjureabsa8		2025-05-16 17:05:33	2025-05-16 17:05:33
xt9pptk3vet			蚒	iĕng	1838	2	9	xzjureabsa8		2025-05-16 17:05:33	2025-05-16 17:05:33
xrvvvsp6a5n	xmeh5j4ymsj	蚓	蚓	īng	1838	2	10	xzjureabsa8		2025-05-16 17:05:33	2025-05-16 17:05:33
xt9dmpj67ce	x88g3v4bmay	蚋	蚋	iô	1838	2	11	xzjureabsa8		2025-05-16 17:05:33	2025-05-16 17:05:33
xyd6jq2pmn6			蚘	ìu	1838	2	12	xzjureabsa8		2025-05-16 17:05:33	2025-05-16 17:05:33
x4m8bkh5h4c			蚌	pâung	1838	2	13	xzjureabsa8		2025-05-16 17:05:33	2025-05-16 17:05:33
x7futj2vegh			蚊	ùng	1838	2	14	xzjureabsa8		2025-05-16 17:05:33	2025-05-16 17:05:33
xcvb4uds3xh			蚊	hŭng	1838	2	14	xzjureabsa8		2025-05-16 17:05:33	2025-05-16 17:05:33
xj5wpt9gjnh	xf3ycdrzbvm	蚱	蚱	cá	1838	2	15	xzjureabsa8		2025-05-16 17:05:33	2025-05-16 17:05:33
xbm97sdpxae	xf3ycdrzbvm	蚱	蚱	tá	1838	2	15	xzjureabsa8		2025-05-16 17:05:33	2025-05-16 17:05:33
xvpevw8ej9c			蛀	cé̤ṳ	1838	2	16	xzjureabsa8		2025-05-16 17:05:33	2025-05-16 17:05:33
xhj4j68qjmp			蛀	céu	1838	2	16	xzjureabsa8		2025-05-16 17:05:33	2025-05-16 17:05:33
xusjhez8k73	x6cg4ds7hh3	蛆	蛆	cù	1838	2	17	xzjureabsa8		2025-05-16 17:05:33	2025-05-16 17:05:33
xuhb99xerat	xfjbnuyu3pq	蛋	蛋	dáng	1838	2	18	xzjureabsa8		2025-05-16 17:05:33	2025-05-16 17:05:33
xu4hdueccap	xfjbnuyu3pq	蛋	蛋	lâung	1838	2	18	xzjureabsa8		2025-05-16 17:05:33	2025-05-16 17:05:33
xkk9ynuqw6y			蚳	dì	1838	2	19	xzjureabsa8		2025-05-16 17:05:33	2025-05-16 17:05:33
xxcazyrr82m			蛄	gŭ	1838	2	20	xzjureabsa8		2025-05-16 17:05:33	2025-05-16 17:05:33
xbbacmsazbk	x3ga3c2sjbp	蚶	蚶	hăng	1838	2	21	xzjureabsa8		2025-05-16 17:05:33	2025-05-16 17:05:33
xpwarfpqfqq			蚿	hièng	1838	2	22	xzjureabsa8		2025-05-16 17:05:33	2025-05-16 17:05:33
xpkkaxuatw6	x2em5m895s7	蚺	蚺	iĕng	1838	3	1	xzjureabsa8		2025-05-16 17:05:33	2025-05-16 17:05:33
xfgxy37fnr5	xuvdjaz2fqv	蚯	蚯	kĭu	1838	3	2	xzjureabsa8		2025-05-16 17:05:33	2025-05-16 17:05:33
xrj49mak2qv	xuqrvu8rg4v	蛉	蛉	lìng	1838	3	3	xzjureabsa8		2025-05-16 17:05:33	2025-05-16 17:05:33
xyfjmrxzqfd			蛇	siè	1838	3	4	xzjureabsa8		2025-05-16 17:05:33	2025-05-16 17:05:33
x7qn5g559y6			蛇	ì	1838	3	4	xzjureabsa8		2025-05-16 17:05:33	2025-05-16 17:05:33
xw8vp9yyyvw			蛓	ché̤ṳ	1838	3	5	xzjureabsa8		2025-05-16 17:05:33	2025-05-16 17:05:33
xtbm7ex6je2	x4nem3w66fc	蛭	蛭	diĕk	1838	3	6	xzjureabsa8		2025-05-16 17:05:33	2025-05-16 17:05:33
x6veu939yep	x4nem3w66fc	蛭	蛭	cék	1838	3	6	xzjureabsa8		2025-05-16 17:05:33	2025-05-16 17:05:33
xjpz9y3zyup			蛤	gák	1838	3	7	xzjureabsa8		2025-05-16 17:05:33	2025-05-16 17:05:33
x6etfv9yv62	xwjdj87vzcf	蛟	蛟	gău	1838	3	8	xzjureabsa8		2025-05-16 17:05:33	2025-05-16 17:05:33
x9krkm4tacs			蛣	gék	1838	3	9	xzjureabsa8		2025-05-16 17:05:33	2025-05-16 17:05:33
xzha4ff8ppu	xp5c9mx4hkv	蛞	蛞	guák	1838	3	10	xzjureabsa8		2025-05-16 17:05:33	2025-05-16 17:05:33
x4hd2tz7mvg	xwyntqrnsrh	蛔	蛔	huòi	1838	3	11	xzjureabsa8		2025-05-16 17:05:33	2025-05-16 17:05:33
xfgrckdyxdf			蛩	kṳ̆ng	1838	3	12	xzjureabsa8		2025-05-16 17:05:33	2025-05-16 17:05:33
xr5z9myhk7b	xv53rf4rbcr	蛛	蛛	tṳ̆	1838	3	13	xzjureabsa8		2025-05-16 17:05:33	2025-05-16 17:05:33
xetr7nncjna	xtqq72zhpdk	蛙	蛙	uă	1838	3	14	xzjureabsa8		2025-05-16 17:05:33	2025-05-16 17:05:33
x6rw9krj3dr	xap47jcu3hc	蛼	蛼	chiă	1838	3	15	xzjureabsa8		2025-05-16 17:05:33	2025-05-16 17:05:33
xfeyd5swzjw	xry9yngkkuq	蜇	蜇	diék	1838	3	16	xzjureabsa8		2025-05-16 17:05:33	2025-05-16 17:05:33
xm3es7brtre			蜔	diêng	1838	3	17	xzjureabsa8		2025-05-16 17:05:33	2025-05-16 17:05:33
xwz5893vtrh	xrqd9nnqpp6	蜓	蜓	dìng	1838	3	18	xzjureabsa8		2025-05-16 17:05:33	2025-05-16 17:05:33
xguh9t6em36	xrqd9nnqpp6	蜓	蜓	diēng	1838	3	18	xzjureabsa8		2025-05-16 17:05:33	2025-05-16 17:05:33
x6748rmgyt9	x9urhqzsfz2	蜍	蜍	dṳ̀	1838	3	19	xzjureabsa8		2025-05-16 17:05:33	2025-05-16 17:05:33
xn3veazrzp3	xvj294ygw6y	蛺	蛺	gák	1838	3	20	xzjureabsa8		2025-05-16 17:05:33	2025-05-16 17:05:33
xdukgw8ppe3	xtm4nzt96yr	蜎	蜎	giŏng	1838	3	21	xzjureabsa8		2025-05-16 17:05:33	2025-05-16 17:05:33
xw9wh3nc67w			蜆	hiēng	1838	3	22	xzjureabsa8		2025-05-16 17:05:33	2025-05-16 17:05:33
xv6qktdva6w			蜆	lièu	1838	3	22	xzjureabsa8		2025-05-16 17:05:33	2025-05-16 17:05:33
x4s54h5y6ts	xh5mrdwrw8p	蜊	蜊	lì	1839	1	1	xzjureabsa8		2025-05-16 17:05:33	2025-05-16 17:05:33
xdbqesq7eng			蜋	lòng	1839	1	2	xzjureabsa8		2025-05-16 17:05:33	2025-05-16 17:05:33
xupxvev4pjq	xfqmxgefsea	蛾	蛾	ngò̤	1839	1	3	xzjureabsa8		2025-05-16 17:05:33	2025-05-16 17:05:33
xpghtsdyjad	xntu6fhvcu9	蜈	蜈	ngù	1839	1	4	xzjureabsa8		2025-05-16 17:05:33	2025-05-16 17:05:33
xzrm5qmapqk			蜉	pèu	1839	1	5	xzjureabsa8		2025-05-16 17:05:33	2025-05-16 17:05:33
x86twvufjpx	xzzctgxpn2g	蜂	蜂	pŭng	1839	1	6	xzjureabsa8		2025-05-16 17:05:33	2025-05-16 17:05:33
x77ddjwa6vh	x79xnjv484s	蛸	蛸	siĕu	1839	1	7	xzjureabsa8		2025-05-16 17:05:33	2025-05-16 17:05:33
xrpawn6zbsb	xpqmhkry85w	蜃	蜃	sīng	1839	1	8	xzjureabsa8		2025-05-16 17:05:33	2025-05-16 17:05:33
x4mv6jfzyjp	xpqmhkry85w	蜃	蜃	sêng	1839	1	8	xzjureabsa8		2025-05-16 17:05:33	2025-05-16 17:05:33
xca5jryw63f			蜀	sṳ̆k	1839	1	9	xzjureabsa8		2025-05-16 17:05:33	2025-05-16 17:05:33
xhmgc64trr4			蜕	suói	1839	1	10	xzjureabsa8		2025-05-16 17:05:33	2025-05-16 17:05:33
xjt7vztmjqd	x27pp9766w2	蛹	蛹	ṳ̄ng	1839	1	11	xzjureabsa8		2025-05-16 17:05:33	2025-05-16 17:05:33
xq2esvgqd8v			蜡	chá	1839	1	12	xzjureabsa8		2025-05-16 17:05:33	2025-05-16 17:05:33
xwzddwjtzq7	xgkf9pqr9vt	蜻	蜻	chĭng	1839	1	13	xzjureabsa8		2025-05-16 17:05:33	2025-05-16 17:05:33
xr7ryjxzyzx			蝃	dá̤	1839	1	14	xzjureabsa8		2025-05-16 17:05:33	2025-05-16 17:05:33
x6kh5pucvf6			蜘	dĭ	1839	1	15	xzjureabsa8		2025-05-16 17:05:33	2025-05-16 17:05:33
x4c53wtte7a			蜘	tĭ	1839	1	15	xzjureabsa8		2025-05-16 17:05:33	2025-05-16 17:05:33
xwyzkmmej3h			蜩	diĕu	1839	1	16	xzjureabsa8		2025-05-16 17:05:33	2025-05-16 17:05:33
xtn3cj3aggx	xw3etswk56b	蝀	蝀	dóng	1839	1	17	xzjureabsa8		2025-05-16 17:05:33	2025-05-16 17:05:33
xnyfmdd3uwz	xfdmgucg63j	蜞	蜞	gì	1839	1	18	xzjureabsa8		2025-05-16 17:05:33	2025-05-16 17:05:33
xnuw344bqxg	xfdmgucg63j	蜞	蜞	kì	1839	1	18	xzjureabsa8		2025-05-16 17:05:33	2025-05-16 17:05:33
xkfz9yvz8nk			蜝	gì	1839	1	18	xzjureabsa8		2025-05-16 17:05:33	2025-05-16 17:05:33
xbag7aa6tdx			蜝	kì	1839	1	18	xzjureabsa8		2025-05-16 17:05:33	2025-05-16 17:05:33
xdp9fu5mjhq	xjnx3dc6ap7	蜣	蜣	giŏng	1839	1	19	xzjureabsa8		2025-05-16 17:05:33	2025-05-16 17:05:33
x5jmr4sj2n7	xjmf4cufu7k	蜾	蜾	guō	1839	1	20	xzjureabsa8		2025-05-16 17:05:33	2025-05-16 17:05:33
xn8ffqgqmty	xvmcnfyf7gm	蜷	蜷	guòng	1839	1	21	xzjureabsa8		2025-05-16 17:05:33	2025-05-16 17:05:33
xzn7neux8ct			蝪	ĭk	1839	1	22	xzjureabsa8		2025-05-16 17:05:33	2025-05-16 17:05:33
xb3cvqh4kqg			蜹	iô	1839	2	1	xzjureabsa8		2025-05-16 17:05:33	2025-05-16 17:05:33
xfus6tag79m	xt9n96h6g3a	蜦	蜦	lùng	1839	2	2	xzjureabsa8		2025-05-16 17:05:33	2025-05-16 17:05:33
xk9qr4a5n3h			蜢	mēng	1839	2	3	xzjureabsa8		2025-05-16 17:05:33	2025-05-16 17:05:33
x2vvy3p4bch			蜢	māng	1839	2	3	xzjureabsa8		2025-05-16 17:05:33	2025-05-16 17:05:33
xnk33pdjgft	xd37n5u26bf	蜜	蜜	mĭk	1839	2	4	xzjureabsa8		2025-05-16 17:05:33	2025-05-16 17:05:33
xewp9aszx3b	xgjwex8vh2x	蜮	蜮	mĭk	1839	2	5	xzjureabsa8		2025-05-16 17:05:33	2025-05-16 17:05:33
xcxu6e8qc2r	x6v4wvww2kb	𬠖	𬠖	nièng	1839	2	6	xzjureabsa8		2025-05-16 17:05:33	2025-05-16 17:05:33
xaznm665f2h			𧌓	pâiu	1839	2	7	xzjureabsa8		2025-05-16 17:05:33	2025-05-16 17:05:33
xkaj9sv7rnj	xex8k4k8y57	蜚	蜚	pĭ	1839	2	8	xzjureabsa8		2025-05-16 17:05:33	2025-05-16 17:05:33
xat28dxky7a	x4tj66qerfc	蜥	蜥	sék	1839	2	9	xzjureabsa8		2025-05-16 17:05:33	2025-05-16 17:05:33
x4k7pb9prgk			蜿	uāng	1839	2	10	xzjureabsa8		2025-05-16 17:05:33	2025-05-16 17:05:33
x5kw3nt456p	xt2u3jgtfh3	蝙	蝙	biēng	1839	2	11	xzjureabsa8		2025-05-16 17:05:33	2025-05-16 17:05:33
xuvx9en8jtd			𧍡	cĕk	1839	2	12	xzjureabsa8		2025-05-16 17:05:33	2025-05-16 17:05:33
xjqddqgy5za			蝭	dà̤	1839	2	13	xzjureabsa8		2025-05-16 17:05:33	2025-05-16 17:05:33
xxa7zg52a56	x9hh5p3cg8n	蝶	蝶	diĕk	1839	2	14	xzjureabsa8		2025-05-16 17:05:33	2025-05-16 17:05:33
xhwxu3g2yc2	xy7zwdphz4c	蝦	蝦	hà	1839	2	15	xzjureabsa8		2025-05-16 17:05:33	2025-05-16 17:05:33
xnbzdrxgpkj			蝎	hăk	1839	2	16	xzjureabsa8		2025-05-16 17:05:33	2025-05-16 17:05:33
xpaab2afcjn	xb63bn4gcz2	蝠	蝠	hók	1839	2	17	xzjureabsa8		2025-05-16 17:05:33	2025-05-16 17:05:33
x4cewamfqrn			蝮	hók	1839	2	18	xzjureabsa8		2025-05-16 17:05:33	2025-05-16 17:05:33
xmw3vvc93uk	xkdwh8826wh	蝴	蝴	hù	1839	2	19	xzjureabsa8		2025-05-16 17:05:33	2025-05-16 17:05:33
xme8q3934t5	xdcfef82tu2	蝗	蝗	huòng	1839	2	20	xzjureabsa8		2025-05-16 17:05:33	2025-05-16 17:05:33
xzmwbrescu9			蝘	iēng	1839	2	21	xzjureabsa8		2025-05-16 17:05:33	2025-05-16 17:05:33
xx2hv62q9dg			蝘	ciēng	1839	2	21	xzjureabsa8		2025-05-16 17:05:33	2025-05-16 17:05:33
xbscwa59na3	xs8z6hecn4a	蝤	蝤	ìu	1839	2	22	xzjureabsa8		2025-05-16 17:05:33	2025-05-16 17:05:33
x2jqe7pe6dm	xds3zrrg5zj	蝣	蝣	ìu	1839	3	1	xzjureabsa8		2025-05-16 17:05:33	2025-05-16 17:05:33
x57tkjhg2sg	xp4c8k92hw6	蝌	蝌	kuŏ	1839	3	2	xzjureabsa8		2025-05-16 17:05:33	2025-05-16 17:05:33
xexwzqx6g6z			蝱	màng	1839	3	3	xzjureabsa8		2025-05-16 17:05:33	2025-05-16 17:05:33
xy2s4d3d9e6			蝥	màu	1839	3	4	xzjureabsa8		2025-05-16 17:05:33	2025-05-16 17:05:33
xvpecrz7qrz	xnd84cq6dt6	蝻	蝻	nàng	1839	3	5	xzjureabsa8		2025-05-16 17:05:33	2025-05-16 17:05:33
xhfc57tgx3k	xfhk2rmscnn	蝟	蝟	ôi	1839	3	6	xzjureabsa8		2025-05-16 17:05:33	2025-05-16 17:05:33
xfusse8kzk9	xw7z9brs3yj	蝨	蝨	sáik	1839	3	7	xzjureabsa8		2025-05-16 17:05:33	2025-05-16 17:05:33
xp9hyat3w47	xzqtunsycda	蝕	蝕	sék	1839	3	8	xzjureabsa8		2025-05-16 17:05:33	2025-05-16 17:05:33
x672pdu8q32	xrdqg9m9ma6	蝓	蝓	ṳ̀	1839	3	9	xzjureabsa8		2025-05-16 17:05:33	2025-05-16 17:05:33
xpmxkm6dnny			蝸	uŏ	1839	3	10	xzjureabsa8		2025-05-16 17:05:33	2025-05-16 17:05:33
xm2ggmryyp4			螌	băng	1839	3	11	xzjureabsa8		2025-05-16 17:05:33	2025-05-16 17:05:33
xxvmcg7w5sf			螃	bòng	1839	3	12	xzjureabsa8		2025-05-16 17:05:33	2025-05-16 17:05:33
xr873r7b69c			䗝	càng	1839	3	13	xzjureabsa8		2025-05-16 17:05:33	2025-05-16 17:05:33
xzsz6bsb43g	xjytrybdqsu	螓	螓	cìng	1839	3	14	xzjureabsa8		2025-05-16 17:05:33	2025-05-16 17:05:33
xhpedpub3ew	xeq5fbbdfbw	螚	螚	dài	1839	3	15	xzjureabsa8		2025-05-16 17:05:33	2025-05-16 17:05:33
x9tyybrywxz	xj38bzn9jsh	螣	螣	dèng	1839	3	16	xzjureabsa8		2025-05-16 17:05:33	2025-05-16 17:05:33
xsfjzpa5tm8	xhgm9tewwhk	螗	螗	dòng	1839	3	17	xzjureabsa8		2025-05-16 17:05:33	2025-05-16 17:05:33
xh9w22mt7s2	xwrcjcxfyhy	螢	螢	ìng	1839	3	18	xzjureabsa8		2025-05-16 17:05:33	2025-05-16 17:05:33
xzpapwx2y4s			螞	mā	1839	3	19	xzjureabsa8		2025-05-16 17:05:33	2025-05-16 17:05:33
xcqy6tysf7f	xc5gdtza66m	螟	螟	mìng	1839	3	20	xzjureabsa8		2025-05-16 17:05:33	2025-05-16 17:05:33
x452wguqnpq	x4ynydwt5hd	螈	螈	nguòng	1839	3	21	xzjureabsa8		2025-05-16 17:05:33	2025-05-16 17:05:33
xe3tw3ch2dc	xkwnk9wq68b	螄	螄	sṳ̆	1839	3	22	xzjureabsa8		2025-05-16 17:05:33	2025-05-16 17:05:33
xzvegekqvum			融	ṳ̀ng	1840	1	1	xzjureabsa8		2025-05-16 17:05:33	2025-05-16 17:05:33
xg8quca46np			螎	ṳ̀ng	1840	1	1	xzjureabsa8		2025-05-16 17:05:33	2025-05-16 17:05:33
x46jwzp72af			螿	ciŏng	1840	1	2	xzjureabsa8		2025-05-16 17:05:33	2025-05-16 17:05:33
xx7w9v5fsx4	xpe9447gydu	螬	螬	cò̤	1840	1	3	xzjureabsa8		2025-05-16 17:05:33	2025-05-16 17:05:33
xhfn49q4k5w	x4day28y365	螽	螽	cṳ̆ng	1840	1	4	xzjureabsa8		2025-05-16 17:05:33	2025-05-16 17:05:33
x5bjb5rgyhd			螮	dá̤	1840	1	5	xzjureabsa8		2025-05-16 17:05:33	2025-05-16 17:05:33
x66c5ewruqw	xa743xf7hex	蟄	蟄	dĭk	1840	1	6	xzjureabsa8		2025-05-16 17:05:33	2025-05-16 17:05:33
x86pmq84r58	xxuk9b9pmt5	螳	螳	dòng	1840	1	7	xzjureabsa8		2025-05-16 17:05:33	2025-05-16 17:05:33
xdj2eyg5892	xvq582frn3p	蟈	蟈	guók	1840	1	8	xzjureabsa8		2025-05-16 17:05:33	2025-05-16 17:05:33
x4g2hyt9e4b	xzzeu3eqt3u	螻	螻	lèu	1840	1	9	xzjureabsa8		2025-05-16 17:05:33	2025-05-16 17:05:33
xdr9zamr4ma	xcf2cvzfb3z	螭	螭	liè	1840	1	10	xzjureabsa8		2025-05-16 17:05:33	2025-05-16 17:05:33
x8stx97fu5f	xyuxamgsnrv	螺	螺	lòi	1840	1	11	xzjureabsa8		2025-05-16 17:05:33	2025-05-16 17:05:33
xm5v43b7z98	xzmr6mhykxv	蟊	蟊	màu	1840	1	12	xzjureabsa8		2025-05-16 17:05:33	2025-05-16 17:05:33
xthnqu99xvv			蟆	mŏk	1840	1	13	xzjureabsa8		2025-05-16 17:05:33	2025-05-16 17:05:33
xcpzq5v7sft			蟆	mà	1840	1	13	xzjureabsa8		2025-05-16 17:05:33	2025-05-16 17:05:33
xg65avdysx2			蟆	mók	1840	1	13	xzjureabsa8		2025-05-16 17:05:33	2025-05-16 17:05:33
x6ws9zcvq4v	x2ddph2d8c6	螯	螯	ngò̤	1840	1	14	xzjureabsa8		2025-05-16 17:05:33	2025-05-16 17:05:33
x9zcwneq9fm	xfjdkukxe3a	螵	螵	piĕu	1840	1	15	xzjureabsa8		2025-05-16 17:05:33	2025-05-16 17:05:33
xnaubsfkezk	xn7y92nnrub	蟀	蟀	sáuk	1840	1	16	xzjureabsa8		2025-05-16 17:05:33	2025-05-16 17:05:33
xhb9bvyp42a			螫	sék	1840	1	17	xzjureabsa8		2025-05-16 17:05:33	2025-05-16 17:05:33
xssdf672yxu	xegmxzm87cj	蟋	蟋	sék	1840	1	18	xzjureabsa8		2025-05-16 17:05:33	2025-05-16 17:05:33
xcteavakv6y	xadjrtexw49	蟣	蟣	gĭ	1840	1	19	xzjureabsa8		2025-05-16 17:05:33	2025-05-16 17:05:33
xmvjsr3nywj			蟜	giēu	1840	1	20	xzjureabsa8		2025-05-16 17:05:33	2025-05-16 17:05:33
xn6qgw4rctx			蟢	hĭ	1840	1	21	xzjureabsa8		2025-05-16 17:05:33	2025-05-16 17:05:33
xngqbkf4d7r	xbwm7d7nw7k	蟪	蟪	hiê	1840	1	22	xzjureabsa8		2025-05-16 17:05:33	2025-05-16 17:05:33
x85a2xymjr8	x9cbtn32g8w	蟠	蟠	huăng	1840	2	1	xzjureabsa8		2025-05-16 17:05:33	2025-05-16 17:05:33
xy8c4spvgyr			蟨	kuók	1840	2	2	xzjureabsa8		2025-05-16 17:05:33	2025-05-16 17:05:33
x7tszj2779x	x3pn6gsnzhv	蟒	蟒	mōng	1840	2	3	xzjureabsa8		2025-05-16 17:05:33	2025-05-16 17:05:33
xs9k4at32xk			蟯	ngièu	1840	2	4	xzjureabsa8		2025-05-16 17:05:33	2025-05-16 17:05:33
xx52t7nmszz	xpw36yyyqjr	蟛	蟛	pàng	1840	2	5	xzjureabsa8		2025-05-16 17:05:33	2025-05-16 17:05:33
x44y6perrr7	xkdxdet3mb3	蟬	蟬	sièng	1840	2	6	xzjureabsa8		2025-05-16 17:05:33	2025-05-16 17:05:33
xkjwbmem7v3	xfyavh7u4u6	蟳	蟳	sìng	1840	2	7	xzjureabsa8		2025-05-16 17:05:33	2025-05-16 17:05:33
xrvekxxm563			蟲	tṳ̀ng	1840	2	8	xzjureabsa8		2025-05-16 17:05:33	2025-05-16 17:05:33
xeq6n5bcxpk			蟲	tè̤ng	1840	2	8	xzjureabsa8		2025-05-16 17:05:33	2025-05-16 17:05:33
xp5eazfra9w	xhjwnbykafb	蟥	蟥	uòng	1840	2	9	xzjureabsa8		2025-05-16 17:05:33	2025-05-16 17:05:33
xkyjd7x2pan			蠈	cĕk	1840	2	10	xzjureabsa8		2025-05-16 17:05:33	2025-05-16 17:05:33
xhmzndadj54	xjda68rv7xu	蠆	蠆	chái	1840	2	11	xzjureabsa8		2025-05-16 17:05:33	2025-05-16 17:05:33
xxue5drtxj7			䗵	giŏng	1840	2	12	xzjureabsa8		2025-05-16 17:05:33	2025-05-16 17:05:33
xxtpz9a387z			蟹	hâ̤	1840	2	13	xzjureabsa8		2025-05-16 17:05:33	2025-05-16 17:05:33
xpq4367s7u9			蠏	hâ̤	1840	2	13	xzjureabsa8		2025-05-16 17:05:33	2025-05-16 17:05:33
xmt4znbr9pg			蠍	hiók	1840	2	14	xzjureabsa8		2025-05-16 17:05:33	2025-05-16 17:05:33
xdzyv4f3pj7	x7qj5bbp28j	蠁	蠁	hiōng	1840	2	15	xzjureabsa8		2025-05-16 17:05:33	2025-05-16 17:05:33
x2zt9t7jupy	xg25k7n8bvh	蠃	蠃	luō	1840	2	16	xzjureabsa8	原書有誤，已更正	2025-05-16 17:05:33	2025-05-16 17:05:33
xec9vtp38xe	xg25k7n8bvh	蠃	蠃	lòi	1840	2	16	xzjureabsa8		2025-05-16 17:05:33	2025-05-16 17:05:33
x2bgse697cq			蟻	ngiê	1840	2	17	xzjureabsa8		2025-05-16 17:05:33	2025-05-16 17:05:33
xg49m7fjenq	xj2kf23ysjy	蟾	蟾	sièng	1840	2	18	xzjureabsa8		2025-05-16 17:05:33	2025-05-16 17:05:33
x7fcf9b9f6t	xr7ya76q23d	蠅	蠅	sìng	1840	2	19	xzjureabsa8		2025-05-16 17:05:33	2025-05-16 17:05:33
x834qtzz2kf	xsr5g5vm9d9	蠋	蠋	sṳ̆k	1840	2	20	xzjureabsa8		2025-05-16 17:05:33	2025-05-16 17:05:33
xq9wt93hrxb	xmkmfq3a6kv	蟶	蟶	tĕng	1840	2	21	xzjureabsa8		2025-05-16 17:05:33	2025-05-16 17:05:33
xuc5p4t87w7	xmk8fnbek7u	蠙	蠙	bĭng	1840	2	22	xzjureabsa8		2025-05-16 17:05:33	2025-05-16 17:05:33
x4c786ngm6f	xphkt9gz3j7	蠐	蠐	că̤	1840	3	1	xzjureabsa8		2025-05-16 17:05:33	2025-05-16 17:05:33
xzxzb7e4dus	xk2arc29syz	蠘	蠘	chiĕk	1840	3	2	xzjureabsa8		2025-05-16 17:05:33	2025-05-16 17:05:33
x89uvq2c2jv	xq57gyvxj77	蠖	蠖	hô	1840	3	3	xzjureabsa8		2025-05-16 17:05:33	2025-05-16 17:05:33
xscya3x9rjf	x779v477a42	蠔	蠔	hò̤	1840	3	4	xzjureabsa8		2025-05-16 17:05:33	2025-05-16 17:05:33
xqubbgxfpk9	xzqcs4jzbhz	蠑	蠑	ìng	1840	3	5	xzjureabsa8		2025-05-16 17:05:33	2025-05-16 17:05:33
xrepz7fv3mq	xjrsta5n42k	蠓	蠓	mūng	1840	3	6	xzjureabsa8		2025-05-16 17:05:33	2025-05-16 17:05:33
x8vtj3mvze4	xjrsta5n42k	蠓	蠓	mē̤ng	1840	3	6	xzjureabsa8		2025-05-16 17:05:33	2025-05-16 17:05:33
xrzwjn6gsmg	x2vxc3d8g4a	蠕	蠕	ṳ̀	1840	3	7	xzjureabsa8		2025-05-16 17:05:33	2025-05-16 17:05:33
x5jahqvynma	x64gf7enyhq	蠢	蠢	chūng	1840	3	8	xzjureabsa8		2025-05-16 17:05:33	2025-05-16 17:05:33
xgndg6a3net	xtwasysfjan	蠡	蠡	lā̤	1840	3	9	xzjureabsa8		2025-05-16 17:05:33	2025-05-16 17:05:33
xbgyew8ujb6	xtwasysfjan	蠡	蠡	liè	1840	3	9	xzjureabsa8		2025-05-16 17:05:33	2025-05-16 17:05:33
xugx4c2e8gc	xer34akmzdc	蠣	蠣	lâ̤	1840	3	10	xzjureabsa8		2025-05-16 17:05:33	2025-05-16 17:05:33
xxkwx8bmsmx	xer34akmzdc	蠣	蠣	diê	1840	3	10	xzjureabsa8		2025-05-16 17:05:33	2025-05-16 17:05:33
xsy3zabmf38	xbyd3v5du7z	蠟	蠟	lăk	1840	3	11	xzjureabsa8		2025-05-16 17:05:33	2025-05-16 17:05:33
xdcd455ujgw	xztnruevd7w	蠛	蠛	miĕk	1840	3	12	xzjureabsa8	原書有誤，已更正	2025-05-16 17:05:33	2025-05-16 17:05:33
xdds4ue7z8x			蠧	dó	1840	3	13	xzjureabsa8		2025-05-16 17:05:33	2025-05-16 17:05:33
xx5jpump748			蠧	dū	1840	3	13	xzjureabsa8		2025-05-16 17:05:33	2025-05-16 17:05:33
xmdun5a5gkz	xykjs9jsshe	蠨	蠨	siĕu	1840	3	14	xzjureabsa8		2025-05-16 17:05:33	2025-05-16 17:05:33
x5gq4jsfynj			䘂	chiĕng	1840	3	15	xzjureabsa8		2025-05-16 17:05:33	2025-05-16 17:05:33
xg54bx4g5jv	xgx9kwjr4pb	蠲	蠲	giŏng	1840	3	16	xzjureabsa8		2025-05-16 17:05:33	2025-05-16 17:05:33
xth3hmfr68s	xrnzv7gwebg	蠱	蠱	gū	1840	3	17	xzjureabsa8		2025-05-16 17:05:33	2025-05-16 17:05:33
xmn9ufsggx9			蠭	pŭng	1840	3	18	xzjureabsa8		2025-05-16 17:05:33	2025-05-16 17:05:33
xtu5bv2epee			𧕽	càng	1840	3	19	xzjureabsa8		2025-05-16 17:05:34	2025-05-16 17:05:34
x7g6ncz3dmh			蠹	dó	1840	3	20	xzjureabsa8		2025-05-16 17:05:34	2025-05-16 17:05:34
xqarkv36bq8			蠹	dū	1840	3	20	xzjureabsa8		2025-05-16 17:05:34	2025-05-16 17:05:34
x6c2a2bbv8d	xnkk5wahqmg	蠻	蠻	màng	1840	3	21	xzjureabsa8		2025-05-16 17:05:34	2025-05-16 17:05:34
xkt9zq672jr			𧕴	nàng	1840	3	22	xzjureabsa8		2025-05-16 17:05:34	2025-05-16 17:05:34
xjqj4774rvk			血	hiék	1841	1	1	xpg7vyzetjv		2025-05-16 17:05:34	2025-05-16 17:05:34
xg9w2924txs			血	háik	1841	1	1	xpg7vyzetjv		2025-05-16 17:05:34	2025-05-16 17:05:34
xynu9drjba3			衁	huŏng	1841	1	2	xpg7vyzetjv		2025-05-16 17:05:34	2025-05-16 17:05:34
xzejfqdpjtw			䘏	sók	1841	1	3	xpg7vyzetjv		2025-05-16 17:05:34	2025-05-16 17:05:34
xpjgc44dd6r			衄	nīu	1841	1	4	xpg7vyzetjv		2025-05-16 17:05:34	2025-05-16 17:05:34
x4wcdvhqpbe			衅	hé̤ṳng	1841	1	5	xpg7vyzetjv		2025-05-16 17:05:34	2025-05-16 17:05:34
xfh52q9ns9v			衇	mĕk	1841	1	6	xpg7vyzetjv		2025-05-16 17:05:34	2025-05-16 17:05:34
xbvezjmgvzs			衇	măh	1841	1	6	xpg7vyzetjv		2025-05-16 17:05:34	2025-05-16 17:05:34
x7da8s9f2du	x27jjhrh98x	衊	衊	miĕk	1841	1	7	xpg7vyzetjv		2025-05-16 17:05:34	2025-05-16 17:05:34
x99cngf8vep			行	hèng	1841	1	8	xrbnrfjf7qg		2025-05-16 17:05:34	2025-05-16 17:05:34
xxtb6uuf2vd			行	hòng	1841	1	8	xrbnrfjf7qg		2025-05-16 17:05:34	2025-05-16 17:05:34
x8hr5z3fvrd			行	hâing	1841	1	8	xrbnrfjf7qg		2025-05-16 17:05:34	2025-05-16 17:05:34
xhn3v8ftaqe			行	òng	1841	1	8	xrbnrfjf7qg		2025-05-16 17:05:34	2025-05-16 17:05:34
x2pg8848pvk			行	giàng	1841	1	8	xrbnrfjf7qg		2025-05-16 17:05:34	2025-05-16 17:05:34
xknq93uvpva			行	hâung	1841	1	8	xrbnrfjf7qg		2025-05-16 17:05:34	2025-05-16 17:05:34
xjxmdgbb975	xv5q5wdwjkp	衎	衎	hāng	1841	1	9	xrbnrfjf7qg		2025-05-16 17:05:34	2025-05-16 17:05:34
xg787kpe8f4	xzuea29jzhr	衍	衍	iēng	1841	1	10	xrbnrfjf7qg		2025-05-16 17:05:34	2025-05-16 17:05:34
xmfa4q2jeaf			衒	hièng	1841	1	11	xrbnrfjf7qg		2025-05-16 17:05:34	2025-05-16 17:05:34
x2ztx3kvgmz	xdy3rh5y4tu	術	術	sŭk	1841	1	12	xrbnrfjf7qg		2025-05-16 17:05:34	2025-05-16 17:05:34
xyn82fe5zqr	xkgcjc9qmas	衕	衕	dông	1841	1	13	xrbnrfjf7qg		2025-05-16 17:05:34	2025-05-16 17:05:34
xd6b84thaem	xkgcjc9qmas	衕	衕	lâe̤ng	1841	1	13	xrbnrfjf7qg		2025-05-16 17:05:34	2025-05-16 17:05:34
x26vac2syvj	xekugf8buc3	街	街	gă̤	1841	1	14	xrbnrfjf7qg		2025-05-16 17:05:34	2025-05-16 17:05:34
xcej3gux58h			衖	háe̤ng	1841	1	15	xrbnrfjf7qg		2025-05-16 17:05:34	2025-05-16 17:05:34
x6n33vcwhrt			衖	lâe̤ng	1841	1	15	xrbnrfjf7qg		2025-05-16 17:05:34	2025-05-16 17:05:34
xrn4kmp3b7u			𧗳	hièng	1841	1	16	xrbnrfjf7qg		2025-05-16 17:05:34	2025-05-16 17:05:34
xfxr8ds7gsx	xh98qs53qya	衙	衙	ngà	1841	1	17	xrbnrfjf7qg		2025-05-16 17:05:34	2025-05-16 17:05:34
xyrz9skf4pk			衝	chṳ̆ng	1841	1	18	xrbnrfjf7qg		2025-05-16 17:05:34	2025-05-16 17:05:34
xqqjn8cdkbf			衚	hù	1841	1	19	xrbnrfjf7qg		2025-05-16 17:05:34	2025-05-16 17:05:34
xgdb2dz6tu8	xkt2bnp7pz9	衛	衛	uôi	1841	2	1	xrbnrfjf7qg		2025-05-16 17:05:34	2025-05-16 17:05:34
x77qmtvkkgh			衡	hèng	1841	2	2	xrbnrfjf7qg		2025-05-16 17:05:34	2025-05-16 17:05:34
xyanzbxw5u9			衞	uôi	1841	2	3	xrbnrfjf7qg		2025-05-16 17:05:34	2025-05-16 17:05:34
xc6sftnut3e	xqa2qzgcnkj	衢	衢	gṳ̀	1841	2	4	xrbnrfjf7qg		2025-05-16 17:05:34	2025-05-16 17:05:34
x58tj7zh34n			衣	ĭ	1841	2	5	x3ybnyh65zg		2025-05-16 17:05:34	2025-05-16 17:05:34
xh4bs9gx24h			衣	é	1841	2	5	x3ybnyh65zg		2025-05-16 17:05:34	2025-05-16 17:05:34
xvsnsutec66	x3hmkdbacj5	表	表	biēu	1841	2	6	x3ybnyh65zg		2025-05-16 17:05:34	2025-05-16 17:05:34
xnqg5tnvg5y			𡊮	nguòng	1841	2	7	x3ybnyh65zg		2025-05-16 17:05:34	2025-05-16 17:05:34
xspq3kyn8xt	x2cyjh9uwxp	衫	衫	săng	1841	2	8	x3ybnyh65zg		2025-05-16 17:05:34	2025-05-16 17:05:34
xmcxqnbvj2t	xkcs93gtvq9	衷	衷	dṳ̆ng	1841	2	9	x3ybnyh65zg		2025-05-16 17:05:34	2025-05-16 17:05:34
x6dmypdh454			衮	gūng	1841	2	10	x3ybnyh65zg		2025-05-16 17:05:34	2025-05-16 17:05:34
x84zpz764rd	xzyynyj4595	衽	衽	īng	1841	2	11	x3ybnyh65zg		2025-05-16 17:05:34	2025-05-16 17:05:34
xp63pxfpg8b	xuyqmrsuh46	衿	衿	kĭng	1841	2	12	x3ybnyh65zg		2025-05-16 17:05:34	2025-05-16 17:05:34
xh5mrdwn7xt	x7zewwgqdsz	衾	衾	kĭng	1841	2	13	x3ybnyh65zg		2025-05-16 17:05:34	2025-05-16 17:05:34
xy5mg9x5557	x9pnc49hrf8	袂	袂	mê	1841	2	14	x3ybnyh65zg		2025-05-16 17:05:34	2025-05-16 17:05:34
xvycu6q76c7	xadzpw8jw7g	衲	衲	năk	1841	2	15	x3ybnyh65zg		2025-05-16 17:05:34	2025-05-16 17:05:34
xd3egbntegb	x3fm4urtn3u	袁	袁	nguòng	1841	2	16	x3ybnyh65zg		2025-05-16 17:05:34	2025-05-16 17:05:34
xxwdsvvhckz	x3fm4urtn3u	袁	袁	uòng	1841	2	16	x3ybnyh65zg		2025-05-16 17:05:34	2025-05-16 17:05:34
xzr3c8wvv3p			⿻衣日	sŏi	1841	2	17	x3ybnyh65zg		2025-05-16 17:05:34	2025-05-16 17:05:34
x7g6cxe2a9b	xj92r22dkdv	衰	衰	sŏi	1841	2	17	x3ybnyh65zg		2025-05-16 17:05:34	2025-05-16 17:05:34
x65yxbar4k7			被	bê	1841	2	18	x3ybnyh65zg		2025-05-16 17:05:34	2025-05-16 17:05:34
x8e9q3exp2c			被	puôi	1841	2	18	x3ybnyh65zg		2025-05-16 17:05:34	2025-05-16 17:05:34
xdpvgs22ymm	xetzgczcdfx	袍	袍	bò̤	1841	2	19	x3ybnyh65zg		2025-05-16 17:05:34	2025-05-16 17:05:34
x6z266qvzaw	xtty93hrtea	袗	袗	cīng	1841	2	20	x3ybnyh65zg		2025-05-16 17:05:34	2025-05-16 17:05:34
xrc7k8a56w3			袋	dâi	1841	2	21	x3ybnyh65zg		2025-05-16 17:05:34	2025-05-16 17:05:34
xmazwra6akq			袋	dô̤i	1841	2	21	x3ybnyh65zg		2025-05-16 17:05:34	2025-05-16 17:05:34
x8h2r5b49jd			袠	diĕk	1841	3	1	x3ybnyh65zg		2025-05-16 17:05:34	2025-05-16 17:05:34
xem6zue38z2	xp6uf7cyt2y	袈	袈	già	1841	3	2	x3ybnyh65zg		2025-05-16 17:05:34	2025-05-16 17:05:34
xregxd2xny3	xj7ghxntcu6	袞	袞	gūng	1841	3	3	x3ybnyh65zg		2025-05-16 17:05:34	2025-05-16 17:05:34
xnumtpwxycj			袚	hók	1841	3	4	x3ybnyh65zg		2025-05-16 17:05:34	2025-05-16 17:05:34
xy3xv6ecndj	x5jsn4stcpv	袪	袪	kṳ̆	1841	3	5	x3ybnyh65zg		2025-05-16 17:05:34	2025-05-16 17:05:34
xv5fdzhuuu4	xwwdaawk9bb	袊	袊	līng	1841	3	6	x3ybnyh65zg		2025-05-16 17:05:34	2025-05-16 17:05:34
xvdjxcrkjh5	xjmv56rwxc7	袤	袤	mâiu	1841	3	7	x3ybnyh65zg		2025-05-16 17:05:34	2025-05-16 17:05:34
xtcbh369czg	x66vjmx4mzb	袢	袢	puâng	1841	3	8	x3ybnyh65zg		2025-05-16 17:05:34	2025-05-16 17:05:34
xqansbg3nw3	x3vbzpxcswh	袖	袖	sêu	1841	3	9	x3ybnyh65zg		2025-05-16 17:05:34	2025-05-16 17:05:34
xp7ynvydpyp	x3vbzpxcswh	袖	袖	uōng	1841	3	9	x3ybnyh65zg		2025-05-16 17:05:34	2025-05-16 17:05:34
xbnn2z6a4nr	xywqbnvdtjz	袒	袒	tāng	1841	3	10	x3ybnyh65zg		2025-05-16 17:05:34	2025-05-16 17:05:34
xr39fgvb42p			袜	uăk	1841	3	11	x3ybnyh65zg		2025-05-16 17:05:34	2025-05-16 17:05:34
xaumatppzxr	xrdmmd7m5se	裁	裁	còi	1841	3	12	x3ybnyh65zg		2025-05-16 17:05:34	2025-05-16 17:05:34
xs3grcz4urx			袷	gák	1841	3	13	x3ybnyh65zg		2025-05-16 17:05:34	2025-05-16 17:05:34
xt5nrh56msc	xatuf9tsk4k	袺	袺	giék	1841	3	14	x3ybnyh65zg		2025-05-16 17:05:34	2025-05-16 17:05:34
xks6denrdp8	xrbwhvy7xu3	袼	袼	gó̤h	1841	3	15	x3ybnyh65zg		2025-05-16 17:05:34	2025-05-16 17:05:34
x3wjypd862c			袝	hŭk	1841	3	16	x3ybnyh65zg		2025-05-16 17:05:34	2025-05-16 17:05:34
xpenyptfq3z	x3k2msqfnns	裀	裀	ĭng	1841	3	17	x3ybnyh65zg		2025-05-16 17:05:34	2025-05-16 17:05:34
x4qz9sypprx	xzyynyj4595	衽	衽	īng	1841	3	18	x3ybnyh65zg		2025-05-16 17:05:34	2025-05-16 17:05:34
xg7xb3epuxu			袴	kó	1841	3	19	x3ybnyh65zg		2025-05-16 17:05:34	2025-05-16 17:05:34
xemc3rs5r32	x2qhp3jc6qk	裂	裂	lié	1841	3	20	x3ybnyh65zg		2025-05-16 17:05:34	2025-05-16 17:05:34
xw49zp8pvdh	x2qhp3jc6qk	裂	裂	liĕk	1841	3	20	x3ybnyh65zg		2025-05-16 17:05:34	2025-05-16 17:05:34
x2yhy8zgtfg	xydcrunksgm	補	補	buō	1841	3	21	x3ybnyh65zg		2025-05-16 17:05:34	2025-05-16 17:05:34
xy5wg7mc3m8	xydcrunksgm	補	補	puō	1841	3	21	x3ybnyh65zg		2025-05-16 17:05:34	2025-05-16 17:05:34
xgd7dv29fd2	xc9jxv5y9se	裝	裝	cŏng	1841	3	22	x3ybnyh65zg		2025-05-16 17:05:34	2025-05-16 17:05:34
xmqbmcth46r	x9h676mgqua	裕	裕	ê̤ṳ	1842	1	1	x3ybnyh65zg		2025-05-16 17:05:34	2025-05-16 17:05:34
xjzeq5q8n6t	xehuj76fs44	裘	裘	géu	1842	1	2	x3ybnyh65zg		2025-05-16 17:05:34	2025-05-16 17:05:34
x7fdvfnffg5	xjs75rcn53a	裙	裙	gùng	1842	1	3	x3ybnyh65zg		2025-05-16 17:05:34	2025-05-16 17:05:34
xncunjtxrv7	xat5udxfhmp	裔	裔	iô	1842	1	4	x3ybnyh65zg		2025-05-16 17:05:34	2025-05-16 17:05:34
x4sb2p3dfwj			裏	lī	1842	1	5	x3ybnyh65zg		2025-05-16 17:05:34	2025-05-16 17:05:34
x8twjuthanj			裏	diē	1842	1	5	x3ybnyh65zg		2025-05-16 17:05:34	2025-05-16 17:05:34
x8asvp2caq8			裡	lī	1842	1	5	x3ybnyh65zg		2025-05-16 17:05:34	2025-05-16 17:05:34
xtqpeuyxqg4			裡	diē	1842	1	5	x3ybnyh65zg		2025-05-16 17:05:34	2025-05-16 17:05:34
x8wjxdc253u	xvqp263kcxx	裊	裊	niēu	1842	1	6	x3ybnyh65zg		2025-05-16 17:05:34	2025-05-16 17:05:34
xhnz8smyesm	xpws3bum9j3	裒	裒	pâiu	1842	1	7	x3ybnyh65zg		2025-05-16 17:05:34	2025-05-16 17:05:34
xv8pf3pyzg2	x482un93vvx	裟	裟	să	1842	1	8	x3ybnyh65zg		2025-05-16 17:05:34	2025-05-16 17:05:34
x35ughc5ty6	xhubqy8xwxa	裎	裎	tìng	1842	1	9	x3ybnyh65zg		2025-05-16 17:05:34	2025-05-16 17:05:34
xwmqqeenbym			裨	bĭ	1842	1	10	x3ybnyh65zg		2025-05-16 17:05:34	2025-05-16 17:05:34
xyqnuv4w2pm	x6smzzbjndh	裱	裱	biēu	1842	1	11	x3ybnyh65zg		2025-05-16 17:05:34	2025-05-16 17:05:34
xzptaztbe6u			製	cié	1842	1	12	x3ybnyh65zg		2025-05-16 17:05:34	2025-05-16 17:05:34
x68fdjmqt25			⿰⻂㝵	ciék	1842	1	13	x3ybnyh65zg		2025-05-16 17:05:34	2025-05-16 17:05:34
xfz3uudskc5			裯	dìu	1842	1	14	x3ybnyh65zg		2025-05-16 17:05:34	2025-05-16 17:05:34
x2sezm7xvgy			裯	dŏ̤	1842	1	14	x3ybnyh65zg		2025-05-16 17:05:34	2025-05-16 17:05:34
xjvvkyzcr3r	x48xuy3aruq	裪	裪	dò̤	1842	1	15	x3ybnyh65zg		2025-05-16 17:05:34	2025-05-16 17:05:34
xckfej55gkm			裰	duók	1842	1	16	x3ybnyh65zg		2025-05-16 17:05:34	2025-05-16 17:05:34
xvfnsjyqm2z	xrsrsuhwg65	裾	裾	gṳ̆	1842	1	17	x3ybnyh65zg		2025-05-16 17:05:34	2025-05-16 17:05:34
xtkvm6apv2m	xga5yjpganu	褂	褂	guá	1842	1	18	x3ybnyh65zg		2025-05-16 17:05:34	2025-05-16 17:05:34
xyktmrkmbp8	xvybmmvshcm	裸	裸	luō	1842	1	19	x3ybnyh65zg	原書有誤，已更正	2025-05-16 17:05:34	2025-05-16 17:05:34
x8fbgtvekdn			裹	luō	1842	1	20	x3ybnyh65zg	原書有誤，已更正	2025-05-16 17:05:34	2025-05-16 17:05:34
xpe4hj2c57w	xt3dxqtvxkp	裶	裶	pĭ	1842	1	21	x3ybnyh65zg		2025-05-16 17:05:34	2025-05-16 17:05:34
xvp4tmfrg3g	xn3eudhqma7	裴	裴	puòi	1842	1	22	x3ybnyh65zg		2025-05-16 17:05:34	2025-05-16 17:05:34
xpxv8wg9jxn	xyw52h4ww72	裳	裳	siòng	1842	1	23	x3ybnyh65zg		2025-05-16 17:05:34	2025-05-16 17:05:34
xk2ue7bxjas	x28d79y2pdy	裼	裼	ték	1842	2	1	x3ybnyh65zg		2025-05-16 17:05:34	2025-05-16 17:05:34
x2qd66fgqs8	xztymq8vtx5	褊	褊	biēng	1842	2	2	x3ybnyh65zg		2025-05-16 17:05:34	2025-05-16 17:05:34
xt96xnwhpbe	xgjmjv7qj4k	褒	褒	bŏ̤	1842	2	3	x3ybnyh65zg		2025-05-16 17:05:34	2025-05-16 17:05:34
xb7dmey2dpn	xj7z6pn92q6	褓	褓	bō̤	1842	2	4	x3ybnyh65zg		2025-05-16 17:05:34	2025-05-16 17:05:34
xqa5utwg39t	xj7z6pn92q6	褓	褓	bô̤	1842	2	4	x3ybnyh65zg		2025-05-16 17:05:34	2025-05-16 17:05:34
xr5dsgtmck9	xxaqfx9cxyu	褙	褙	buói	1842	2	5	x3ybnyh65zg		2025-05-16 17:05:34	2025-05-16 17:05:34
x535pt6jb9n			䙄	chák	1842	2	6	x3ybnyh65zg		2025-05-16 17:05:34	2025-05-16 17:05:34
xsjsbzqh466			褎	êu	1842	2	7	x3ybnyh65zg		2025-05-16 17:05:34	2025-05-16 17:05:34
xdhqe7hzzwe			褎	sêu	1842	2	7	x3ybnyh65zg		2025-05-16 17:05:34	2025-05-16 17:05:34
xarcnbdcvpu	x3dvnazbem7	褌	褌	gŭng	1842	2	8	x3ybnyh65zg		2025-05-16 17:05:34	2025-05-16 17:05:34
xvk4vvgy36x	xp5pcd7grqf	褐	褐	hăk	1842	2	9	x3ybnyh65zg		2025-05-16 17:05:34	2025-05-16 17:05:34
xp2vqu8j2xb	xxcj2eyhn9c	複	複	hók	1842	2	10	x3ybnyh65zg		2025-05-16 17:05:34	2025-05-16 17:05:34
xcagrfq6t7n	xt44d9b2j2e	褘	褘	ùi	1842	2	11	x3ybnyh65zg		2025-05-16 17:05:34	2025-05-16 17:05:34
x5xt4h2srrp	xt44d9b2j2e	褘	褘	hŭi	1842	2	11	x3ybnyh65zg		2025-05-16 17:05:34	2025-05-16 17:05:34
xp4vudyxrm4			𧛸	cáiu	1842	2	12	x3ybnyh65zg		2025-05-16 17:05:34	2025-05-16 17:05:34
xrept3beswt	xamf9hffjzb	褡	褡	dák	1842	2	13	x3ybnyh65zg		2025-05-16 17:05:34	2025-05-16 17:05:34
xu5mguqvw53	xe7r5pfvaa5	褫	褫	dī	1842	2	14	x3ybnyh65zg		2025-05-16 17:05:34	2025-05-16 17:05:34
xc5w3v2zete	xdj4vvx4ecs	褧	褧	gēng	1842	2	15	x3ybnyh65zg		2025-05-16 17:05:34	2025-05-16 17:05:34
xywpeffc696			褰	kiĕng	1842	2	16	x3ybnyh65zg		2025-05-16 17:05:34	2025-05-16 17:05:34
xaaky7th347	x8ac6bhd9w6	襬	襬	nâi	1842	2	17	x3ybnyh65zg		2025-05-16 17:05:34	2025-05-16 17:05:34
xa6b4y5fx9e	xqd7zx93ppr	褪	褪	táung	1842	2	18	x3ybnyh65zg		2025-05-16 17:05:34	2025-05-16 17:05:34
xmfngjk8638	xutb2x2429s	褥	褥	ṳ̆k	1842	2	19	x3ybnyh65zg		2025-05-16 17:05:34	2025-05-16 17:05:34
xsu4cvkc2js			襃	bŏ̤	1842	2	20	x3ybnyh65zg		2025-05-16 17:05:34	2025-05-16 17:05:34
x8kd2e83vhx			⿰衤遷	chiéng	1842	2	21	x3ybnyh65zg		2025-05-16 17:05:34	2025-05-16 17:05:34
x7dq547rf7f			⿰衤遷	siĕng	1842	2	21	x3ybnyh65zg		2025-05-16 17:05:34	2025-05-16 17:05:34
xr4k3bfrgrm	x3v3fch73fs	襁	襁	giōng	1842	2	22	x3ybnyh65zg		2025-05-16 17:05:34	2025-05-16 17:05:34
xxhbxcuvcz4	xy4sfwst2c3	褲	褲	kó	1842	2	23	x3ybnyh65zg		2025-05-16 17:05:34	2025-05-16 17:05:34
xbtzk3zgrmx	xanttr9e54m	褸	褸	lé̤ṳ	1842	3	1	x3ybnyh65zg		2025-05-16 17:05:34	2025-05-16 17:05:34
xkun86bjn3w	xanttr9e54m	褸	褸	lê̤ṳ	1842	3	1	x3ybnyh65zg		2025-05-16 17:05:34	2025-05-16 17:05:34
x5gdmkp8c6w			褵	liè	1842	3	2	x3ybnyh65zg		2025-05-16 17:05:34	2025-05-16 17:05:34
xbxbguhf5d3	x2sdbja5k2j	𧜛	𧜛	lōng	1842	3	3	x3ybnyh65zg		2025-05-16 17:05:34	2025-05-16 17:05:34
x2b3au6kmvv	x3t598mq5km	褻	褻	siék	1842	3	4	x3ybnyh65zg		2025-05-16 17:05:34	2025-05-16 17:05:34
xwnext8w6ye	xtuh8zf6ssg	襄	襄	siŏng	1842	3	5	x3ybnyh65zg		2025-05-16 17:05:34	2025-05-16 17:05:34
xckhwr5fu2p	xa472xg4zca	襏	襏	buák	1842	3	6	x3ybnyh65zg		2025-05-16 17:05:34	2025-05-16 17:05:34
xxbefh4qdm4			襌	dăng	1842	3	7	x3ybnyh65zg		2025-05-16 17:05:34	2025-05-16 17:05:34
xpgu7d5pnun			襋	gék	1842	3	8	x3ybnyh65zg		2025-05-16 17:05:34	2025-05-16 17:05:34
x9cmsapg9a5			襇	giēng	1842	3	9	x3ybnyh65zg		2025-05-16 17:05:34	2025-05-16 17:05:34
xr7czm2fger	xue4zmpegqu	襜	襜	ciĕng	1842	3	10	x3ybnyh65zg		2025-05-16 17:05:34	2025-05-16 17:05:34
xphv7f6chys	xfqt6wqc4ss	襠	襠	dŏng	1842	3	11	x3ybnyh65zg		2025-05-16 17:05:34	2025-05-16 17:05:34
xy4kp9tj7fw			襘	guói	1842	3	12	x3ybnyh65zg		2025-05-16 17:05:34	2025-05-16 17:05:34
x6rn3gezfje	x53fngc5289	襟	襟	kĭng	1842	3	13	x3ybnyh65zg		2025-05-16 17:05:34	2025-05-16 17:05:34
xuj7u7uaq49	x53fngc5289	襟	襟	kă̤	1842	3	13	x3ybnyh65zg		2025-05-16 17:05:34	2025-05-16 17:05:34
xe49hr6r7rd	xzyab6neasb	襝	襝	liēng	1842	3	14	x3ybnyh65zg		2025-05-16 17:05:34	2025-05-16 17:05:34
xge9vkhe35x	xdfpnezm3ws	襛	襛	nùng	1842	3	15	x3ybnyh65zg		2025-05-16 17:05:34	2025-05-16 17:05:34
x4cdejeyf5w	xxtx56vk7kk	襖	襖	ō̤	1842	3	16	x3ybnyh65zg		2025-05-16 17:05:34	2025-05-16 17:05:34
xggddx3vhrf	xu5ue6b8mwm	襞	襞	pék	1842	3	17	x3ybnyh65zg		2025-05-16 17:05:34	2025-05-16 17:05:34
xd7gcmxmxu7	xc8xwk6b68h	襚	襚	sôi	1842	3	18	x3ybnyh65zg		2025-05-16 17:05:34	2025-05-16 17:05:34
xppq7kvw6me			⿰衤⿳卝𠔿伐	uăk	1842	3	19	x3ybnyh65zg		2025-05-16 17:05:34	2025-05-16 17:05:34
xe34rhnm7gw	xjv7bwxw8jj	襤	襤	làng	1842	3	20	x3ybnyh65zg		2025-05-16 17:05:34	2025-05-16 17:05:34
x4xpd9fsam7			⿰衤領	liāng	1842	3	21	x3ybnyh65zg		2025-05-16 17:05:34	2025-05-16 17:05:34
xmfc5hkenqv	xmu28k9v8mt	襮	襮	báuk	1842	3	22	x3ybnyh65zg		2025-05-16 17:05:34	2025-05-16 17:05:34
xwkyvb4tq9f			襭	giék	1842	3	23	x3ybnyh65zg		2025-05-16 17:05:34	2025-05-16 17:05:34
xq2x55ndrh9	xe4ckkctadf	襫	襫	hék	1843	1	1	x3ybnyh65zg		2025-05-16 17:05:34	2025-05-16 17:05:34
xcrnz9sygw7			𧞪	lák	1843	1	2	x3ybnyh65zg		2025-05-16 17:05:34	2025-05-16 17:05:34
xqbxaqba25f	x9kwmpn43gd	襪	襪	uăk	1843	1	3	x3ybnyh65zg		2025-05-16 17:05:34	2025-05-16 17:05:34
xedpx6y697e			襯	cháing	1843	1	4	x3ybnyh65zg		2025-05-16 17:05:34	2025-05-16 17:05:34
xsa7x8tg8sg	xkp5rbq6rba	襱	襱	lùng	1843	1	5	x3ybnyh65zg		2025-05-16 17:05:34	2025-05-16 17:05:34
x3526juagrb	xk78x3zmetd	襲	襲	sĭk	1843	1	6	x3ybnyh65zg		2025-05-16 17:05:34	2025-05-16 17:05:34
x8xapypc7cp	x9nt5mzuy62	襴	襴	làng	1843	1	7	x3ybnyh65zg		2025-05-16 17:05:34	2025-05-16 17:05:34
xd5ywrtw7np			襵	niék	1843	1	8	x3ybnyh65zg		2025-05-16 17:05:34	2025-05-16 17:05:34
x9xvu5asa2u	xhxfhh5j6s9	西	西	să̤	1843	1	9	xmygshb3kdw		2025-05-16 17:05:34	2025-05-16 17:05:34
xsbhr66fk22			要	iéu	1843	1	10	xmygshb3kdw		2025-05-16 17:05:34	2025-05-16 17:05:34
x74pedpvgw3			要	iĕu	1843	1	10	xmygshb3kdw		2025-05-16 17:05:34	2025-05-16 17:05:34
xcsx9zuqg5z			覃	tàng	1843	1	11	xmygshb3kdw		2025-05-16 17:05:34	2025-05-16 17:05:34
xqgykcr9hq3			覆	hók	1843	1	12	xmygshb3kdw		2025-05-16 17:05:34	2025-05-16 17:05:34
xd9qb526mhc			覆	páiu	1843	1	12	xmygshb3kdw		2025-05-16 17:05:34	2025-05-16 17:05:34
xa3f6gtpzq9			覈	hŏk	1843	1	13	xmygshb3kdw		2025-05-16 17:05:34	2025-05-16 17:05:34
xpxywh4taaa			覌	guăng	1843	1	15	x6sm5g6cpvy		2025-05-16 17:05:34	2025-05-16 17:05:34
xtd5685naxr			覌	guáng	1843	1	15	x6sm5g6cpvy		2025-05-16 17:05:34	2025-05-16 17:05:34
x334cf9n6jq	x7rmwxddqrk	規	規	giĕ	1843	1	16	x6sm5g6cpvy		2025-05-16 17:05:34	2025-05-16 17:05:34
xs5esu7ynn5			覔	mĭk	1843	1	17	x6sm5g6cpvy		2025-05-16 17:05:34	2025-05-16 17:05:34
x86rgq7xdvv	xe6drr9bm94	覓	覓	mĭk	1843	1	17	x6sm5g6cpvy		2025-05-16 17:05:34	2025-05-16 17:05:34
x7wkevsdbqr			覘	ciĕng	1843	1	18	x6sm5g6cpvy		2025-05-16 17:05:34	2025-05-16 17:05:34
xxt9p3qh3jc	x6bvqucrb4f	視	視	sê	1843	1	19	x6sm5g6cpvy		2025-05-16 17:05:34	2025-05-16 17:05:34
xcz6wg36tkc	xd224u8mcwa	覡	覡	kĭk	1843	1	20	x6sm5g6cpvy		2025-05-16 17:05:34	2025-05-16 17:05:34
xgjafs8ukk3	x9qfv9kh3th	覥	覥	tiēng	1843	2	1	x6sm5g6cpvy		2025-05-16 17:05:34	2025-05-16 17:05:34
xcje2769kjd			𧡝	tiēng	1843	2	1	x6sm5g6cpvy		2025-05-16 17:05:34	2025-05-16 17:05:34
xv6xb642s9e	xmwt5bcjztn	親	親	chĭng	1843	2	2	x6sm5g6cpvy		2025-05-16 17:05:34	2025-05-16 17:05:34
x2k5gzz87cq			覩	dū	1843	2	3	x6sm5g6cpvy		2025-05-16 17:05:34	2025-05-16 17:05:34
xf38t8fse4w			覧	lāng	1843	2	4	x6sm5g6cpvy		2025-05-16 17:05:34	2025-05-16 17:05:34
xwhdqc99bnp	x7b8q5rtnyr	覦	覦	ṳ̀	1843	2	5	x6sm5g6cpvy		2025-05-16 17:05:34	2025-05-16 17:05:34
xr9xxsfb2kg	xwz5nj6yvzy	覯	覯	gáiu	1843	2	6	x6sm5g6cpvy		2025-05-16 17:05:34	2025-05-16 17:05:34
x6pngnz9wun			覬	gé	1843	2	7	x6sm5g6cpvy		2025-05-16 17:05:34	2025-05-16 17:05:34
xmzquxp2ndz			覬	kāi	1843	2	7	x6sm5g6cpvy		2025-05-16 17:05:34	2025-05-16 17:05:34
xjm38f2gygm	xftbhykr5hx	覷	覷	ché̤ṳ	1843	2	8	x6sm5g6cpvy		2025-05-16 17:05:34	2025-05-16 17:05:34
xaejyjd4vbm			覰	ché̤ṳ	1843	2	8	x6sm5g6cpvy		2025-05-16 17:05:34	2025-05-16 17:05:34
x8bz62v5sfx			覺	gáuk	1843	2	9	x6sm5g6cpvy		2025-05-16 17:05:34	2025-05-16 17:05:34
xhkwctd8awx			覺	gáe̤k	1843	2	9	x6sm5g6cpvy		2025-05-16 17:05:34	2025-05-16 17:05:34
x32k5aj67qa	xcenz9t2286	覲	覲	gê̤ṳng	1843	2	10	x6sm5g6cpvy		2025-05-16 17:05:34	2025-05-16 17:05:34
x7qncfc9xs5	xg3skkcmmzb	覿	覿	dĭk	1843	2	11	x6sm5g6cpvy		2025-05-16 17:05:34	2025-05-16 17:05:34
xbp4j55s5yd	xgf2uy5mtfe	覽	覽	lāng	1843	2	12	x6sm5g6cpvy		2025-05-16 17:05:34	2025-05-16 17:05:34
xyvus2ah42k			觀	guăng	1843	2	13	x6sm5g6cpvy		2025-05-16 17:05:34	2025-05-16 17:05:34
xrp4v69u28y			觀	guáng	1843	2	13	x6sm5g6cpvy		2025-05-16 17:05:34	2025-05-16 17:05:34
xae9agvwqnx			角	gáe̤k	1843	2	14	xvbj5q74a7z		2025-05-16 17:05:34	2025-05-16 17:05:34
xyytv2efpsa			角	lók	1843	2	14	xvbj5q74a7z		2025-05-16 17:05:34	2025-05-16 17:05:34
xe3dpwafdy9			觔	gṳ̆ng	1843	2	15	xvbj5q74a7z		2025-05-16 17:05:34	2025-05-16 17:05:34
x467ewrfkmh			觖	giók	1843	2	17	xvbj5q74a7z		2025-05-16 17:05:34	2025-05-16 17:05:34
xj8hxyx383a	xpv3ecv3fse	觜	觜	cṳ̆	1843	2	18	xvbj5q74a7z		2025-05-16 17:05:34	2025-05-16 17:05:34
x6ty2dsxdaz	x6y23akpqbq	觝	觝	dī	1843	2	19	xvbj5q74a7z		2025-05-16 17:05:34	2025-05-16 17:05:34
xbrxw99ra8q	x6u7d7he5z8	觚	觚	gŭ	1843	2	20	xvbj5q74a7z		2025-05-16 17:05:34	2025-05-16 17:05:34
xenvcbjzuny			解	gāi	1843	2	21	xvbj5q74a7z		2025-05-16 17:05:34	2025-05-16 17:05:34
xvsz6rve5um			解	gā̤	1843	2	21	xvbj5q74a7z		2025-05-16 17:05:34	2025-05-16 17:05:34
xs338rz4fw6			解	gá̤	1843	2	21	xvbj5q74a7z		2025-05-16 17:05:34	2025-05-16 17:05:34
xy2yjkz2xyh			觧	gāi	1843	2	21	xvbj5q74a7z		2025-05-16 17:05:34	2025-05-16 17:05:34
xwe3pjdfnay			觧	gā̤	1843	2	21	xvbj5q74a7z		2025-05-16 17:05:34	2025-05-16 17:05:34
x4e6xaa2q2s			觧	gá̤	1843	2	21	xvbj5q74a7z		2025-05-16 17:05:34	2025-05-16 17:05:34
xz54n8x23cx	xckputz6mab	觥	觥	gĕng	1843	3	1	xvbj5q74a7z		2025-05-16 17:05:34	2025-05-16 17:05:34
xcm48gegr44	xqe97udmhqa	觫	觫	sók	1843	3	2	xvbj5q74a7z		2025-05-16 17:05:34	2025-05-16 17:05:34
xa26mjg28sr			觩	gìu	1843	3	3	xvbj5q74a7z		2025-05-16 17:05:34	2025-05-16 17:05:34
xt2pv879tm4	xw3q57hpy9k	觭	觭	gì	1843	3	4	xvbj5q74a7z		2025-05-16 17:05:34	2025-05-16 17:05:34
x7mu4gw838k	xm535nexwgt	觱	觱	bék	1843	3	5	xvbj5q74a7z		2025-05-16 17:05:34	2025-05-16 17:05:34
xq8h4rdcvdw	xm649uxdrqh	觳	觳	bŭk	1843	3	6	xvbj5q74a7z		2025-05-16 17:05:34	2025-05-16 17:05:34
x5pwgbhea5a	x4pruvj4ht6	觴	觴	siŏng	1843	3	7	xvbj5q74a7z		2025-05-16 17:05:34	2025-05-16 17:05:34
xvun5f6dqsu	xjaeb28tjr8	觶	觶	cé	1843	3	8	xvbj5q74a7z		2025-05-16 17:05:34	2025-05-16 17:05:34
xbfwvd4dv6p			觸	ché̤ṳk	1843	3	9	xvbj5q74a7z		2025-05-16 17:05:34	2025-05-16 17:05:34
x2tch6st6dp			𧥎	giók	1843	3	10	xvbj5q74a7z		2025-05-16 17:05:34	2025-05-16 17:05:34
xv4mx3955pp			觽	hiè	1843	3	11	xvbj5q74a7z		2025-05-16 17:05:34	2025-05-16 17:05:34
xemg8xhj2r2	x4v9excr5bz	言	言	ngiòng	1843	3	12	xep8mju2u5m		2025-05-16 17:05:34	2025-05-16 17:05:34
xmxkz7pgsae			訂	déng	1843	3	13	xep8mju2u5m		2025-05-16 17:05:34	2025-05-16 17:05:34
xe8pxgheetp	xbyg7v9n3h4	見	見	giéng	1843	1	14	x6sm5g6cpvy		2025-10-15 21:16:43	2025-05-16 17:05:34
xggnjdbucpt	x33tap5ybkg	見	見	hiêng	1843	1	14	x6sm5g6cpvy		2025-10-15 21:17:03	2025-05-16 17:05:34
xwfyyjnht9g			訇	ĕng	1843	3	14	xep8mju2u5m		2025-05-16 17:05:34	2025-05-16 17:05:34
x3abu2f7akj			計	gié	1843	3	15	xep8mju2u5m		2025-05-16 17:05:34	2025-05-16 17:05:34
xjcfx5sswmb	xwugbhz73gr	訃	訃	hó	1843	3	16	xep8mju2u5m		2025-05-16 17:05:34	2025-05-16 17:05:34
xmzdckdq8fv	x3d2sbp482j	訒	訒	êng	1843	3	17	xep8mju2u5m		2025-05-16 17:05:34	2025-05-16 17:05:34
x4z9m3bahfj	xk7mpdmb24r	記	記	gé	1843	3	18	xep8mju2u5m		2025-05-16 17:05:34	2025-05-16 17:05:34
xet6tp23txm	x6su8p493w2	訓	訓	hóng	1843	3	19	xep8mju2u5m		2025-05-16 17:05:34	2025-05-16 17:05:34
xg2anvkqvmn	x9kketyxppp	訏	訏	hṳ̆	1843	3	20	xep8mju2u5m		2025-05-16 17:05:34	2025-05-16 17:05:34
x9wt6gz6ptx	x5vm327ffq9	訌	訌	hùng	1843	3	21	xep8mju2u5m		2025-05-16 17:05:34	2025-05-16 17:05:34
xmza9nd9pzw	xczvmewggef	訑	訑	ì	1844	1	1	xep8mju2u5m		2025-05-16 17:05:34	2025-05-16 17:05:34
xrkxmp8hwkn	xdt9u4t7p7r	訐	訐	kiók	1844	1	2	xep8mju2u5m		2025-05-16 17:05:34	2025-05-16 17:05:34
xz4mk3dzqkb			訖	ngék	1844	1	3	xep8mju2u5m		2025-05-16 17:05:34	2025-05-16 17:05:34
xnum8hg6kmg	xdnv2qqrckz	訕	訕	sáng	1844	1	4	xep8mju2u5m		2025-05-16 17:05:35	2025-05-16 17:05:35
xtyftygxv7y	xr7njpckg5k	訊	訊	séng	1844	1	5	xep8mju2u5m		2025-05-16 17:05:35	2025-05-16 17:05:35
xnqk44dqn39	x9cyyfycavn	託	託	táuk	1844	1	6	xep8mju2u5m		2025-05-16 17:05:35	2025-05-16 17:05:35
xgwmx6wzj5q	xbmuu8u7pyx	討	討	tō̤	1844	1	7	xep8mju2u5m		2025-05-16 17:05:35	2025-05-16 17:05:35
xw7mtpmekne	xejr4scwwbf	訣	訣	giók	1844	1	8	xep8mju2u5m		2025-05-16 17:05:35	2025-05-16 17:05:35
xkyvyppu8h6			許	hṳ̄	1844	1	9	xep8mju2u5m		2025-05-16 17:05:35	2025-05-16 17:05:35
xtshgc3uaua	x3nf9n3pz7s	訩	訩	hṳ̆ng	1844	1	10	xep8mju2u5m		2025-05-16 17:05:35	2025-05-16 17:05:35
xdzenckdvuy	x8vscpzxm3g	訪	訪	huōng	1844	1	11	xep8mju2u5m		2025-05-16 17:05:35	2025-05-16 17:05:35
xs4anrfkk8b	x6envc5cz7m	訧	訧	ìu	1844	1	12	xep8mju2u5m		2025-05-16 17:05:35	2025-05-16 17:05:35
xkrp3e4r5ef			訥	nŏk	1844	1	13	xep8mju2u5m		2025-05-16 17:05:35	2025-05-16 17:05:35
x2bv9fywqre	xa5x7g676xr	訝	訝	ngâ	1844	1	14	xep8mju2u5m		2025-05-16 17:05:35	2025-05-16 17:05:35
xuuqh5bxe9r	xa3u8qywd74	訛	訛	nguò	1844	1	15	xep8mju2u5m		2025-05-16 17:05:35	2025-05-16 17:05:35
xr6ukp5dpku	xfav4wyu3hr	訟	訟	sê̤ṳng	1844	1	16	xep8mju2u5m		2025-05-16 17:05:35	2025-05-16 17:05:35
xy5vbaedtwg	x5kwchc4k9b	設	設	siék	1844	1	17	xep8mju2u5m		2025-05-16 17:05:35	2025-05-16 17:05:35
xewm4xkmjnb	xat45mbzz8b	訦	訦	tĭng	1844	1	18	xep8mju2u5m		2025-05-16 17:05:35	2025-05-16 17:05:35
xhytj55z9e6	x3xw6hwr9dx	詖	詖	bê	1844	1	19	xep8mju2u5m		2025-05-16 17:05:35	2025-05-16 17:05:35
xj7ta7efgdw			詐	cá	1844	1	20	xep8mju2u5m		2025-05-16 17:05:35	2025-05-16 17:05:35
xzuwngmbnpn			証	céng	1844	1	21	xep8mju2u5m		2025-05-16 17:05:35	2025-05-16 17:05:35
x6b9zme66qe	x5kwa977rv9	詔	詔	ciéu	1844	1	22	xep8mju2u5m		2025-05-16 17:05:35	2025-05-16 17:05:35
xxxtc4dgus2	xjc7mxztfpv	診	診	cīng	1844	2	1	xep8mju2u5m		2025-05-16 17:05:35	2025-05-16 17:05:35
x6k4gpsggwh	xmbtnd6xqgj	註	註	cuó	1844	2	2	xep8mju2u5m	原書有誤，已更正	2025-05-16 17:05:35	2025-05-16 17:05:35
xzmurya3b3d	x5jxrpmbr5g	詛	詛	có	1844	2	3	xep8mju2u5m		2025-05-16 17:05:35	2025-05-16 17:05:35
x7vrehpkzba			訿	cṳ̆	1844	2	4	xep8mju2u5m		2025-05-16 17:05:35	2025-05-16 17:05:35
xaamaxfqxqf	xjpbhxhmewn	訾	訾	cṳ̆	1844	2	4	xep8mju2u5m		2025-05-16 17:05:35	2025-05-16 17:05:35
x4pfuuy5pgk			詆	dī	1844	2	5	xep8mju2u5m		2025-05-16 17:05:35	2025-05-16 17:05:35
x3xwgzbebu8	xrfr8r5tche	䛅	䛅	găk	1844	2	6	xep8mju2u5m		2025-05-16 17:05:35	2025-05-16 17:05:35
xz5g6u93ads	xu2qr86rebu	詎	詎	gé̤ṳ	1844	2	7	xep8mju2u5m		2025-05-16 17:05:35	2025-05-16 17:05:35
xmwxwnxf3cz	xsg48jd5yph	詁	詁	gū	1844	2	8	xep8mju2u5m		2025-05-16 17:05:35	2025-05-16 17:05:35
x7s9um5dwvj	x4qyznjbppm	詗	詗	hīng	1844	2	9	xep8mju2u5m		2025-05-16 17:05:35	2025-05-16 17:05:35
xdd7ew57mnk	xjqsftugt2a	詒	詒	ì	1844	2	10	xep8mju2u5m		2025-05-16 17:05:35	2025-05-16 17:05:35
x3j9w7kgxzd	xjqsftugt2a	詒	詒	dāi	1844	2	10	xep8mju2u5m		2025-05-16 17:05:35	2025-05-16 17:05:35
xndg8y4s4ft	x9ycsw32k63	詘	詘	kók	1844	2	11	xep8mju2u5m		2025-05-16 17:05:35	2025-05-16 17:05:35
xweyjsnwmet	xr4xhprt8rg	詈	詈	lié	1844	2	12	xep8mju2u5m		2025-05-16 17:05:35	2025-05-16 17:05:35
x79gygqjnc8	x3zub2pmed4	詉	詉	nàu	1844	2	13	xep8mju2u5m		2025-05-16 17:05:35	2025-05-16 17:05:35
xwwz7hctvst			訶	ŏ̤	1844	2	14	xep8mju2u5m		2025-05-16 17:05:35	2025-05-16 17:05:35
xahmbqtck2t			評	pàng	1844	2	15	xep8mju2u5m		2025-05-16 17:05:35	2025-05-16 17:05:35
xebyackhs6r	xpz2p8fhu34	訴	訴	só	1844	2	16	xep8mju2u5m		2025-05-16 17:05:35	2025-05-16 17:05:35
xtkfdsxs2hj	xpmpbsrkgb6	詞	詞	sṳ̀	1844	2	17	xep8mju2u5m		2025-05-16 17:05:35	2025-05-16 17:05:35
xjhq9uh9b3m	x7gqga3xn25	詹	詹	ciĕng	1844	2	18	xep8mju2u5m		2025-05-16 17:05:35	2025-05-16 17:05:35
xw5k99x3n78			詫	chá	1844	2	19	xep8mju2u5m		2025-05-16 17:05:35	2025-05-16 17:05:35
xd2537sfh2e	xsjz7yc2hfa	詮	詮	chuăng	1844	2	20	xep8mju2u5m		2025-05-16 17:05:35	2025-05-16 17:05:35
xugsh5sv3x9	xejk2759g39	誅	誅	dṳ̆	1844	2	21	xep8mju2u5m		2025-05-16 17:05:35	2025-05-16 17:05:35
xqae5yxzkzs	xehbn4ywaag	詠	詠	êng	1844	2	22	xep8mju2u5m		2025-05-16 17:05:35	2025-05-16 17:05:35
xaqymrjvzz6	xbteecj7y7r	該	該	găi	1844	3	1	xep8mju2u5m		2025-05-16 17:05:35	2025-05-16 17:05:35
xxchbgukggb	xrb6gpwxdwv	詬	詬	gáiu	1844	3	2	xep8mju2u5m		2025-05-16 17:05:35	2025-05-16 17:05:35
xymj626ky39	xj2s4n9txce	詿	詿	guá	1844	3	3	xep8mju2u5m		2025-05-16 17:05:35	2025-05-16 17:05:35
x6dyj8njtyy	xre2jpuj526	詭	詭	gūi	1844	3	4	xep8mju2u5m		2025-05-16 17:05:35	2025-05-16 17:05:35
xdn7ktuzxtm	xre2jpuj526	詭	詭	gāu	1844	3	4	xep8mju2u5m		2025-05-16 17:05:35	2025-05-16 17:05:35
xmhfhjt4a4d			詡	hṳ̄	1844	3	5	xep8mju2u5m		2025-05-16 17:05:35	2025-05-16 17:05:35
xup5r4vvtau			詼	huŏi	1844	3	6	xep8mju2u5m		2025-05-16 17:05:35	2025-05-16 17:05:35
xt4vny9h89q			𧧢	huŏng	1844	3	7	xep8mju2u5m		2025-05-16 17:05:35	2025-05-16 17:05:35
xkghbmy5f3q	x5w68c4pbkb	誇	誇	kuă	1844	3	9	xep8mju2u5m		2025-05-16 17:05:35	2025-05-16 17:05:35
xjzrqf63d6x	xefhqdku6cm	誆	誆	kuŏng	1844	3	10	xep8mju2u5m		2025-05-16 17:05:35	2025-05-16 17:05:35
x8cjc3g7d29	xs3y7sg3m7c	誄	誄	lūi	1844	3	11	xep8mju2u5m		2025-05-16 17:05:35	2025-05-16 17:05:35
xpegqt3mjau	xupwyszyypn	詣	詣	ngiê	1844	3	12	xep8mju2u5m		2025-05-16 17:05:35	2025-05-16 17:05:35
xcnh6mzydvz			試	sé̤ṳ	1844	3	13	xep8mju2u5m		2025-05-16 17:05:35	2025-05-16 17:05:35
xkg7ww3jaa4			試	sé	1844	3	13	xep8mju2u5m		2025-05-16 17:05:35	2025-05-16 17:05:35
x5c6a3rcda8			試	ché	1844	3	13	xep8mju2u5m		2025-05-16 17:05:35	2025-05-16 17:05:35
xr9gzcgqgbw	xtqr42q3ymx	詩	詩	sĭ	1844	3	14	xep8mju2u5m		2025-05-16 17:05:35	2025-05-16 17:05:35
x2nb2cnvfa6	xrg6eh8a9kf	詵	詵	sĭng	1844	3	15	xep8mju2u5m		2025-05-16 17:05:35	2025-05-16 17:05:35
xngxjjazzr3	x6fgr6npvcq	詳	詳	siòng	1844	3	16	xep8mju2u5m		2025-05-16 17:05:35	2025-05-16 17:05:35
xfpg864u4qq			詢	sŭng	1844	3	17	xep8mju2u5m		2025-05-16 17:05:35	2025-05-16 17:05:35
xrw496z8896	xw9ppxgac64	話	話	uâ	1844	3	18	xep8mju2u5m		2025-05-16 17:05:35	2025-05-16 17:05:35
xmdwgz8h4k6			誖	buôi	1844	3	19	xep8mju2u5m		2025-05-16 17:05:35	2025-05-16 17:05:35
x85dwe9m5u6			誌	cé	1844	3	20	xep8mju2u5m		2025-05-16 17:05:35	2025-05-16 17:05:35
xcd7k8fpg6s			誚	ciéu	1844	3	21	xep8mju2u5m		2025-05-16 17:05:35	2025-05-16 17:05:35
x69tg8sj45q			誚	siéu	1844	3	21	xep8mju2u5m		2025-05-16 17:05:35	2025-05-16 17:05:35
x2n864fg3xd	xavtkghe76r	誕	誕	dáng	1844	3	22	xep8mju2u5m		2025-05-16 17:05:35	2025-05-16 17:05:35
xukc27p58gj	xrhxfk339gs	誡	誡	gái	1845	1	1	xep8mju2u5m		2025-05-16 17:05:35	2025-05-16 17:05:35
xahmvsrzd9e	xmvcxjtqjge	誥	誥	gó̤	1845	1	2	xep8mju2u5m		2025-05-16 17:05:35	2025-05-16 17:05:35
xx6hq5rwmek	x8b896sxmec	誑	誑	guông	1845	1	3	xep8mju2u5m		2025-05-16 17:05:35	2025-05-16 17:05:35
xvdk9yxscpd	x49hgcutesv	誨	誨	huói	1845	1	4	xep8mju2u5m		2025-05-16 17:05:35	2025-05-16 17:05:35
xmjg8mscm5t	xnmvvx8s95a	誘	誘	īu	1845	1	5	xep8mju2u5m		2025-05-16 17:05:35	2025-05-16 17:05:35
x26pqhgz54x	xgcjsz2qgps	認	認	nêng	1845	1	6	xep8mju2u5m		2025-05-16 17:05:35	2025-05-16 17:05:35
xqpemb8y66h			語	ngṳ̄	1845	1	7	xep8mju2u5m		2025-05-16 17:05:35	2025-05-16 17:05:35
xgyz6qyak5j			語	ngê̤ṳ	1845	1	7	xep8mju2u5m		2025-05-16 17:05:35	2025-05-16 17:05:35
xftxqz73ur8	x6czce54grb	誤	誤	nguô	1845	1	8	xep8mju2u5m		2025-05-16 17:05:35	2025-05-16 17:05:35
x7y2kw7g4rm	xqpdey98m3t	誦	誦	sê̤ṳng	1845	1	9	xep8mju2u5m		2025-05-16 17:05:35	2025-05-16 17:05:35
xmfxjpf4m9r	x8dftfhhs8g	誓	誓	siê	1845	1	10	xep8mju2u5m		2025-05-16 17:05:35	2025-05-16 17:05:35
x9brrpqab64	xcsu5366465	誠	誠	sìng	1845	1	11	xep8mju2u5m		2025-05-16 17:05:35	2025-05-16 17:05:35
x9wb4hy9yx3			說	suók	1845	1	12	xep8mju2u5m	原書有誤，已更正	2025-05-16 17:05:35	2025-05-16 17:05:35
xwzy5t4bddt			說	suói	1845	1	12	xep8mju2u5m		2025-05-16 17:05:35	2025-05-16 17:05:35
xut2sqgtyh2			說	iŏk	1845	1	12	xep8mju2u5m		2025-05-16 17:05:35	2025-05-16 17:05:35
xu3sfxtgack	xnxvpbamvdg	誣	誣	ŭ	1845	1	13	xep8mju2u5m		2025-05-16 17:05:35	2025-05-16 17:05:35
x9dx74jduzx			誹	bài	1845	1	14	xep8mju2u5m		2025-05-16 17:05:35	2025-05-16 17:05:35
xk54vuwvufx			誹	bà̤	1845	1	14	xep8mju2u5m		2025-05-16 17:05:35	2025-05-16 17:05:35
xmrebr2c8ds			誹	bāi	1845	1	14	xep8mju2u5m		2025-05-16 17:05:35	2025-05-16 17:05:35
xsjutsbhssh	x9gj7ts3hez	諍	諍	cĕng	1845	1	15	xep8mju2u5m		2025-05-16 17:05:35	2025-05-16 17:05:35
xuggpn9jr7b	x9gj7ts3hez	諍	諍	cáing	1845	1	15	xep8mju2u5m		2025-05-16 17:05:35	2025-05-16 17:05:35
xk4u56x6y9m			諏	cĕu	1845	1	16	xep8mju2u5m		2025-05-16 17:05:35	2025-05-16 17:05:35
x8b8myqp6y5	xtjwfychv3q	諓	諓	ciēng	1845	1	17	xep8mju2u5m		2025-05-16 17:05:35	2025-05-16 17:05:35
x9v85p2namx			諔	cĭk	1845	1	18	xep8mju2u5m		2025-05-16 17:05:35	2025-05-16 17:05:35
xatz7g9g3vq	xcdrwqmnqgv	誶	誶	côi	1845	1	19	xep8mju2u5m		2025-05-16 17:05:35	2025-05-16 17:05:35
x3yjenhwcr6			請	chīng	1845	1	20	xep8mju2u5m		2025-05-16 17:05:35	2025-05-16 17:05:35
xjy22es2mya			請	chiāng	1845	1	20	xep8mju2u5m		2025-05-16 17:05:35	2025-05-16 17:05:35
xg4hbqcpn8f			𧩙	dáng	1845	1	21	xep8mju2u5m		2025-05-16 17:05:35	2025-05-16 17:05:35
xv4ftfrwu3u	xpax9xey3hg	談	談	dàng	1845	1	22	xep8mju2u5m		2025-05-16 17:05:35	2025-05-16 17:05:35
x3eqvp2bskm	xut8nbymfm5	諑	諑	dáuk	1845	2	1	xep8mju2u5m		2025-05-16 17:05:35	2025-05-16 17:05:35
x4nbgzwfp9f			調	dièu	1845	2	2	xep8mju2u5m		2025-05-16 17:05:35	2025-05-16 17:05:35
xqu7jyzm5qp			調	dèu	1845	2	2	xep8mju2u5m		2025-05-16 17:05:35	2025-05-16 17:05:35
xh7rmwxb8dh			調	diêu	1845	2	2	xep8mju2u5m		2025-05-16 17:05:35	2025-05-16 17:05:35
x9xj7rffx4a	x522gy7rfvn	諄	諄	dŭng	1845	2	3	xep8mju2u5m		2025-05-16 17:05:35	2025-05-16 17:05:35
xdukxdfdc2r	xreynrmtevw	䛪	䛪	ké̤ṳng	1845	2	4	xep8mju2u5m		2025-05-16 17:05:35	2025-05-16 17:05:35
xhzrpxt7tpz	xqk8b3wm5qa	課	課	kuó	1845	2	5	xep8mju2u5m		2025-05-16 17:05:35	2025-05-16 17:05:35
xf4dcf2tkq2	x3xgz23p47u	論	論	lâung	1845	2	6	xep8mju2u5m		2025-05-16 17:05:35	2025-05-16 17:05:35
xx2en97aeyx	xd9hz2ad2hd	諒	諒	liông	1845	2	7	xep8mju2u5m		2025-05-16 17:05:35	2025-05-16 17:05:35
xw7ehbw5gh9	xbwghsjtmpt	誼	誼	ngiê	1845	2	8	xep8mju2u5m		2025-05-16 17:05:35	2025-05-16 17:05:35
x8gkmxxwqje	xkg274jkpmh	誾	誾	ngṳ̀ng	1845	2	9	xep8mju2u5m		2025-05-16 17:05:35	2025-05-16 17:05:35
x6u34yvh84m	xjzz4v8mvh4	諗	諗	sīng	1845	2	10	xep8mju2u5m		2025-05-16 17:05:35	2025-05-16 17:05:35
xjfntcyzu9e	xf2qchq5u4x	誰	誰	sùi	1845	2	11	xep8mju2u5m		2025-05-16 17:05:35	2025-05-16 17:05:35
xpb5bua36a9	x63t33az2bw	諂	諂	tiēng	1845	2	12	xep8mju2u5m		2025-05-16 17:05:35	2025-05-16 17:05:35
x2te5ae4ad8	xdb25x3sbvp	諉	諉	ūi	1845	2	13	xep8mju2u5m		2025-05-16 17:05:35	2025-05-16 17:05:35
x6guk9a7sfu			諳	ăng	1845	2	14	xep8mju2u5m		2025-05-16 17:05:35	2025-05-16 17:05:35
xd94n4pr8m3	xqb7yg9ak8x	諸	諸	cṳ̆	1845	2	15	xep8mju2u5m		2025-05-16 17:05:35	2025-05-16 17:05:35
x27yasv5q5m	xppc7wq3eww	諮	諮	cṳ̆	1845	2	16	xep8mju2u5m		2025-05-16 17:05:35	2025-05-16 17:05:35
x368paabm6j	xtvxh2degds	諦	諦	dá̤	1845	2	17	xep8mju2u5m		2025-05-16 17:05:35	2025-05-16 17:05:35
xfk99gqc9s7	xvy2mxj3kpn	諜	諜	diĕk	1845	2	18	xep8mju2u5m		2025-05-16 17:05:35	2025-05-16 17:05:35
x6wdsuwh7d5	xjuar7z7wz5	諭	諭	ê̤ṳ	1845	2	19	xep8mju2u5m		2025-05-16 17:05:35	2025-05-16 17:05:35
xdzsd7ystrb	xjdg2q4t7nx	諫	諫	gáng	1845	2	20	xep8mju2u5m		2025-05-16 17:05:35	2025-05-16 17:05:35
x3vkg499gjx	xe8xzpapvcx	諧	諧	hài	1845	2	21	xep8mju2u5m		2025-05-16 17:05:35	2025-05-16 17:05:35
xfjgve4aazm	x7pu9e4yjdk	諴	諴	hàng	1845	2	22	xep8mju2u5m		2025-05-16 17:05:35	2025-05-16 17:05:35
xactwddamnm	x2kgpq2vrvk	謁	謁	hiók	1845	3	1	xep8mju2u5m		2025-05-16 17:05:35	2025-05-16 17:05:35
xf564vutxez	xyj89partu2	諠	諠	hiŏng	1845	3	2	xep8mju2u5m		2025-05-16 17:05:35	2025-05-16 17:05:35
xapmg6tmbud	x3twx8b6vqb	諼	諼	hiŏng	1845	3	3	xep8mju2u5m		2025-05-16 17:05:35	2025-05-16 17:05:35
x2exajq8ky9	xtsnnrezp4h	諱	諱	hói	1845	3	4	xep8mju2u5m		2025-05-16 17:05:35	2025-05-16 17:05:35
xwmy874wsfz	xj9pz5yr6p2	諢	諢	hóng	1845	3	5	xep8mju2u5m		2025-05-16 17:05:35	2025-05-16 17:05:35
x7a9z36mrx5	xcxc6msf5gc	諷	諷	hóng	1845	3	6	xep8mju2u5m		2025-05-16 17:05:35	2025-05-16 17:05:35
xuz44pptdew	xs4whtv6ftj	䛼	䛼	hūi	1845	3	7	xep8mju2u5m		2025-05-16 17:05:35	2025-05-16 17:05:35
xmdrzxxzbak	xjqkdbnwnae	諡	諡	ié	1845	3	8	xep8mju2u5m		2025-05-16 17:05:35	2025-05-16 17:05:35
xyp2cjk98r7	xcaqvygzw5r	謀	謀	mèu	1845	3	9	xep8mju2u5m		2025-05-16 17:05:35	2025-05-16 17:05:35
xd3vzbg6n6d	xjacx4nnqwm	諵	諵	nàng	1845	3	10	xep8mju2u5m		2025-05-16 17:05:35	2025-05-16 17:05:35
xsaasbnt5xa	xf68a6h7vvb	諾	諾	nŏk	1845	3	11	xep8mju2u5m		2025-05-16 17:05:35	2025-05-16 17:05:35
x8d6ta49bwu			諤	ngáuk	1845	3	12	xep8mju2u5m		2025-05-16 17:05:35	2025-05-16 17:05:35
xaqemkhvwxd	xghy4kkzgb8	諺	諺	ngiêng	1845	3	13	xep8mju2u5m		2025-05-16 17:05:35	2025-05-16 17:05:35
x9p54cc7fr4	xavhbtny5mn	謂	謂	ôi	1845	3	14	xep8mju2u5m		2025-05-16 17:05:35	2025-05-16 17:05:35
xd33rt8k8s7	xn7pv6qubet	諞	諞	piĕng	1845	3	15	xep8mju2u5m		2025-05-16 17:05:35	2025-05-16 17:05:35
xsk86pwdea7	xrqea98ra66	諟	諟	sê	1845	3	16	xep8mju2u5m		2025-05-16 17:05:35	2025-05-16 17:05:35
xtk2xt97p2n	xarun8jbsj7	諝	諝	sṳ̄	1845	3	17	xep8mju2u5m		2025-05-16 17:05:35	2025-05-16 17:05:35
xwshpmnxsu4	x2h6669b4m6	諶	諶	tĭng	1845	3	18	xep8mju2u5m		2025-05-16 17:05:35	2025-05-16 17:05:35
xtmnue3yy29	xt4rcg7j6f8	諛	諛	ṳ̀	1845	3	19	xep8mju2u5m		2025-05-16 17:05:35	2025-05-16 17:05:35
xrafb4apqj6	xvnk5yxednh	謗	謗	báung	1845	3	20	xep8mju2u5m		2025-05-16 17:05:35	2025-05-16 17:05:35
x5pyvrf3ubg	x3hyf9k78rb	謅	謅	cĕu	1845	3	21	xep8mju2u5m		2025-05-16 17:05:35	2025-05-16 17:05:35
xdzbszqh35z			𧬸	dèng	1845	3	22	xep8mju2u5m	原書有誤，已更正	2025-05-16 17:05:35	2025-05-16 17:05:35
x9un79p2wnm			𧫆	dōng	1846	1	1	xep8mju2u5m		2025-05-16 17:05:35	2025-05-16 17:05:35
xbq4xa2kf8a	x5na6gmaxzk	謇	謇	giōng	1846	1	2	xep8mju2u5m		2025-05-16 17:05:35	2025-05-16 17:05:35
x9jfmcx2css			謌	gŏ̤	1846	1	3	xep8mju2u5m		2025-05-16 17:05:35	2025-05-16 17:05:35
xj5d3ztcy9k	xhb4h7phcna	講	講	gōng	1846	1	4	xep8mju2u5m		2025-05-16 17:05:35	2025-05-16 17:05:35
xfmbmq2xemv			謑	hiè	1846	1	5	xep8mju2u5m		2025-05-16 17:05:35	2025-05-16 17:05:35
xamkdfm6yz4	x2qzw7rukjt	謊	謊	huŏng	1846	1	6	xep8mju2u5m		2025-05-16 17:05:35	2025-05-16 17:05:35
x2bn5tvayez			謚	ié	1846	1	7	xep8mju2u5m		2025-05-16 17:05:35	2025-05-16 17:05:35
x62ndwewwk2	xq65dhsag52	謠	謠	ièu	1846	1	8	xep8mju2u5m		2025-05-16 17:05:35	2025-05-16 17:05:35
xrk4a85p5bn	xhhsu7ywbgw	謙	謙	kiĕng	1846	1	9	xep8mju2u5m		2025-05-16 17:05:35	2025-05-16 17:05:35
xbac3zwf27s	xhkapmexf2e	謎	謎	mê	1846	1	10	xep8mju2u5m		2025-05-16 17:05:35	2025-05-16 17:05:35
xj92as5bncp	xj4wp5cqugx	謐	謐	mĭk	1846	1	11	xep8mju2u5m		2025-05-16 17:05:35	2025-05-16 17:05:35
xh7eju9cdzg			謔	ngiŏk	1846	1	12	xep8mju2u5m		2025-05-16 17:05:35	2025-05-16 17:05:35
xhefx3atszq			謔	kiŏk	1846	1	12	xep8mju2u5m		2025-05-16 17:05:35	2025-05-16 17:05:35
xmr43ast7bk	xyh4gaqrs3n	謖	謖	sáuk	1846	1	13	xep8mju2u5m		2025-05-16 17:05:35	2025-05-16 17:05:35
x3ckcj6tuvg	x9wh4s7nhsp	謝	謝	siâ	1846	1	14	xep8mju2u5m		2025-05-16 17:05:35	2025-05-16 17:05:35
xfm9q9z2jam	x47g66dzmdd	謆	謆	siéng	1846	1	15	xep8mju2u5m		2025-05-16 17:05:35	2025-05-16 17:05:35
xudwgbyc7tx			謟	tŏ̤	1846	1	16	xep8mju2u5m		2025-05-16 17:05:35	2025-05-16 17:05:35
xvtw964zk6m			謫	cáik	1846	1	17	xep8mju2u5m		2025-05-16 17:05:35	2025-05-16 17:05:35
xsbdfyvjknh			謭	cēng	1846	1	18	xep8mju2u5m		2025-05-16 17:05:35	2025-05-16 17:05:35
xjgcwhmgk3s			䜊	cò̤	1846	1	19	xep8mju2u5m		2025-05-16 17:05:35	2025-05-16 17:05:35
xz326j5yq4d	xb3gq5avwwt	謲	謲	cháing	1846	1	20	xep8mju2u5m		2025-05-16 17:05:35	2025-05-16 17:05:35
x38869bx67x	xgcq7tqy4bu	謳	謳	ĕu	1846	1	21	xep8mju2u5m		2025-05-16 17:05:35	2025-05-16 17:05:35
xca27xeh95b	xmd569vam8j	謹	謹	gīng	1846	1	22	xep8mju2u5m		2025-05-16 17:05:35	2025-05-16 17:05:35
xnaeqbpzxfn			謻	iè	1846	1	23	xep8mju2u5m		2025-05-16 17:05:35	2025-05-16 17:05:35
xmacjf5ueuz	xhauvxaruyn	謦	謦	kīng	1846	2	1	xep8mju2u5m		2025-05-16 17:05:35	2025-05-16 17:05:35
xnynyu3fsyd	xn32x84br3k	謾	謾	mâng	1846	2	2	xep8mju2u5m		2025-05-16 17:05:35	2025-05-16 17:05:35
xut4xjvtuuq	xpazwarfnj5	謬	謬	miêu	1846	2	3	xep8mju2u5m		2025-05-16 17:05:35	2025-05-16 17:05:35
xscbdnjmc6g	xgtmz7mn9u8	謨	謨	muò	1846	2	4	xep8mju2u5m		2025-05-16 17:05:35	2025-05-16 17:05:35
xx2tehzgwem	xn5jkvrkgg9	謷	謷	ngò̤	1846	2	5	xep8mju2u5m		2025-05-16 17:05:35	2025-05-16 17:05:35
x3aqdpghn5a			謪	siŏng	1846	2	6	xep8mju2u5m		2025-05-16 17:05:35	2025-05-16 17:05:35
xmjc8uqz9gg	x4usjfw6g79	譖	譖	cáing	1846	2	7	xep8mju2u5m		2025-05-16 17:05:35	2025-05-16 17:05:35
xywhjh9qjtb	x78mxvbzccy	證	證	céng	1846	2	8	xep8mju2u5m		2025-05-16 17:05:35	2025-05-16 17:05:35
xwb6vbpct7e	xkrhbefn9dy	譙	譙	ciĕu	1846	2	9	xep8mju2u5m		2025-05-16 17:05:35	2025-05-16 17:05:35
xyd3sjycv3b	xkrhbefn9dy	譙	譙	ciéu	1846	2	9	xep8mju2u5m		2025-05-16 17:05:35	2025-05-16 17:05:35
xw2nnf26f3s			譔	cuâng	1846	2	10	xep8mju2u5m		2025-05-16 17:05:35	2025-05-16 17:05:35
xv3upbadca9			譍	éng	1846	2	11	xep8mju2u5m		2025-05-16 17:05:35	2025-05-16 17:05:35
xxsy2r2nr3q			譏	gĭ	1846	2	12	xep8mju2u5m		2025-05-16 17:05:35	2025-05-16 17:05:35
xw3f3v6wrkh	xgjtux2aj47	譎	譎	giók	1846	2	13	xep8mju2u5m		2025-05-16 17:05:35	2025-05-16 17:05:35
xyvypt69pb7			譆	hĭ	1846	2	14	xep8mju2u5m		2025-05-16 17:05:35	2025-05-16 17:05:35
x9vduetrh4k	xj53eqr7tjq	譓	譓	hiê	1846	2	15	xep8mju2u5m		2025-05-16 17:05:35	2025-05-16 17:05:35
xmwn3zb7en4	xe3wv64hqq3	譁	譁	huà	1846	2	16	xep8mju2u5m		2025-05-16 17:05:35	2025-05-16 17:05:35
xydhbg37rp7	x57dhe255k3	䜋	䜋	huôi	1846	2	17	xep8mju2u5m		2025-05-16 17:05:35	2025-05-16 17:05:35
xynsa3grxej			譊	nàu	1846	2	18	xep8mju2u5m		2025-05-16 17:05:35	2025-05-16 17:05:35
x8ves2zdtzc			譌	nguò	1846	2	19	xep8mju2u5m		2025-05-16 17:05:35	2025-05-16 17:05:35
x6znp5235ry			譅	sáik	1846	2	20	xep8mju2u5m		2025-05-16 17:05:35	2025-05-16 17:05:35
x3db9tn33d4	xqnrxs8wtaz	識	識	sék	1846	2	21	xep8mju2u5m		2025-05-16 17:05:35	2025-05-16 17:05:35
xyejhzzwy2q	xqnrxs8wtaz	識	識	cé	1846	2	21	xep8mju2u5m		2025-05-16 17:05:35	2025-05-16 17:05:35
xf2krdb8uky	xnp54ctudmt	譚	譚	tàng	1846	2	22	xep8mju2u5m		2025-05-16 17:05:35	2025-05-16 17:05:35
x4rbvw4ux3b			譫	ciĕng	1846	2	23	xep8mju2u5m		2025-05-16 17:05:35	2025-05-16 17:05:35
xzqrabsstur	xbbspn2tcea	警	警	gīng	1846	3	1	xep8mju2u5m		2025-05-16 17:05:35	2025-05-16 17:05:35
xx6mdbt27aj			⿰言献	hióng	1846	3	2	xep8mju2u5m		2025-05-16 17:05:35	2025-05-16 17:05:35
xknm62nh8zg			譭	hūi	1846	3	3	xep8mju2u5m		2025-05-16 17:05:35	2025-05-16 17:05:35
x2hhvmjf3eh	xe7ngdp2cs9	譯	譯	ĭk	1846	3	4	xep8mju2u5m		2025-05-16 17:05:35	2025-05-16 17:05:35
x35a6kz9get	xgccv52mjre	議	議	ngiê	1846	3	5	xep8mju2u5m		2025-05-16 17:05:35	2025-05-16 17:05:35
xwsh53uvnk6	x5ghk6a2ekq	譬	譬	pī	1846	3	6	xep8mju2u5m		2025-05-16 17:05:35	2025-05-16 17:05:35
xmyjt5ht7s9	xzhgxyu6hg5	譜	譜	puō	1846	3	7	xep8mju2u5m		2025-05-16 17:05:35	2025-05-16 17:05:35
x5t8vxskcxm			譟	só̤	1846	3	8	xep8mju2u5m		2025-05-16 17:05:35	2025-05-16 17:05:35
x82vbrzs64m	x3vfqzc3vmy	譽	譽	ê̤ṳ	1846	3	9	xep8mju2u5m		2025-05-16 17:05:35	2025-05-16 17:05:35
xm5jakw2z35	x3vfqzc3vmy	譽	譽	ṳ̀	1846	3	9	xep8mju2u5m		2025-05-16 17:05:35	2025-05-16 17:05:35
x7bgj8na553	x7auj8aa3y8	護	護	hô	1846	3	10	xep8mju2u5m		2025-05-16 17:05:35	2025-05-16 17:05:35
x8nnn7zm8m3	xxcbtjrn2jy	譴	譴	kiēng	1846	3	11	xep8mju2u5m		2025-05-16 17:05:35	2025-05-16 17:05:35
xjfh3wuzvcm			譺	ngī	1846	3	12	xep8mju2u5m		2025-05-16 17:05:35	2025-05-16 17:05:35
xfvdrkxkky8			譺	ngái	1846	3	12	xep8mju2u5m		2025-05-16 17:05:35	2025-05-16 17:05:35
xfrremr8xvs	xrms2hp5hab	譸	譸	tìu	1846	3	13	xep8mju2u5m		2025-05-16 17:05:35	2025-05-16 17:05:35
xpc3r7jpaxf			讁	cáik	1846	3	14	xep8mju2u5m		2025-05-16 17:05:35	2025-05-16 17:05:35
xf6p8cmn6zb	xh8q5anhxmw	譾	譾	cēng	1846	3	15	xep8mju2u5m		2025-05-16 17:05:35	2025-05-16 17:05:35
xmjmcwjamw8			𧭜	lê̤ṳ	1846	3	16	xep8mju2u5m		2025-05-16 17:05:35	2025-05-16 17:05:35
x5ah9bvwj5y	xxc6c3hp3ep	變	變	biéng	1846	3	18	xep8mju2u5m		2025-05-16 17:05:35	2025-05-16 17:05:35
xhddq29t5za			讍	ngáuk	1846	3	19	xep8mju2u5m		2025-05-16 17:05:35	2025-05-16 17:05:35
xqh5gkmspkk			讐	sìu	1846	3	20	xep8mju2u5m		2025-05-16 17:05:35	2025-05-16 17:05:35
x5nxry9vcng			讎	sìu	1846	3	20	xep8mju2u5m		2025-05-16 17:05:35	2025-05-16 17:05:35
x3e5cjyz8j7	x6tpae33a4k	讒	讒	càng	1846	3	21	xep8mju2u5m		2025-05-16 17:05:35	2025-05-16 17:05:35
xdvxtycgpv3			讖	cháng	1846	3	22	xep8mju2u5m		2025-05-16 17:05:35	2025-05-16 17:05:35
xwhcuz4k9ah			讖	cháing	1846	3	22	xep8mju2u5m		2025-05-16 17:05:35	2025-05-16 17:05:35
xvwaxh6wdzg			讌	iéng	1846	3	23	xep8mju2u5m		2025-05-16 17:05:35	2025-05-16 17:05:35
x3vnpe5phac			讓	iông	1847	1	1	xep8mju2u5m		2025-05-16 17:05:35	2025-05-16 17:05:35
x7y4d5wk36z			讓	niông	1847	1	1	xep8mju2u5m		2025-05-16 17:05:35	2025-05-16 17:05:35
xu99appa2tn	xw677cu5thf	讕	讕	làng	1847	1	2	xep8mju2u5m		2025-05-16 17:05:35	2025-05-16 17:05:35
xragtp98h6f	xhxd4rgpwuu	讙	讙	huăng	1847	1	3	xep8mju2u5m		2025-05-16 17:05:35	2025-05-16 17:05:35
xj2pm5qv98f			讘	niék	1847	1	4	xep8mju2u5m		2025-05-16 17:05:35	2025-05-16 17:05:35
xjkpah66594	xhdns3c8s82	讚	讚	cáng	1847	1	5	xep8mju2u5m		2025-05-16 17:05:35	2025-05-16 17:05:35
xjwg8jm37gj	xe4zanxynha	讜	讜	dōng	1847	1	6	xep8mju2u5m		2025-05-16 17:05:35	2025-05-16 17:05:35
xzwt46gjdwm	xqrhx28ba4e	讞	讞	hióng	1847	1	7	xep8mju2u5m		2025-05-16 17:05:35	2025-05-16 17:05:35
x9x8pvtdf2a	xzjmyd3qm45	讟	讟	dŭk	1847	1	8	xep8mju2u5m		2025-05-16 17:05:35	2025-05-16 17:05:35
x8ge4v2tv5k	x3ph6uzund9	谷	谷	gók	1847	1	9	xxpxyg8qafz		2025-05-16 17:05:35	2025-05-16 17:05:35
xvb8nxce4nv	x3ph6uzund9	谷	谷	kiák	1847	1	9	xxpxyg8qafz		2025-05-16 17:05:35	2025-05-16 17:05:35
xahx5tvybnc	xkas5t82s4z	豁	豁	guák	1847	1	10	xxpxyg8qafz		2025-05-16 17:05:35	2025-05-16 17:05:35
xxp549agadr	xkd7vtd2suu	谿	谿	kă̤	1847	1	11	xxpxyg8qafz		2025-05-16 17:05:35	2025-05-16 17:05:35
xbmv6s79qy4	xfyfxuxcatn	豇	豇	gŏng	1847	1	13	xmx976mrbbe		2025-05-16 17:05:35	2025-05-16 17:05:35
x8qttdr6c8z	xj8k5vrf9ve	豈	豈	kī	1847	1	14	xmx976mrbbe		2025-05-16 17:05:35	2025-05-16 17:05:35
x3xn3x8kqp8	xj8k5vrf9ve	豈	豈	kāi	1847	1	14	xmx976mrbbe		2025-05-16 17:05:35	2025-05-16 17:05:35
x9k9amvgcch	xj8k5vrf9ve	豈	豈	kiēu	1847	1	14	xmx976mrbbe		2025-05-16 17:05:35	2025-05-16 17:05:35
x4y5j8zpqtt	xn8482sdyge	豉	豉	siê	1847	1	15	xmx976mrbbe		2025-05-16 17:05:35	2025-05-16 17:05:35
xvc73gg5t6j			豊	hŭng	1847	1	16	xmx976mrbbe		2025-05-16 17:05:35	2025-05-16 17:05:35
x2mdu3vh6sn			䜿	sê̤ṳ	1847	1	17	xmx976mrbbe		2025-05-16 17:05:35	2025-05-16 17:05:35
xpabz8r94tz			䜿	kié	1847	1	17	xmx976mrbbe		2025-05-16 17:05:35	2025-05-16 17:05:35
xpbb3946jd2	xwm6bkjsnzu	豌	豌	uāng	1847	1	18	xmx976mrbbe		2025-05-16 17:05:35	2025-05-16 17:05:35
xawk7rzxgvv	xbkzjsqprn2	豐	豐	hŭng	1847	1	19	xmx976mrbbe		2025-05-16 17:05:35	2025-05-16 17:05:35
xt5nq6gzuby			豓	iêng	1847	1	20	xmx976mrbbe		2025-05-16 17:05:35	2025-05-16 17:05:35
xy5xzkxbewc			豔	iêng	1847	1	21	xmx976mrbbe		2025-05-16 17:05:35	2025-05-16 17:05:35
xsx8rsztvpc	xd9qm5a7t3d	豕	豕	chī	1847	2	1	xkmbdgh95kb		2025-05-16 17:05:35	2025-05-16 17:05:35
xh3hpx7k99t	xwsamarwvkf	豗	豗	hŭi	1847	2	2	xkmbdgh95kb		2025-05-16 17:05:35	2025-05-16 17:05:35
xqtrt8gaga9			豘	dòng	1847	2	3	xkmbdgh95kb		2025-05-16 17:05:35	2025-05-16 17:05:35
xsmtqfzv2dh			豘	tòng	1847	2	3	xkmbdgh95kb		2025-05-16 17:05:35	2025-05-16 17:05:35
xdt8tqqv53m	xkeqhndjrht	讀	讀	tĕ̤k	1846	3	17	xep8mju2u5m		2025-09-20 18:35:02	2025-05-16 17:05:35
xd32yvskgzh	xg8tj9ytfqy	讀	讀	tŭk	1846	3	17	xep8mju2u5m		2025-09-20 18:39:01	2025-05-16 17:05:35
xuwc9pa6xke	xhwqayda9zp	豆	豆	dâu	1847	1	12	xmx976mrbbe		2025-10-24 22:08:34	2025-05-16 17:05:35
xaj6p5xbpn2	xfeegaw69mh	豆	豆	dâiu	1847	1	12	xmx976mrbbe		2025-10-24 22:08:46	2025-05-16 17:05:35
x24uuekc23n			豚	dòng	1847	2	4	xkmbdgh95kb	原書有誤，已更正	2025-05-16 17:05:35	2025-05-16 17:05:35
xadhdaxf6wc			𧰼	chiông	1847	2	5	xkmbdgh95kb		2025-05-16 17:05:35	2025-05-16 17:05:35
x99ej8a7ngp			豣	giĕng	1847	2	6	xkmbdgh95kb		2025-05-16 17:05:35	2025-05-16 17:05:35
x8zwtac7fk5			豢	huâng	1847	2	7	xkmbdgh95kb		2025-05-16 17:05:36	2025-05-16 17:05:36
xqmu3zvbsxn	xzqsygdkgqv	豨	豨	hĭ	1847	2	8	xkmbdgh95kb		2025-05-16 17:05:36	2025-05-16 17:05:36
xt93swvr3ns	xtxxhjqzhc3	豪	豪	hò̤	1847	2	9	xkmbdgh95kb		2025-05-16 17:05:36	2025-05-16 17:05:36
xtfse4ydahs	xgbk7c8vz2x	豫	豫	ê̤ṳ	1847	2	10	xkmbdgh95kb		2025-05-16 17:05:36	2025-05-16 17:05:36
xcqs6et66nb			豭	gă	1847	2	11	xkmbdgh95kb		2025-05-16 17:05:36	2025-05-16 17:05:36
xj4xk7hw83u	x3bmk3hbdjn	豳	豳	bĭng	1847	2	12	xkmbdgh95kb		2025-05-16 17:05:36	2025-05-16 17:05:36
xhnvfwrp6tz	xbgz26pwrus	豵	豵	cŭng	1847	2	13	xkmbdgh95kb		2025-05-16 17:05:36	2025-05-16 17:05:36
xe2kv2neres			䝏	lèu	1847	2	14	xkmbdgh95kb		2025-05-16 17:05:36	2025-05-16 17:05:36
xu5xnjzuwpk	xvcw34u36v2	𧲇	𧲇	uáh	1847	2	15	xkmbdgh95kb		2025-05-16 17:05:36	2025-05-16 17:05:36
xgf5zjqmgy9	xm28ptk7g3t	豸	豸	câi	1847	2	16	xrw4adan258		2025-05-16 17:05:36	2025-05-16 17:05:36
xm8d56jqc26	xen7mun66ye	豹	豹	báu	1847	2	17	xrw4adan258		2025-05-16 17:05:36	2025-05-16 17:05:36
xdcr7kc5wtt			豺	cài	1847	2	18	xrw4adan258		2025-05-16 17:05:36	2025-05-16 17:05:36
xnqdg9f8ck6			豺	chài	1847	2	18	xrw4adan258		2025-05-16 17:05:36	2025-05-16 17:05:36
xuzd7u5ncve	xwgqh76t7wx	豻	豻	hāng	1847	2	19	xrw4adan258		2025-05-16 17:05:36	2025-05-16 17:05:36
xn2spz6wnq9	xwgqh76t7wx	豻	豻	ngâng	1847	2	19	xrw4adan258		2025-05-16 17:05:36	2025-05-16 17:05:36
x296qwtabk7	xqy9y6uq4vy	貂	貂	diĕu	1847	3	1	xrw4adan258		2025-05-16 17:05:36	2025-05-16 17:05:36
xv3znshyy9t			豾	pĭ	1847	3	2	xrw4adan258		2025-05-16 17:05:36	2025-05-16 17:05:36
xwmufpnq5k8	xzydd8feyq2	貅	貅	hĭu	1847	3	3	xrw4adan258		2025-05-16 17:05:36	2025-05-16 17:05:36
xfh7qjdmg59	xf6xv7ujj4u	貉	貉	hŏk	1847	3	4	xrw4adan258		2025-05-16 17:05:36	2025-05-16 17:05:36
xmhswfg33kd	xf6xv7ujj4u	貉	貉	mĕk	1847	3	4	xrw4adan258		2025-05-16 17:05:36	2025-05-16 17:05:36
x9uzjhkvkrz	xpbmekxbj5r	貊	貊	mĕk	1847	3	5	xrw4adan258		2025-05-16 17:05:36	2025-05-16 17:05:36
xh6254sn6eq			貍	lì	1847	3	6	xrw4adan258		2025-05-16 17:05:36	2025-05-16 17:05:36
xjpwgvzb3jh	xmbzg2mzj2v	貌	貌	mâu	1847	3	7	xrw4adan258		2025-05-16 17:05:36	2025-05-16 17:05:36
xtrftyamu5b			貓	mà	1847	3	8	xrw4adan258		2025-05-16 17:05:36	2025-05-16 17:05:36
xzr7w4745jr			貓	mièu	1847	3	8	xrw4adan258		2025-05-16 17:05:36	2025-05-16 17:05:36
x6fbhvjd2sp			貔	bì	1847	3	9	xrw4adan258		2025-05-16 17:05:36	2025-05-16 17:05:36
x6mpcpymtkn	xvkyxsqreh5	貘	貘	mĕk	1847	3	10	xrw4adan258		2025-05-16 17:05:36	2025-05-16 17:05:36
x5cv92fetz6			貛	huăng	1847	3	11	xrw4adan258		2025-05-16 17:05:36	2025-05-16 17:05:36
x7z76g89upx			貝	buói	1847	3	12	x9ppd3cnd5u		2025-05-16 17:05:36	2025-05-16 17:05:36
xyadas3925k	x6s73a2tyvb	貞	貞	dĭng	1847	3	13	x9ppd3cnd5u		2025-05-16 17:05:36	2025-05-16 17:05:36
xvgukn25tkq	xvvf8qvms5c	負	負	hô	1847	3	14	x9ppd3cnd5u		2025-05-16 17:05:36	2025-05-16 17:05:36
xq6f5fax95n	xjqmwmurgtm	財	財	cài	1847	3	15	x9ppd3cnd5u		2025-05-16 17:05:36	2025-05-16 17:05:36
xx6rvn2s7uz	xrp7uncq2wc	貢	貢	góng	1847	3	16	x9ppd3cnd5u		2025-05-16 17:05:36	2025-05-16 17:05:36
xydgrhby2t8	x29saq97e9s	貤	貤	iè	1847	3	17	x9ppd3cnd5u		2025-05-16 17:05:36	2025-05-16 17:05:36
x77r3fjysv5	x4ch8xahbqn	貧	貧	bìng	1847	3	18	x9ppd3cnd5u		2025-05-16 17:05:36	2025-05-16 17:05:36
xarmnsceund	xb7u4tmj368	責	責	cáik	1847	3	19	x9ppd3cnd5u		2025-05-16 17:05:36	2025-05-16 17:05:36
xa2yxr6cbr7	xsd5bwb4w22	貫	貫	guáng	1847	3	20	x9ppd3cnd5u		2025-05-16 17:05:36	2025-05-16 17:05:36
x9kfcnfnpzj	x5x2e7fu6hk	販	販	huáng	1847	3	21	x9ppd3cnd5u		2025-05-16 17:05:36	2025-05-16 17:05:36
xyzumre92jw	x2nt6examnf	貪	貪	tăng	1848	1	2	x9ppd3cnd5u		2025-05-16 17:05:36	2025-05-16 17:05:36
xn56f2jye2w			賁	bé	1848	1	3	x9ppd3cnd5u		2025-05-16 17:05:36	2025-05-16 17:05:36
xpp83m3w7ak			賁	buŏng	1848	1	3	x9ppd3cnd5u		2025-05-16 17:05:36	2025-05-16 17:05:36
x5pjt4e3rhs			賁	hùng	1848	1	3	x9ppd3cnd5u		2025-05-16 17:05:36	2025-05-16 17:05:36
xanmjd2vesg			貱	bê	1848	1	4	x9ppd3cnd5u		2025-05-16 17:05:36	2025-05-16 17:05:36
x46ukpnqzdt	xe5q7kaxm2f	貶	貶	biēng	1848	1	5	x9ppd3cnd5u		2025-05-16 17:05:36	2025-05-16 17:05:36
xuhbhd7pmud	xxypvn3aj23	賊	賊	cĕk	1848	1	6	x9ppd3cnd5u		2025-05-16 17:05:36	2025-05-16 17:05:36
xwxvbw4ppq7	xxypvn3aj23	賊	賊	chĕk	1848	1	6	x9ppd3cnd5u		2025-05-16 17:05:36	2025-05-16 17:05:36
xawj5m3fyyv	xujygut968k	貲	貲	cṳ̆	1848	1	7	x9ppd3cnd5u		2025-05-16 17:05:36	2025-05-16 17:05:36
xggb3dj59xt	x6abu8dk3bc	貸	貸	dâi	1848	1	8	x9ppd3cnd5u		2025-05-16 17:05:36	2025-05-16 17:05:36
xawsbhymdsh			賈	gá	1848	1	9	x9ppd3cnd5u		2025-05-16 17:05:36	2025-05-16 17:05:36
xnemjk596sk			賈	gā	1848	1	9	x9ppd3cnd5u		2025-05-16 17:05:36	2025-05-16 17:05:36
xv98p73ufvu			賈	gū	1848	1	9	x9ppd3cnd5u		2025-05-16 17:05:36	2025-05-16 17:05:36
xrdrruzcwju	xggrp79u5wf	貴	貴	gói	1848	1	10	x9ppd3cnd5u		2025-05-16 17:05:36	2025-05-16 17:05:36
xu4s6ub55sp			費	hié	1848	1	11	x9ppd3cnd5u		2025-05-16 17:05:36	2025-05-16 17:05:36
xjempt3am4h			費	bé	1848	1	11	x9ppd3cnd5u		2025-05-16 17:05:36	2025-05-16 17:05:36
xm4kd6pqteb	xqwghp9acnj	賀	賀	hô̤	1848	1	12	x9ppd3cnd5u		2025-05-16 17:05:36	2025-05-16 17:05:36
xzudm8y6a49			貺	huōng	1848	1	13	x9ppd3cnd5u		2025-05-16 17:05:36	2025-05-16 17:05:36
xc2g2th2gzm	xqhy82z8vnv	貽	貽	ì	1848	1	14	x9ppd3cnd5u		2025-05-16 17:05:36	2025-05-16 17:05:36
xd68s2w8r9j			買	mā̤	1848	1	15	x9ppd3cnd5u		2025-05-16 17:05:36	2025-05-16 17:05:36
xf8qnb7zmyd			買	māi	1848	1	15	x9ppd3cnd5u		2025-05-16 17:05:36	2025-05-16 17:05:36
xjtfuyazn8f	xqtxuhks453	貿	貿	mâiu	1848	1	16	x9ppd3cnd5u		2025-05-16 17:05:36	2025-05-16 17:05:36
x3c9gkbq2ju	xracfymdrby	貳	貳	nê	1848	1	17	x9ppd3cnd5u		2025-05-16 17:05:36	2025-05-16 17:05:36
x4mymgudtrr	xwdrne6qsec	貰	貰	siê	1848	1	18	x9ppd3cnd5u		2025-05-16 17:05:36	2025-05-16 17:05:36
xpes5sy4m6q	xqmtduu8ks6	貼	貼	táik	1848	1	19	x9ppd3cnd5u		2025-05-16 17:05:36	2025-05-16 17:05:36
x5tfc759st7			貯	tṳ̄	1848	1	20	x9ppd3cnd5u		2025-05-16 17:05:36	2025-05-16 17:05:36
xr828qbsenp			貯	diō	1848	1	20	x9ppd3cnd5u		2025-05-16 17:05:36	2025-05-16 17:05:36
xyvsaf9kd94			𧵤	cài	1848	1	21	x9ppd3cnd5u		2025-05-16 17:05:36	2025-05-16 17:05:36
xsv2njrpqa2			賍	cŏng	1848	1	22	x9ppd3cnd5u		2025-05-16 17:05:36	2025-05-16 17:05:36
x897b299vkp	xwpv4n5hs8h	資	資	cṳ̆	1848	1	23	x9ppd3cnd5u		2025-05-16 17:05:36	2025-05-16 17:05:36
xfaayt7cva4	x4yuhcbxh6b	賃	賃	êng	1848	2	1	x9ppd3cnd5u		2025-05-16 17:05:36	2025-05-16 17:05:36
xfjc284wuz7	xkh8unqg5bj	賅	賅	găi	1848	2	2	x9ppd3cnd5u		2025-05-16 17:05:36	2025-05-16 17:05:36
x2ca4dvbfde	x4drvr4bw6t	賂	賂	lô	1848	2	3	x9ppd3cnd5u		2025-05-16 17:05:36	2025-05-16 17:05:36
xvtx676qfga	xmdjr6fmu35	賄	賄	uōi	1848	2	4	x9ppd3cnd5u		2025-05-16 17:05:36	2025-05-16 17:05:36
xyrjs7wdpm7	xrn7p2kw7ry	賓	賓	bĭng	1848	2	5	x9ppd3cnd5u		2025-05-16 17:05:36	2025-05-16 17:05:36
x2948qk8egu			賔	bĭng	1848	2	5	x9ppd3cnd5u		2025-05-16 17:05:36	2025-05-16 17:05:36
x7wa2r95j9y	xvrd2mhhync	賑	賑	cīng	1848	2	6	x9ppd3cnd5u		2025-05-16 17:05:36	2025-05-16 17:05:36
x654g9cv5vv	xjhmvhmsx6y	賕	賕	gìu	1848	2	7	x9ppd3cnd5u		2025-05-16 17:05:36	2025-05-16 17:05:36
xjz86sxhbee			賖	siă	1848	2	8	x9ppd3cnd5u		2025-05-16 17:05:36	2025-05-16 17:05:36
x3aamuvktyt	xevj3xszhrq	賒	賒	siă	1848	2	8	x9ppd3cnd5u		2025-05-16 17:05:36	2025-05-16 17:05:36
xj8mtket3gx	x4pzcjf7u79	賠	賠	buòi	1848	2	9	x9ppd3cnd5u		2025-05-16 17:05:36	2025-05-16 17:05:36
xehzzd6v5nn			質	cé	1848	2	10	x9ppd3cnd5u		2025-05-16 17:05:36	2025-05-16 17:05:36
x64bzr72thr			質	cék	1848	2	10	x9ppd3cnd5u		2025-05-16 17:05:36	2025-05-16 17:05:36
xwr9tsre45c			賤	ciêng	1848	2	11	x9ppd3cnd5u		2025-05-16 17:05:36	2025-05-16 17:05:36
xmqqdwcj5z9			賤	siâng	1848	2	11	x9ppd3cnd5u		2025-05-16 17:05:36	2025-05-16 17:05:36
xhjkjmy3v55	xp6dnuy4fda	賙	賙	cĭu	1848	2	12	x9ppd3cnd5u		2025-05-16 17:05:36	2025-05-16 17:05:36
x7a66vjxvw8	xh48kqhr39v	賬	賬	dióng	1848	2	13	x9ppd3cnd5u		2025-05-16 17:05:36	2025-05-16 17:05:36
xbvq64d2frg	xafhpp43693	賡	賡	gĕng	1848	2	14	x9ppd3cnd5u		2025-05-16 17:05:36	2025-05-16 17:05:36
xqtfn93dap3	x8bexq6cxu6	賢	賢	hièng	1848	2	15	x9ppd3cnd5u		2025-05-16 17:05:36	2025-05-16 17:05:36
xtvps7zhmvf	xhj8bcfxd4g	賦	賦	hó	1848	2	16	x9ppd3cnd5u		2025-05-16 17:05:36	2025-05-16 17:05:36
xndd7fas6j8	xx2zpwpejjv	賚	賚	lâi	1848	2	17	x9ppd3cnd5u		2025-05-16 17:05:36	2025-05-16 17:05:36
x3e27gzyeur			賣	mâ̤	1848	2	18	x9ppd3cnd5u		2025-05-16 17:05:36	2025-05-16 17:05:36
x3f4q44jq5a	xwtd865m3ep	賜	賜	sé̤ṳ	1848	2	19	x9ppd3cnd5u		2025-05-16 17:05:36	2025-05-16 17:05:36
xrucde8rnkc	xa3csh5xeqz	賞	賞	siōng	1848	2	20	x9ppd3cnd5u		2025-05-16 17:05:36	2025-05-16 17:05:36
xe5gjnwykdz	xefyntdp5kx	賭	賭	dū	1848	2	21	x9ppd3cnd5u		2025-05-16 17:05:36	2025-05-16 17:05:36
xue4zyfemha			頼	lâi	1848	2	22	x9ppd3cnd5u		2025-05-16 17:05:36	2025-05-16 17:05:36
xhd5uaa3dhe	x8rtzvwfsfz	賴	賴	lâi	1848	2	22	x9ppd3cnd5u		2025-05-16 17:05:36	2025-05-16 17:05:36
xfjfn8qbcg8			𧶽	sé̤ṳ	1848	3	1	x9ppd3cnd5u		2025-05-16 17:05:36	2025-05-16 17:05:36
x9baxsbataz			賫	că̤	1848	3	2	x9ppd3cnd5u		2025-05-16 17:05:36	2025-05-16 17:05:36
xb7z4egtcvp	xbfaxr9786v	賾	賾	cáik	1848	3	3	x9ppd3cnd5u		2025-05-16 17:05:36	2025-05-16 17:05:36
xhbkwwsu5a8			賺	cáng	1848	3	4	x9ppd3cnd5u		2025-05-16 17:05:36	2025-05-16 17:05:36
xpd2nx5pjte			賺	cuáng	1848	3	4	x9ppd3cnd5u		2025-05-16 17:05:36	2025-05-16 17:05:36
xxc6bhsjtfq	xrbtrkffb6m	購	購	gáiu	1848	3	5	x9ppd3cnd5u		2025-05-16 17:05:36	2025-05-16 17:05:36
xwqmt7yfv9c			賻	hó	1848	3	6	x9ppd3cnd5u		2025-05-16 17:05:36	2025-05-16 17:05:36
xw686q9jxrn			賸	sêng	1848	3	7	x9ppd3cnd5u		2025-05-16 17:05:36	2025-05-16 17:05:36
xrpudsthtbp			賽	suói	1848	3	8	x9ppd3cnd5u		2025-05-16 17:05:36	2025-05-16 17:05:36
xwuxcbgg52u	xdan9q9aynm	贄	贄	cé	1848	3	9	x9ppd3cnd5u		2025-05-16 17:05:36	2025-05-16 17:05:36
xmvspqkxhjm			贃	cuáng	1848	3	10	x9ppd3cnd5u		2025-05-16 17:05:36	2025-05-16 17:05:36
x38k5a5689a			贃	téng	1848	3	10	x9ppd3cnd5u		2025-05-16 17:05:36	2025-05-16 17:05:36
xv4mhxzmd4b			贅	cuói	1848	3	11	x9ppd3cnd5u		2025-05-16 17:05:36	2025-05-16 17:05:36
xc4utapmj8u	x9t7svxsfcc	贈	贈	câing	1848	3	12	x9ppd3cnd5u		2025-05-16 17:05:36	2025-05-16 17:05:36
x56temsxqf3	xtzptpya8kd	贊	贊	cáng	1848	3	13	x9ppd3cnd5u		2025-05-16 17:05:36	2025-05-16 17:05:36
x8jxbdp6hhd	xm6nk4hquty	贏	贏	ìng	1848	3	14	x9ppd3cnd5u		2025-05-16 17:05:36	2025-05-16 17:05:36
xn9bekpnntv	x8cx6ksygfk	贍	贍	siêng	1848	3	15	x9ppd3cnd5u		2025-05-16 17:05:36	2025-05-16 17:05:36
xycwvm8ft73			贔	bé	1848	3	16	x9ppd3cnd5u		2025-05-16 17:05:36	2025-05-16 17:05:36
xqnvgdhuw6f	xsthmt2p3h7	贐	贐	cêng	1848	3	17	x9ppd3cnd5u		2025-05-16 17:05:36	2025-05-16 17:05:36
xp56r6um78k			贜	cŏng	1848	3	18	x9ppd3cnd5u		2025-05-16 17:05:36	2025-05-16 17:05:36
xj2xdzf72hu			贒	hièng	1848	3	19	x9ppd3cnd5u		2025-05-16 17:05:36	2025-05-16 17:05:36
xa7tu8ph5ur	x6nj59dm8zv	贗	贗	ngâng	1848	3	20	x9ppd3cnd5u		2025-05-16 17:05:36	2025-05-16 17:05:36
xbhp6xnhqhw	xcpfxt4peg6	贖	贖	sṳ̆k	1848	3	21	x9ppd3cnd5u		2025-05-16 17:05:36	2025-05-16 17:05:36
xpyjhxtqkw3			贛	góng	1848	3	22	x9ppd3cnd5u		2025-05-16 17:05:36	2025-05-16 17:05:36
x9rvbhsmsww			赤	chék	1849	1	1	xsfynfjzv2s		2025-05-16 17:05:36	2025-05-16 17:05:36
xk73e59qebq			赤	chiáh	1849	1	1	xsfynfjzv2s		2025-05-16 17:05:36	2025-05-16 17:05:36
xpfn5hxujk6	x5g7x87r9hv	赦	赦	siá	1849	1	2	xsfynfjzv2s		2025-05-16 17:05:36	2025-05-16 17:05:36
xb7tegkccza	xfxsckwjdbf	赧	赧	nāng	1849	1	3	xsfynfjzv2s		2025-05-16 17:05:36	2025-05-16 17:05:36
x29v9nj8ytg			赩	hék	1849	1	4	xsfynfjzv2s		2025-05-16 17:05:36	2025-05-16 17:05:36
x9wk6n2y7ms	xjd8eq6vjak	赫	赫	háik	1849	1	5	xsfynfjzv2s		2025-05-16 17:05:36	2025-05-16 17:05:36
x8dsdcv7ycd	xf22rxgsy9z	赭	赭	ciā	1849	1	6	xsfynfjzv2s		2025-05-16 17:05:36	2025-05-16 17:05:36
xjg9s6ayb48	xnw6jz3p3w2	赬	赬	tĭng	1849	1	7	xsfynfjzv2s		2025-05-16 17:05:36	2025-05-16 17:05:36
xpd8qmw52w9	xvbu9m9xnx2	䞕	䞕	é̤ṳ	1849	1	8	xsfynfjzv2s		2025-05-16 17:05:36	2025-05-16 17:05:36
x76ydzqcsa6			走	cēu	1849	1	9	xcbg78gw84f		2025-05-16 17:05:36	2025-05-16 17:05:36
xghd9aq9bv9			走	cāu	1849	1	9	xcbg78gw84f		2025-05-16 17:05:36	2025-05-16 17:05:36
xwe9mn6z5be	xprfwd9rb2f	赳	赳	gīu	1849	1	10	xcbg78gw84f		2025-05-16 17:05:36	2025-05-16 17:05:36
x4qs33gmdx8	xyuufjy3fg9	赴	赴	hó	1849	1	11	xcbg78gw84f		2025-05-16 17:05:36	2025-05-16 17:05:36
xtnfnn9pp5j			赶	gāng	1849	1	12	xcbg78gw84f		2025-05-16 17:05:36	2025-05-16 17:05:36
x4czam3x7de	xxz7gu99bzb	起	起	kī	1849	1	13	xcbg78gw84f		2025-05-16 17:05:36	2025-05-16 17:05:36
xcbmj7d8jrq	xfuyu323bqp	趄	趄	cṳ̆	1849	1	14	xcbg78gw84f		2025-05-16 17:05:36	2025-05-16 17:05:36
xmzwyy33296	xr4qjyy4jv6	超	超	chiĕu	1849	1	15	xcbg78gw84f		2025-05-16 17:05:36	2025-05-16 17:05:36
xf6rpr92eru			趋	chṳ̆	1849	1	16	xcbg78gw84f		2025-05-16 17:05:36	2025-05-16 17:05:36
xqdxht5dgtj	xjca7a6bg3e	趉	趉	gók	1849	1	17	xcbg78gw84f		2025-05-16 17:05:36	2025-05-16 17:05:36
x5pt79dygcb	xsehnwpruj5	越	越	uŏk	1849	1	18	xcbg78gw84f		2025-05-16 17:05:36	2025-05-16 17:05:36
xd4retca4qd	x4rmdyutysy	趁	趁	téng	1849	1	19	xcbg78gw84f		2025-05-16 17:05:36	2025-05-16 17:05:36
xfb63zus68w			趂	téng	1849	1	19	xcbg78gw84f		2025-05-16 17:05:36	2025-05-16 17:05:36
x44znd2stmm	xw8y55acp92	趑	趑	chṳ̆	1849	1	20	xcbg78gw84f		2025-05-16 17:05:36	2025-05-16 17:05:36
xfquduvbmey	xekhq7dedud	䞦	䞦	hĕ̤k	1849	2	1	xcbg78gw84f		2025-05-16 17:05:36	2025-05-16 17:05:36
xf7d3ju3ttp			趒	tiéu	1849	2	2	xcbg78gw84f		2025-05-16 17:05:36	2025-05-16 17:05:36
xbqxzz2muxg	xt372j9gtu2	趙	趙	diêu	1849	2	3	xcbg78gw84f		2025-05-16 17:05:36	2025-05-16 17:05:36
xtv7qrsbtek	xrq49ezntfg	趕	趕	gāng	1849	2	4	xcbg78gw84f		2025-05-16 17:05:36	2025-05-16 17:05:36
x2gzcsnscfd	xj6ee6v6cuh	趣	趣	ché̤ṳ	1849	2	5	xcbg78gw84f		2025-05-16 17:05:36	2025-05-16 17:05:36
xqh4reavfps			趦	chṳ̆	1849	2	6	xcbg78gw84f		2025-05-16 17:05:36	2025-05-16 17:05:36
x5k6dkxh3vb			𧽒	chéu	1849	2	7	xcbg78gw84f		2025-05-16 17:05:36	2025-05-16 17:05:36
xzxka8zx6cv	x64mvp6ct5w	趨	趨	chṳ̆	1849	2	8	xcbg78gw84f		2025-05-16 17:05:36	2025-05-16 17:05:36
xt6xm26v6a4			趬	kiéu	1849	2	9	xcbg78gw84f		2025-05-16 17:05:36	2025-05-16 17:05:36
xekh59axkds			趯	ték	1849	2	10	xcbg78gw84f		2025-05-16 17:05:36	2025-05-16 17:05:36
xup33euzvfc			趯	iŏk	1849	2	10	xcbg78gw84f		2025-05-16 17:05:36	2025-05-16 17:05:36
x82v4ngbvpq	xb4gwj3b76e	趲	趲	cuāng	1849	2	11	xcbg78gw84f		2025-05-16 17:05:36	2025-05-16 17:05:36
xwabzh6gra7	xu8htnt3gsj	足	足	cé̤ṳk	1849	2	12	xukhns36jdp		2025-05-16 17:05:36	2025-05-16 17:05:36
xe8h47m242g	xu8htnt3gsj	足	足	cé̤ṳ	1849	2	12	xukhns36jdp		2025-05-16 17:05:36	2025-05-16 17:05:36
xey9a8wpku3			趵	báu	1849	2	13	xukhns36jdp		2025-05-16 17:05:36	2025-05-16 17:05:36
x4578cxgwkt			趵	báuk	1849	2	13	xukhns36jdp		2025-05-16 17:05:36	2025-05-16 17:05:36
xm425drsyq2			跁	bâ	1849	2	14	xukhns36jdp		2025-05-16 17:05:36	2025-05-16 17:05:36
xn45vdqmdsd			趾	cī	1849	2	15	xukhns36jdp		2025-05-16 17:05:36	2025-05-16 17:05:36
xfvnqf42kag	xer83xb9cj6	趹	趹	guók	1849	2	16	xukhns36jdp	原書有誤，已更正	2025-05-16 17:05:36	2025-05-16 17:05:36
xkx8qfm57hu	xe7w74qkyzg	趺	趺	hŭ	1849	2	17	xukhns36jdp		2025-05-16 17:05:36	2025-05-16 17:05:36
xd8p8ytubcz	xxkktve9ygd	跂	跂	kiē	1849	2	18	xukhns36jdp		2025-05-16 17:05:36	2025-05-16 17:05:36
x3pnu3fh5hx			跀	uŏk	1849	2	19	xukhns36jdp		2025-05-16 17:05:36	2025-05-16 17:05:36
xs246fz58k6			跋	băk	1849	2	20	xukhns36jdp		2025-05-16 17:05:36	2025-05-16 17:05:36
x8vutugvu8t			跋	buăk	1849	2	20	xukhns36jdp		2025-05-16 17:05:36	2025-05-16 17:05:36
xwzkk8geh4u	x4r7fe39gny	跖	跖	cék	1849	2	21	xukhns36jdp		2025-05-16 17:05:36	2025-05-16 17:05:36
x9qfupjna5v			跌	diĕk	1849	3	1	xukhns36jdp		2025-05-16 17:05:36	2025-05-16 17:05:36
xv5z5q8dwpd			跌	tiék	1849	3	1	xukhns36jdp		2025-05-16 17:05:36	2025-05-16 17:05:36
xn2usf9q36p			跌	buăk	1849	3	1	xukhns36jdp		2025-05-16 17:05:36	2025-05-16 17:05:36
x5qyktgvvxk	xcq3auv8n9j	跎	跎	dò̤	1849	3	2	xukhns36jdp		2025-05-16 17:05:36	2025-05-16 17:05:36
xw75znafcxf	x22b8rgwt4b	距	距	gé̤ṳ	1849	3	3	xukhns36jdp		2025-05-16 17:05:36	2025-05-16 17:05:36
x9f9vac4e6s	x22b8rgwt4b	距	距	gê̤ṳ	1849	3	3	xukhns36jdp		2025-05-16 17:05:36	2025-05-16 17:05:36
xsk3xkhuqxm			跏	giă	1849	3	4	xukhns36jdp		2025-05-16 17:05:36	2025-05-16 17:05:36
x5sn78u3hwc	xqhd8wa43wj	跗	跗	hŭ	1849	3	5	xukhns36jdp		2025-05-16 17:05:36	2025-05-16 17:05:36
x7dt4nqm8cx	xhrh32ue24n	跔	跔	kuò	1849	3	6	xukhns36jdp		2025-05-16 17:05:36	2025-05-16 17:05:36
xvjbkbuwvar	xctupr3xs3m	跉	跉	lìng	1849	3	7	xukhns36jdp		2025-05-16 17:05:36	2025-05-16 17:05:36
xhfh97s8xq4	xxge2rkh8nc	跑	跑	pàu	1849	3	8	xukhns36jdp		2025-05-16 17:05:36	2025-05-16 17:05:36
x2v6sr96d5q			跛	pō̤	1849	3	9	xukhns36jdp		2025-05-16 17:05:36	2025-05-16 17:05:36
xxsxumjvrys			跛	piāng	1849	3	9	xukhns36jdp		2025-05-16 17:05:36	2025-05-16 17:05:36
x4yqyf68r5t			跛	bāi	1849	3	9	xukhns36jdp		2025-05-16 17:05:36	2025-05-16 17:05:36
x56h8d9z39v			跛	piā	1849	3	9	xukhns36jdp		2025-05-16 17:05:36	2025-05-16 17:05:36
xdmpke2866e			跚	săng	1849	3	10	xukhns36jdp		2025-05-16 17:05:36	2025-05-16 17:05:36
xyu9rncyhaq			跚	dăng	1849	3	10	xukhns36jdp		2025-05-16 17:05:36	2025-05-16 17:05:36
xx2waq4rkam			跡	cék	1849	3	11	xukhns36jdp		2025-05-16 17:05:36	2025-05-16 17:05:36
x5qvtzst5nv			跡	ciáh	1849	3	11	xukhns36jdp		2025-05-16 17:05:36	2025-05-16 17:05:36
x4r9sp6x4wm	xvux25avw37	𨀠	𨀠	chiâ	1849	3	12	xukhns36jdp		2025-05-16 17:05:36	2025-05-16 17:05:36
xd7cs5ygz3n			跧	chuăng	1849	3	13	xukhns36jdp		2025-05-16 17:05:36	2025-05-16 17:05:36
xyqrumtz3kt			跮	diĕk	1849	3	14	xukhns36jdp		2025-05-16 17:05:36	2025-05-16 17:05:36
xqbqk2mkqyt	xe436bpzhw2	跲	跲	gék	1849	3	15	xukhns36jdp		2025-05-16 17:05:36	2025-05-16 17:05:36
xtptqfg8nhz	x328a6pxmjn	跬	跬	giĕ	1849	3	16	xukhns36jdp		2025-05-16 17:05:36	2025-05-16 17:05:36
xt4bj6x5v53	x328a6pxmjn	跬	跬	kiê	1849	3	16	xukhns36jdp		2025-05-16 17:05:36	2025-05-16 17:05:36
xzeqjxvurkz	xfmcdj9ddcj	跪	跪	gôi	1849	3	17	xukhns36jdp		2025-05-16 17:05:36	2025-05-16 17:05:36
xapmyeuvnuv			跟	gṳ̆ng	1849	3	18	xukhns36jdp		2025-05-16 17:05:36	2025-05-16 17:05:36
xtre63zgsrz	xb5brcqk38d	跨	跨	kuā	1849	3	19	xukhns36jdp		2025-05-16 17:05:36	2025-05-16 17:05:36
xr8cn54nuzn	xb5brcqk38d	跨	跨	kià	1849	3	19	xukhns36jdp		2025-05-16 17:05:36	2025-05-16 17:05:36
x4h7e5dfecq	xb5brcqk38d	跨	跨	kiă	1849	3	19	xukhns36jdp		2025-05-16 17:05:36	2025-05-16 17:05:36
x2txne5pwwh			路	lô̤	1849	3	20	xukhns36jdp		2025-05-16 17:05:36	2025-05-16 17:05:36
xj369u5pr2d			路	duô	1849	3	20	xukhns36jdp	原書有誤，已更正	2025-05-16 17:05:36	2025-05-16 17:05:36
xc3n87xtwyg	xyypyrx753x	跣	跣	siēng	1849	3	21	xukhns36jdp		2025-05-16 17:05:36	2025-05-16 17:05:36
xcua9dtnjfe	xd227adjntn	跳	跳	tiéu	1849	3	22	xukhns36jdp		2025-05-16 17:05:36	2025-05-16 17:05:36
xt7y6ercqwz	xu63jfdux5a	跽	跽	gê	1850	1	1	xukhns36jdp		2025-05-16 17:05:36	2025-05-16 17:05:36
x5gsjayyb7y			踁	gêng	1850	1	2	xukhns36jdp		2025-05-16 17:05:36	2025-05-16 17:05:36
xxrmb89tbkv	xev68ruhxxs	踉	踉	liòng	1850	1	4	xukhns36jdp		2025-05-16 17:05:36	2025-05-16 17:05:36
xrntpsmr3e2	xev68ruhxxs	踉	踉	lòng	1850	1	4	xukhns36jdp		2025-05-16 17:05:36	2025-05-16 17:05:36
xp5cwfyq3mv			𨁏	puŏ	1850	1	5	xukhns36jdp		2025-05-16 17:05:36	2025-05-16 17:05:36
x8kjqmxkd78			踊	ṳ̄ng	1850	1	6	xukhns36jdp		2025-05-16 17:05:36	2025-05-16 17:05:36
xj99suwzv2a			䟽	sŭ	1850	1	7	xukhns36jdp		2025-05-16 17:05:36	2025-05-16 17:05:36
x4trqfjw5bx			䟽	sĕ̤	1850	1	7	xukhns36jdp		2025-05-16 17:05:36	2025-05-16 17:05:36
xnhgjn8sgtk			踈	sŭ	1850	1	7	xukhns36jdp		2025-05-16 17:05:36	2025-05-16 17:05:36
xa8emnmdyh8			踈	sĕ̤	1850	1	7	xukhns36jdp		2025-05-16 17:05:36	2025-05-16 17:05:36
xztn3rj6ykn	xwpekexdtex	踐	踐	ciēng	1850	1	8	xukhns36jdp		2025-05-16 17:05:36	2025-05-16 17:05:36
x9te3k4z7xf			踪	cŭng	1850	1	9	xukhns36jdp		2025-05-16 17:05:36	2025-05-16 17:05:36
xy37h9tx2qy	xn4schy6z3h	踏	踏	dăk	1850	1	10	xukhns36jdp		2025-05-16 17:05:36	2025-05-16 17:05:36
xyx8mwtck3w	xpxquhgb5jz	踔	踔	dáuk	1850	1	11	xukhns36jdp		2025-05-16 17:05:36	2025-05-16 17:05:36
xtdrktpz5u4			踘	gé̤ṳk	1850	1	13	xukhns36jdp		2025-05-16 17:05:36	2025-05-16 17:05:36
xmk2tnqjpac	xt8k4nbe5mv	踝	踝	guāi	1850	1	14	xukhns36jdp		2025-05-16 17:05:36	2025-05-16 17:05:36
xrd53gqsym8	xt8k4nbe5mv	踝	踝	guài	1850	1	14	xukhns36jdp		2025-05-16 17:05:36	2025-05-16 17:05:36
xqf28ybndd6	xt8k4nbe5mv	踝	踝	kuá	1850	1	14	xukhns36jdp		2025-05-16 17:05:36	2025-05-16 17:05:36
xape8rcztxd	x38aczwem26	踡	踡	guòng	1850	1	15	xukhns36jdp		2025-05-16 17:05:36	2025-05-16 17:05:36
xax8pyr4yu6	xt86xp7jdcf	踦	踦	kĭ	1850	1	16	xukhns36jdp		2025-05-16 17:05:36	2025-05-16 17:05:36
x5kcjsx5ynj	xwzkmmuqw6e	踒	踒	kuò	1850	1	17	xukhns36jdp		2025-05-16 17:05:36	2025-05-16 17:05:36
xfudbjkhk4x			踗	náing	1850	1	18	xukhns36jdp		2025-05-16 17:05:36	2025-05-16 17:05:36
xmdppe3ngnu	xhwv8jgksmj	踖	踖	sék	1850	1	19	xukhns36jdp		2025-05-16 17:05:36	2025-05-16 17:05:36
xwbzc7j5nvp	xhwv8jgksmj	踖	踖	cék	1850	1	19	xukhns36jdp		2025-05-16 17:05:36	2025-05-16 17:05:36
x3azbxpd3kw	xfchsxejn8h	踧	踧	sé̤ṳk	1850	1	20	xukhns36jdp		2025-05-16 17:05:36	2025-05-16 17:05:36
x7d37wu3xej	xfchsxejn8h	踧	踧	dĭk	1850	1	20	xukhns36jdp		2025-05-16 17:05:36	2025-05-16 17:05:36
xnc66sjhjef	xbf9acbz4jh	踢	踢	ték	1850	1	21	xukhns36jdp		2025-05-16 17:05:36	2025-05-16 17:05:36
xze7g5c4asa	xbf9acbz4jh	踢	踢	chuók	1850	1	21	xukhns36jdp	原書有誤，已更正	2025-05-16 17:05:36	2025-05-16 17:05:36
xmje9ur8y4r	xpcfqzac95e	踟	踟	tì	1850	1	22	xukhns36jdp		2025-05-16 17:05:36	2025-05-16 17:05:36
xh5czw6ha39	xxy8xht9ane	踵	踵	cṳ̄ng	1850	2	1	xukhns36jdp		2025-05-16 17:05:36	2025-05-16 17:05:36
xn4vtybk9yf	xty2prtnet9	蹄	蹄	dà̤	1850	2	2	xukhns36jdp		2025-05-16 17:05:36	2025-05-16 17:05:36
xg347yj46e5	xcpcv39dxgf	蹀	蹀	diĕk	1850	2	3	xukhns36jdp		2025-05-16 17:05:36	2025-05-16 17:05:36
xmw4exqwvju	xfppg8d2tnt	踱	踱	dŏk	1850	2	4	xukhns36jdp		2025-05-16 17:05:36	2025-05-16 17:05:36
xfef9w3ugc7			踽	gṳ̄	1850	2	5	xukhns36jdp		2025-05-16 17:05:36	2025-05-16 17:05:36
xbkffpyfcv9			蹂	ìu	1850	2	6	xukhns36jdp		2025-05-16 17:05:36	2025-05-16 17:05:36
xd7z94tya86	x6se7jksn9k	蹁	蹁	piĕng	1850	2	7	xukhns36jdp		2025-05-16 17:05:36	2025-05-16 17:05:36
xuhh5zy8s5m	xfcfy28vfx5	踹	踹	tuáng	1850	2	8	xukhns36jdp		2025-05-16 17:05:36	2025-05-16 17:05:36
x3zjsw8wjvu	xkhgmzyc86y	踰	踰	ṳ̀	1850	2	9	xukhns36jdp		2025-05-16 17:05:36	2025-05-16 17:05:36
xe2559g6cb8	xv64nsf2n2k	踴	踴	ṳ̆ng	1850	2	10	xukhns36jdp		2025-05-16 17:05:36	2025-05-16 17:05:36
x7p6akgvmph	x55s57c927j	䠙	䠙	bòng	1850	2	11	xukhns36jdp		2025-05-16 17:05:36	2025-05-16 17:05:36
xgug47hp2yd			𨃞	buàng	1850	2	12	xukhns36jdp		2025-05-16 17:05:36	2025-05-16 17:05:36
x63nbvv6jmn	xcx67b4c6sd	蹐	蹐	cék	1850	2	13	xukhns36jdp		2025-05-16 17:05:36	2025-05-16 17:05:36
xnpuyu4y49r	x53w6m8zvy6	蹌	蹌	chiŏng	1850	2	14	xukhns36jdp		2025-05-16 17:05:36	2025-05-16 17:05:36
x9xzr5cae54	xbnyvv8y7yg	蹉	蹉	chŏ̤	1850	2	15	xukhns36jdp		2025-05-16 17:05:36	2025-05-16 17:05:36
xb5dkf3ppna			蹋	dăk	1850	2	16	xukhns36jdp		2025-05-16 17:05:36	2025-05-16 17:05:36
x84vtpb7rvh			蹎	dièng	1850	2	17	xukhns36jdp		2025-05-16 17:05:36	2025-05-16 17:05:36
xc6hh8krg9m	xt2qy22r72p	蹈	蹈	dô̤	1850	2	18	xukhns36jdp		2025-05-16 17:05:36	2025-05-16 17:05:36
xh9an2c3q7q	xrt8ev249ng	蹇	蹇	giōng	1850	2	19	xukhns36jdp		2025-05-16 17:05:36	2025-05-16 17:05:36
xykmdkk3da5			蹊	hiè	1850	2	20	xukhns36jdp		2025-05-16 17:05:36	2025-05-16 17:05:36
xeesjuj9ty3	x8wbnegnz5e	蹕	蹕	bék	1850	2	21	xukhns36jdp		2025-05-16 17:05:36	2025-05-16 17:05:36
x25hpf99wd9			蹧	cău	1850	2	22	xukhns36jdp		2025-05-16 17:05:36	2025-05-16 17:05:36
xgqhtre2de9			蹟	cék	1850	3	1	xukhns36jdp		2025-05-16 17:05:36	2025-05-16 17:05:36
xw78z6kswms	x2hr65rek9q	蹠	蹠	cék	1850	3	2	xukhns36jdp		2025-05-16 17:05:36	2025-05-16 17:05:36
xzs3fjcs3j5	x49aspbacbz	蹤	蹤	cŭng	1850	3	3	xukhns36jdp		2025-05-16 17:05:36	2025-05-16 17:05:36
xkt8fdh325s	xmca3a5f4nw	蹙	蹙	ché̤ṳk	1850	3	4	xukhns36jdp		2025-05-16 17:05:36	2025-05-16 17:05:36
xgj4dt49wsz	xm8vesprk7d	蹡	蹡	chiŏng	1850	3	5	xukhns36jdp		2025-05-16 17:05:36	2025-05-16 17:05:36
xgf663264tc	x9xbeqxt3vg	蹢	蹢	dék	1850	3	6	xukhns36jdp		2025-05-16 17:05:36	2025-05-16 17:05:36
xrbu36x6twa			蹣	muàng	1850	3	7	xukhns36jdp		2025-05-16 17:05:36	2025-05-16 17:05:36
x8k6hdbrjk9	x2c4synd9jv	蹝	蹝	sā̤	1850	3	8	xukhns36jdp		2025-05-16 17:05:36	2025-05-16 17:05:36
xfvz4amdfud			蹜	sáuk	1850	3	9	xukhns36jdp		2025-05-16 17:05:36	2025-05-16 17:05:36
xgjqsn3cjdt			蹩	biék	1850	3	10	xukhns36jdp		2025-05-16 17:05:36	2025-05-16 17:05:36
xphubg5dt9h			蹼	bŭk	1850	3	11	xukhns36jdp		2025-05-16 17:05:36	2025-05-16 17:05:36
xmgqmwsdqfm	xterz6fmjya	蹭	蹭	cáing	1850	3	12	xukhns36jdp		2025-05-16 17:05:36	2025-05-16 17:05:36
xhzbbcdkptt			蹲	cŏng	1850	3	13	xukhns36jdp		2025-05-16 17:05:36	2025-05-16 17:05:36
xa5heqs8fq2			蹲	chiòng	1850	3	13	xukhns36jdp		2025-05-16 17:05:37	2025-05-16 17:05:37
x3ej6v27nuh	xhx49sbvcn3	蹴	蹴	ché̤ṳk	1850	3	14	xukhns36jdp		2025-05-16 17:05:37	2025-05-16 17:05:37
xcbqd85jdtv			蹮	chiĕng	1850	3	15	xukhns36jdp		2025-05-16 17:05:37	2025-05-16 17:05:37
xndug2qw257			蹮	siĕng	1850	3	15	xukhns36jdp		2025-05-16 17:05:37	2025-05-16 17:05:37
x5h8jw472e6	xwx75dv7vm8	䠤	䠤	dā	1850	3	16	xukhns36jdp		2025-05-16 17:05:37	2025-05-16 17:05:37
xjbd7uv6ner			蹬	dáing	1850	3	17	xukhns36jdp		2025-05-16 17:05:37	2025-05-16 17:05:37
x3mu8p9rseb			蹰	dṳ̀	1850	3	18	xukhns36jdp		2025-05-16 17:05:37	2025-05-16 17:05:37
xgrek3vguzv	xa2tw3vw86g	蹻	蹻	giēu	1850	3	19	xukhns36jdp		2025-05-16 17:05:37	2025-05-16 17:05:37
xspj5k45cxc	xa2tw3vw86g	蹻	蹻	giók	1850	3	19	xukhns36jdp		2025-05-16 17:05:37	2025-05-16 17:05:37
xbk65sp9j98	xa2tw3vw86g	蹻	蹻	kiĕu	1850	3	19	xukhns36jdp		2025-05-16 17:05:37	2025-05-16 17:05:37
xb725wvun8p			蹶	guói	1850	3	20	xukhns36jdp		2025-05-16 17:05:37	2025-05-16 17:05:37
xkr8cf7ngzh			蹶	kuók	1850	3	20	xukhns36jdp		2025-05-16 17:05:37	2025-05-16 17:05:37
xsdz4p6pgmu	xz54rxjd6c3	蹯	蹯	huăng	1850	3	21	xukhns36jdp		2025-05-16 17:05:37	2025-05-16 17:05:37
xwk2kjxawqu	xwu8rkrrb4k	蹺	蹺	kiĕu	1850	3	22	xukhns36jdp		2025-05-16 17:05:37	2025-05-16 17:05:37
xjkzubyegfd	xwrtmj44nn3	𨅠	𨅠	kuōi	1851	1	1	xukhns36jdp		2025-05-16 17:05:37	2025-05-16 17:05:37
xxne6c584jb			躅	ché̤ṳk	1851	1	2	xukhns36jdp		2025-05-16 17:05:37	2025-05-16 17:05:37
xmgjyagw3f8	xq7etv38zf2	躇	躇	dṳ̀	1851	1	3	xukhns36jdp		2025-05-16 17:05:37	2025-05-16 17:05:37
x9s6n9s57gt	xq7etv38zf2	躇	躇	tṳ̀	1851	1	3	xukhns36jdp		2025-05-16 17:05:37	2025-05-16 17:05:37
xzbuhej2mhf	x2atva7dba4	躉	躉	dūng	1851	1	4	xukhns36jdp		2025-05-16 17:05:37	2025-05-16 17:05:37
x8bz8gkpegh	x58rzya8mqy	躃	躃	pék	1851	1	5	xukhns36jdp		2025-05-16 17:05:37	2025-05-16 17:05:37
xzc5msjdtuf			躁	só̤	1851	1	6	xukhns36jdp		2025-05-16 17:05:37	2025-05-16 17:05:37
x85xdguhsue	x4dek8cnt6e	躋	躋	că̤	1851	1	7	xukhns36jdp		2025-05-16 17:05:37	2025-05-16 17:05:37
x6z4jf572cg	xtqrfshwzw3	躍	躍	ték	1851	1	8	xukhns36jdp		2025-05-16 17:05:37	2025-05-16 17:05:37
xxudh6auk6a	xtqrfshwzw3	躍	躍	iŏk	1851	1	8	xukhns36jdp		2025-05-16 17:05:37	2025-05-16 17:05:37
xkpg43y9k8z			躊	tìu	1851	1	9	xukhns36jdp		2025-05-16 17:05:37	2025-05-16 17:05:37
x793rff2sqk			躓	cé	1851	1	10	xukhns36jdp		2025-05-16 17:05:37	2025-05-16 17:05:37
xuxtnqxwt2d	xzukpqc5h33	躔	躔	dièng	1851	1	11	xukhns36jdp		2025-05-16 17:05:37	2025-05-16 17:05:37
xds8c8nmvkp	xaf47ma63r6	躑	躑	dĭk	1851	1	12	xukhns36jdp		2025-05-16 17:05:37	2025-05-16 17:05:37
xj6tnu6urk6	xbtusy54ypu	躐	躐	lăk	1851	1	13	xukhns36jdp		2025-05-16 17:05:37	2025-05-16 17:05:37
xgt33an4r7s			躒	lĭk	1851	1	14	xukhns36jdp		2025-05-16 17:05:37	2025-05-16 17:05:37
xpp9zftyxqg			躝	làng	1851	1	15	xukhns36jdp		2025-05-16 17:05:37	2025-05-16 17:05:37
x8my4mv6vej			躠	siék	1851	1	16	xukhns36jdp		2025-05-16 17:05:37	2025-05-16 17:05:37
xz5vesm9f8y	xn96bqzqgdp	躡	躡	niék	1851	1	17	xukhns36jdp		2025-05-16 17:05:37	2025-05-16 17:05:37
xw636frm9xt			躩	kiók	1851	1	18	xukhns36jdp		2025-05-16 17:05:37	2025-05-16 17:05:37
xnq2tfgew4c	xd4ubz4mgfw	躪	躪	lêng	1851	1	19	xukhns36jdp		2025-05-16 17:05:37	2025-05-16 17:05:37
xzym5882k2p	x3dy4qba6h6	身	身	sĭng	1851	1	20	xwg62jjfsg2		2025-05-16 17:05:37	2025-05-16 17:05:37
x8pjm5yuyas	x56qemgzsvc	躬	躬	gṳ̆ng	1851	2	1	xwg62jjfsg2		2025-05-16 17:05:37	2025-05-16 17:05:37
x38p2n4f3ra			躭	dăng	1851	2	2	xwg62jjfsg2		2025-05-16 17:05:37	2025-05-16 17:05:37
xbanyda6fss			躱	duō	1851	2	3	xwg62jjfsg2	原書有誤，已更正	2025-05-16 17:05:37	2025-05-16 17:05:37
x2nsx9u7t9j			躱	duô	1851	2	3	xwg62jjfsg2	原書有誤，已更正	2025-05-16 17:05:37	2025-05-16 17:05:37
x694p6pcqw6	xvcn6n5uvnp	躴	躴	lòng	1851	2	4	xwg62jjfsg2		2025-05-16 17:05:37	2025-05-16 17:05:37
xz622f3uhxe			躷	ā̤	1851	2	5	xwg62jjfsg2		2025-05-16 17:05:37	2025-05-16 17:05:37
xztnn34yj2h			軀	kṳ̆	1851	2	6	xwg62jjfsg2		2025-05-16 17:05:37	2025-05-16 17:05:37
xkf8ybbx2nt			車	gṳ̆	1851	2	7	xw2zhg638zn		2025-05-16 17:05:37	2025-05-16 17:05:37
xj8cnb6uv3q			車	chiă	1851	2	7	xw2zhg638zn		2025-05-16 17:05:37	2025-05-16 17:05:37
xhqpgjxhbjh			軋	ák	1851	2	8	xw2zhg638zn		2025-05-16 17:05:37	2025-05-16 17:05:37
xu4hjd3veqc	xycbds9zgyu	軌	軌	gūi	1851	2	9	xw2zhg638zn		2025-05-16 17:05:37	2025-05-16 17:05:37
x96vrddpmv9	xvw2x5v3pg2	軍	軍	gŭng	1851	2	10	xw2zhg638zn		2025-05-16 17:05:37	2025-05-16 17:05:37
xs9y7guy7at	xxk9dxene7d	軔	軔	êng	1851	2	11	xw2zhg638zn		2025-05-16 17:05:37	2025-05-16 17:05:37
xwbth4vff8x	xcecswwvkms	軒	軒	hiŏng	1851	2	12	xw2zhg638zn		2025-05-16 17:05:37	2025-05-16 17:05:37
xf6xawd7xw7	xzbznkqvq5r	軏	軏	uŏk	1851	2	13	xw2zhg638zn		2025-05-16 17:05:37	2025-05-16 17:05:37
xpx7ysk2tjp			軛	áik	1851	2	14	xw2zhg638zn		2025-05-16 17:05:37	2025-05-16 17:05:37
xkyhbhmvzzt			軝	gì	1851	2	15	xw2zhg638zn		2025-05-16 17:05:37	2025-05-16 17:05:37
xt4kqzuq4ss	xm33yn5b8r9	軜	軜	năk	1851	2	16	xw2zhg638zn		2025-05-16 17:05:37	2025-05-16 17:05:37
xzp86y6gu72			軟	nuōng	1851	2	17	xw2zhg638zn	原書有誤，已更正	2025-05-16 17:05:37	2025-05-16 17:05:37
x8w4de2wxbj			軰	buói	1851	2	18	xw2zhg638zn		2025-05-16 17:05:37	2025-05-16 17:05:37
xmtm9jhugvz	x9d8ff76e93	軹	軹	cī	1851	2	19	xw2zhg638zn		2025-05-16 17:05:37	2025-05-16 17:05:37
x57s2sb68m6	xf6f6g49jza	軫	軫	cīng	1851	2	20	xw2zhg638zn		2025-05-16 17:05:37	2025-05-16 17:05:37
xpgqg775ujg			軼	diĕk	1851	2	21	xw2zhg638zn		2025-05-16 17:05:37	2025-05-16 17:05:37
xv5dv8zamv2			軸	dṳ̆k	1851	2	22	xw2zhg638zn		2025-05-16 17:05:37	2025-05-16 17:05:37
x8fkk6kf9sx			軸	cháe̤k	1851	2	22	xw2zhg638zn		2025-05-16 17:05:37	2025-05-16 17:05:37
x5u8gub97a4	xyv28gersuw	軧	軧	dī	1851	3	1	xw2zhg638zn		2025-05-16 17:05:37	2025-05-16 17:05:37
x58vqatkb9h			⿱彐軍	hŭi	1851	3	2	xw2zhg638zn		2025-05-16 17:05:37	2025-05-16 17:05:37
x4p8s467cge	x7xgfuj99rb	軻	軻	kŏ̤	1851	3	3	xw2zhg638zn		2025-05-16 17:05:37	2025-05-16 17:05:37
xds4c8ry968	x7xgfuj99rb	軻	軻	kó̤	1851	3	3	xw2zhg638zn		2025-05-16 17:05:37	2025-05-16 17:05:37
xk687gy2v4w	xn6ujvh7mwc	軺	軺	sièu	1851	3	4	xw2zhg638zn		2025-05-16 17:05:37	2025-05-16 17:05:37
xct86pwtvcz	xn6ujvh7mwc	軺	軺	ièu	1851	3	4	xw2zhg638zn		2025-05-16 17:05:37	2025-05-16 17:05:37
x3wqutwgpyt			載	cāi	1851	3	5	xw2zhg638zn		2025-05-16 17:05:37	2025-05-16 17:05:37
xxbkb7gfwxf			載	cái	1851	3	5	xw2zhg638zn		2025-05-16 17:05:37	2025-05-16 17:05:37
xjz5rfvc533	xmt6hcfgxt9	輊	輊	cé	1851	3	6	xw2zhg638zn		2025-05-16 17:05:37	2025-05-16 17:05:37
xuwxy68n9s5	xrzc7ye9acp	輈	輈	cĭu	1851	3	7	xw2zhg638zn		2025-05-16 17:05:37	2025-05-16 17:05:37
xzhmx7fmr22	xhnn67bxcgj	較	較	gáu	1851	3	8	xw2zhg638zn		2025-05-16 17:05:37	2025-05-16 17:05:37
xw55ugcqjb5	xhnn67bxcgj	較	較	gáuk	1851	3	8	xw2zhg638zn		2025-05-16 17:05:37	2025-05-16 17:05:37
xsf2xcznmsv	x6vvymst8da	輀	輀	ì	1851	3	9	xw2zhg638zn		2025-05-16 17:05:37	2025-05-16 17:05:37
xeyqsx542be	xr7gwnk9n3n	輅	輅	lô	1851	3	10	xw2zhg638zn		2025-05-16 17:05:37	2025-05-16 17:05:37
x3794qwn9fm	x4ytctvg4sn	軾	軾	sék	1851	3	11	xw2zhg638zn		2025-05-16 17:05:37	2025-05-16 17:05:37
xn9r32tdzte	x7mrkz6hbns	輒	輒	diĕk	1851	3	12	xw2zhg638zn		2025-05-16 17:05:37	2025-05-16 17:05:37
xw25gc796fb	xx3rhj7znfs	輔	輔	hô	1851	3	13	xw2zhg638zn		2025-05-16 17:05:37	2025-05-16 17:05:37
x8c2xha62cb	x5gt9ncgg36	輕	輕	kĭng	1851	3	14	xw2zhg638zn		2025-05-16 17:05:37	2025-05-16 17:05:37
x9bdk5f6ea6			輓	uāng	1851	3	15	xw2zhg638zn		2025-05-16 17:05:37	2025-05-16 17:05:37
xr383yjs7t9	xy3tbeuc4rp	輩	輩	buói	1851	3	16	xw2zhg638zn		2025-05-16 17:05:37	2025-05-16 17:05:37
xv4p22ukzv3			輚	câng	1851	3	17	xw2zhg638zn		2025-05-16 17:05:37	2025-05-16 17:05:37
xuztj9vuhm2	xcat5cedkvu	輖	輖	cĭu	1851	3	18	xw2zhg638zn		2025-05-16 17:05:37	2025-05-16 17:05:37
xwh8yxtspq7	x68w6etdc9s	輜	輜	cṳ̆	1851	3	19	xw2zhg638zn		2025-05-16 17:05:37	2025-05-16 17:05:37
x785e27uqss	xgkswnpgqmz	輟	輟	cuók	1851	3	20	xw2zhg638zn		2025-05-16 17:05:37	2025-05-16 17:05:37
xk88gqhmc5e			輙	diĕk	1851	3	21	xw2zhg638zn		2025-05-16 17:05:37	2025-05-16 17:05:37
xjuhxs3m8xv	x75cd462ax9	輝	輝	hŭi	1851	3	22	xw2zhg638zn		2025-05-16 17:05:37	2025-05-16 17:05:37
xuqfwqtcwdw			輢	ī	1852	1	1	xw2zhg638zn		2025-05-16 17:05:37	2025-05-16 17:05:37
xzvnk6scdsw	xr5kpr4jgan	輦	輦	liēng	1852	1	2	xw2zhg638zn		2025-05-16 17:05:37	2025-05-16 17:05:37
xg5cavdykav			輘	lìng	1852	1	3	xw2zhg638zn		2025-05-16 17:05:37	2025-05-16 17:05:37
xet8cpsm5fn	xbsc74g2mkr	輛	輛	liông	1852	1	4	xw2zhg638zn		2025-05-16 17:05:37	2025-05-16 17:05:37
xfhh6qhrsqj	xuw43twnr9h	輪	輪	lùng	1852	1	5	xw2zhg638zn		2025-05-16 17:05:37	2025-05-16 17:05:37
x7tps4ha3mu	x6zaq6dbe57	輗	輗	ngà̤	1852	1	6	xw2zhg638zn		2025-05-16 17:05:37	2025-05-16 17:05:37
xe38g4wcp6d	x3qruevcn5t	輞	輞	uōng	1852	1	7	xw2zhg638zn		2025-05-16 17:05:37	2025-05-16 17:05:37
xt6mjdtb733	x4sy2kfr752	輳	輳	cáiu	1852	1	8	xw2zhg638zn		2025-05-16 17:05:37	2025-05-16 17:05:37
x5e29kkr6pa	xt7jn3tmdww	輯	輯	cék	1852	1	9	xw2zhg638zn		2025-05-16 17:05:37	2025-05-16 17:05:37
x8xrsta97mh	xt7jn3tmdww	輯	輯	cĭk	1852	1	9	xw2zhg638zn		2025-05-16 17:05:37	2025-05-16 17:05:37
xnkwu25hjuf	xsn9crz88ze	輻	輻	hók	1852	1	10	xw2zhg638zn		2025-05-16 17:05:37	2025-05-16 17:05:37
x6c6nnvu8ww	xk76dm8d32w	輶	輶	ìu	1852	1	11	xw2zhg638zn		2025-05-16 17:05:37	2025-05-16 17:05:37
x5hab89nyaq			輭	nuōng	1852	1	12	xw2zhg638zn	原書有誤，已更正	2025-05-16 17:05:37	2025-05-16 17:05:37
x2rkskzf67h			輸	sṳ̆	1852	1	13	xw2zhg638zn		2025-05-16 17:05:37	2025-05-16 17:05:37
xqf992d8tfg			輸	suŏ	1852	1	13	xw2zhg638zn	原書有誤，已更正	2025-05-16 17:05:37	2025-05-16 17:05:37
x9ypxwa3j3h			輾	diēng	1852	1	14	xw2zhg638zn		2025-05-16 17:05:37	2025-05-16 17:05:37
xysmfjsabus	xnu9re98ykn	轂	轂	gók	1852	1	15	xw2zhg638zn		2025-05-16 17:05:37	2025-05-16 17:05:37
xqekbp246tq	xx4bq8jz8n2	轄	轄	hăk	1852	1	16	xw2zhg638zn		2025-05-16 17:05:37	2025-05-16 17:05:37
xrq3dvxz267	x8nbddbsb9q	輿	輿	ṳ̀	1852	1	17	xw2zhg638zn		2025-05-16 17:05:37	2025-05-16 17:05:37
xytdjzhwq4a	xecn4gn3khv	轅	轅	uòng	1852	1	18	xw2zhg638zn		2025-05-16 17:05:37	2025-05-16 17:05:37
xsu6dntyq93			轈	càu	1852	1	19	xw2zhg638zn		2025-05-16 17:05:37	2025-05-16 17:05:37
x3b6sv5a6my	xczmtmmc3dk	轉	轉	duōng	1852	1	20	xw2zhg638zn	原書有誤，已更正	2025-05-16 17:05:37	2025-05-16 17:05:37
xr2fsap7dr8	xvf3rxceqkm	轇	轇	gĕu	1852	1	21	xw2zhg638zn		2025-05-16 17:05:37	2025-05-16 17:05:37
xdsyu5vqdpn			轆	lṳ̆k	1852	1	22	xw2zhg638zn		2025-05-16 17:05:37	2025-05-16 17:05:37
x6dzrrqn9dh	x75heccsgf5	轍	轍	diĕk	1852	2	1	xw2zhg638zn		2025-05-16 17:05:37	2025-05-16 17:05:37
xxgk7e97qz3	x47y75d6gaq	轎	轎	giêu	1852	2	2	xw2zhg638zn		2025-05-16 17:05:37	2025-05-16 17:05:37
x75fuu3f7tm			轓	huăng	1852	2	3	xw2zhg638zn		2025-05-16 17:05:37	2025-05-16 17:05:37
x35gbdytvyy	x635zx898du	轔	轔	lìng	1852	2	4	xw2zhg638zn		2025-05-16 17:05:37	2025-05-16 17:05:37
xevb4wrr4gb	x2qsgdbgwxe	轕	轕	gák	1852	2	5	xw2zhg638zn		2025-05-16 17:05:37	2025-05-16 17:05:37
xbps335hws9	xpgxdk24xyb	轗	轗	kāng	1852	2	6	xw2zhg638zn		2025-05-16 17:05:37	2025-05-16 17:05:37
xxfy5r7xhnm	xdwgm549afh	轟	轟	ĕng	1852	2	7	xw2zhg638zn		2025-05-16 17:05:37	2025-05-16 17:05:37
xtj9ce6htgz	xu9dgyhbwkr	轞	轞	kāng	1852	2	8	xw2zhg638zn		2025-05-16 17:05:37	2025-05-16 17:05:37
xguvfktg4p6	xwguwdx5xcz	轡	轡	bié	1852	2	9	xw2zhg638zn		2025-05-16 17:05:37	2025-05-16 17:05:37
x5armw9uasd	xvmsd8z3jmk	轢	轢	lĭk	1852	2	10	xw2zhg638zn		2025-05-16 17:05:37	2025-05-16 17:05:37
xzbpqgtu66d			轤	lù	1852	2	11	xw2zhg638zn		2025-05-16 17:05:37	2025-05-16 17:05:37
xpmuyanhz3j			轤	lṳ̀	1852	2	11	xw2zhg638zn		2025-05-16 17:05:37	2025-05-16 17:05:37
xm988hp8jmb	xtnusjfp84q	辛	辛	sĭng	1852	2	12	xc2fp283kam		2025-05-16 17:05:37	2025-05-16 17:05:37
xasr52y5cua	x2t739dkyzg	辜	辜	gŭ	1852	2	13	xc2fp283kam		2025-05-16 17:05:37	2025-05-16 17:05:37
xecncs2ar6q			辠	cô̤i	1852	2	14	xc2fp283kam		2025-05-16 17:05:37	2025-05-16 17:05:37
xd3p7aa6uje	xx596m7548z	辟	辟	pék	1852	2	15	xc2fp283kam		2025-05-16 17:05:37	2025-05-16 17:05:37
xtmyuhpcuq2	xx596m7548z	辟	辟	piáh	1852	2	15	xc2fp283kam		2025-05-16 17:05:37	2025-05-16 17:05:37
xetc3yqban4			𨐖	sák	1852	2	16	xc2fp283kam		2025-05-16 17:05:37	2025-05-16 17:05:37
xrbau8kfsr5			辞	sṳ̀	1852	2	17	xc2fp283kam		2025-05-16 17:05:37	2025-05-16 17:05:37
x7nz5779upy	xtzu6nzmu87	辣	辣	lăk	1852	2	18	xc2fp283kam		2025-05-16 17:05:37	2025-05-16 17:05:37
xjjzdf9m6aa			辢	lăk	1852	2	18	xc2fp283kam		2025-05-16 17:05:37	2025-05-16 17:05:37
x5tbqkjtdgc	xjnen2a4w4x	辦	辦	bâing	1852	2	19	xc2fp283kam		2025-05-16 17:05:37	2025-05-16 17:05:37
xzyj5pmes4z	x7c7uk7w9r3	辨	辨	biêng	1852	2	20	xc2fp283kam		2025-05-16 17:05:37	2025-05-16 17:05:37
x38undsmend	xcvdkbeugng	辭	辭	sṳ̀	1852	2	21	xc2fp283kam		2025-05-16 17:05:37	2025-05-16 17:05:37
xbht2ptfreg	xxqh5syvnxw	辯	辯	biêng	1852	3	1	xc2fp283kam		2025-05-16 17:05:37	2025-05-16 17:05:37
x4k95rxmjg2	xwjns5tgxpr	辰	辰	sìng	1852	3	2	xrhf2hr29y3		2025-05-16 17:05:37	2025-05-16 17:05:37
xus7jsgqk9m	xvz2qhfgs3v	辱	辱	ṳ̆k	1852	3	3	xrhf2hr29y3		2025-05-16 17:05:37	2025-05-16 17:05:37
xrhgs7cmyc8	xfc6c256wgb	農	農	nùng	1852	3	4	xrhf2hr29y3		2025-05-16 17:05:37	2025-05-16 17:05:37
x6gf8j6p2yv			辵	chiók	1852	3	5	xdmsx3mk4z9		2025-05-16 17:05:37	2025-05-16 17:05:37
xxf3zhvyg2f			迁	chiĕng	1852	3	6	xdmsx3mk4z9		2025-05-16 17:05:37	2025-05-16 17:05:37
xxkknehbzna			迆	ì	1852	3	7	xdmsx3mk4z9		2025-05-16 17:05:37	2025-05-16 17:05:37
x8zt6dzgpf8	xcx7vz7yuwh	迄	迄	ngék	1852	3	8	xdmsx3mk4z9		2025-05-16 17:05:37	2025-05-16 17:05:37
xhrbsbpemm5	xgr8ec3vtwh	迅	迅	séng	1852	3	9	xdmsx3mk4z9		2025-05-16 17:05:37	2025-05-16 17:05:37
xrdwx96jksr			迂	ṳ̆	1852	3	10	xdmsx3mk4z9		2025-05-16 17:05:37	2025-05-16 17:05:37
xm2dxje92um			迊	cák	1852	3	11	xdmsx3mk4z9		2025-05-16 17:05:37	2025-05-16 17:05:37
x9t9p6s8a8e	xzu7263r46k	迍	迍	dŭng	1852	3	12	xdmsx3mk4z9		2025-05-16 17:05:37	2025-05-16 17:05:37
xduuj7k6qsc	xjyrbqut7p2	近	近	gê̤ṳng	1852	3	13	xdmsx3mk4z9		2025-05-16 17:05:37	2025-05-16 17:05:37
xxexcuhefgt	x6jmt4c5wta	返	返	huāng	1852	3	14	xdmsx3mk4z9		2025-05-16 17:05:37	2025-05-16 17:05:37
xnm3sf44hgf	xsrhx6hrjha	迓	迓	ngâ	1852	3	15	xdmsx3mk4z9		2025-05-16 17:05:37	2025-05-16 17:05:37
xukvmc2vvhj			迎	ngìng	1852	3	16	xdmsx3mk4z9		2025-05-16 17:05:37	2025-05-16 17:05:37
x4vcsb7etd4			迎	ngêng	1852	3	16	xdmsx3mk4z9		2025-05-16 17:05:37	2025-05-16 17:05:37
xswc38agc6w			迎	ngiàng	1852	3	16	xdmsx3mk4z9		2025-05-16 17:05:37	2025-05-16 17:05:37
xkd5463hhwg			迕	ngū	1852	3	17	xdmsx3mk4z9		2025-05-16 17:05:37	2025-05-16 17:05:37
x3zdty8vh2p			迋	uông	1852	3	18	xdmsx3mk4z9		2025-05-16 17:05:37	2025-05-16 17:05:37
xwqb5ytshkj			迮	cá	1852	3	19	xdmsx3mk4z9		2025-05-16 17:05:37	2025-05-16 17:05:37
x6srqjegrv6	x5mjpgva87p	迨	迨	dâi	1852	3	20	xdmsx3mk4z9		2025-05-16 17:05:37	2025-05-16 17:05:37
xm7hq3cqgdb	xhsps3txmbm	迭	迭	diĕk	1853	1	1	xdmsx3mk4z9		2025-05-16 17:05:37	2025-05-16 17:05:37
xne6nsd2h99	xz6eesabzjf	迪	迪	dĭk	1853	1	2	xdmsx3mk4z9		2025-05-16 17:05:37	2025-05-16 17:05:37
xsuaqbhe9n7			迯	dò̤	1853	1	3	xdmsx3mk4z9		2025-05-16 17:05:37	2025-05-16 17:05:37
xdu3zjbjmtd	xbyequceeeg	迦	迦	giă	1853	1	4	xdmsx3mk4z9		2025-05-16 17:05:37	2025-05-16 17:05:37
xs23mr34cr5	xhzdt8vcx8v	迥	迥	héng	1853	1	5	xdmsx3mk4z9		2025-05-16 17:05:37	2025-05-16 17:05:37
xfbujt85hcv	xzjnphg5yzw	迤	迤	ì	1853	1	6	xdmsx3mk4z9		2025-05-16 17:05:37	2025-05-16 17:05:37
xcv2j2dhjg5			迫	páik	1853	1	7	xdmsx3mk4z9		2025-05-16 17:05:37	2025-05-16 17:05:37
xfekxkyr23v			迫	páe̤k	1853	1	7	xdmsx3mk4z9		2025-05-16 17:05:37	2025-05-16 17:05:37
xrcxp58tqwd	xas657dzna6	迢	迢	sièu	1853	1	8	xdmsx3mk4z9		2025-05-16 17:05:37	2025-05-16 17:05:37
xfbfm94d6j8	x5wqp2v2cj8	述	述	sŭk	1853	1	9	xdmsx3mk4z9		2025-05-16 17:05:37	2025-05-16 17:05:37
xx6uanc22m2			迹	cék	1853	1	10	xdmsx3mk4z9		2025-05-16 17:05:37	2025-05-16 17:05:37
xuvpwpaw82a			迹	ciáh	1853	1	10	xdmsx3mk4z9		2025-05-16 17:05:37	2025-05-16 17:05:37
xvmywpzg9mz	x48p94xmqkn	逃	逃	dò̤	1853	1	11	xdmsx3mk4z9		2025-05-16 17:05:37	2025-05-16 17:05:37
x8t7bvf9qqf			追	dŭi	1853	1	12	xdmsx3mk4z9		2025-05-16 17:05:37	2025-05-16 17:05:37
xbrpf84s2a3			适	guák	1853	1	13	xdmsx3mk4z9		2025-05-16 17:05:37	2025-05-16 17:05:37
xyvjnzhwrbc	xf5hdwhbf34	逅	逅	hâiu	1853	1	14	xdmsx3mk4z9		2025-05-16 17:05:37	2025-05-16 17:05:37
xksyx4dcznr	x587r6htspk	迴	迴	huòi	1853	1	15	xdmsx3mk4z9		2025-05-16 17:05:37	2025-05-16 17:05:37
x68z99hgm8j	xphebbr96np	迷	迷	mì	1853	1	16	xdmsx3mk4z9		2025-05-16 17:05:37	2025-05-16 17:05:37
xwwemsxhje9	xycma99uju7	逆	逆	ngĭk	1853	1	17	xdmsx3mk4z9		2025-05-16 17:05:37	2025-05-16 17:05:37
xmrg3dgh682			送	sóng	1853	1	18	xdmsx3mk4z9		2025-05-16 17:05:37	2025-05-16 17:05:37
xh8cs49exfc			送	sáe̤ng	1853	1	18	xdmsx3mk4z9		2025-05-16 17:05:37	2025-05-16 17:05:37
x48ajny8yta	x2br68k7ech	退	退	tó̤i	1853	1	19	xdmsx3mk4z9		2025-05-16 17:05:37	2025-05-16 17:05:37
x7aufy5dv4h	x6vazfb42a8	逋	逋	buò	1853	1	20	xdmsx3mk4z9		2025-05-16 17:05:37	2025-05-16 17:05:37
xv7kjuy2jr8			這	ciē	1853	1	21	xdmsx3mk4z9		2025-05-16 17:05:37	2025-05-16 17:05:37
xmg3q9sffpe			造	chô̤	1853	1	22	xdmsx3mk4z9		2025-05-16 17:05:37	2025-05-16 17:05:37
xxemhemza7q	xhee4mswqc9	逡	逡	cŭng	1853	2	1	xdmsx3mk4z9		2025-05-16 17:05:37	2025-05-16 17:05:37
x6jjzz44ubu			逓	dâ̤	1853	2	2	xdmsx3mk4z9		2025-05-16 17:05:37	2025-05-16 17:05:37
xavk5rxyszv	xnnstznru34	逖	逖	dĭk	1853	2	4	xdmsx3mk4z9		2025-05-16 17:05:37	2025-05-16 17:05:37
xz2gkrmdddg	xt9wfwxcmgz	途	途	dù	1853	2	5	xdmsx3mk4z9		2025-05-16 17:05:37	2025-05-16 17:05:37
xvba5r4qm5c			逐	dṳ̆k	1853	2	6	xdmsx3mk4z9		2025-05-16 17:05:37	2025-05-16 17:05:37
x2qjk4mdj3z			逕	géng	1853	2	7	xdmsx3mk4z9		2025-05-16 17:05:37	2025-05-16 17:05:37
xs7ppf5ezpb	x7abtcpecey	逑	逑	gìu	1853	2	8	xdmsx3mk4z9		2025-05-16 17:05:37	2025-05-16 17:05:37
xbt45k3n5a6	x6ybyz2nhqu	逛	逛	guông	1853	2	9	xdmsx3mk4z9		2025-05-16 17:05:37	2025-05-16 17:05:37
x9szk9epns7	x3vczuygwxs	逢	逢	hùng	1853	2	10	xdmsx3mk4z9		2025-05-16 17:05:37	2025-05-16 17:05:37
xcjkyrmajyc	x3vczuygwxs	逢	逢	pùng	1853	2	10	xdmsx3mk4z9		2025-05-16 17:05:37	2025-05-16 17:05:37
xz4w8edfxnx	x53yfs63ure	連	連	lièng	1853	2	11	xdmsx3mk4z9		2025-05-16 17:05:37	2025-05-16 17:05:37
xcntuhaju99	xme5rk55w5b	逝	逝	siê	1853	2	12	xdmsx3mk4z9		2025-05-16 17:05:37	2025-05-16 17:05:37
xe3sychv6v4	xvcwqze7kn5	逍	逍	siĕu	1853	2	13	xdmsx3mk4z9		2025-05-16 17:05:37	2025-05-16 17:05:37
xtqy36rr35h	xcjzbfbjtnj	速	速	sók	1853	2	14	xdmsx3mk4z9		2025-05-16 17:05:37	2025-05-16 17:05:37
xd5n56jhh7y			透	táiu	1853	2	15	xdmsx3mk4z9		2025-05-16 17:05:37	2025-05-16 17:05:37
xdv4qkyeqb4	xv99tt969gq	逞	逞	tīng	1853	2	16	xdmsx3mk4z9		2025-05-16 17:05:37	2025-05-16 17:05:37
xa33q6hy2tn			通	tŭng	1853	2	17	xdmsx3mk4z9		2025-05-16 17:05:37	2025-05-16 17:05:37
xaey36rv579			通	tĕ̤ng	1853	2	17	xdmsx3mk4z9		2025-05-16 17:05:37	2025-05-16 17:05:37
xfaa4jdvuah			逬	béng	1853	2	18	xdmsx3mk4z9		2025-05-16 17:05:37	2025-05-16 17:05:37
x3jk7ume59f	xc2wqpwxf55	進	進	céng	1853	2	19	xdmsx3mk4z9		2025-05-16 17:05:37	2025-05-16 17:05:37
xz834ucrhzz			週	cĭu	1853	2	20	xdmsx3mk4z9		2025-05-16 17:05:37	2025-05-16 17:05:37
xgyv5vjva4a	xx6zcc5jrq3	逮	逮	dâi	1853	2	21	xdmsx3mk4z9		2025-05-16 17:05:37	2025-05-16 17:05:37
x4pp72y2ne2			逷	dĭk	1853	2	22	xdmsx3mk4z9		2025-05-16 17:05:37	2025-05-16 17:05:37
xyjpwt2wytb	x426jr7m8td	逵	逵	gì	1853	3	1	xdmsx3mk4z9		2025-05-16 17:05:37	2025-05-16 17:05:37
xypzkwmbucz	xzxgc74g2qf	逭	逭	guāng	1853	3	2	xdmsx3mk4z9		2025-05-16 17:05:37	2025-05-16 17:05:37
xgwgqrv9v8n	x6wvda9c6dx	逸	逸	ĭk	1853	3	3	xdmsx3mk4z9		2025-05-16 17:05:37	2025-05-16 17:05:37
xa4mvj7khhy	x9m3q8jqmgk	逶	逶	ŭi	1853	3	4	xdmsx3mk4z9		2025-05-16 17:05:37	2025-05-16 17:05:37
xg7ghnk5bp5			逺	uōng	1853	3	5	xdmsx3mk4z9		2025-05-16 17:05:37	2025-05-16 17:05:37
xqy8w2pmbtp			逺	uông	1853	3	5	xdmsx3mk4z9		2025-05-16 17:05:37	2025-05-16 17:05:37
xqfp48xatdz			逺	huông	1853	3	5	xdmsx3mk4z9		2025-05-16 17:05:37	2025-05-16 17:05:37
xwrysf3p2ae	xh8yrjacktb	遏	遏	ák	1853	3	6	xdmsx3mk4z9		2025-05-16 17:05:37	2025-05-16 17:05:37
x4jwpwqhhpa	xabe5zv4h8g	達	達	dăk	1853	3	7	xdmsx3mk4z9		2025-05-16 17:05:37	2025-05-16 17:05:37
x9mmszfq3qg	xabe5zv4h8g	達	達	dák	1853	3	7	xdmsx3mk4z9		2025-05-16 17:05:37	2025-05-16 17:05:37
xrfzhqt5hyq	x7bmeabrugh	遁	遁	dâung	1853	3	8	xdmsx3mk4z9		2025-05-16 17:05:37	2025-05-16 17:05:37
xyfysqznwf8	x82t493n8u2	逿	逿	dâung	1853	3	9	xdmsx3mk4z9		2025-05-16 17:05:37	2025-05-16 17:05:37
x7jp954zucd	x3b9skmxqnu	道	道	dô̤	1853	3	10	xdmsx3mk4z9		2025-05-16 17:05:37	2025-05-16 17:05:37
xhk5btms493	x3b9skmxqnu	道	道	dò̤	1853	3	10	xdmsx3mk4z9		2025-05-16 17:05:37	2025-05-16 17:05:37
xyrw9f5ezrk			過	guó	1853	3	11	xdmsx3mk4z9		2025-05-16 17:05:37	2025-05-16 17:05:37
x7u5dn2xqkh	xc66j3meq2r	遐	遐	hà	1853	3	12	xdmsx3mk4z9		2025-05-16 17:05:37	2025-05-16 17:05:37
xhke9xe2z3n	xbhbbzh394k	遑	遑	huòng	1853	3	13	xdmsx3mk4z9		2025-05-16 17:05:37	2025-05-16 17:05:37
x5r2aqp7gae	xq85ygqh45d	遊	遊	ìu	1853	3	14	xdmsx3mk4z9		2025-05-16 17:05:37	2025-05-16 17:05:37
xpmuj3dc7nb	xkxmqxe6yjc	遒	遒	ìu	1853	3	15	xdmsx3mk4z9		2025-05-16 17:05:37	2025-05-16 17:05:37
x6jrem373pf	xw5ej2vr22q	遇	遇	ngê̤ṳ	1853	3	16	xdmsx3mk4z9		2025-05-16 17:05:37	2025-05-16 17:05:37
xuv7aq5uhmq	xw5ej2vr22q	遇	遇	pâung	1853	3	16	xdmsx3mk4z9		2025-05-16 17:05:37	2025-05-16 17:05:37
x8eu2xj3e8k	xmjhjfqqg8s	運	運	ông	1853	3	17	xdmsx3mk4z9		2025-05-16 17:05:37	2025-05-16 17:05:37
x3u5ydp3zwh			逼	páik	1853	3	18	xdmsx3mk4z9		2025-05-16 17:05:37	2025-05-16 17:05:37
x3mbyqgf9wt			逼	páe̤k	1853	3	18	xdmsx3mk4z9		2025-05-16 17:05:37	2025-05-16 17:05:37
xmbjrh7mebp			逼	bék	1853	3	18	xdmsx3mk4z9		2025-05-16 17:05:37	2025-05-16 17:05:37
x3q6k4ntp7j			遍	piéng	1853	3	19	xdmsx3mk4z9		2025-05-16 17:05:37	2025-05-16 17:05:37
xb9vnttc4a5			遄	suòng	1853	3	20	xdmsx3mk4z9	原書有誤，已更正	2025-05-16 17:05:37	2025-05-16 17:05:37
xb3ahjyt8vf	xsjwyhchgv5	遂	遂	sôi	1853	3	21	xdmsx3mk4z9		2025-05-16 17:05:37	2025-05-16 17:05:37
xzaduu7nc9h	xskr9cwu8tk	逾	逾	ṳ̀	1853	3	22	xdmsx3mk4z9		2025-05-16 17:05:37	2025-05-16 17:05:37
x7nm4ukb43n	x93q474vbkp	遞	遞	dâ̤	1854	1	1	xdmsx3mk4z9		2025-05-16 17:05:37	2025-05-16 17:05:37
xrsmtx62f2x	x93q474vbkp	遞	遞	dái	1854	1	1	xdmsx3mk4z9		2025-05-16 17:05:37	2025-05-16 17:05:37
xe6nafe46m8	x6svgphrdf2	遝	遝	dăk	1854	1	2	xdmsx3mk4z9		2025-05-16 17:05:37	2025-05-16 17:05:37
xd4mynzm3v5			遘	gáiu	1854	1	3	xdmsx3mk4z9		2025-05-16 17:05:37	2025-05-16 17:05:37
xccvvnj8bhk	xf57eqvnnqc	遙	遙	ièu	1854	1	4	xdmsx3mk4z9		2025-05-16 17:05:37	2025-05-16 17:05:37
xv63ujt6nf4			遥	ièu	1854	1	4	xdmsx3mk4z9		2025-05-16 17:05:37	2025-05-16 17:05:37
x2e2sn2r6h6	xqndn6ajm97	遣	遣	kiēng	1854	1	5	xdmsx3mk4z9		2025-05-16 17:05:37	2025-05-16 17:05:37
x7gxm5bfvnn			遛	lìu	1854	1	6	xdmsx3mk4z9		2025-05-16 17:05:37	2025-05-16 17:05:37
xytafcjqyhh	xk5tzrr7zfk	遜	遜	sáung	1854	1	7	xdmsx3mk4z9		2025-05-16 17:05:37	2025-05-16 17:05:37
xuzs4j67hky			遡	só	1854	1	8	xdmsx3mk4z9		2025-05-16 17:05:37	2025-05-16 17:05:37
xnes285kakg	xbr3c2nzyk8	遢	遢	ták	1854	1	9	xdmsx3mk4z9		2025-05-16 17:05:37	2025-05-16 17:05:37
xm5yzzzvfer	xp9kbagcy3y	違	違	ùi	1854	1	10	xdmsx3mk4z9		2025-05-16 17:05:37	2025-05-16 17:05:37
xun7kdr75gu			遠	uōng	1854	1	11	xdmsx3mk4z9		2025-05-16 17:05:37	2025-05-16 17:05:37
xqu5z4cchqp			遠	uông	1854	1	11	xdmsx3mk4z9		2025-05-16 17:05:37	2025-05-16 17:05:37
xb2qm78cejk			遠	huông	1854	1	11	xdmsx3mk4z9		2025-05-16 17:05:37	2025-05-16 17:05:37
x77q856ufhc	x9jh946c5e7	遮	遮	ciă	1854	1	12	xdmsx3mk4z9		2025-05-16 17:05:37	2025-05-16 17:05:37
xta6tgrfv8q	x3ujsua73gz	遭	遭	cŏ̤	1854	1	13	xdmsx3mk4z9		2025-05-16 17:05:37	2025-05-16 17:05:37
xe63ea3s4cj	xp93yuddpt2	造	造	cô̤	1853	1	22	xdmsx3mk4z9		2026-04-12 17:55:51	2025-05-16 17:05:37
x3upeyxwvqe			遯	dâung	1854	1	14	xdmsx3mk4z9		2025-05-16 17:05:37	2025-05-16 17:05:37
xjefuhuwwue	x4r6f6tzqsa	遲	遲	dì	1854	1	15	xdmsx3mk4z9		2025-05-16 17:05:37	2025-05-16 17:05:37
xryggb2hbrk	xfgcv35ctjj	遨	遨	ngò̤	1854	1	16	xdmsx3mk4z9		2025-05-16 17:05:37	2025-05-16 17:05:37
x4nk2t9ashy			適	sék	1854	1	17	xdmsx3mk4z9		2025-05-16 17:05:37	2025-05-16 17:05:37
x5mrv7xexej	xwcarab9ekf	遬	遬	sók	1854	1	18	xdmsx3mk4z9		2025-05-16 17:05:37	2025-05-16 17:05:37
xtcdbksnv84	xex9wd7636r	遵	遵	cŏng	1854	1	19	xdmsx3mk4z9		2025-05-16 17:05:37	2025-05-16 17:05:37
xdpx8v4qmts	xvakg3um6r6	遷	遷	chiĕng	1854	1	20	xdmsx3mk4z9		2025-05-16 17:05:37	2025-05-16 17:05:37
xtf3kqzh55y	xafggsg23t8	遼	遼	lièu	1854	1	21	xdmsx3mk4z9		2025-05-16 17:05:37	2025-05-16 17:05:37
xytw65f4ppp	xcjafqsmhdq	遴	遴	lìng	1854	1	22	xdmsx3mk4z9		2025-05-16 17:05:37	2025-05-16 17:05:37
xnfnjq5ry7j	xcjafqsmhdq	遴	遴	lêng	1854	1	22	xdmsx3mk4z9		2025-05-16 17:05:37	2025-05-16 17:05:37
xm9e2qhr4mf			遺	mì	1854	2	1	xdmsx3mk4z9		2025-05-16 17:05:37	2025-05-16 17:05:37
xjhf72gccp9			遺	mê	1854	2	1	xdmsx3mk4z9		2025-05-16 17:05:37	2025-05-16 17:05:37
xgwgtsxh37p			遶	nāu	1854	2	2	xdmsx3mk4z9		2025-05-16 17:05:37	2025-05-16 17:05:37
xthf22trr3q			遻	nguô	1854	2	3	xdmsx3mk4z9		2025-05-16 17:05:38	2025-05-16 17:05:38
xc2ygmj6ynf	xbghkwyzyy9	選	選	sōng	1854	2	4	xdmsx3mk4z9		2025-05-16 17:05:38	2025-05-16 17:05:38
xhktzd4v28n	xf8ntrwvmza	遹	遹	ṳ̆k	1854	2	5	xdmsx3mk4z9		2025-05-16 17:05:38	2025-05-16 17:05:38
xeefc5t3szr	x525t5tds8t	避	避	biê	1854	2	6	xdmsx3mk4z9		2025-05-16 17:05:38	2025-05-16 17:05:38
xh4ef93ua56	xysksb2wqmj	邅	邅	ciĕng	1854	2	7	xdmsx3mk4z9		2025-05-16 17:05:38	2025-05-16 17:05:38
xgg4fv6sq6a	xk8w5chv82q	遽	遽	gé̤ṳ	1854	2	8	xdmsx3mk4z9		2025-05-16 17:05:38	2025-05-16 17:05:38
xqx2d7wrsz7	xpyrbvadgay	邂	邂	hâi	1854	2	9	xdmsx3mk4z9		2025-05-16 17:05:38	2025-05-16 17:05:38
xuu2vjrq6f7			還	huàng	1854	2	10	xdmsx3mk4z9		2025-05-16 17:05:38	2025-05-16 17:05:38
x9xkp43zfac			還	hèng	1854	2	10	xdmsx3mk4z9		2025-05-16 17:05:38	2025-05-16 17:05:38
xr6h3c8cmwb			還	dèng	1854	2	10	xdmsx3mk4z9		2025-05-16 17:05:38	2025-05-16 17:05:38
xk3emjhrbx6			還	suòng	1854	2	10	xdmsx3mk4z9	原書有誤，已更正	2025-05-16 17:05:38	2025-05-16 17:05:38
xxgbet6u2wn	xsxvmzavu7q	邀	邀	iĕu	1854	2	11	xdmsx3mk4z9		2025-05-16 17:05:38	2025-05-16 17:05:38
x4tb9s4mdug			邁	mâi	1854	2	12	xdmsx3mk4z9		2025-05-16 17:05:38	2025-05-16 17:05:38
xyw8jrfe22n	x2pj9tvjw3d	邇	邇	ī	1854	2	13	xdmsx3mk4z9		2025-05-16 17:05:38	2025-05-16 17:05:38
xd92nrtkn34	xkrh67r48b3	邈	邈	miēu	1854	2	14	xdmsx3mk4z9		2025-05-16 17:05:38	2025-05-16 17:05:38
x8zssudjnr8			邊	biĕng	1854	2	15	xdmsx3mk4z9		2025-05-16 17:05:38	2025-05-16 17:05:38
x5s4tyx4zdt			邊	bĕng	1854	2	15	xdmsx3mk4z9		2025-05-16 17:05:38	2025-05-16 17:05:38
xrmb5gjte4k	xangvd4arra	邐	邐	lī	1854	2	16	xdmsx3mk4z9		2025-05-16 17:05:38	2025-05-16 17:05:38
xyma53x2x8j	x8afdp5v22u	邏	邏	lô̤	1854	2	17	xdmsx3mk4z9		2025-05-16 17:05:38	2025-05-16 17:05:38
xdye3p3vm83	x2swhcxb5jw	邑	邑	ék	1854	2	18	xnt4x9pw9jp		2025-05-16 17:05:38	2025-05-16 17:05:38
xb67uudzkrb			邛	kṳ̆ng	1854	2	19	xnt4x9pw9jp		2025-05-16 17:05:38	2025-05-16 17:05:38
xg2fwskt6v3	xm2w9fz3zcv	邙	邙	mòng	1854	2	20	xnt4x9pw9jp		2025-05-16 17:05:38	2025-05-16 17:05:38
x3gs8wt4r8y	xh7egppp5tb	邕	邕	ṳ̆ng	1854	2	21	xnt4x9pw9jp		2025-05-16 17:05:38	2025-05-16 17:05:38
x6yxfb93jzk	xpuf7ypsjtr	邦	邦	băng	1854	3	1	xnt4x9pw9jp		2025-05-16 17:05:38	2025-05-16 17:05:38
xc8p8fdx263	xpwvq2amtc4	邠	邠	bĭng	1854	3	2	xnt4x9pw9jp		2025-05-16 17:05:38	2025-05-16 17:05:38
x85xhd95t8t	xn2d36cp68r	邢	邢	hìng	1854	3	3	xnt4x9pw9jp		2025-05-16 17:05:38	2025-05-16 17:05:38
xjf58prhhvp			那	nā	1854	3	4	xnt4x9pw9jp		2025-05-16 17:05:38	2025-05-16 17:05:38
xtkuasmkqym			那	nò̤	1854	3	4	xnt4x9pw9jp		2025-05-16 17:05:38	2025-05-16 17:05:38
xgujcvyfk6w			那	hiā	1854	3	4	xnt4x9pw9jp		2025-05-16 17:05:38	2025-05-16 17:05:38
x8p5x5g2pga	xbawa5a6v73	邪	邪	sià	1854	3	5	xnt4x9pw9jp		2025-05-16 17:05:38	2025-05-16 17:05:38
xzur34sdvpd	xbawa5a6v73	邪	邪	ià	1854	3	5	xnt4x9pw9jp		2025-05-16 17:05:38	2025-05-16 17:05:38
xagjdkwj49m	xpw4pvn2btt	邴	邴	bīng	1854	3	6	xnt4x9pw9jp		2025-05-16 17:05:38	2025-05-16 17:05:38
xnj9f8uqute	x3tnpnrets7	邶	邶	buôi	1854	3	7	xnt4x9pw9jp		2025-05-16 17:05:38	2025-05-16 17:05:38
x5xak7nrkc4	xuwqpf7cv5k	邸	邸	dī	1854	3	8	xnt4x9pw9jp		2025-05-16 17:05:38	2025-05-16 17:05:38
xfrjzjyadsb	xycmbccxhme	邯	邯	hăng	1854	3	9	xnt4x9pw9jp		2025-05-16 17:05:38	2025-05-16 17:05:38
xyhs2fuhsg2	xfxgtem88np	邱	邱	kĭu	1854	3	10	xnt4x9pw9jp		2025-05-16 17:05:38	2025-05-16 17:05:38
xnbjzww9e63			⿰𠮥阝	siêu	1854	3	11	xnt4x9pw9jp		2025-05-16 17:05:38	2025-05-16 17:05:38
xkc3mv6egwc			邵	siêu	1854	3	11	xnt4x9pw9jp		2025-05-16 17:05:38	2025-05-16 17:05:38
xgcc3bvxyv5	x2u3pz5csf2	邰	邰	tăi	1854	3	12	xnt4x9pw9jp		2025-05-16 17:05:38	2025-05-16 17:05:38
xq55f8vw3rp	xc6g9mr5uhp	郅	郅	cé	1854	3	13	xnt4x9pw9jp		2025-05-16 17:05:38	2025-05-16 17:05:38
xrkftfuzm9h			郁	é̤ṳk	1854	3	14	xnt4x9pw9jp		2025-05-16 17:05:38	2025-05-16 17:05:38
x3enx3bz86s	xwgmtdt386v	郊	郊	gău	1854	3	15	xnt4x9pw9jp		2025-05-16 17:05:38	2025-05-16 17:05:38
xdkf6sebms5	xrp2wwurw57	郇	郇	sùng	1854	3	16	xnt4x9pw9jp		2025-05-16 17:05:38	2025-05-16 17:05:38
xguauwh4why	xy9fz369hhk	邾	邾	tṳ̆	1854	3	17	xnt4x9pw9jp		2025-05-16 17:05:38	2025-05-16 17:05:38
x2ffks5syac	xhz2stm3zau	郡	郡	gông	1854	3	18	xnt4x9pw9jp		2025-05-16 17:05:38	2025-05-16 17:05:38
xadhyzpg39v	xsawp5m5rbb	郛	郛	hŭ	1854	3	19	xnt4x9pw9jp		2025-05-16 17:05:38	2025-05-16 17:05:38
xupyuga2gjz			郝	káuk	1854	3	20	xnt4x9pw9jp		2025-05-16 17:05:38	2025-05-16 17:05:38
xcj622a2cag			郝	sék	1854	3	20	xnt4x9pw9jp		2025-05-16 17:05:38	2025-05-16 17:05:38
xdbdc46nmgd	xr3uyqfbfzy	郤	郤	kiók	1854	3	21	xnt4x9pw9jp		2025-05-16 17:05:38	2025-05-16 17:05:38
x2k33rg4gck	xf9qgxamqc4	郎	郎	lòng	1854	3	22	xnt4x9pw9jp		2025-05-16 17:05:38	2025-05-16 17:05:38
xkdkg9p3zkw	xf9qgxamqc4	郎	郎	nòng	1854	3	22	xnt4x9pw9jp		2025-05-16 17:05:38	2025-05-16 17:05:38
x5vujmm778u	xvsj8abkmjx	郕	郕	sìng	1855	1	1	xnt4x9pw9jp		2025-05-16 17:05:38	2025-05-16 17:05:38
xp26hcf3tpm	x2sn4jtq5s2	郢	郢	tīng	1855	1	2	xnt4x9pw9jp		2025-05-16 17:05:38	2025-05-16 17:05:38
xunk4vvy7aa	xwgchp9bdza	部	部	buô	1855	1	3	xnt4x9pw9jp		2025-05-16 17:05:38	2025-05-16 17:05:38
xqtcqxjgn7w	xvyf2uzf7jx	郭	郭	guóh	1855	1	4	xnt4x9pw9jp		2025-05-16 17:05:38	2025-05-16 17:05:38
xw9g2qyzmtu			都	dŭ	1855	1	5	xnt4x9pw9jp		2025-05-16 17:05:38	2025-05-16 17:05:38
xtw8tcfzm4q	x2xgqjpwqu5	鄀	鄀	iŏk	1855	1	6	xnt4x9pw9jp		2025-05-16 17:05:38	2025-05-16 17:05:38
xwszpuy9267	xxrb775xhmt	郵	郵	ìu	1855	1	7	xnt4x9pw9jp		2025-05-16 17:05:38	2025-05-16 17:05:38
xz3mjxuua73	xnktkbqvqb6	郿	郿	mì	1855	1	8	xnt4x9pw9jp		2025-05-16 17:05:38	2025-05-16 17:05:38
x3pw46bf5bx			鄂	ngáuk	1855	1	9	xnt4x9pw9jp		2025-05-16 17:05:38	2025-05-16 17:05:38
xmh9c4tm7yp	xcns95xznhx	鄆	鄆	ông	1855	1	10	xnt4x9pw9jp		2025-05-16 17:05:38	2025-05-16 17:05:38
x6f446s92jh	x27qzvfnjhb	鄒	鄒	cĕu	1855	1	11	xnt4x9pw9jp		2025-05-16 17:05:38	2025-05-16 17:05:38
xkzaw28aaht			鄕	hiŏng	1855	1	12	xnt4x9pw9jp		2025-05-16 17:05:38	2025-05-16 17:05:38
xu2ruw42npe	x5757vr8pzc	鄔	鄔	ŭ	1855	1	13	xnt4x9pw9jp		2025-05-16 17:05:38	2025-05-16 17:05:38
xqpxqf85fh9	xvte9vyhtd9	鄣	鄣	ciŏng	1855	1	14	xnt4x9pw9jp		2025-05-16 17:05:38	2025-05-16 17:05:38
xx4s6dj6xj8			鄢	iŏng	1855	1	15	xnt4x9pw9jp		2025-05-16 17:05:38	2025-05-16 17:05:38
x9r9gx4uemc	xgqjwyczcyv	鄙	鄙	pī	1855	1	16	xnt4x9pw9jp		2025-05-16 17:05:38	2025-05-16 17:05:38
xqn7yuxcxyu			䧡	ṳ̀ng	1855	1	17	xnt4x9pw9jp		2025-05-16 17:05:38	2025-05-16 17:05:38
x6aekkh7xe6	xcrm7h76m3f	鄱	鄱	bŏ̤	1855	1	18	xnt4x9pw9jp		2025-05-16 17:05:38	2025-05-16 17:05:38
xwz3gar64hm	xgq53de7uq3	鄧	鄧	dâing	1855	1	19	xnt4x9pw9jp		2025-05-16 17:05:38	2025-05-16 17:05:38
xrm7mjj2jeu	xv5payqr2r5	鄲	鄲	dăng	1855	1	20	xnt4x9pw9jp		2025-05-16 17:05:38	2025-05-16 17:05:38
xg7ek5gupex	xgkm4esrc64	鄭	鄭	dâng	1855	1	21	xnt4x9pw9jp		2025-05-16 17:05:38	2025-05-16 17:05:38
xjjbbz76dk8	xuh7utd83uu	鄰	鄰	lìng	1855	1	22	xnt4x9pw9jp		2025-05-16 17:05:38	2025-05-16 17:05:38
x9bh8gpg9xf	xyb7zaak7av	鄴	鄴	ngiĕk	1855	2	1	xnt4x9pw9jp		2025-05-16 17:05:38	2025-05-16 17:05:38
xfauv22vzmr	x65c7xee338	鄹	鄹	cĕu	1855	2	2	xnt4x9pw9jp		2025-05-16 17:05:38	2025-05-16 17:05:38
xs4ks869krc	xfbdqrh47uw	酆	酆	hŭng	1855	2	3	xnt4x9pw9jp		2025-05-16 17:05:38	2025-05-16 17:05:38
xrk8zqms2v6	xtqtn87qay8	酈	酈	lĭk	1855	2	4	xnt4x9pw9jp		2025-05-16 17:05:38	2025-05-16 17:05:38
xaphq33e2un	x7mewyk27vf	酉	酉	īu	1855	2	5	xpn6f43j24y		2025-05-16 17:05:38	2025-05-16 17:05:38
x2gusnnjkqw	xvkeg66ehkt	酊	酊	dīng	1855	2	6	xpn6f43j24y		2025-05-16 17:05:38	2025-05-16 17:05:38
x76bsjek57d			酋	ìu	1855	2	7	xpn6f43j24y		2025-05-16 17:05:38	2025-05-16 17:05:38
xrfztq5cteq	xujsc7v5a7x	酌	酌	ciók	1855	2	8	xpn6f43j24y		2025-05-16 17:05:38	2025-05-16 17:05:38
x75qyrkc29d	xrzket6u4ks	酒	酒	cīu	1855	2	9	xpn6f43j24y		2025-05-16 17:05:38	2025-05-16 17:05:38
xr8t4qfsdfr	xfxkwvam3u7	酎	酎	dêu	1855	2	10	xpn6f43j24y		2025-05-16 17:05:38	2025-05-16 17:05:38
x7jetukyr8n	xzfb855fq5h	配	配	puói	1855	2	11	xpn6f43j24y		2025-05-16 17:05:38	2025-05-16 17:05:38
xrhwjx4ph3c	xt87zct6tvs	酗	酗	hṳ̆ng	1855	2	12	xpn6f43j24y		2025-05-16 17:05:38	2025-05-16 17:05:38
x8fw66g5dtr	x66f333sum5	酕	酕	mò̤	1855	2	13	xpn6f43j24y		2025-05-16 17:05:38	2025-05-16 17:05:38
xjyfsan8ncx			酖	tĭng	1855	2	14	xpn6f43j24y		2025-05-16 17:05:38	2025-05-16 17:05:38
x7dtdbfm238			酖	dăng	1855	2	14	xpn6f43j24y		2025-05-16 17:05:38	2025-05-16 17:05:38
x3tarehj9w7	xvz24zyyztu	酢	酢	cŏk	1855	2	15	xpn6f43j24y		2025-05-16 17:05:38	2025-05-16 17:05:38
xzwdb24esg2	x6b9yeb9uju	酡	酡	dò̤	1855	2	16	xpn6f43j24y		2025-05-16 17:05:38	2025-05-16 17:05:38
xcbtg4zd7fq	xv3ccrq5xwa	酤	酤	gŭ	1855	2	17	xpn6f43j24y		2025-05-16 17:05:38	2025-05-16 17:05:38
xq8hkq2adkd	xncfqe7sd5r	酣	酣	hăng	1855	2	18	xpn6f43j24y		2025-05-16 17:05:38	2025-05-16 17:05:38
xk8af9ja5w4	x9hf9tfxcmp	酥	酥	sŭ	1855	2	19	xpn6f43j24y		2025-05-16 17:05:38	2025-05-16 17:05:38
xmmt49wevd5			𨠯	hṳ̆ng	1855	2	20	xpn6f43j24y		2025-05-16 17:05:38	2025-05-16 17:05:38
x9crc3za8xs	xjd5nq65zu8	酪	酪	lŏk	1855	2	21	xpn6f43j24y		2025-05-16 17:05:38	2025-05-16 17:05:38
x8xpxa7vy2u	xjawtxrfp76	酩	酩	mīng	1855	3	1	xpn6f43j24y		2025-05-16 17:05:38	2025-05-16 17:05:38
x65ptvn9vx4	xfrht5hvshe	酬	酬	sìu	1855	3	2	xpn6f43j24y		2025-05-16 17:05:38	2025-05-16 17:05:38
xccppudtcxa			酧	sìu	1855	3	2	xpn6f43j24y		2025-05-16 17:05:38	2025-05-16 17:05:38
xx5gqg84vt2	xc4s76y9q6f	酴	酴	dù	1855	3	3	xpn6f43j24y		2025-05-16 17:05:38	2025-05-16 17:05:38
xqndm9p58yt			酵	gáu	1855	3	4	xpn6f43j24y		2025-05-16 17:05:38	2025-05-16 17:05:38
x2rket42k74	xyvu4c2j7sr	酷	酷	gók	1855	3	5	xpn6f43j24y		2025-05-16 17:05:38	2025-05-16 17:05:38
x9wn4ugfgjq	xbv9newphap	酹	酹	lôi	1855	3	6	xpn6f43j24y		2025-05-16 17:05:38	2025-05-16 17:05:38
xhwv8xzr8jn	xadeqem2nmf	酸	酸	sŏng	1855	3	7	xpn6f43j24y		2025-05-16 17:05:38	2025-05-16 17:05:38
xrzyxrk4c3p	x52vjftuhhb	酲	酲	tìng	1855	3	8	xpn6f43j24y		2025-05-16 17:05:38	2025-05-16 17:05:38
xsfmak8jjjq			醆	cāng	1855	3	9	xpn6f43j24y		2025-05-16 17:05:38	2025-05-16 17:05:38
xf25nejqj8b	xzzghw4yug3	醉	醉	cói	1855	3	10	xpn6f43j24y		2025-05-16 17:05:38	2025-05-16 17:05:38
x3wechkhgwx	x2a8js68gva	醋	醋	chó	1855	3	11	xpn6f43j24y		2025-05-16 17:05:38	2025-05-16 17:05:38
xtsth6s8j6a	x8bagwxuc5r	醄	醄	dò̤	1855	3	12	xpn6f43j24y		2025-05-16 17:05:38	2025-05-16 17:05:38
xx9b2rhfvex	xw7sv387ceg	醁	醁	lṳ̆k	1855	3	13	xpn6f43j24y		2025-05-16 17:05:38	2025-05-16 17:05:38
x59nu7c3dpt			醃	siéng	1855	3	14	xpn6f43j24y		2025-05-16 17:05:38	2025-05-16 17:05:38
xudhzxedmxe			醃	iĕng	1855	3	14	xpn6f43j24y		2025-05-16 17:05:38	2025-05-16 17:05:38
xgu3dadhjzx	xttgmk3fkxv	醇	醇	sùng	1855	3	15	xpn6f43j24y		2025-05-16 17:05:38	2025-05-16 17:05:38
xgufknvq6g4	xvuhhrkudn2	醐	醐	hù	1855	3	16	xpn6f43j24y		2025-05-16 17:05:38	2025-05-16 17:05:38
xev3jmefhg7			醒	sĭng	1855	3	17	xpn6f43j24y		2025-05-16 17:05:38	2025-05-16 17:05:38
x3vtnrszard			醒	chāng	1855	3	17	xpn6f43j24y		2025-05-16 17:05:38	2025-05-16 17:05:38
xd57s3qwdzu	xhchvs5w48m	醑	醑	sṳ̄	1855	3	18	xpn6f43j24y		2025-05-16 17:05:38	2025-05-16 17:05:38
xckdw4dhz2p	xjruy322xmd	醓	醓	tāng	1855	3	19	xpn6f43j24y		2025-05-16 17:05:38	2025-05-16 17:05:38
x492w6zcvvt	x6vutaurx6w	醍	醍	tì	1855	3	20	xpn6f43j24y		2025-05-16 17:05:38	2025-05-16 17:05:38
xehm5zks5p3	xvz24zyyztu	酢	酢	cá	1855	3	21	xpn6f43j24y		2025-05-16 17:05:38	2025-05-16 17:05:38
x49vxrfgmnk	xvz24zyyztu	酢	酢	dá	1855	3	21	xpn6f43j24y		2025-05-16 17:05:38	2025-05-16 17:05:38
xh9xwdcru94	xhmnpx9tk59	醜	醜	chīu	1855	3	22	xpn6f43j24y		2025-05-16 17:05:38	2025-05-16 17:05:38
xjzb46h9uuc	xcnej43r9gj	醢	醢	hāi	1856	1	1	xpn6f43j24y		2025-05-16 17:05:38	2025-05-16 17:05:38
xk7kaaaftq9			醖	óng	1856	1	2	xpn6f43j24y		2025-05-16 17:05:38	2025-05-16 17:05:38
xdxepsub8tu	xtaud5k8j5w	醬	醬	cióng	1856	1	3	xpn6f43j24y		2025-05-16 17:05:38	2025-05-16 17:05:38
x9yrcc2qa9y	xx8cpff4kk4	醫	醫	ĭ	1856	1	4	xpn6f43j24y		2025-05-16 17:05:38	2025-05-16 17:05:38
x4p5hxpm39m	xx8cpff4kk4	醫	醫	muŏk	1856	1	4	xpn6f43j24y		2025-05-16 17:05:38	2025-05-16 17:05:38
xsjhcq6wsn5	xs48acyqfkv	醨	醨	liè	1856	1	5	xpn6f43j24y		2025-05-16 17:05:38	2025-05-16 17:05:38
x64aa5q5jxb	xvjk3h2gczz	醪	醪	lò̤	1856	1	6	xpn6f43j24y		2025-05-16 17:05:38	2025-05-16 17:05:38
xhak54bhgmu	xaav6nvvn2f	醮	醮	ciéu	1856	1	7	xpn6f43j24y		2025-05-16 17:05:38	2025-05-16 17:05:38
xge2rhn9xzk	xt8pt2ez9sm	醯	醯	giĕ	1856	1	8	xpn6f43j24y		2025-05-16 17:05:38	2025-05-16 17:05:38
xadafzgzhqp	xvudj7bs53d	醭	醭	pū	1856	1	9	xpn6f43j24y		2025-05-16 17:05:38	2025-05-16 17:05:38
xvrnct3z4y2	xvudj7bs53d	醭	醭	páuk	1856	1	9	xpn6f43j24y		2025-05-16 17:05:38	2025-05-16 17:05:38
xja25jsyems	xk9hkdf9gdg	醱	醱	puák	1856	1	10	xpn6f43j24y		2025-05-16 17:05:38	2025-05-16 17:05:38
xp7xjeu59p9	xnn3cm4dz76	醰	醰	tàng	1856	1	11	xpn6f43j24y		2025-05-16 17:05:38	2025-05-16 17:05:38
xjxr5z3fv8c			醵	kiŏk	1856	1	12	xpn6f43j24y		2025-05-16 17:05:38	2025-05-16 17:05:38
xgjwfduuxuf			醴	lā̤	1856	1	13	xpn6f43j24y		2025-05-16 17:05:38	2025-05-16 17:05:38
xkpyukw63ds	xzsjhh5tap6	醲	醲	nùng	1856	1	14	xpn6f43j24y		2025-05-16 17:05:38	2025-05-16 17:05:38
xzsesqquptt	xnv3p5tcmpv	醺	醺	hṳ̆ng	1856	1	15	xpn6f43j24y		2025-05-16 17:05:38	2025-05-16 17:05:38
x4wbmv9nb72			釀	iông	1856	1	16	xpn6f43j24y		2025-05-16 17:05:38	2025-05-16 17:05:38
xvsyfmqtfdn	xw3a28j6uyf	醽	醽	lìng	1856	1	17	xpn6f43j24y		2025-05-16 17:05:38	2025-05-16 17:05:38
xgc2g7jtgf3			醿	mì	1856	1	18	xpn6f43j24y		2025-05-16 17:05:38	2025-05-16 17:05:38
x77kvtxj3dm			釁	hé̤ṳng	1856	1	19	xpn6f43j24y		2025-05-16 17:05:38	2025-05-16 17:05:38
xz36dkk2fs9	xh8xsb625x2	釃	釃	sā̤	1856	1	20	xpn6f43j24y		2025-05-16 17:05:38	2025-05-16 17:05:38
xct69ga2s8u	xdqpjqk9vzv	釅	釅	ngiêng	1856	1	21	xpn6f43j24y		2025-05-16 17:05:38	2025-05-16 17:05:38
x2u4m8jbh5d	xjerd6mdqmh	采	采	chāi	1856	2	1	xk3ddxge2su		2025-05-16 17:05:38	2025-05-16 17:05:38
xrzq4wsbfhk			釉	êu	1856	2	2	xk3ddxge2su		2025-05-16 17:05:38	2025-05-16 17:05:38
xa92wexuket	xjwn49czsqb	釋	釋	sék	1856	2	3	xk3ddxge2su		2025-05-16 17:05:38	2025-05-16 17:05:38
xghr7svbdrn	xg87vc3yzej	里	里	lī	1856	2	4	xhagujysh59		2025-05-16 17:05:38	2025-05-16 17:05:38
xgu94kng2bq			重	dê̤ṳng	1856	2	5	xhagujysh59		2025-05-16 17:05:38	2025-05-16 17:05:38
xehdvsch5v9			重	dâe̤ng	1856	2	5	xhagujysh59		2025-05-16 17:05:38	2025-05-16 17:05:38
xwajhsrwxqz			重	dṳ̀ng	1856	2	5	xhagujysh59		2025-05-16 17:05:38	2025-05-16 17:05:38
xyn7f32mzqd			重	tṳ̀ng	1856	2	5	xhagujysh59		2025-05-16 17:05:38	2025-05-16 17:05:38
xqzz6jpszzc	xcyucyjzatj	野	野	iā	1856	2	6	xhagujysh59		2025-05-16 17:05:38	2025-05-16 17:05:38
xr95zw5uqkz			量	liông	1856	2	7	xhagujysh59		2025-05-16 17:05:38	2025-05-16 17:05:38
xtax7yhtded			量	liòng	1856	2	7	xhagujysh59		2025-05-16 17:05:38	2025-05-16 17:05:38
xt4tvxkfk9r	xfsck8fsbfg	釐	釐	liè	1856	2	8	xhagujysh59		2025-05-16 17:05:38	2025-05-16 17:05:38
xkdvxw5zmfy			厘	liè	1856	2	8	xhagujysh59		2025-05-16 17:05:38	2025-05-16 17:05:38
xm7d77dv5ke	xmefcgvka48	金	金	gĭng	1856	2	9	xgqyuwfqzwc		2025-05-16 17:05:38	2025-05-16 17:05:38
xgm4ytuhfqh	xgvzt9dakn5	針	針	cĕng	1856	2	10	xgqyuwfqzwc		2025-05-16 17:05:38	2025-05-16 17:05:38
xfqqeevg5c4	xn4hyde4h99	釗	釗	chiĕu	1856	2	11	xgqyuwfqzwc		2025-05-16 17:05:38	2025-05-16 17:05:38
xyesmenggyk			釘	dĭng	1856	2	12	xgqyuwfqzwc		2025-05-16 17:05:38	2025-05-16 17:05:38
xaxvcwsx58n			釘	déng	1856	2	12	xgqyuwfqzwc		2025-05-16 17:05:38	2025-05-16 17:05:38
xsbuz8f7ste	xnyga9wdp5h	釜	釜	hū	1856	2	13	xgqyuwfqzwc		2025-05-16 17:05:38	2025-05-16 17:05:38
xbmy3e3qnsw			釬	âng	1856	2	14	xgqyuwfqzwc		2025-05-16 17:05:38	2025-05-16 17:05:38
x6vz4ft66x2			釬	hâng	1856	2	14	xgqyuwfqzwc		2025-05-16 17:05:38	2025-05-16 17:05:38
xnj66mz6hfz	x2e7tx3embu	釵	釵	chăi	1856	2	15	xgqyuwfqzwc		2025-05-16 17:05:38	2025-05-16 17:05:38
xby9d5qgyup	x8arhgupqng	釧	釧	chuóng	1856	2	16	xgqyuwfqzwc	原書有誤，已更正	2025-05-16 17:05:38	2025-05-16 17:05:38
xhwrg64hej6	x8ae53wb945	釱	釱	dâi	1856	2	17	xgqyuwfqzwc		2025-05-16 17:05:38	2025-05-16 17:05:38
xbwtdmrysjt	xrca27ks3ef	釣	釣	diéu	1856	2	18	xgqyuwfqzwc		2025-05-16 17:05:38	2025-05-16 17:05:38
xvpcx9xxu6w	xsf6ydmpt5t	釭	釭	gŏng	1856	3	1	xgqyuwfqzwc		2025-05-16 17:05:38	2025-05-16 17:05:38
xb6shkrn5uf	x5e2eb66mza	釦	釦	káiu	1856	3	2	xgqyuwfqzwc		2025-05-16 17:05:38	2025-05-16 17:05:38
xes28tx9wzp	xppg3axa26g	釷	釷	tū	1856	3	3	xgqyuwfqzwc		2025-05-16 17:05:38	2025-05-16 17:05:38
xjtat26d2td			釪	ṳ̆	1856	3	4	xgqyuwfqzwc		2025-05-16 17:05:38	2025-05-16 17:05:38
xn72pwwf83t	xa4mb3dmxcz	鈀	鈀	bă	1856	3	5	xgqyuwfqzwc		2025-05-16 17:05:38	2025-05-16 17:05:38
xj5vka9mbp2	xa4mb3dmxcz	鈀	鈀	bà	1856	3	5	xgqyuwfqzwc		2025-05-16 17:05:38	2025-05-16 17:05:38
xhx7afw2ahw			鈍	bông	1856	3	6	xgqyuwfqzwc		2025-05-16 17:05:38	2025-05-16 17:05:38
xurszv8nesq			鈍	dŏng	1856	3	6	xgqyuwfqzwc		2025-05-16 17:05:38	2025-05-16 17:05:38
xnfasrf8thu			鈍	dông	1856	3	6	xgqyuwfqzwc		2025-05-16 17:05:38	2025-05-16 17:05:38
xfucwcmcm9g			鈔	chá	1856	3	7	xgqyuwfqzwc		2025-05-16 17:05:38	2025-05-16 17:05:38
x6dzqgc59b4			鈔	chău	1856	3	7	xgqyuwfqzwc		2025-05-16 17:05:38	2025-05-16 17:05:38
x43n4hcmpcx	x87gpj6pzym	鈣	鈣	gái	1856	3	8	xgqyuwfqzwc		2025-05-16 17:05:38	2025-05-16 17:05:38
xade656e8va			鈎	gĕu	1856	3	9	xgqyuwfqzwc		2025-05-16 17:05:38	2025-05-16 17:05:38
xv2w4t2psem			鈎	gău	1856	3	9	xgqyuwfqzwc		2025-05-16 17:05:38	2025-05-16 17:05:38
xbtm4x52g7t	xu2txuxus6b	鈞	鈞	gĭng	1856	3	10	xgqyuwfqzwc		2025-05-16 17:05:38	2025-05-16 17:05:38
xdgeqyabv88	xrds3tcfkz6	釿	釿	gṳ̆ng	1856	3	11	xgqyuwfqzwc		2025-05-16 17:05:38	2025-05-16 17:05:38
xphxw334nj2	xkfdteedwnh	鈇	鈇	hù	1856	3	12	xgqyuwfqzwc		2025-05-16 17:05:38	2025-05-16 17:05:38
xp66prxwvt9	xrp6fux8pf9	鈐	鈐	kièng	1856	3	13	xgqyuwfqzwc		2025-05-16 17:05:38	2025-05-16 17:05:38
xm655pu4ane	x4f6f2xjept	鈉	鈉	năk	1856	3	14	xgqyuwfqzwc		2025-05-16 17:05:38	2025-05-16 17:05:38
xxxryg8fe3r	xyzsmdxpwbs	鈕	鈕	nīu	1856	3	15	xgqyuwfqzwc		2025-05-16 17:05:38	2025-05-16 17:05:38
x3pdhebbrbr			鈒	ngék	1856	3	16	xgqyuwfqzwc		2025-05-16 17:05:38	2025-05-16 17:05:38
xh6jketgdzh	xyqmyn845ct	鈸	鈸	băk	1856	3	17	xgqyuwfqzwc		2025-05-16 17:05:38	2025-05-16 17:05:38
xqr2gw96qp5	xyqmyn845ct	鈸	鈸	buăk	1856	3	17	xgqyuwfqzwc		2025-05-16 17:05:38	2025-05-16 17:05:38
xfd45f5ubxt	xbkuda446k5	鉋	鉋	bâu	1856	3	18	xgqyuwfqzwc		2025-05-16 17:05:38	2025-05-16 17:05:38
xznwazpdr7d	x6p2b4ebn9u	鉍	鉍	bék	1856	3	19	xgqyuwfqzwc		2025-05-16 17:05:38	2025-05-16 17:05:38
x6597bayzgf			鉑	bŏ̤h	1856	3	20	xgqyuwfqzwc		2025-05-16 17:05:38	2025-05-16 17:05:38
xnvnu2jwbwp	x822bfv4u46	鉢	鉢	buák	1856	3	21	xgqyuwfqzwc		2025-05-16 17:05:38	2025-05-16 17:05:38
xmcx57xhtem	x7ysvf9y4s8	鉦	鉦	cĭng	1856	3	22	xgqyuwfqzwc		2025-05-16 17:05:38	2025-05-16 17:05:38
x3b46ptng3n			鈶	dài	1857	1	1	xgqyuwfqzwc		2025-05-16 17:05:38	2025-05-16 17:05:38
xrkvyk6zc3n			鈶	ì	1857	1	1	xgqyuwfqzwc		2025-05-16 17:05:38	2025-05-16 17:05:38
xbstmw6xhww	xmw7zv8aned	鈿	鈿	diêng	1857	1	2	xgqyuwfqzwc		2025-05-16 17:05:38	2025-05-16 17:05:38
x4gu2pg25b8	x8jpgwnqhwb	鉀	鉀	gák	1857	1	3	xgqyuwfqzwc		2025-05-16 17:05:38	2025-05-16 17:05:38
xdvsd4qzz9f	xyb9a4x46rk	鉅	鉅	gé̤ṳ	1857	1	4	xgqyuwfqzwc		2025-05-16 17:05:38	2025-05-16 17:05:38
x7ujnzz5m74	x5tr9zzyesy	鈷	鈷	gū	1857	1	5	xgqyuwfqzwc		2025-05-16 17:05:38	2025-05-16 17:05:38
xn6tt3egc9v	x37qehjnhga	鉛	鉛	iòng	1857	1	6	xgqyuwfqzwc		2025-05-16 17:05:38	2025-05-16 17:05:38
x5mjz2f33gu	x5frnyav6hs	鈾	鈾	ìu	1857	1	7	xgqyuwfqzwc		2025-05-16 17:05:38	2025-05-16 17:05:38
xcz8fmezqpw			鉆	kì	1857	1	8	xgqyuwfqzwc		2025-05-16 17:05:38	2025-05-16 17:05:38
xvckun5bp5t			鉗	kìng	1857	1	9	xgqyuwfqzwc	原書有誤，已更正	2025-05-16 17:05:38	2025-05-16 17:05:38
xhegxcc498h			鉗	kì	1857	1	9	xgqyuwfqzwc	原書有誤，已更正	2025-05-16 17:05:38	2025-05-16 17:05:38
xatwws6ek7s			鉗	kièng	1857	1	9	xgqyuwfqzwc	原書有誤，已更正	2025-05-16 17:05:38	2025-05-16 17:05:38
xn5pk4vdj4n			鈴	lìng	1857	1	10	xgqyuwfqzwc		2025-05-16 17:05:38	2025-05-16 17:05:38
xew985bdn7b			鈴	lĭng	1857	1	10	xgqyuwfqzwc		2025-05-16 17:05:38	2025-05-16 17:05:38
xs24twmm2rh	xz622dbumke	鉬	鉬	mŭk	1857	1	11	xgqyuwfqzwc		2025-05-16 17:05:38	2025-05-16 17:05:38
x42z9pptutk	xvn9nxsy746	鈹	鈹	pì	1857	1	12	xgqyuwfqzwc		2025-05-16 17:05:38	2025-05-16 17:05:38
x2wke5fqm84			鉈	siă	1857	1	13	xgqyuwfqzwc		2025-05-16 17:05:38	2025-05-16 17:05:38
xqy8nd6bz5b			鉄	tiék	1857	1	14	xgqyuwfqzwc		2025-05-16 17:05:38	2025-05-16 17:05:38
x29zt9dj3ps	xpy63df8p3f	鉏	鉏	tṳ̀	1857	1	15	xgqyuwfqzwc		2025-05-16 17:05:38	2025-05-16 17:05:38
xk3yge3x26r	x9b4png45bj	鉞	鉞	uŏk	1857	1	16	xgqyuwfqzwc		2025-05-16 17:05:38	2025-05-16 17:05:38
x65xydnxh8e	xjv3sm56yat	銨	銨	ăng	1857	1	17	xgqyuwfqzwc		2025-05-16 17:05:38	2025-05-16 17:05:38
x2abb3dq5ed	xjyy9ks7c2x	銃	銃	ché̤ṳng	1857	1	18	xgqyuwfqzwc		2025-05-16 17:05:38	2025-05-16 17:05:38
xwww4gvvt8t	x2r8gc2zrt4	銓	銓	chuăng	1857	1	19	xgqyuwfqzwc		2025-05-16 17:05:38	2025-05-16 17:05:38
xh942wn3ca7	xxyc7fq5mzf	銅	銅	dè̤ng	1857	1	20	xgqyuwfqzwc		2025-05-16 17:05:38	2025-05-16 17:05:38
x5g6q6c4rb8	x89mrmzmxrf	鉻	鉻	gáuk	1857	1	21	xgqyuwfqzwc		2025-05-16 17:05:38	2025-05-16 17:05:38
xtqwsycje4b	x89mrmzmxrf	鉻	鉻	lŏk	1857	1	21	xgqyuwfqzwc		2025-05-16 17:05:38	2025-05-16 17:05:38
x9f6sefgzer	x9mw6tt22yf	鉸	鉸	giēu	1857	1	22	xgqyuwfqzwc		2025-05-16 17:05:38	2025-05-16 17:05:38
xjqupy2dcd3	x9mw6tt22yf	鉸	鉸	gău	1857	1	22	xgqyuwfqzwc		2025-05-16 17:05:38	2025-05-16 17:05:38
x354vggjrt5			銧	guŏng	1857	2	1	xgqyuwfqzwc		2025-05-16 17:05:38	2025-05-16 17:05:38
xwu3tndxkwe			銜	hàng	1857	2	2	xgqyuwfqzwc		2025-05-16 17:05:38	2025-05-16 17:05:38
xusrpurwxep			銜	gàng	1857	2	2	xgqyuwfqzwc		2025-05-16 17:05:38	2025-05-16 17:05:38
xmapzkdqp89	xsh8ddhcc5h	銎	銎	kṳ̆ng	1857	2	3	xgqyuwfqzwc		2025-05-16 17:05:38	2025-05-16 17:05:38
xgwqkpewurf			銇	lô̤i	1857	2	4	xgqyuwfqzwc		2025-05-16 17:05:38	2025-05-16 17:05:38
xhswwv75y65	xrnkf2w32w6	銘	銘	mìng	1857	2	5	xgqyuwfqzwc		2025-05-16 17:05:38	2025-05-16 17:05:38
xqqfs2j7dus	xzqjk2jar7q	銀	銀	ngṳ̀ng	1857	2	6	xgqyuwfqzwc		2025-05-16 17:05:38	2025-05-16 17:05:38
xtzqwmsn2jz	x3xnt6hbg5n	銖	銖	tṳ̆	1857	2	8	xgqyuwfqzwc		2025-05-16 17:05:38	2025-05-16 17:05:38
xjs46naemu8	xk92r8nqck2	鋈	鋈	áuk	1857	2	9	xgqyuwfqzwc		2025-05-16 17:05:38	2025-05-16 17:05:38
x22fq2q2hjt	xde56dfeh22	鋇	鋇	buói	1857	2	10	xgqyuwfqzwc		2025-05-16 17:05:38	2025-05-16 17:05:38
x9hf3x2m7nv	x5m7pt5896v	鋍	鋍	buŏk	1857	2	11	xgqyuwfqzwc		2025-05-16 17:05:38	2025-05-16 17:05:38
xn7yjecytbb			銌	cáung	1857	2	12	xgqyuwfqzwc		2025-05-16 17:05:38	2025-05-16 17:05:38
x7umzkj7tke	xnewkhuuzd5	鋟	鋟	chiĕng	1857	2	13	xgqyuwfqzwc		2025-05-16 17:05:38	2025-05-16 17:05:38
xnnydzsgvky	xj74j2u3ux2	銼	銼	chó̤	1857	2	14	xgqyuwfqzwc		2025-05-16 17:05:38	2025-05-16 17:05:38
x3z8sghjnbv	xgbr7abbwzk	銻	銻	dà̤	1857	2	15	xgqyuwfqzwc		2025-05-16 17:05:38	2025-05-16 17:05:38
xu5wcvdp9rf	xzkthgapybw	鋏	鋏	giék	1857	2	16	xgqyuwfqzwc		2025-05-16 17:05:38	2025-05-16 17:05:38
xp42gjh5qah	xa727tm6m9w	銶	銶	gìu	1857	2	17	xgqyuwfqzwc		2025-05-16 17:05:38	2025-05-16 17:05:38
xwgtwqv6eja			鋊	gók	1857	2	18	xgqyuwfqzwc		2025-05-16 17:05:38	2025-05-16 17:05:38
x4q8fmmqpqn			鋊	ṳ̆k	1857	2	18	xgqyuwfqzwc		2025-05-16 17:05:38	2025-05-16 17:05:38
xsdjp9cxmdf	xds32af87y7	銲	銲	hâng	1857	2	19	xgqyuwfqzwc		2025-05-16 17:05:38	2025-05-16 17:05:38
xc7qtf93fpu	xds32af87y7	銲	銲	âng	1857	2	19	xgqyuwfqzwc		2025-05-16 17:05:38	2025-05-16 17:05:38
xrcmfx978bk			鋧	hiēng	1857	2	20	xgqyuwfqzwc		2025-05-16 17:05:38	2025-05-16 17:05:38
xp8dasf4tpd	xayd5ed7aus	鋒	鋒	hŭng	1857	2	21	xgqyuwfqzwc		2025-05-16 17:05:38	2025-05-16 17:05:38
xcn9hrwfnmh	xa9ugcjr45k	鋣	鋣	ià	1857	2	22	xgqyuwfqzwc		2025-05-16 17:05:38	2025-05-16 17:05:38
xawu3magasj	xnvcsamfqzd	銳	銳	iô	1857	3	1	xgqyuwfqzwc		2025-05-16 17:05:38	2025-05-16 17:05:38
xy7azh3ewc9	xnmhy6baw3z	鋰	鋰	lī	1857	3	2	xgqyuwfqzwc		2025-05-16 17:05:38	2025-05-16 17:05:38
xqu57vgcq33	xcf6vdes639	鋃	鋃	lòng	1857	3	3	xgqyuwfqzwc		2025-05-16 17:05:38	2025-05-16 17:05:38
xbn22b96tn3	xt2neta8k7v	鋁	鋁	lṳ̄	1857	3	4	xgqyuwfqzwc		2025-05-16 17:05:38	2025-05-16 17:05:38
xzke2q2fy7w			鋩	mòng	1857	3	5	xgqyuwfqzwc		2025-05-16 17:05:38	2025-05-16 17:05:38
xz9aa4jx42v	x2gcgbgxxtg	鋂	鋂	muòi	1857	3	6	xgqyuwfqzwc		2025-05-16 17:05:38	2025-05-16 17:05:38
xsk387nssqz	x463ct2bvc3	鋙	鋙	ngṳ̄	1857	3	7	xgqyuwfqzwc		2025-05-16 17:05:38	2025-05-16 17:05:38
xyzpgbhfdjd			鋪	puŏ	1857	3	8	xgqyuwfqzwc		2025-05-16 17:05:38	2025-05-16 17:05:38
xgn985dzx9f			鋪	puó	1857	3	8	xgqyuwfqzwc		2025-05-16 17:05:38	2025-05-16 17:05:38
xz5uc4be2xe			銹	séu	1857	3	9	xgqyuwfqzwc		2025-05-16 17:05:38	2025-05-16 17:05:38
xer2ggkevxr	x698ftzyp3r	銷	銷	siĕu	1857	3	10	xgqyuwfqzwc		2025-05-16 17:05:38	2025-05-16 17:05:38
xhwv7rgusu7	xgu9y99h7b5	鋅	鋅	sĭng	1857	3	11	xgqyuwfqzwc		2025-05-16 17:05:38	2025-05-16 17:05:38
xm4jzacf3t9	x9yrhjgukmb	鋌	鋌	tīng	1857	3	12	xgqyuwfqzwc		2025-05-16 17:05:38	2025-05-16 17:05:38
x6z9ajj5fj8	xc8atg3zeph	鋤	鋤	tṳ̀	1857	3	13	xgqyuwfqzwc		2025-05-16 17:05:38	2025-05-16 17:05:38
xmhca4nzwxa			錏	ā	1857	3	14	xgqyuwfqzwc		2025-05-16 17:05:38	2025-05-16 17:05:38
xrmcd2uv545	x7freeegv4q	錚	錚	cĕng	1857	3	15	xgqyuwfqzwc		2025-05-16 17:05:38	2025-05-16 17:05:38
xkrjv7thy59	x4je9h9qxvh	錢	錢	cièng	1857	3	16	xgqyuwfqzwc		2025-05-16 17:05:38	2025-05-16 17:05:38
xxsqf6a98uc	xrummvvbfes	錙	錙	cṳ̆	1857	3	17	xgqyuwfqzwc		2025-05-16 17:05:38	2025-05-16 17:05:38
xk4ejvpu75e			錯	cháuk	1857	3	18	xgqyuwfqzwc		2025-05-16 17:05:39	2025-05-16 17:05:39
xxmg8g9t6tw			錯	chó̤	1857	3	18	xgqyuwfqzwc		2025-05-16 17:05:39	2025-05-16 17:05:39
x5m7ngvs8tk			錯	chó	1857	3	18	xgqyuwfqzwc		2025-05-16 17:05:39	2025-05-16 17:05:39
xnrehapk2bc			錐	chŭi	1857	3	19	xgqyuwfqzwc		2025-05-16 17:05:39	2025-05-16 17:05:39
x48yurasr6d			錐	cáung	1857	3	19	xgqyuwfqzwc		2025-05-16 17:05:39	2025-05-16 17:05:39
xqm6fxs5wf4			錠	dêng	1857	3	20	xgqyuwfqzwc		2025-05-16 17:05:39	2025-05-16 17:05:39
xnejmv79vjs			錠	diâng	1857	3	20	xgqyuwfqzwc		2025-05-16 17:05:39	2025-05-16 17:05:39
xy63qxte4gv	xbpheva5wy8	鋾	鋾	dò̤	1857	3	21	xgqyuwfqzwc		2025-05-16 17:05:39	2025-05-16 17:05:39
xmssp8rhpda			鋼	gáung	1857	3	22	xgqyuwfqzwc		2025-05-16 17:05:39	2025-05-16 17:05:39
xmgesm6ppzj			鋸	gé̤ṳ	1858	1	1	xgqyuwfqzwc		2025-05-16 17:05:39	2025-05-16 17:05:39
xbqhspxrq8k	x2m4wq3hgkz	錤	錤	gĭ	1858	1	2	xgqyuwfqzwc		2025-05-16 17:05:39	2025-05-16 17:05:39
xfruamjndzy	xrb6kcwtnz7	錦	錦	gīng	1858	1	3	xgqyuwfqzwc		2025-05-16 17:05:39	2025-05-16 17:05:39
x3r3wzy68sk	xf4au6axxyu	錮	錮	gó	1858	1	4	xgqyuwfqzwc		2025-05-16 17:05:39	2025-05-16 17:05:39
xmw3p8qjsbg			釳	kiĕ	1858	1	5	xgqyuwfqzwc		2025-05-16 17:05:39	2025-05-16 17:05:39
xhammx8r2ud	xjjz3m87ftq	錄	錄	luŏh	1858	1	6	xgqyuwfqzwc	原書有誤，已更正	2025-05-16 17:05:39	2025-05-16 17:05:39
xymk97gvcec	x3wbq46ettu	錑	錑	ló̤i	1858	1	7	xgqyuwfqzwc		2025-05-16 17:05:39	2025-05-16 17:05:39
xnmrs2drw8y	xyzg492vfgq	錳	錳	mâing	1858	1	8	xgqyuwfqzwc		2025-05-16 17:05:39	2025-05-16 17:05:39
x73pu2hb2zk			錨	mièu	1858	1	9	xgqyuwfqzwc		2025-05-16 17:05:39	2025-05-16 17:05:39
xsn3mub2qt6	x3ry4ptazn3	錫	錫	sék	1858	1	10	xgqyuwfqzwc		2025-05-16 17:05:39	2025-05-16 17:05:39
xqvgt44ugx5	xt829ufatd2	錔	錔	ták	1858	1	11	xgqyuwfqzwc		2025-05-16 17:05:39	2025-05-16 17:05:39
x3mbr7hdavs	xmd655xawys	錘	錘	tùi	1858	1	12	xgqyuwfqzwc		2025-05-16 17:05:39	2025-05-16 17:05:39
xtnz3qwevdp			鍘	cáik	1858	1	13	xgqyuwfqzwc		2025-05-16 17:05:39	2025-05-16 17:05:39
xb7z9243cqt			鍼	cĕng	1858	1	14	xgqyuwfqzwc		2025-05-16 17:05:39	2025-05-16 17:05:39
xggx44cs53y	xmk9u9pndy4	鍾	鍾	cṳ̆ng	1858	1	15	xgqyuwfqzwc		2025-05-16 17:05:39	2025-05-16 17:05:39
xr4m6f57wgk	x97pkebkx6d	鍤	鍤	chák	1858	1	16	xgqyuwfqzwc		2025-05-16 17:05:39	2025-05-16 17:05:39
xxu8xzaskxv			鍫	chiĕu	1858	1	17	xgqyuwfqzwc		2025-05-16 17:05:39	2025-05-16 17:05:39
xee4ckpn4qm	xdbp5scc2cr	鍬	鍬	chiĕu	1858	1	17	xgqyuwfqzwc		2025-05-16 17:05:39	2025-05-16 17:05:39
xwzv623dmxw	x23evd36r9x	鍍	鍍	dô	1858	1	18	xgqyuwfqzwc		2025-05-16 17:05:39	2025-05-16 17:05:39
x35nywgy583	x8xzxadtrsr	鍥	鍥	gáik	1858	1	19	xgqyuwfqzwc		2025-05-16 17:05:39	2025-05-16 17:05:39
x4a7cn5wmfe	x8ffdy6jz75	鍵	鍵	giông	1858	1	20	xgqyuwfqzwc		2025-05-16 17:05:39	2025-05-16 17:05:39
xfdgbr6qnbz	xtv6qetq4p8	鍋	鍋	guŏ	1858	1	21	xgqyuwfqzwc		2025-05-16 17:05:39	2025-05-16 17:05:39
xykddv5cezu	xtv6qetq4p8	鍋	鍋	uŏ	1858	1	21	xgqyuwfqzwc		2025-05-16 17:05:39	2025-05-16 17:05:39
xnjsy4s66dv	x4hka5cupej	鍭	鍭	hèu	1858	1	22	xgqyuwfqzwc		2025-05-16 17:05:39	2025-05-16 17:05:39
x5f276dgmjm	xsc7dtzdfhd	鍰	鍰	huàng	1858	2	1	xgqyuwfqzwc		2025-05-16 17:05:39	2025-05-16 17:05:39
xahuwqrxj2n			鍊	liêng	1858	2	2	xgqyuwfqzwc		2025-05-16 17:05:39	2025-05-16 17:05:39
xu2uyuuz5g9	xwp7k5gqpjn	鍪	鍪	mèu	1858	2	3	xgqyuwfqzwc		2025-05-16 17:05:39	2025-05-16 17:05:39
xre6qschvdp	xqh2sk5hdkd	鍉	鍉	sê	1858	2	4	xgqyuwfqzwc		2025-05-16 17:05:39	2025-05-16 17:05:39
x9j4xyevnyj			鍟	sĭng	1858	2	5	xgqyuwfqzwc		2025-05-16 17:05:39	2025-05-16 17:05:39
xss76jjxuhw			鍟	cĭng	1858	2	5	xgqyuwfqzwc		2025-05-16 17:05:39	2025-05-16 17:05:39
xwv6px2bv8a			鍮	tĕu	1858	2	6	xgqyuwfqzwc		2025-05-16 17:05:39	2025-05-16 17:05:39
xtxd3rhj7zj			鍛	tuáng	1858	2	7	xgqyuwfqzwc		2025-05-16 17:05:39	2025-05-16 17:05:39
xzw6ardc28e	xs328v8rzqs	鎛	鎛	báuk	1858	2	8	xgqyuwfqzwc		2025-05-16 17:05:39	2025-05-16 17:05:39
xvsac2e2zgd			鎊	bâung	1858	2	9	xgqyuwfqzwc		2025-05-16 17:05:39	2025-05-16 17:05:39
x4mvdn5ugx8	xzfztwvddup	鎞	鎞	biĕ	1858	2	10	xgqyuwfqzwc		2025-05-16 17:05:39	2025-05-16 17:05:39
xb8f22dafun			鎜	buàng	1858	2	11	xgqyuwfqzwc		2025-05-16 17:05:39	2025-05-16 17:05:39
x7nznrsb2ry	xb3nuc568sn	鎡	鎡	cṳ̀	1858	2	12	xgqyuwfqzwc		2025-05-16 17:05:39	2025-05-16 17:05:39
xw866tp9b5u	xgx65t7ys2n	鎗	鎗	chiŏng	1858	2	13	xgqyuwfqzwc		2025-05-16 17:05:39	2025-05-16 17:05:39
x92ekrx5gr7	x4n248tuzcg	鎉	鎉	dák	1858	2	14	xgqyuwfqzwc		2025-05-16 17:05:39	2025-05-16 17:05:39
xyx3hppnhzs			鎭	déng	1858	2	15	xgqyuwfqzwc		2025-05-16 17:05:39	2025-05-16 17:05:39
x7rqyn28g66	xxwtrxzczbn	鎮	鎮	déng	1858	2	15	xgqyuwfqzwc		2025-05-16 17:05:39	2025-05-16 17:05:39
x9wzx8kyf3r	xeqq9rddkuz	鎰	鎰	ék	1858	2	16	xgqyuwfqzwc		2025-05-16 17:05:39	2025-05-16 17:05:39
xq6ajtuxt3j	xhcrgrk2se5	鎘	鎘	gáik	1858	2	17	xgqyuwfqzwc		2025-05-16 17:05:39	2025-05-16 17:05:39
xzhz6jmhnnw	xhwh62twx8p	鎬	鎬	hô̤	1858	2	18	xgqyuwfqzwc		2025-05-16 17:05:39	2025-05-16 17:05:39
xbjaak687vv	xnvv6xytm8t	鎧	鎧	kāi	1858	2	19	xgqyuwfqzwc		2025-05-16 17:05:39	2025-05-16 17:05:39
x9ta4dnd588	xjfbqkav9uf	鎳	鎳	ngiĕk	1858	2	20	xgqyuwfqzwc		2025-05-16 17:05:39	2025-05-16 17:05:39
x8v8a5aacry	xaccyj2bqrr	鎩	鎩	sák	1858	2	21	xgqyuwfqzwc		2025-05-16 17:05:39	2025-05-16 17:05:39
xxupas9h43a			鎴	sék	1858	2	22	xgqyuwfqzwc		2025-05-16 17:05:39	2025-05-16 17:05:39
x6yh5d7tmd3			鎻	sō̤	1858	3	1	xgqyuwfqzwc		2025-05-16 17:05:39	2025-05-16 17:05:39
xtdh9uz9p4y	xv2akyrufsb	鎖	鎖	sō̤	1858	3	1	xgqyuwfqzwc		2025-05-16 17:05:39	2025-05-16 17:05:39
xbc4gu3wajz			鎚	tùi	1858	3	2	xgqyuwfqzwc		2025-05-16 17:05:39	2025-05-16 17:05:39
xxfgt77ze4w	xakygc6negx	鎢	鎢	ŭ	1858	3	3	xgqyuwfqzwc		2025-05-16 17:05:39	2025-05-16 17:05:39
xsebdbyzc6v			鎔	ṳ̀ng	1858	3	4	xgqyuwfqzwc		2025-05-16 17:05:39	2025-05-16 17:05:39
xm6hx2kehfz			鎔	iòng	1858	3	4	xgqyuwfqzwc		2025-05-16 17:05:39	2025-05-16 17:05:39
xzmeyrsdza6	xy63k3sxpk2	鏨	鏨	câng	1858	3	5	xgqyuwfqzwc		2025-05-16 17:05:39	2025-05-16 17:05:39
xxsqw7jvbfa	xpcvsqmsrv4	鏃	鏃	cŭk	1858	3	6	xgqyuwfqzwc		2025-05-16 17:05:39	2025-05-16 17:05:39
xusrgbkvzqs	xbvpp22v5bb	鏚	鏚	chék	1858	3	7	xgqyuwfqzwc		2025-05-16 17:05:39	2025-05-16 17:05:39
xvz3tkwb6s2	xy4g897fgv4	鏘	鏘	chiŏng	1858	3	8	xgqyuwfqzwc		2025-05-16 17:05:39	2025-05-16 17:05:39
xj5pphfqzyg	xkhpbenjngm	鏑	鏑	dék	1858	3	9	xgqyuwfqzwc		2025-05-16 17:05:39	2025-05-16 17:05:39
x6cen66tgct			鏜	dòng	1858	3	10	xgqyuwfqzwc		2025-05-16 17:05:39	2025-05-16 17:05:39
xenmnse7jzk			鏡	géng	1858	3	11	xgqyuwfqzwc		2025-05-16 17:05:39	2025-05-16 17:05:39
xwx8nwam4g6			鏡	giáng	1858	3	11	xgqyuwfqzwc		2025-05-16 17:05:39	2025-05-16 17:05:39
xn95k7q5vab			𨫕	kău	1858	3	12	xgqyuwfqzwc		2025-05-16 17:05:39	2025-05-16 17:05:39
xbykzzy85xh			鏗	kĕng	1858	3	13	xgqyuwfqzwc		2025-05-16 17:05:39	2025-05-16 17:05:39
xhqht9fdec7			鏗	kiăng	1858	3	13	xgqyuwfqzwc		2025-05-16 17:05:39	2025-05-16 17:05:39
xvzajv3vhjw			鏗	kiāng	1858	3	13	xgqyuwfqzwc		2025-05-16 17:05:39	2025-05-16 17:05:39
xgwasunz98r			鏗	kiàng	1858	3	13	xgqyuwfqzwc		2025-05-16 17:05:39	2025-05-16 17:05:39
x9gxsf2n8m5	xdejywped62	鏈	鏈	lièng	1858	3	14	xgqyuwfqzwc		2025-05-16 17:05:39	2025-05-16 17:05:39
x3n9k2ubpgn	xdejywped62	鏈	鏈	liêng	1858	3	14	xgqyuwfqzwc		2025-05-16 17:05:39	2025-05-16 17:05:39
xucweger3pj	xp22cb3zwtb	鏌	鏌	mŏk	1858	3	15	xgqyuwfqzwc		2025-05-16 17:05:39	2025-05-16 17:05:39
xtuxthess5a	xv4ea66zxfn	鏝	鏝	muàng	1858	3	16	xgqyuwfqzwc		2025-05-16 17:05:39	2025-05-16 17:05:39
xzp8frtukz5	xkkn5ywh7f6	鏖	鏖	ngò̤	1858	3	17	xgqyuwfqzwc		2025-05-16 17:05:39	2025-05-16 17:05:39
x5ra5e7bcqg			𨫼	ngô̤	1858	3	18	xgqyuwfqzwc		2025-05-16 17:05:39	2025-05-16 17:05:39
xvgh28mgg3t	x8q3bvexwym	鏢	鏢	piĕu	1858	3	19	xgqyuwfqzwc		2025-05-16 17:05:39	2025-05-16 17:05:39
x2qzhe67rtf			鏟	sāng	1858	3	20	xgqyuwfqzwc		2025-05-16 17:05:39	2025-05-16 17:05:39
x7pgtufdw9f			鏟	tĕ̤	1858	3	20	xgqyuwfqzwc		2025-05-16 17:05:39	2025-05-16 17:05:39
xjyuzevhs4c			鏟	chiāng	1858	3	20	xgqyuwfqzwc		2025-05-16 17:05:39	2025-05-16 17:05:39
xfyvkszfbxu			鏭	sék	1858	3	21	xgqyuwfqzwc		2025-05-16 17:05:39	2025-05-16 17:05:39
x5bh9k4p53f	xzjb23f4g7h	鏇	鏇	suòng	1858	3	22	xgqyuwfqzwc	原書有誤，已更正	2025-05-16 17:05:39	2025-05-16 17:05:39
x93bm8ujsp7	xpejhw6c34c	鏞	鏞	ṳ̀ng	1859	1	1	xgqyuwfqzwc		2025-05-16 17:05:39	2025-05-16 17:05:39
xdsn86qqagn			𨬖	câng	1859	1	2	xgqyuwfqzwc		2025-05-16 17:05:39	2025-05-16 17:05:39
xeubczgzjyn			鐎	ciĕu	1859	1	3	xgqyuwfqzwc		2025-05-16 17:05:39	2025-05-16 17:05:39
x98whgzje9k	x7twxvsd4mm	鐘	鐘	cṳ̆ng	1859	1	4	xgqyuwfqzwc		2025-05-16 17:05:39	2025-05-16 17:05:39
xs8j36a7etx	xvzavjjncej	鐙	鐙	dáing	1859	1	5	xgqyuwfqzwc		2025-05-16 17:05:39	2025-05-16 17:05:39
xaf4maus866			鐖	gĭ	1859	1	6	xgqyuwfqzwc		2025-05-16 17:05:39	2025-05-16 17:05:39
xux5pkg522s	x6wzjqfgn5w	鐍	鐍	giók	1859	1	7	xgqyuwfqzwc		2025-05-16 17:05:39	2025-05-16 17:05:39
xgc4ybzupqv	x3s78v67xd8	鏹	鏹	giòng	1859	1	8	xgqyuwfqzwc		2025-05-16 17:05:39	2025-05-16 17:05:39
xfxcrd87ev8	xxsewfcjzjq	鐃	鐃	nàu	1859	1	9	xgqyuwfqzwc		2025-05-16 17:05:39	2025-05-16 17:05:39
x2vmw97f699	xezv5qs6hht	鏽	鏽	séu	1859	1	10	xgqyuwfqzwc		2025-05-16 17:05:39	2025-05-16 17:05:39
xpkqzpq4uub	xmscwzvbxq5	鐔	鐔	sìng	1859	1	11	xgqyuwfqzwc		2025-05-16 17:05:39	2025-05-16 17:05:39
xksujqug9es			鐫	ciĕng	1859	1	12	xgqyuwfqzwc		2025-05-16 17:05:39	2025-05-16 17:05:39
xxs9ch2fpgs	x8vwh769t65	鐸	鐸	dŏk	1859	1	13	xgqyuwfqzwc		2025-05-16 17:05:39	2025-05-16 17:05:39
xm8pxc5mnsb			鐺	dŏng	1859	1	14	xgqyuwfqzwc		2025-05-16 17:05:39	2025-05-16 17:05:39
xzemb39aexv	xntm6tm27s2	鐻	鐻	gé̤ṳ	1859	1	15	xgqyuwfqzwc		2025-05-16 17:05:39	2025-05-16 17:05:39
xtzgre3njfh			鐷	iĕk	1859	1	16	xgqyuwfqzwc		2025-05-16 17:05:39	2025-05-16 17:05:39
xx22efm6695	xu9bbxvjwaj	鐶	鐶	kuàng	1859	1	17	xgqyuwfqzwc		2025-05-16 17:05:39	2025-05-16 17:05:39
x8rksrwkbt8	xnu75jwgajq	鐮	鐮	lièng	1859	1	18	xgqyuwfqzwc		2025-05-16 17:05:39	2025-05-16 17:05:39
x8qfz3utc57			鏴	lô	1859	1	19	xgqyuwfqzwc		2025-05-16 17:05:39	2025-05-16 17:05:39
xggxkbkcsqb	x4gmgq98z7y	鐳	鐳	lòi	1859	1	20	xgqyuwfqzwc		2025-05-16 17:05:39	2025-05-16 17:05:39
xb37gct5yqt	xnbb4brxsav	鐲	鐲	sŏ̤h	1859	1	21	xgqyuwfqzwc		2025-05-16 17:05:39	2025-05-16 17:05:39
x4v658wj2yv	x8ccz2asgrr	鐵	鐵	tiék	1859	1	22	xgqyuwfqzwc		2025-05-16 17:05:39	2025-05-16 17:05:39
xwc7ngxvh2n	xd54mvxv8bq	鐤	鐤	tīng	1859	2	1	xgqyuwfqzwc		2025-05-16 17:05:39	2025-05-16 17:05:39
xr4hfv7ff63	xhvtgrnauch	䥢	䥢	tông	1859	2	2	xgqyuwfqzwc		2025-05-16 17:05:39	2025-05-16 17:05:39
xy867hg4s6n	xsvgazfrmfe	鑄	鑄	cuó	1859	2	3	xgqyuwfqzwc	原書有誤，已更正	2025-05-16 17:05:39	2025-05-16 17:05:39
x7r36en7hmb			鑉	gái	1859	2	4	xgqyuwfqzwc		2025-05-16 17:05:39	2025-05-16 17:05:39
xp52k3xycxj			鑑	gáng	1859	2	5	xgqyuwfqzwc		2025-05-16 17:05:39	2025-05-16 17:05:39
xhhm62xxd58			鑒	gáng	1859	2	5	xgqyuwfqzwc		2025-05-16 17:05:39	2025-05-16 17:05:39
xq76r8gtav3			鑊	huŏk	1859	2	6	xgqyuwfqzwc		2025-05-16 17:05:39	2025-05-16 17:05:39
xfnjt724kx3			䥪	siăh	1859	2	7	xgqyuwfqzwc		2025-05-16 17:05:39	2025-05-16 17:05:39
xsj39c2vnxd	xg5yaqm5uk2	鑣	鑣	biĕu	1859	2	8	xgqyuwfqzwc		2025-05-16 17:05:39	2025-05-16 17:05:39
x3e5g5tm7wp	xscpacwheew	鑌	鑌	bĭng	1859	2	9	xgqyuwfqzwc		2025-05-16 17:05:39	2025-05-16 17:05:39
xzqtk2xwr93	x9hway679um	鑕	鑕	cék	1859	2	10	xgqyuwfqzwc		2025-05-16 17:05:39	2025-05-16 17:05:39
xykpccuu77w			鑠	chiók	1859	2	11	xgqyuwfqzwc		2025-05-16 17:05:39	2025-05-16 17:05:39
xavhsdju3te	x5353tbtzcw	鑛	鑛	kuōng	1859	2	12	xgqyuwfqzwc		2025-05-16 17:05:39	2025-05-16 17:05:39
xnk2rejeytz	xbk6rswdzqw	鑞	鑞	lăk	1859	2	13	xgqyuwfqzwc		2025-05-16 17:05:39	2025-05-16 17:05:39
x4r9x3y63dc			鑢	lé̤ṳ	1859	2	14	xgqyuwfqzwc		2025-05-16 17:05:39	2025-05-16 17:05:39
x76r8t7ne5h			鑢	láe̤	1859	2	14	xgqyuwfqzwc		2025-05-16 17:05:39	2025-05-16 17:05:39
x9uvvyhu6mx			𨯳	cŏk	1859	2	15	xgqyuwfqzwc		2025-05-16 17:05:39	2025-05-16 17:05:39
xv6gp69ybbe			𨯳	chĕ̤k	1859	2	15	xgqyuwfqzwc		2025-05-16 17:05:39	2025-05-16 17:05:39
xfp7mvk6zyj			鑪	lù	1859	2	16	xgqyuwfqzwc		2025-05-16 17:05:39	2025-05-16 17:05:39
xxpfbs4pg9z	xhxpcwhruzc	鑰	鑰	iŏh	1859	2	17	xgqyuwfqzwc		2025-05-16 17:05:39	2025-05-16 17:05:39
xef5c6s4r7t	xvxyc9xng9s	鑲	鑲	siŏng	1859	2	18	xgqyuwfqzwc		2025-05-16 17:05:39	2025-05-16 17:05:39
xdcyesgqxax			鑵	guáng	1859	2	19	xgqyuwfqzwc		2025-05-16 17:05:39	2025-05-16 17:05:39
xvh9vtdx3fg			鑷	niék	1859	2	20	xgqyuwfqzwc		2025-05-16 17:05:39	2025-05-16 17:05:39
x2dhtp55ntv			鑷	giék	1859	2	20	xgqyuwfqzwc		2025-05-16 17:05:39	2025-05-16 17:05:39
xf5n8x8umcc			鑿	cŏk	1859	2	21	xgqyuwfqzwc		2025-05-16 17:05:39	2025-05-16 17:05:39
xwqq5udq7aw			鑽	cōng	1859	2	22	xgqyuwfqzwc		2025-05-16 17:05:39	2025-05-16 17:05:39
xq5wnfqspkw			鑽	cuāng	1859	2	22	xgqyuwfqzwc		2025-05-16 17:05:39	2025-05-16 17:05:39
x9yd42htydt	x4xau6kmfk9	鑼	鑼	lò̤	1859	3	1	xgqyuwfqzwc		2025-05-16 17:05:39	2025-05-16 17:05:39
xvrzfqgvb5k	xags2jb44j9	鑾	鑾	luàng	1859	3	2	xgqyuwfqzwc		2025-05-16 17:05:39	2025-05-16 17:05:39
xrma98utbvq			钁	kiók	1859	3	3	xgqyuwfqzwc		2025-05-16 17:05:39	2025-05-16 17:05:39
xrmrascd29u			長	diòng	1859	3	4	xskcuz8wa7c		2025-05-16 17:05:39	2025-05-16 17:05:39
x8es6bqk8yy			長	dòng	1859	3	4	xskcuz8wa7c		2025-05-16 17:05:39	2025-05-16 17:05:39
xsypjcd65zq			長	diông	1859	3	4	xskcuz8wa7c		2025-05-16 17:05:39	2025-05-16 17:05:39
x7pwub2c2j9			長	diōng	1859	3	4	xskcuz8wa7c		2025-05-16 17:05:39	2025-05-16 17:05:39
xazp2rhp9u4	xxjhbvhjvf6	門	門	muòng	1859	3	5	x9aepyw7waa		2025-05-16 17:05:39	2025-05-16 17:05:39
xy6pd3yp8j8			閂	cháung	1859	3	6	x9aepyw7waa		2025-05-16 17:05:39	2025-05-16 17:05:39
xsgccbyzpjt			閂	gòng	1859	3	6	x9aepyw7waa		2025-05-16 17:05:39	2025-05-16 17:05:39
xr9efvtb6qj			閂	sŏng	1859	3	6	x9aepyw7waa		2025-05-16 17:05:39	2025-05-16 17:05:39
x6p7daf5gs6	xefts68n8yx	閃	閃	siēng	1859	3	7	x9aepyw7waa		2025-05-16 17:05:39	2025-05-16 17:05:39
xnrcp9g94gh	x7d38qkckpm	閉	閉	biê	1859	3	8	x9aepyw7waa		2025-05-16 17:05:39	2025-05-16 17:05:39
xswx3v3bm97	xbhzdcap46g	閈	閈	hāng	1859	3	9	x9aepyw7waa		2025-05-16 17:05:39	2025-05-16 17:05:39
x2a52kugw3x			間	găng	1859	3	10	x9aepyw7waa		2025-05-16 17:05:39	2025-05-16 17:05:39
x9g9xrpam9h			間	gáng	1859	3	10	x9aepyw7waa		2025-05-16 17:05:39	2025-05-16 17:05:39
xhtemz6ca53	x7tu22j5nw7	閑	閑	hàng	1859	3	11	x9aepyw7waa		2025-05-16 17:05:39	2025-05-16 17:05:39
xqbdp3f5ufu	xepz3z6eyzx	閒	閒	èng	1859	3	12	x9aepyw7waa		2025-10-17 21:35:02	2025-05-16 17:05:39
xqtd5ysagkj	xtcb29qpf7s	閒	閒	găng	1859	3	12	x9aepyw7waa		2025-10-17 21:56:52	2025-05-16 17:05:39
xejnxq4pgqc	xdyxbbvmrgu	閎	閎	hèng	1859	3	13	x9aepyw7waa		2025-05-16 17:05:39	2025-05-16 17:05:39
x4xmc9zxaxg			開	kăi	1859	3	14	x9aepyw7waa		2025-05-16 17:05:39	2025-05-16 17:05:39
xvrpj4sd8yt			開	kŭi	1859	3	14	x9aepyw7waa		2025-05-16 17:05:39	2025-05-16 17:05:39
x4p3jhn3ack	xpnr5ekuqr9	閔	閔	mīng	1859	3	15	x9aepyw7waa		2025-05-16 17:05:39	2025-05-16 17:05:39
x5gqsbh542z	x8tpgdpdtm6	閏	閏	nông	1859	3	16	x9aepyw7waa		2025-05-16 17:05:39	2025-05-16 17:05:39
xvxt6q9s3bg	x9ycwfx7yap	閟	閟	bé	1859	3	17	x9aepyw7waa		2025-05-16 17:05:39	2025-05-16 17:05:39
xam7jjbcjpf	xs8pjmaw7p8	閘	閘	căk	1859	3	18	x9aepyw7waa		2025-05-16 17:05:39	2025-05-16 17:05:39
xb5xvn9c9b2			閙	nâu	1859	3	19	x9aepyw7waa		2025-05-16 17:05:39	2025-05-16 17:05:39
xzt9x9j4ayr			閛	piàng	1860	1	1	x9aepyw7waa		2025-05-16 17:05:39	2025-05-16 17:05:39
xf59brz8pcc			閛	biàng	1860	1	1	x9aepyw7waa		2025-05-16 17:05:39	2025-05-16 17:05:39
xqx52bq5kgu			閛	pĕng	1860	1	1	x9aepyw7waa		2025-05-16 17:05:39	2025-05-16 17:05:39
x7t3ketmn7r	xd9zyqp8w8v	閨	閨	giĕ	1860	1	2	x9aepyw7waa		2025-05-16 17:05:39	2025-05-16 17:05:39
x5adcdd7phf	xuvjsjx5car	閣	閣	gó̤h	1860	1	3	x9aepyw7waa		2025-05-16 17:05:39	2025-05-16 17:05:39
x37uaszagfc			関	guăng	1860	1	4	x9aepyw7waa		2025-05-16 17:05:39	2025-05-16 17:05:39
xe87794a56e			閡	hâi	1860	1	5	x9aepyw7waa		2025-05-16 17:05:39	2025-05-16 17:05:39
xsrqe8yeb5v	x5mmeszf8n3	閥	閥	huăk	1860	1	6	x9aepyw7waa		2025-05-16 17:05:39	2025-05-16 17:05:39
xy4qdt2fjq7			䦙	sê	1860	1	7	x9aepyw7waa		2025-05-16 17:05:39	2025-05-16 17:05:39
xxdtu34e8b5	x5unczzksak	閱	閱	iók	1860	1	8	x9aepyw7waa		2025-05-16 17:05:39	2025-05-16 17:05:39
xj3wd59fz57	xbu2wvxhrzr	閫	閫	kūng	1860	1	9	x9aepyw7waa		2025-05-16 17:05:39	2025-05-16 17:05:39
x6r43smubhx	xmdszattd2n	閬	閬	lōng	1860	1	10	x9aepyw7waa		2025-05-16 17:05:39	2025-05-16 17:05:39
xdf6fxfnps2	xqhuu93vwe8	閭	閭	lṳ̀	1860	1	11	x9aepyw7waa		2025-05-16 17:05:39	2025-05-16 17:05:39
x59px2rq4ya	xnq7ugamwty	閩	閩	mìng	1860	1	12	x9aepyw7waa		2025-05-16 17:05:39	2025-05-16 17:05:39
xt443g82yjn	x6stewbn67j	閶	閶	chiŏng	1860	1	13	x9aepyw7waa		2025-05-16 17:05:39	2025-05-16 17:05:39
xwvekxnk2dz	xxx2vxcu3dc	閽	閽	huŏng	1860	1	14	x9aepyw7waa		2025-05-16 17:05:39	2025-05-16 17:05:39
x39k6s7qr9u	x8jwsewkxt6	閹	閹	iĕng	1860	1	15	x9aepyw7waa		2025-05-16 17:05:39	2025-05-16 17:05:39
xpb82f5cfh8			閾	mĭk	1860	1	16	x9aepyw7waa		2025-05-16 17:05:39	2025-05-16 17:05:39
x7cuee8bk2s	xkxujtevt87	閻	閻	ngièng	1860	1	17	x9aepyw7waa		2025-05-16 17:05:39	2025-05-16 17:05:39
xg3stmhm2zm	x5kvyqmv5rc	闇	闇	āng	1860	1	18	x9aepyw7waa		2025-05-16 17:05:39	2025-05-16 17:05:39
xg3p8jeauxd	x8yh7sxrj5u	闍	闍	dŭ	1860	1	19	x9aepyw7waa		2025-05-16 17:05:39	2025-05-16 17:05:39
x5gkfutgwxy	x3tbkrurmek	闉	闉	ĭng	1860	1	20	x9aepyw7waa		2025-05-16 17:05:39	2025-05-16 17:05:39
xkw9esafmjx			𨶑	kék	1860	1	21	x9aepyw7waa		2025-05-16 17:05:39	2025-05-16 17:05:39
xrmptjwpdt2	xw4pv72w6su	闊	闊	kuák	1860	1	22	x9aepyw7waa		2025-05-16 17:05:39	2025-05-16 17:05:39
xbv7j7rffz9			濶	kuák	1860	1	22	x9aepyw7waa		2025-05-16 17:05:39	2025-05-16 17:05:39
xmpq9jbt5uc	x7daf5jks8a	闋	闋	kuók	1860	2	1	x9aepyw7waa		2025-05-16 17:05:39	2025-05-16 17:05:39
xnkfmpmzek3	x8a6t7fkybh	闌	闌	làng	1860	2	2	x9aepyw7waa		2025-05-16 17:05:39	2025-05-16 17:05:39
x3c953g44uj	xgamtgmz3qk	闈	闈	ùi	1860	2	3	x9aepyw7waa		2025-05-16 17:05:39	2025-05-16 17:05:39
xn4a8y9yjyr			闖	cháung	1860	2	4	x9aepyw7waa		2025-05-16 17:05:39	2025-05-16 17:05:39
xcmerd3dpbn	xkgsj2uwbtg	闐	闐	dièng	1860	2	5	x9aepyw7waa		2025-05-16 17:05:39	2025-05-16 17:05:39
xhuf886bqze			𨶹	guăng	1860	2	6	x9aepyw7waa		2025-05-16 17:05:39	2025-05-16 17:05:39
x8q7564b3ky			𨶹	guŏng	1860	2	6	x9aepyw7waa		2025-05-16 17:05:39	2025-05-16 17:05:39
x52te6tqd6g	x4gzhu6svxr	闔	闔	hăk	1860	2	7	x9aepyw7waa		2025-05-16 17:05:39	2025-05-16 17:05:39
xvcj87aard4	xs3fqmkputr	闓	闓	kāi	1860	2	8	x9aepyw7waa		2025-05-16 17:05:39	2025-05-16 17:05:39
xwbatnzyew3	xnfnu682d9q	闕	闕	kuók	1860	2	9	x9aepyw7waa		2025-05-16 17:05:39	2025-05-16 17:05:39
x482kxhykcg	xq9wcmasxtr	闑	闑	ngiĕk	1860	2	10	x9aepyw7waa		2025-05-16 17:05:39	2025-05-16 17:05:39
xbygk7rvmht			關	guăng	1860	2	11	x9aepyw7waa		2025-05-16 17:05:39	2025-05-16 17:05:39
x94bukw2cvm			闚	kiĕ	1860	2	12	x9aepyw7waa		2025-05-16 17:05:39	2025-05-16 17:05:39
xwrqx7993ch			闡	chiēng	1860	2	13	x9aepyw7waa		2025-05-16 17:05:39	2025-05-16 17:05:39
x5xjzwqh34v			闞	hāng	1860	2	14	x9aepyw7waa		2025-05-16 17:05:39	2025-05-16 17:05:39
xwrq5a5ut5h			闞	káng	1860	2	14	x9aepyw7waa		2025-05-16 17:05:39	2025-05-16 17:05:39
xwzbdukx76j	xfk3psmb2sn	闟	闟	hék	1860	2	15	x9aepyw7waa		2025-05-16 17:05:39	2025-05-16 17:05:39
xj3npchbvjr	xrgnbpnqpxk	闠	闠	huôi	1860	2	16	x9aepyw7waa		2025-05-16 17:05:39	2025-05-16 17:05:39
xr4mxuezzg9			𨶯	ngá̤h	1860	2	17	x9aepyw7waa		2025-05-16 17:05:39	2025-05-16 17:05:39
xnsve2u94pj			闢	bĭk	1860	2	18	x9aepyw7waa		2025-05-16 17:05:39	2025-05-16 17:05:39
xchfg2jxz7r	xnjsscucx57	闤	闤	kuàng	1860	2	19	x9aepyw7waa		2025-05-16 17:05:39	2025-05-16 17:05:39
x94ae4vgzfp	xw9htwb3h62	闥	闥	ták	1860	2	20	x9aepyw7waa		2025-05-16 17:05:39	2025-05-16 17:05:39
x43tnwrg86j	xnduu384wfj	阜	阜	hâiu	1860	2	21	xab9p46hmp7		2025-05-16 17:05:39	2025-05-16 17:05:39
xhkyvkgpekc	xttvb946yuv	阡	阡	chiĕng	1860	3	1	xab9p46hmp7		2025-05-16 17:05:39	2025-05-16 17:05:39
xuq23ds3634	xc53779fbpq	阭	阭	ṳ̄ng	1860	3	2	xab9p46hmp7		2025-05-16 17:05:39	2025-05-16 17:05:39
x7m33yejuz7			阨	áik	1860	3	3	xab9p46hmp7		2025-05-16 17:05:39	2025-05-16 17:05:39
xugbmj89xcp			䦼	bék	1860	3	4	xab9p46hmp7		2025-05-16 17:05:39	2025-05-16 17:05:39
x3xp5n5jbz6			阯	cī	1860	3	5	xab9p46hmp7		2025-05-16 17:05:39	2025-05-16 17:05:39
xh3hxbb8h7r			防	huòng	1860	3	6	xab9p46hmp7		2025-05-16 17:05:39	2025-05-16 17:05:39
xnqvdvbmeaz	x3e9ruqwj3t	阱	阱	sêng	1860	3	7	xab9p46hmp7		2025-05-16 17:05:39	2025-05-16 17:05:39
xxzxvbqqc36			阮	uōng	1860	3	8	xab9p46hmp7		2025-05-16 17:05:39	2025-05-16 17:05:39
x43zafazumv	x9y9s9jz37u	阼	阼	cuô	1860	3	9	xab9p46hmp7	原書有誤，已更正	2025-05-16 17:05:39	2025-05-16 17:05:39
xjubv27aaa8	xauqmn99dux	阻	阻	cū	1860	3	10	xab9p46hmp7		2025-05-16 17:05:39	2025-05-16 17:05:39
xjrdum45a97			阽	diéng	1860	3	11	xab9p46hmp7		2025-05-16 17:05:39	2025-05-16 17:05:39
xje7bqut2cc			陀	dò̤	1860	3	12	xab9p46hmp7		2025-05-16 17:05:39	2025-05-16 17:05:39
xh9rmd7knjt	xbgnr4d57kh	附	附	hô	1860	3	13	xab9p46hmp7		2025-05-16 17:05:39	2025-05-16 17:05:39
xc96x6zqaye			阿	ŏ̤	1860	3	14	xab9p46hmp7		2025-05-16 17:05:39	2025-05-16 17:05:39
xnj55sbvbv6			阿	ăk	1860	3	14	xab9p46hmp7		2025-05-16 17:05:39	2025-05-16 17:05:39
xpcerkb43m2			阿	ĭ	1860	3	14	xab9p46hmp7		2025-05-16 17:05:39	2025-05-16 17:05:39
xu2x33w5jyv			阿	ă	1860	3	14	xab9p46hmp7		2025-05-16 17:05:39	2025-05-16 17:05:39
x97btswxup7	xfha39m3g2t	陂	陂	pŏ̤	1860	3	15	xab9p46hmp7		2025-05-16 17:05:39	2025-05-16 17:05:39
xgevwr3c8qv			⿰阝巨	pŏ̤	1860	3	16	xab9p46hmp7		2025-05-16 17:05:39	2025-05-16 17:05:39
xghvdk5c9au			限	âing	1860	3	17	xab9p46hmp7		2025-05-16 17:05:39	2025-05-16 17:05:39
xs56w7844p6	xeg5b8smgzq	陌	陌	báik	1860	3	18	xab9p46hmp7		2025-05-16 17:05:39	2025-05-16 17:05:39
xrk4chdy34f	xuzewqf8k8r	陔	陔	găi	1860	3	19	xab9p46hmp7		2025-05-16 17:05:39	2025-05-16 17:05:39
xv5hmhe5vvr			降	gáung	1860	3	20	xab9p46hmp7		2025-05-16 17:05:39	2025-05-16 17:05:39
xph6n6m9g5g			降	hòng	1860	3	20	xab9p46hmp7		2025-05-16 17:05:39	2025-05-16 17:05:39
xm45xfbaqxf	xhuxbcsxunb	陋	陋	lâiu	1860	3	21	xab9p46hmp7		2025-05-16 17:05:39	2025-05-16 17:05:39
xjqg95ehgpg	xug43br3wrh	陛	陛	bê	1860	3	22	xab9p46hmp7		2025-05-16 17:05:39	2025-05-16 17:05:39
xufasw63284	x5un2v9qqdv	陖	陖	cóng	1861	1	1	xab9p46hmp7		2025-05-16 17:05:39	2025-05-16 17:05:39
x3twd5dc5ca	xkmpv9u6jv3	陣	陣	dêng	1861	1	2	xab9p46hmp7		2025-05-16 17:05:39	2025-05-16 17:05:39
xnm39gzax2s	xk9rfbgwfrv	陡	陡	dēu	1861	1	3	xab9p46hmp7		2025-05-16 17:05:39	2025-05-16 17:05:39
xx8vcxqc5mj			除	dṳ̀	1861	1	4	xab9p46hmp7		2025-05-16 17:05:39	2025-05-16 17:05:39
x4mwambnvh2	xexk8dc64hk	陘	陘	hìng	1861	1	5	xab9p46hmp7		2025-05-16 17:05:39	2025-05-16 17:05:39
x5duvuf6v5e	x97xmuqpgwg	院	院	iêng	1861	1	6	xab9p46hmp7		2025-05-16 17:05:39	2025-05-16 17:05:39
xdh8bkrex89			陜	siēng	1861	1	7	xab9p46hmp7		2025-05-16 17:05:39	2025-05-16 17:05:39
xn8rsjbu9pd	xrv7e33y2sp	陞	陞	sĭng	1861	1	8	xab9p46hmp7		2025-05-16 17:05:39	2025-05-16 17:05:39
xgsemne2ddf			陟	ték	1861	1	9	xab9p46hmp7		2025-05-16 17:05:39	2025-05-16 17:05:39
xvre2r89m2v	x9fxfkfzn6d	陴	陴	bĭ	1861	1	10	xab9p46hmp7		2025-05-16 17:05:39	2025-05-16 17:05:39
xaeu5dc8rcz			陪	buòi	1861	1	11	xab9p46hmp7		2025-05-16 17:05:39	2025-05-16 17:05:39
xjc7yvr698a	xnuhnvap7s5	陬	陬	cĕu	1861	1	12	xab9p46hmp7		2025-05-16 17:05:39	2025-05-16 17:05:39
xug3w9hy8p4	x75kqh6tvys	陳	陳	dìng	1861	1	13	xab9p46hmp7		2025-05-16 17:05:39	2025-05-16 17:05:39
xctt4345nhk	x75kqh6tvys	陳	陳	dêng	1861	1	13	xab9p46hmp7		2025-05-16 17:05:39	2025-05-16 17:05:39
xfpga5ufg97			陶	dò̤	1861	1	14	xab9p46hmp7		2025-05-16 17:05:39	2025-05-16 17:05:39
xqdkxb82m6e			陶	ièu	1861	1	14	xab9p46hmp7		2025-05-16 17:05:39	2025-05-16 17:05:39
xavys2ve2gb	xmfqcnpq5je	陷	陷	hâng	1861	1	15	xab9p46hmp7		2025-05-16 17:05:39	2025-05-16 17:05:39
xmyg86tet65			陰	ĭng	1861	1	16	xab9p46hmp7		2025-05-16 17:05:39	2025-05-16 17:05:39
xnfgkwupwv8			陰	ĕng	1861	1	16	xab9p46hmp7		2025-05-16 17:05:39	2025-05-16 17:05:39
x9qzs3eb7mn	x865cx34m77	陵	陵	lìng	1861	1	17	xab9p46hmp7		2025-05-16 17:05:39	2025-05-16 17:05:39
xpqv89c39yy			陸	lṳ̆k	1861	1	18	xab9p46hmp7		2025-05-16 17:05:39	2025-05-16 17:05:39
xbgxj8egzy8			陸	lĕ̤k	1861	1	18	xab9p46hmp7		2025-05-16 17:05:39	2025-05-16 17:05:39
xj5skdkcdtj	x45488ba2hj	陲	陲	sùi	1861	1	19	xab9p46hmp7		2025-05-16 17:05:39	2025-05-16 17:05:39
x3cswnfybhe	xn2ggcb9gn6	隊	隊	dôi	1861	1	20	xab9p46hmp7		2025-05-16 17:05:39	2025-05-16 17:05:39
xt63mf7b5dm	xn2ggcb9gn6	隊	隊	sôi	1861	1	20	xab9p46hmp7		2025-05-16 17:05:39	2025-05-16 17:05:39
xy3cgjty6ty			階	găi	1861	1	21	xab9p46hmp7		2025-05-16 17:05:39	2025-05-16 17:05:39
xvh669b5kbr			階	giĕ	1861	1	21	xab9p46hmp7		2025-05-16 17:05:39	2025-05-16 17:05:39
x67adcxrxpb	x7stcmz8cey	隍	隍	huòng	1861	1	22	xab9p46hmp7		2025-05-16 17:05:39	2025-05-16 17:05:39
xdzpm6ws9jh			隂	ĭng	1861	2	1	xab9p46hmp7		2025-05-16 17:05:39	2025-05-16 17:05:39
x279zm2b38e	xk5j682hudm	陽	陽	iòng	1861	2	2	xab9p46hmp7		2025-05-16 17:05:39	2025-05-16 17:05:39
x596x2enh6z	xjs5m5mgaw3	隆	隆	lṳ̀ng	1861	2	3	xab9p46hmp7		2025-05-16 17:05:39	2025-05-16 17:05:39
xfjq3d9cz9f	xwjtu8vh4d8	隅	隅	ngṳ̀	1861	2	4	xab9p46hmp7		2025-05-16 17:05:39	2025-05-16 17:05:39
xzh7rcwvttm	x93cz5kvdbt	隋	隋	sùi	1861	2	5	xab9p46hmp7		2025-05-16 17:05:40	2025-05-16 17:05:40
x87za3g6f72	x93cz5kvdbt	隋	隋	dô̤	1861	2	5	xab9p46hmp7		2025-05-16 17:05:40	2025-05-16 17:05:40
xw76amxzsaz	x93cz5kvdbt	隋	隋	tuō	1861	2	5	xab9p46hmp7	原書有誤，已更正	2025-05-16 17:05:40	2025-05-16 17:05:40
xdh4uznz5kk			隄	tì	1861	2	6	xab9p46hmp7		2025-05-16 17:05:40	2025-05-16 17:05:40
xwv6e9nwmbu	x2yugg2s49e	隈	隈	uŏi	1861	2	7	xab9p46hmp7		2025-05-16 17:05:40	2025-05-16 17:05:40
xg2gv4zuhf6			隔	gáik	1861	2	8	xab9p46hmp7		2025-05-16 17:05:40	2025-05-16 17:05:40
x3ef7662j4m			隔	gáh	1861	2	8	xab9p46hmp7		2025-05-16 17:05:40	2025-05-16 17:05:40
xz5b3rqqxs6			隔	găng	1861	2	8	xab9p46hmp7		2025-05-16 17:05:40	2025-05-16 17:05:40
x7d86jqu5d8			隔	găh	1861	2	8	xab9p46hmp7		2025-05-16 17:05:40	2025-05-16 17:05:40
xrmjazvj7t9			隙	kék	1861	2	9	xab9p46hmp7		2025-05-16 17:05:40	2025-05-16 17:05:40
xvaygzpcrj5	xv2t74r5rt7	隘	隘	ngái	1861	2	10	xab9p46hmp7		2025-05-16 17:05:40	2025-05-16 17:05:40
xp7a6rw5mwf	xv2t74r5rt7	隘	隘	ái	1861	2	10	xab9p46hmp7		2025-05-16 17:05:40	2025-05-16 17:05:40
xp2qj783htx	x6cutaj3dmw	隕	隕	ūng	1861	2	11	xab9p46hmp7		2025-05-16 17:05:40	2025-05-16 17:05:40
xjcv889c9sk	xe68najmxtn	際	際	cié	1861	2	12	xab9p46hmp7		2025-05-16 17:05:40	2025-05-16 17:05:40
x7y3mukjqzq	x3r3j5hv9s5	障	障	cióng	1861	2	13	xab9p46hmp7		2025-05-16 17:05:40	2025-05-16 17:05:40
xnxxvn8q5ed			𨻶	kék	1861	2	14	xab9p46hmp7		2025-05-16 17:05:40	2025-05-16 17:05:40
xy782w6auvz			隠	ṳ̄ng	1861	2	15	xab9p46hmp7		2025-05-16 17:05:40	2025-05-16 17:05:40
xgcvctnd2r5			隠	ūng	1861	2	15	xab9p46hmp7		2025-05-16 17:05:40	2025-05-16 17:05:40
xnfbpdnmqhh	x9cvxyr4yhp	隤	隤	dòi	1861	2	16	xab9p46hmp7		2025-05-16 17:05:40	2025-05-16 17:05:40
xgcwfkbexup			隣	lìng	1861	2	17	xab9p46hmp7		2025-05-16 17:05:40	2025-05-16 17:05:40
xtkh3dy4u4x	xpphean6g3h	隧	隧	dôi	1861	2	18	xab9p46hmp7		2025-05-16 17:05:40	2025-05-16 17:05:40
xbrv9t3cqdr			險	hiēng	1861	2	19	xab9p46hmp7		2025-05-16 17:05:40	2025-05-16 17:05:40
x9sj6vz5q45	xtut6ta8e55	隩	隩	ó̤	1861	2	20	xab9p46hmp7		2025-05-16 17:05:40	2025-05-16 17:05:40
xtwd55c8tds	xvpne832dnb	隨	隨	sùi	1861	2	21	xab9p46hmp7		2025-05-16 17:05:40	2025-05-16 17:05:40
xbmehp7cuqd	xyzqxy5phx6	隮	隮	că̤	1861	2	22	xab9p46hmp7		2025-05-16 17:05:40	2025-05-16 17:05:40
xgrtthk8ese	xabhjx7b6ry	隰	隰	sék	1861	3	1	xab9p46hmp7		2025-05-16 17:05:40	2025-05-16 17:05:40
xkgt45xbvpt	xcum28he6fj	隱	隱	ūng	1861	3	2	xab9p46hmp7		2025-05-16 17:05:40	2025-05-16 17:05:40
x2s5fvskw42	xwkkzk9knkg	隳	隳	hŭi	1861	3	3	xab9p46hmp7		2025-05-16 17:05:40	2025-05-16 17:05:40
xpdnet2n2gt			隴	lūng	1861	3	4	xab9p46hmp7		2025-05-16 17:05:40	2025-05-16 17:05:40
xn7q4zzwb8x			隶	dâi	1861	3	5	xpn89m57z4p		2025-05-16 17:05:40	2025-05-16 17:05:40
xz25vxcfn8q			隷	lâ̤	1861	3	6	xpn89m57z4p		2025-05-16 17:05:40	2025-05-16 17:05:40
xrdasafd3xh	x7htnd6mtd3	隸	隸	lâ̤	1861	3	7	xpn89m57z4p		2025-05-16 17:05:40	2025-05-16 17:05:40
xbg7ffxt8fk	xsxckknaeew	隹	隹	chŭi	1861	3	8	xj39ez4yf6w		2025-05-16 17:05:40	2025-05-16 17:05:40
xe7tt7qdv39			隻	ciáh	1861	3	9	xj39ez4yf6w		2025-05-16 17:05:40	2025-05-16 17:05:40
xnha9jyzz6d			难	nàng	1861	3	10	xj39ez4yf6w		2025-05-16 17:05:40	2025-05-16 17:05:40
xqqc36t638e			难	nâng	1861	3	10	xj39ez4yf6w		2025-05-16 17:05:40	2025-05-16 17:05:40
xr4wj5e3ram	x42mh88wpxs	隼	隼	sūng	1861	3	11	xj39ez4yf6w		2025-05-16 17:05:40	2025-05-16 17:05:40
x6gxas95m3g			雀	chiók	1861	3	12	xj39ez4yf6w		2025-05-16 17:05:40	2025-05-16 17:05:40
xtq3qupjkw4			雀	ciáh	1861	3	12	xj39ez4yf6w		2025-05-16 17:05:40	2025-05-16 17:05:40
xu72bnj38jh	xrmbc6nk3m6	集	集	cĭk	1861	3	13	xj39ez4yf6w		2025-05-16 17:05:40	2025-05-16 17:05:40
xvggvyhxm58			雇	gó	1861	3	14	xj39ez4yf6w		2025-05-16 17:05:40	2025-05-16 17:05:40
xbrg9pzfbb9	xztk9vabbg6	雄	雄	hṳ̀ng	1861	3	15	xj39ez4yf6w		2025-05-16 17:05:40	2025-05-16 17:05:40
x7z3sm79vw9	xztk9vabbg6	雄	雄	gáe̤k	1861	3	15	xj39ez4yf6w		2025-05-16 17:05:40	2025-05-16 17:05:40
xvd66ev2wjt	xsayevyxyy5	雅	雅	ngā	1861	3	16	xj39ez4yf6w		2025-05-16 17:05:40	2025-05-16 17:05:40
xdm92q8ca8g	xkyqcjnmudj	雁	雁	ngâng	1861	3	17	xj39ez4yf6w		2025-05-16 17:05:40	2025-05-16 17:05:40
x2g3vhxh5hg	xs738the358	雋	雋	cóng	1861	3	18	xj39ez4yf6w		2025-05-16 17:05:40	2025-05-16 17:05:40
xekz5p9n43u	xsqb8yxnu5s	雌	雌	chĭ	1861	3	19	xj39ez4yf6w		2025-05-16 17:05:40	2025-05-16 17:05:40
xm7kfme3fsw	xh9n3p99rhs	雉	雉	dê	1861	3	20	xj39ez4yf6w		2025-05-16 17:05:40	2025-05-16 17:05:40
xxf3drhw25f	xywe7wstxx4	雊	雊	gáiu	1862	1	1	xj39ez4yf6w		2025-05-16 17:05:40	2025-05-16 17:05:40
x2qd2bmv694	x64zz2sguua	雍	雍	ṳ̆ng	1862	1	2	xj39ez4yf6w		2025-05-16 17:05:40	2025-05-16 17:05:40
xjjmhss5k3e	xd566gtyf96	雒	雒	lŏk	1862	1	3	xj39ez4yf6w		2025-05-16 17:05:40	2025-05-16 17:05:40
xqbj8qmrt48			雕	diĕu	1862	1	4	xj39ez4yf6w		2025-05-16 17:05:40	2025-05-16 17:05:40
xkkjpatv75f			雕	dĕu	1862	1	4	xj39ez4yf6w		2025-05-16 17:05:40	2025-05-16 17:05:40
xp7cwf3gzta	xf5yss89tc7	雖	雖	chŭi	1862	1	5	xj39ez4yf6w		2025-05-16 17:05:40	2025-05-16 17:05:40
xcmresnukca	xvb585amevr	雜	雜	căk	1862	1	6	xj39ez4yf6w		2025-05-16 17:05:40	2025-05-16 17:05:40
xb6zxbdv34a	xhnqt8nwv4s	雛	雛	cù	1862	1	7	xj39ez4yf6w		2025-05-16 17:05:40	2025-05-16 17:05:40
x8cjrg8xrte	xgjx9tu6edh	雞	雞	giĕ	1862	1	8	xj39ez4yf6w		2025-05-16 17:05:40	2025-05-16 17:05:40
x24rhs9vq9t	x6tyusm2p8j	雙	雙	sĕ̤ng	1862	1	9	xj39ez4yf6w		2025-05-16 17:05:40	2025-05-16 17:05:40
xdsdq8ryed8			雝	ṳ̆ng	1862	1	10	xj39ez4yf6w		2025-05-16 17:05:40	2025-05-16 17:05:40
xt77kejfkc6			離	liê	1862	1	11	xj39ez4yf6w		2025-05-16 17:05:40	2025-05-16 17:05:40
xfmn9288ccp			離	liè	1862	1	11	xj39ez4yf6w		2025-05-16 17:05:40	2025-05-16 17:05:40
x57ea2g2u8b			難	nàng	1862	1	12	xj39ez4yf6w		2025-05-16 17:05:40	2025-05-16 17:05:40
xvgwrx5atr3			難	nâng	1862	1	12	xj39ez4yf6w		2025-05-16 17:05:40	2025-05-16 17:05:40
xcy9kqgnj76			雨	ṳ̄	1862	1	13	xtzrzpg7y8c		2025-05-16 17:05:40	2025-05-16 17:05:40
xq7t95aq3eg			雨	ê̤ṳ	1862	1	13	xtzrzpg7y8c		2025-05-16 17:05:40	2025-05-16 17:05:40
xuynuw9ubj6	xsxm6mxxbj5	雪	雪	suók	1862	1	14	xtzrzpg7y8c	原書有誤，已更正	2025-05-16 17:05:40	2025-05-16 17:05:40
xyx72u839u2	xg6kjqdf69g	雩	雩	ṳ̀	1862	1	15	xtzrzpg7y8c		2025-05-16 17:05:40	2025-05-16 17:05:40
xcnb4sx5ecp	xg6kjqdf69g	雩	雩	ê̤ṳ	1862	1	15	xtzrzpg7y8c		2025-05-16 17:05:40	2025-05-16 17:05:40
xh2dk84ca97	x5sanxe7hxn	雰	雰	hŭng	1862	1	16	xtzrzpg7y8c		2025-05-16 17:05:40	2025-05-16 17:05:40
xzuz6wpnx76			雲	hùng	1862	1	17	xtzrzpg7y8c		2025-05-16 17:05:40	2025-05-16 17:05:40
x4bnz66tpqa	x3yf6tfjkqf	雱	雱	pŏng	1862	1	18	xtzrzpg7y8c		2025-05-16 17:05:40	2025-05-16 17:05:40
xbptkmmdama	xpbdcmrv8hu	電	電	diêng	1862	1	19	xtzrzpg7y8c		2025-05-16 17:05:40	2025-05-16 17:05:40
x7wp5qx5bu7	xgm5a62ytr7	零	零	lìng	1862	1	20	xtzrzpg7y8c		2025-05-16 17:05:40	2025-05-16 17:05:40
xhx6dbm9aqg			雷	lòi	1862	1	21	xtzrzpg7y8c		2025-05-16 17:05:40	2025-05-16 17:05:40
xkyfahpwsjx			雷	lài	1862	1	21	xtzrzpg7y8c		2025-05-16 17:05:40	2025-05-16 17:05:40
xhh3uchd6mb			雹	pâu	1862	2	1	xtzrzpg7y8c		2025-05-16 17:05:40	2025-05-16 17:05:40
x9g2m4d89k5			雹	pĕ̤k	1862	2	1	xtzrzpg7y8c		2025-05-16 17:05:40	2025-05-16 17:05:40
xunqpaqdjtv	x5xnrfwep9w	需	需	sṳ̆	1862	2	2	xtzrzpg7y8c		2025-05-16 17:05:40	2025-05-16 17:05:40
xskxcfvybx9	x5xnrfwep9w	需	需	ṳ̀	1862	2	2	xtzrzpg7y8c		2025-05-16 17:05:40	2025-05-16 17:05:40
x5ak75d4dtu			䨑	tà̤	1862	2	3	xtzrzpg7y8c		2025-05-16 17:05:40	2025-05-16 17:05:40
xyq5ssjh6ks	x2uc5pgkp98	震	震	cīng	1862	2	4	xtzrzpg7y8c		2025-05-16 17:05:40	2025-05-16 17:05:40
xp4qg3hxbpx	xbdy256th9j	霆	霆	dìng	1862	2	5	xtzrzpg7y8c		2025-05-16 17:05:40	2025-05-16 17:05:40
x3dcdzp3s7u	x59mds6xxax	霂	霂	mŭk	1862	2	6	xtzrzpg7y8c		2025-05-16 17:05:40	2025-05-16 17:05:40
xpe6d2zb7kd			霉	muòi	1862	2	7	xtzrzpg7y8c		2025-05-16 17:05:40	2025-05-16 17:05:40
xrcegeztkyg	xjse223hmwt	霈	霈	puói	1862	2	8	xtzrzpg7y8c		2025-05-16 17:05:40	2025-05-16 17:05:40
xzz3atvpb8p	xnqtnrbtsdp	霄	霄	siĕu	1862	2	9	xtzrzpg7y8c		2025-05-16 17:05:40	2025-05-16 17:05:40
xrb6q7aywpm			霃	tìng	1862	2	10	xtzrzpg7y8c		2025-05-16 17:05:40	2025-05-16 17:05:40
xqarh79abh6			霑	ciĕng	1862	2	11	xtzrzpg7y8c		2025-05-16 17:05:40	2025-05-16 17:05:40
xdsx47sk93w	x7csmbe4s3u	霍	霍	huók	1862	2	12	xtzrzpg7y8c		2025-05-16 17:05:40	2025-05-16 17:05:40
x57nb3dadr8	xfwqcwyrang	霖	霖	lìng	1862	2	13	xtzrzpg7y8c		2025-05-16 17:05:40	2025-05-16 17:05:40
x8jxhdujefq	xy7b7jrtqqy	霓	霓	ngà̤	1862	2	14	xtzrzpg7y8c		2025-05-16 17:05:40	2025-05-16 17:05:40
x3parndm4dz	xzt22ghhzab	霏	霏	pĭ	1862	2	15	xtzrzpg7y8c		2025-05-16 17:05:40	2025-05-16 17:05:40
x4x8m38ktav	xutkkvwtm5g	霎	霎	sák	1862	2	16	xtzrzpg7y8c		2025-05-16 17:05:40	2025-05-16 17:05:40
xacczhkh69j	xjw8gu645e5	霞	霞	hà	1862	2	17	xtzrzpg7y8c		2025-05-16 17:05:40	2025-05-16 17:05:40
x3wehzc8x3g	x8pszc6enyw	霜	霜	sŏng	1862	2	18	xtzrzpg7y8c		2025-05-16 17:05:40	2025-05-16 17:05:40
x4a9q5tzner			霡	mĕk	1862	2	19	xtzrzpg7y8c		2025-05-16 17:05:40	2025-05-16 17:05:40
xrz54vyc8bq	xurse5bxg89	霪	霪	ìng	1862	2	20	xtzrzpg7y8c		2025-05-16 17:05:40	2025-05-16 17:05:40
x2hvuqrmzk7	x6zfw28wakp	𩄻	𩄻	muò	1862	2	21	xtzrzpg7y8c		2025-05-16 17:05:40	2025-05-16 17:05:40
xu2fnggtkt3	x6saa2jkbpc	霧	霧	ô	1862	2	22	xtzrzpg7y8c		2025-05-16 17:05:40	2025-05-16 17:05:40
xm3futfx7rj	xv7p6vq2ukd	霫	霫	sĭk	1862	3	1	xtzrzpg7y8c		2025-05-16 17:05:40	2025-05-16 17:05:40
xfx7scznnyb	x9wyvjh9tyr	露	露	ló	1862	3	2	xtzrzpg7y8c		2025-05-16 17:05:40	2025-05-16 17:05:40
xjvgz2futcq	x2nenn4kfwq	霰	霰	siéng	1862	3	3	xtzrzpg7y8c		2025-05-16 17:05:40	2025-05-16 17:05:40
x3rtar9s8dz			霱	ṳ̆k	1862	3	4	xtzrzpg7y8c		2025-05-16 17:05:40	2025-05-16 17:05:40
x9nacy3gg3u	xd8gk8gzmb7	霸	霸	bá	1862	3	5	xtzrzpg7y8c		2025-05-16 17:05:40	2025-05-16 17:05:40
x7gqbe47azb	xw5a5567j6y	霹	霹	pék	1862	3	6	xtzrzpg7y8c		2025-05-16 17:05:40	2025-05-16 17:05:40
xq5y7ymrk5d	x7sugvwvyb6	霶	霶	pŏng	1862	3	7	xtzrzpg7y8c		2025-05-16 17:05:40	2025-05-16 17:05:40
xxe9ce8skqw			霽	cā̤	1862	3	8	xtzrzpg7y8c		2025-05-16 17:05:40	2025-05-16 17:05:40
xgdhhz9nw4e			霾	mài	1862	3	9	xtzrzpg7y8c		2025-05-16 17:05:40	2025-05-16 17:05:40
x4xy5grjhap			霾	mói	1862	3	9	xtzrzpg7y8c		2025-05-16 17:05:40	2025-05-16 17:05:40
xsjcm9mbvau			霾	muái	1862	3	9	xtzrzpg7y8c		2025-05-16 17:05:40	2025-05-16 17:05:40
xepzqch4734	xnpf3spcx8a	靀	靀	mùng	1862	3	10	xtzrzpg7y8c		2025-05-16 17:05:40	2025-05-16 17:05:40
xhwqz3juhcj	xw3s4mkd7kd	靄	靄	āi	1862	3	11	xtzrzpg7y8c		2025-05-16 17:05:40	2025-05-16 17:05:40
xt5trnkwxmm	xuj5gq4sgvn	靆	靆	dâi	1862	3	12	xtzrzpg7y8c		2025-05-16 17:05:40	2025-05-16 17:05:40
xskb7mufqdn			𩆝	lĭk	1862	3	13	xtzrzpg7y8c		2025-05-16 17:05:40	2025-05-16 17:05:40
xdh6f6rxerz			𩆝	liăh	1862	3	13	xtzrzpg7y8c		2025-05-16 17:05:40	2025-05-16 17:05:40
xcyy3848qhx			靂	lĭk	1862	3	13	xtzrzpg7y8c		2025-05-16 17:05:40	2025-05-16 17:05:40
xh8kvzmeez4			靂	liăh	1862	3	13	xtzrzpg7y8c		2025-05-16 17:05:40	2025-05-16 17:05:40
x7pd7qztpgk	xfxunmxvecn	靈	靈	lìng	1862	3	14	xtzrzpg7y8c		2025-05-16 17:05:40	2025-05-16 17:05:40
xcghqwtkfu9	x99eyvbmem8	靉	靉	ái	1862	3	15	xtzrzpg7y8c		2025-05-16 17:05:40	2025-05-16 17:05:40
x86j5xggfv8			靑	chĭng	1862	3	16	xzq32zqn5v2		2025-05-16 17:05:40	2025-05-16 17:05:40
xyduyu988qk			靑	chăng	1862	3	16	xzq32zqn5v2		2025-05-16 17:05:40	2025-05-16 17:05:40
x5pnd38hpj6	xr9c728sq5r	靖	靖	cêng	1862	3	17	xzq32zqn5v2		2025-05-16 17:05:40	2025-05-16 17:05:40
x82zdr364u6	xq3hbzwjubj	靚	靚	cêng	1862	3	18	xzq32zqn5v2		2025-05-16 17:05:40	2025-05-16 17:05:40
xkz83hvycyu			靜	cêng	1862	3	19	xzq32zqn5v2		2025-05-16 17:05:40	2025-05-16 17:05:40
xng7pd98zgw	x5hc6gm8dnr	靛	靛	dâing	1862	3	20	xzq32zqn5v2		2025-05-16 17:05:40	2025-05-16 17:05:40
xzcw8q5gjbr			靝	tiĕng	1862	3	21	xzq32zqn5v2		2025-05-16 17:05:40	2025-05-16 17:05:40
xxn7et84jps	xn29cf8jspd	非	非	hĭ	1863	1	1	xnaf3htyph7		2025-05-16 17:05:40	2025-05-16 17:05:40
x3d9u5ysa8d			啡	pĭ	1863	1	2	xnaf3htyph7		2025-05-16 17:05:40	2025-05-16 17:05:40
xp4y26zsj7k	x62mdxthq4y	靠	靠	kó̤	1863	1	3	xnaf3htyph7		2025-05-16 17:05:40	2025-05-16 17:05:40
x6wkn8csbts	xw5kh8paghd	靡	靡	pī	1863	1	4	xnaf3htyph7		2025-05-16 17:05:40	2025-05-16 17:05:40
x7m4vmgjyu7			面	miêng	1863	1	5	xc7qbq5jfm6		2025-05-16 17:05:40	2025-05-16 17:05:40
xhrfk6kjgmy			面	méng	1863	1	5	xc7qbq5jfm6		2025-05-16 17:05:40	2025-05-16 17:05:40
xxvwk4zwytw	xxcgnu4rfd9	靦	靦	tiēng	1863	1	6	xc7qbq5jfm6		2025-05-16 17:05:40	2025-05-16 17:05:40
x7tz2ktu5z5			靧	huôi	1863	1	7	xc7qbq5jfm6		2025-05-16 17:05:40	2025-05-16 17:05:40
xxfgxmk7mw6	xqd4uunvzhd	靨	靨	iék	1863	1	8	xc7qbq5jfm6		2025-05-16 17:05:40	2025-05-16 17:05:40
xwbahxr97rk	xqxqxjamybn	革	革	gáik	1863	1	9	xknpekkm6pw		2025-05-16 17:05:40	2025-05-16 17:05:40
xfs5hexm5cp	xafymzyxanb	靮	靮	dék	1863	1	10	xknpekkm6pw		2025-05-16 17:05:40	2025-05-16 17:05:40
xfb2updp4j4	x4td8kv58br	靶	靶	bá	1863	1	11	xknpekkm6pw		2025-05-16 17:05:40	2025-05-16 17:05:40
xh766hhvs3z	x4td8kv58br	靶	靶	bā	1863	1	11	xknpekkm6pw		2025-05-16 17:05:40	2025-05-16 17:05:40
xyggjatur65	xwyrxmbn3vx	靳	靳	gé̤ṳng	1863	1	12	xknpekkm6pw		2025-05-16 17:05:40	2025-05-16 17:05:40
x7ab75ft5gy			𩉬	gì	1863	1	13	xknpekkm6pw		2025-05-16 17:05:40	2025-05-16 17:05:40
xzr74k9uhgn			靴	kuŏ	1863	1	14	xknpekkm6pw		2025-05-16 17:05:40	2025-05-16 17:05:40
xpd7amjc7jm	xvb7jpz7uw4	靸	靸	ngék	1863	1	15	xknpekkm6pw		2025-05-16 17:05:40	2025-05-16 17:05:40
x3angyhcnqv			鞄	bàu	1863	1	16	xknpekkm6pw		2025-05-16 17:05:40	2025-05-16 17:05:40
xqen5p5kn33	xnsbttvkjr7	鞅	鞅	ióng	1863	1	17	xknpekkm6pw		2025-05-16 17:05:40	2025-05-16 17:05:40
xtqukm726hh	xvrgwf8thjn	鞋	鞋	à̤	1863	1	18	xknpekkm6pw		2025-05-16 17:05:40	2025-05-16 17:05:40
xgfykexm8ba	xd4epghug4r	鞍	鞍	ăng	1863	1	19	xknpekkm6pw		2025-05-16 17:05:40	2025-05-16 17:05:40
xhpn2gdxuey			鞉	dò̤	1863	2	1	xknpekkm6pw		2025-05-16 17:05:40	2025-05-16 17:05:40
x25u6z6vtr5	xbpbu2urpmz	鞏	鞏	gṳ̄ng	1863	2	2	xknpekkm6pw		2025-05-16 17:05:40	2025-05-16 17:05:40
x24fmhmyutw	xp52v4pmuvz	鞗	鞗	dèu	1863	2	3	xknpekkm6pw		2025-05-16 17:05:40	2025-05-16 17:05:40
xvyjqacj8k9			鞙	giŏng	1863	2	4	xknpekkm6pw		2025-05-16 17:05:40	2025-05-16 17:05:40
xetb8tqkmfc			鞙	giōng	1863	2	4	xknpekkm6pw		2025-05-16 17:05:40	2025-05-16 17:05:40
xqy9mgjkac2			鞔	màng	1863	2	5	xknpekkm6pw		2025-05-16 17:05:40	2025-05-16 17:05:40
xezfy374qwd	xupttdcx72q	鞘	鞘	siéu	1863	2	6	xknpekkm6pw		2025-05-16 17:05:40	2025-05-16 17:05:40
x88paz2dbap	xupttdcx72q	鞘	鞘	său	1863	2	6	xknpekkm6pw		2025-05-16 17:05:40	2025-05-16 17:05:40
xyu74rsbfg3	xrkup69xne7	鞞	鞞	bīng	1863	2	7	xknpekkm6pw		2025-05-16 17:05:40	2025-05-16 17:05:40
xqzhqqzt49n			鞝	ciōng	1863	2	8	xknpekkm6pw		2025-05-16 17:05:40	2025-05-16 17:05:40
x7dmztgswrx			鞝	chiông	1863	2	8	xknpekkm6pw		2025-05-16 17:05:40	2025-05-16 17:05:40
xzxkrhba28s			鞠	gé̤ṳk	1863	2	9	xknpekkm6pw		2025-05-16 17:05:40	2025-05-16 17:05:40
xdycrebhxrn	x7a26xy9tbu	鞟	鞟	guóh	1863	2	10	xknpekkm6pw		2025-05-16 17:05:40	2025-05-16 17:05:40
xwcp6mqg4e6	xzwuug9a4r3	鞚	鞚	kóng	1863	2	11	xknpekkm6pw		2025-05-16 17:05:40	2025-05-16 17:05:40
x3f4rwgf5nj	xd37xrj474g	鞭	鞭	biĕng	1863	2	12	xknpekkm6pw		2025-05-16 17:05:40	2025-05-16 17:05:40
xfmu5wkwv99	xttvnnx88j5	鞦	鞦	chĭu	1863	2	13	xknpekkm6pw		2025-05-16 17:05:40	2025-05-16 17:05:40
xzaybyf3vsk	xcupd427f6h	鞮	鞮	dà̤	1863	2	14	xknpekkm6pw		2025-05-16 17:05:40	2025-05-16 17:05:40
xnbabusntba			𩋰	dêu	1863	2	15	xknpekkm6pw		2025-05-16 17:05:40	2025-05-16 17:05:40
xzfb45cwxmr	xcwa6y62k7y	鞫	鞫	gé̤ṳk	1863	2	16	xknpekkm6pw		2025-05-16 17:05:40	2025-05-16 17:05:40
xpzvxxmjv5e	xdctcrshdxp	鞵	鞵	à̤	1863	2	17	xknpekkm6pw		2025-05-16 17:05:40	2025-05-16 17:05:40
xmkbwk7adc2	xa9uyj2d95b	鞶	鞶	buàng	1863	2	18	xknpekkm6pw		2025-05-16 17:05:40	2025-05-16 17:05:40
x3nedqmjaww			鞹	guóh	1863	2	19	xknpekkm6pw		2025-05-16 17:05:40	2025-05-16 17:05:40
xpcvmtsgkfa			鞺	tŏng	1863	2	20	xknpekkm6pw		2025-05-16 17:05:40	2025-05-16 17:05:40
xeknyeeubfk			韁	giŏng	1863	2	21	xknpekkm6pw		2025-05-16 17:05:40	2025-05-16 17:05:40
xv3asnvw59z	xua2b2chs44	韆	韆	chiĕng	1863	2	22	xknpekkm6pw		2025-05-16 17:05:40	2025-05-16 17:05:40
xhfc6aaw2e8	xh445bmgtgk	韋	韋	ùi	1863	3	1	x3ykzxx6c6z		2025-05-16 17:05:40	2025-05-16 17:05:40
xceytdvm8d6			韌	êng	1863	3	2	x3ykzxx6c6z		2025-05-16 17:05:40	2025-05-16 17:05:40
xc82vp8pva8			韌	nông	1863	3	2	x3ykzxx6c6z		2025-05-16 17:05:40	2025-05-16 17:05:40
xjv8ftk7rxd	xvb7jpz7uw4	靸	靸	liák	1863	3	3	x3ykzxx6c6z		2025-05-16 17:05:40	2025-05-16 17:05:40
xy8zqmcdcc4			𩊊	hók	1863	3	4	x3ykzxx6c6z		2025-05-16 17:05:40	2025-05-16 17:05:40
xnj2mq85yvc	xd7jpuuqd7h	韎	韎	muói	1863	3	5	x3ykzxx6c6z		2025-05-16 17:05:40	2025-05-16 17:05:40
xu935evk9c5	x4vxk7dges8	韐	韐	hăk	1863	3	6	x3ykzxx6c6z		2025-05-16 17:05:40	2025-05-16 17:05:40
x9zh9juhp6z	x3hysprjjgu	韓	韓	hàng	1863	3	7	x3ykzxx6c6z		2025-05-16 17:05:40	2025-05-16 17:05:40
x3q7bzcvmfy	xy9khf3b9r6	韔	韔	tióng	1863	3	8	x3ykzxx6c6z		2025-05-16 17:05:40	2025-05-16 17:05:40
x83zbmu7jxt			䪗	dâung	1863	3	9	x3ykzxx6c6z		2025-05-16 17:05:40	2025-05-16 17:05:40
xxswhfk2x3t			韘	diĕk	1863	3	10	x3ykzxx6c6z		2025-05-16 17:05:40	2025-05-16 17:05:40
xg8ndc56f6w	xexb7h2vj53	韙	韙	ūi	1863	3	11	x3ykzxx6c6z		2025-05-16 17:05:40	2025-05-16 17:05:40
xv5mumf6wep	xvpa4ghcj7c	韞	韞	ūng	1863	3	12	x3ykzxx6c6z		2025-05-16 17:05:40	2025-05-16 17:05:40
x4tretdu5h8	x2gc4tvsknm	韝	韝	gĕu	1863	3	13	x3ykzxx6c6z		2025-05-16 17:05:40	2025-05-16 17:05:40
xcx2g78d7q8	xzz7xf3euve	韜	韜	tŏ̤	1863	3	14	x3ykzxx6c6z		2025-05-16 17:05:40	2025-05-16 17:05:40
x888wkv84ca			韠	bék	1863	3	15	x3ykzxx6c6z		2025-05-16 17:05:40	2025-05-16 17:05:40
xpw3mj8gr57	xbv9wjzus88	韡	韡	ūi	1863	3	16	x3ykzxx6c6z		2025-05-16 17:05:40	2025-05-16 17:05:40
xv8ue2c4tnf	xnzgbp383b2	韣	韣	dŭk	1863	3	17	x3ykzxx6c6z		2025-05-16 17:05:40	2025-05-16 17:05:40
xkx2cxtg9t3	xzq6kq8ewt4	韭	韭	gīu	1863	3	18	x2swtev6u2h		2025-05-16 17:05:40	2025-05-16 17:05:40
xgj9wm5d7dw			韮	gīu	1863	3	19	x2swtev6u2h		2025-05-16 17:05:40	2025-05-16 17:05:40
x76a68u3q84	x3dfr46kjq7	音	音	ĭng	1864	1	1	xfwnj64kr2c		2025-05-16 17:05:40	2025-05-16 17:05:40
xhbctn37shz			韵	ông	1864	1	2	xfwnj64kr2c		2025-05-16 17:05:40	2025-05-16 17:05:40
xe2xc4jckxr	x7ywgn5a7e5	韶	韶	sièu	1864	1	3	xfwnj64kr2c		2025-05-16 17:05:40	2025-05-16 17:05:40
xnmk8d7yyuu	xt6ycdcg8gj	韻	韻	ông	1864	1	4	xfwnj64kr2c		2025-05-16 17:05:40	2025-05-16 17:05:40
xd2z3236atb	xfuydhahpdy	響	響	hiōng	1864	1	5	xfwnj64kr2c		2025-05-16 17:05:40	2025-05-16 17:05:40
xnwxm4xydgc			頁	hiĕk	1864	1	6	xvhedpg5ty9		2025-05-16 17:05:40	2025-05-16 17:05:40
xxgmykmjc3j			頁	hiăk	1864	1	6	xvhedpg5ty9		2025-05-16 17:05:40	2025-05-16 17:05:40
xght4yc6jk4			頂	dīng	1864	1	7	xvhedpg5ty9		2025-05-16 17:05:40	2025-05-16 17:05:40
xxvxu7n542y			頂	tīng	1864	1	7	xvhedpg5ty9		2025-05-16 17:05:40	2025-05-16 17:05:40
xq9pjndfh9d	xubw7kn4t2g	頄	頄	gìu	1864	1	8	xvhedpg5ty9		2025-05-16 17:05:40	2025-05-16 17:05:40
xjfd8j8gr6w	xk6b3ujfzn2	頃	頃	kīng	1864	1	9	xvhedpg5ty9		2025-05-16 17:05:40	2025-05-16 17:05:40
xxh49farjdt	xk6b3ujfzn2	頃	頃	kĭng	1864	1	9	xvhedpg5ty9		2025-05-16 17:05:40	2025-05-16 17:05:40
xmspkvyycgh	xbpmed4u3yc	項	項	hâung	1864	1	10	xvhedpg5ty9		2025-05-16 17:05:40	2025-05-16 17:05:40
xyz3rehrhxv	x4rv4phrabe	順	順	sông	1864	1	11	xvhedpg5ty9		2025-05-16 17:05:40	2025-05-16 17:05:40
xr6myfpbukb			湏	sṳ̆	1864	1	12	xvhedpg5ty9		2025-05-16 17:05:40	2025-05-16 17:05:40
xxvnw9e5727	xy3y54bwmn6	須	須	sṳ̆	1864	1	12	xvhedpg5ty9		2025-05-16 17:05:40	2025-05-16 17:05:40
xxtkvc39a22			頒	băng	1864	1	13	xvhedpg5ty9		2025-05-16 17:05:40	2025-05-16 17:05:40
xp47tnm6g49			頒	păng	1864	1	13	xvhedpg5ty9		2025-05-16 17:05:40	2025-05-16 17:05:40
xv542yfug87			頓	dóng	1864	1	14	xvhedpg5ty9		2025-05-16 17:05:40	2025-05-16 17:05:40
xa7whzbk4g6			頓	dáung	1864	1	14	xvhedpg5ty9		2025-05-16 17:05:40	2025-05-16 17:05:40
xynaqng8j5z	x5v7tvtkyjj	預	預	ê̤ṳ	1864	1	15	xvhedpg5ty9		2025-05-16 17:05:40	2025-05-16 17:05:40
xknfv6e3crp	x3jw7t25dgf	頊	頊	é̤ṳk	1864	1	16	xvhedpg5ty9		2025-05-16 17:05:40	2025-05-16 17:05:40
xd6r9ca9774			⿰殳頁	gé̤ṳk	1864	1	17	xvhedpg5ty9		2025-05-16 17:05:40	2025-05-16 17:05:40
x9f4zwvsfyg	xvyct3tk5a9	頎	頎	gì	1864	1	18	xvhedpg5ty9		2025-05-16 17:05:40	2025-05-16 17:05:40
x5z9sj7b86c	xvyct3tk5a9	頎	頎	kōng	1864	1	18	xvhedpg5ty9		2025-05-16 17:05:40	2025-05-16 17:05:40
xj2wqhdt2qq	xeb9zu7x8ne	頏	頏	hòng	1864	1	19	xvhedpg5ty9		2025-05-16 17:05:40	2025-05-16 17:05:40
xe4x66fz7yb	xutf2xhet4z	頑	頑	nguàng	1864	1	20	xvhedpg5ty9		2025-05-16 17:05:40	2025-05-16 17:05:40
xvuewxxvaje	xt27dc2c2uf	頌	頌	sê̤ṳng	1864	2	1	xvhedpg5ty9		2025-05-16 17:05:40	2025-05-16 17:05:40
xju3khmr6um			⿰击頁	dóng	1864	2	2	xvhedpg5ty9		2025-05-16 17:05:40	2025-05-16 17:05:40
x4fapm24vy4			領	līng	1864	2	3	xvhedpg5ty9		2025-05-16 17:05:40	2025-05-16 17:05:40
xcv8u3cjt5u			領	liāng	1864	2	3	xvhedpg5ty9		2025-05-16 17:05:40	2025-05-16 17:05:40
xyw76andg6z			頗	pō̤	1864	2	4	xvhedpg5ty9		2025-05-16 17:05:40	2025-05-16 17:05:40
xj58ndbhaj7			頗	puō	1864	2	4	xvhedpg5ty9		2025-05-16 17:05:40	2025-05-16 17:05:40
x8m2bqt9f3b	xrx4gnxxbpw	頖	頖	puáng	1864	2	5	xvhedpg5ty9		2025-05-16 17:05:40	2025-05-16 17:05:40
xq2tkymwns3	x8xuphkkneh	頦	頦	hài	1864	2	6	xvhedpg5ty9		2025-05-16 17:05:40	2025-05-16 17:05:40
x9aac4hwvug	xa95cdg69a4	頤	頤	ì	1864	2	7	xvhedpg5ty9		2025-05-16 17:05:40	2025-05-16 17:05:40
xp2aaj2jh5h			頡	kĭk	1864	2	8	xvhedpg5ty9		2025-05-16 17:05:40	2025-05-16 17:05:40
xua9tzezteu			䪿	séng	1864	2	9	xvhedpg5ty9		2025-05-16 17:05:40	2025-05-16 17:05:40
x8v2teanqb8			頫	tiéu	1864	2	10	xvhedpg5ty9		2025-05-16 17:05:40	2025-05-16 17:05:40
xy8ua63vv3v			頫	hū	1864	2	10	xvhedpg5ty9		2025-05-16 17:05:40	2025-05-16 17:05:40
x2fxeec7gba	x2fpsgw9jt4	頻	頻	bìng	1864	2	11	xvhedpg5ty9		2025-05-16 17:05:40	2025-05-16 17:05:40
xpr92qcxz7x			頽	dòi	1864	2	12	xvhedpg5ty9		2025-05-16 17:05:40	2025-05-16 17:05:40
xg6pammw3xc			頺	dòi	1864	2	12	xvhedpg5ty9		2025-05-16 17:05:40	2025-05-16 17:05:40
xb59jpk6mwc	x3fmcmbbzc9	頸	頸	gêng	1864	2	13	xvhedpg5ty9		2025-05-16 17:05:40	2025-05-16 17:05:40
x6x6w8extfy	x4d8bxdx7ne	頰	頰	giék	1864	2	14	xvhedpg5ty9		2025-05-16 17:05:40	2025-05-16 17:05:40
xz2quwj2a6c	x7bhwvkzjd3	頷	頷	hâng	1864	2	15	xvhedpg5ty9		2025-05-16 17:05:40	2025-05-16 17:05:40
xpvcx8pxfvt			頴	īng	1864	2	16	xvhedpg5ty9		2025-05-16 17:05:40	2025-05-16 17:05:40
x5jqjut4u2d			頭	tèu	1864	2	17	xvhedpg5ty9		2025-05-16 17:05:40	2025-05-16 17:05:40
xmvn53bc33p			頭	tàu	1864	2	17	xvhedpg5ty9		2025-05-16 17:05:40	2025-05-16 17:05:40
xz6ay5snc4j	xd4j4pbx3j5	頲	頲	tīng	1864	2	18	xvhedpg5ty9		2025-05-16 17:05:40	2025-05-16 17:05:40
xsfx3z44thv			顇	cói	1864	2	19	xvhedpg5ty9		2025-05-16 17:05:40	2025-05-16 17:05:40
x2mywsykhvr	x4s5jszd6mf	顀	顀	cŭi	1864	2	20	xvhedpg5ty9		2025-05-16 17:05:40	2025-05-16 17:05:40
x8y29ujz5g6			顁	déng	1864	2	21	xvhedpg5ty9		2025-05-16 17:05:40	2025-05-16 17:05:40
xufhjf8zf2b	x9qmjdajems	顆	顆	kuō	1864	2	22	xvhedpg5ty9		2025-05-16 17:05:40	2025-05-16 17:05:40
x7vmeft4cnd	xex8qbbhzbr	題	題	dà̤	1864	3	1	xvhedpg5ty9		2025-05-16 17:05:40	2025-05-16 17:05:40
xpj3mr7j787			𩔗	lôi	1864	3	2	xvhedpg5ty9		2025-05-16 17:05:40	2025-05-16 17:05:40
xw6dnzsg3vt	xm4qwx46t3y	顏	顏	ngàng	1864	3	3	xvhedpg5ty9		2025-05-16 17:05:40	2025-05-16 17:05:40
xefmtx5jh3f	xtn4cxb35g5	顎	顎	ngáuk	1864	3	4	xvhedpg5ty9		2025-05-16 17:05:40	2025-05-16 17:05:40
xnbkegu7h4u	xb236xj2d9m	額	額	ngiăh	1864	3	5	xvhedpg5ty9		2025-05-16 17:05:40	2025-05-16 17:05:40
xh2yezshh6s	xbnnwv4nzge	顒	顒	ngṳ̀ng	1864	3	6	xvhedpg5ty9		2025-05-16 17:05:40	2025-05-16 17:05:40
xxzbdy9q8u4			顋	săi	1864	3	7	xvhedpg5ty9		2025-05-16 17:05:40	2025-05-16 17:05:40
xd2ge9xpsaf			顚	diĕng	1864	3	8	xvhedpg5ty9		2025-05-16 17:05:40	2025-05-16 17:05:40
xcbd7tr3mpc			顕	hiēng	1864	3	9	xvhedpg5ty9		2025-05-16 17:05:40	2025-05-16 17:05:40
xuzxga9gpbn	xta4qpawvj4	類	類	lôi	1864	3	10	xvhedpg5ty9		2025-05-16 17:05:40	2025-05-16 17:05:40
xm43gytkcsc	xkp3xrrxs5d	願	願	nguông	1864	3	11	xvhedpg5ty9		2025-05-16 17:05:40	2025-05-16 17:05:40
xj5edrtgvct	xufujebtptv	顙	顙	sōng	1864	3	12	xvhedpg5ty9		2025-05-16 17:05:40	2025-05-16 17:05:40
xmxv9re6skg	xpq8nkfyzxm	顣	顣	ché̤ṳk	1864	3	13	xvhedpg5ty9		2025-05-16 17:05:40	2025-05-16 17:05:40
xkr8gjdybw3	xx5yeaqw39w	顧	顧	gó	1864	3	14	xvhedpg5ty9		2025-05-16 17:05:40	2025-05-16 17:05:40
xm3jqa6h4zv	xd89x6yc6wq	顥	顥	hô̤	1864	3	15	xvhedpg5ty9		2025-05-16 17:05:40	2025-05-16 17:05:40
xz5jbm3yk4q	xmr4bba4cb7	顫	顫	ciéng	1864	3	16	xvhedpg5ty9		2025-05-16 17:05:40	2025-05-16 17:05:40
x78rnxfwxmb	x3kpzm7mh2g	顯	顯	hiēng	1864	3	17	xvhedpg5ty9		2025-05-16 17:05:40	2025-05-16 17:05:40
xcuryz5zbe4	x3fkhxnubt6	顰	顰	bìng	1864	3	18	xvhedpg5ty9		2025-05-16 17:05:40	2025-05-16 17:05:40
xfj4azhj2aw	xrukagdhyey	顱	顱	lù	1864	3	19	xvhedpg5ty9		2025-05-16 17:05:41	2025-05-16 17:05:41
xfyedpsycft	xjtk8ex5w4v	顴	顴	guòng	1864	3	20	xvhedpg5ty9		2025-05-16 17:05:41	2025-05-16 17:05:41
x2h39g42atb	xx5scpafbe4	顳	顳	niék	1864	3	21	xvhedpg5ty9		2025-05-16 17:05:41	2025-05-16 17:05:41
x326c6gdr9d	xcxjssm6ys4	風	風	hŭng	1865	1	1	xe4sgfnwyt7		2025-05-16 17:05:41	2025-05-16 17:05:41
xhgxw92ywhm			颫	hù	1865	1	2	xe4sgfnwyt7		2025-05-16 17:05:41	2025-05-16 17:05:41
xqum6vvs258	xbs3sbb7kee	颯	颯	sák	1865	1	3	xe4sgfnwyt7		2025-05-16 17:05:41	2025-05-16 17:05:41
x6dbpgfcsbg	x3dx2vhgh9j	颱	颱	tăi	1865	1	4	xe4sgfnwyt7		2025-05-16 17:05:41	2025-05-16 17:05:41
x7nebzpnekm			𩗗	gê̤ṳ	1865	1	5	xe4sgfnwyt7		2025-05-16 17:05:41	2025-05-16 17:05:41
xcn399ub7h9			颶	gê̤ṳ	1865	1	6	xe4sgfnwyt7		2025-05-16 17:05:41	2025-05-16 17:05:41
xq2brnwxcyx			颶	bó̤	1865	1	6	xe4sgfnwyt7		2025-05-16 17:05:41	2025-05-16 17:05:41
xgb3yh4p6k2			颺	iòng	1865	1	7	xe4sgfnwyt7		2025-05-16 17:05:41	2025-05-16 17:05:41
xphq76r42me	xymrvj66nhx	颸	颸	sṳ̆	1865	1	8	xe4sgfnwyt7		2025-05-16 17:05:41	2025-05-16 17:05:41
xk4y7v9pdbh	x72rs648hhb	颻	颻	ièu	1865	1	9	xe4sgfnwyt7		2025-05-16 17:05:41	2025-05-16 17:05:41
xhqcqpcmemc	x5dury8af7d	颼	颼	sĕu	1865	1	10	xe4sgfnwyt7		2025-05-16 17:05:41	2025-05-16 17:05:41
xx2jhm52nqx	xgcn2sz93at	颾	颾	sŏ̤	1865	1	11	xe4sgfnwyt7		2025-05-16 17:05:41	2025-05-16 17:05:41
xzxf6fzakb7	xde3uk3ktat	飄	飄	piĕu	1865	1	12	xe4sgfnwyt7		2025-05-16 17:05:41	2025-05-16 17:05:41
xy7gy4ff2eg			飇	biĕu	1865	1	13	xe4sgfnwyt7		2025-05-16 17:05:41	2025-05-16 17:05:41
xuhc2hh5guv			飅	lìu	1865	1	14	xe4sgfnwyt7		2025-05-16 17:05:41	2025-05-16 17:05:41
x56bvkgsc53	xx3n2awgxb2	䬞	䬞	tìu	1865	1	15	xe4sgfnwyt7		2025-05-16 17:05:41	2025-05-16 17:05:41
xm2ee2tmen7			飛	hĭ	1865	1	16	xxsysdvsnzh		2025-05-16 17:05:41	2025-05-16 17:05:41
xvcbc7eesxn			食	sĭk	1865	1	17	xdk8x5q9er4		2025-05-16 17:05:41	2025-05-16 17:05:41
xf8zfgx4746			食	sê̤ṳ	1865	1	17	xdk8x5q9er4		2025-05-16 17:05:41	2025-05-16 17:05:41
xefy8qa27dg			食	siăh	1865	1	17	xdk8x5q9er4		2025-05-16 17:05:41	2025-05-16 17:05:41
xqmf4czwxuv	x8ghr86zfxe	飢	飢	gĭ	1865	1	18	xdk8x5q9er4		2025-05-16 17:05:41	2025-05-16 17:05:41
xgvbh6gs83z	x8ghr86zfxe	飢	飢	gŭi	1865	1	18	xdk8x5q9er4		2025-05-16 17:05:41	2025-05-16 17:05:41
x8wz3sssujg			飤	sê̤ṳ	1865	2	1	xdk8x5q9er4		2025-05-16 17:05:41	2025-05-16 17:05:41
xx5873px269	xn4ad6t6eam	𩚉	𩚉	ché	1865	2	2	xdk8x5q9er4		2025-05-16 17:05:41	2025-05-16 17:05:41
xsgjtef9urn			飡	chuăng	1865	2	3	xdk8x5q9er4		2025-05-16 17:05:41	2025-05-16 17:05:41
xabsgaeheyj	xnhrq94cswm	飥	飥	táuk	1865	2	4	xdk8x5q9er4		2025-05-16 17:05:41	2025-05-16 17:05:41
xpczkaszuc2			飰	buông	1865	2	5	xdk8x5q9er4		2025-05-16 17:05:41	2025-05-16 17:05:41
xq4xnfhrvxu	xdz44v22uuj	飩	飩	dŭng	1865	2	6	xdk8x5q9er4		2025-05-16 17:05:41	2025-05-16 17:05:41
x5t2qyxkab4			飫	hé̤ṳ	1865	2	7	xdk8x5q9er4		2025-05-16 17:05:41	2025-05-16 17:05:41
xjrjkhrxeq7			飫	né̤ṳ	1865	2	7	xdk8x5q9er4		2025-05-16 17:05:41	2025-05-16 17:05:41
xwtg88u69jh			飯	huáng	1865	2	8	xdk8x5q9er4		2025-05-16 17:05:41	2025-05-16 17:05:41
xgdthnkumbr			飯	huông	1865	2	8	xdk8x5q9er4		2025-05-16 17:05:41	2025-05-16 17:05:41
xunrh9qwb6g			飲	īng	1865	2	9	xdk8x5q9er4		2025-05-16 17:05:41	2025-05-16 17:05:41
x3f5f6kh36e			飪	īng	1865	2	10	xdk8x5q9er4		2025-05-16 17:05:41	2025-05-16 17:05:41
xyuk2a8fj9f	xmdyvj64x7y	飧	飧	sŏng	1865	2	11	xdk8x5q9er4		2025-05-16 17:05:41	2025-05-16 17:05:41
xx4rkmkkuaj	xmdyvj64x7y	飧	飧	chuăng	1865	2	11	xdk8x5q9er4		2025-05-16 17:05:41	2025-05-16 17:05:41
xrcc8udtrne	x9nf8n2zwvw	飭	飭	ték	1865	2	12	xdk8x5q9er4		2025-05-16 17:05:41	2025-05-16 17:05:41
xdt89yhpqsr			⿰飠⿱㐅力	ték	1865	2	12	xdk8x5q9er4		2025-05-16 17:05:41	2025-05-16 17:05:41
xvhexsj7q3f			飽	bāu	1865	2	13	xdk8x5q9er4		2025-05-16 17:05:41	2025-05-16 17:05:41
x8t28jan5gq			飽	bā	1865	2	13	xdk8x5q9er4		2025-05-16 17:05:41	2025-05-16 17:05:41
x7sq4szk9t5	xfy9kj3m9mw	飴	飴	ì	1865	2	14	xdk8x5q9er4		2025-05-16 17:05:41	2025-05-16 17:05:41
xamk8fkg8hw	x47uxc363ge	飾	飾	sék	1865	2	15	xdk8x5q9er4		2025-05-16 17:05:41	2025-05-16 17:05:41
xdaa7jdch63			飼	sê̤ṳ	1865	2	16	xdk8x5q9er4		2025-05-16 17:05:41	2025-05-16 17:05:41
xjy9ag9vqry			餅	bīng	1865	2	17	xdk8x5q9er4		2025-05-16 17:05:41	2025-05-16 17:05:41
xmshqj9dwev			餅	biāng	1865	2	17	xdk8x5q9er4		2025-05-16 17:05:41	2025-05-16 17:05:41
xvj4tmmhs2c	xyjzddm5c6z	餈	餈	cṳ̆	1865	2	18	xdk8x5q9er4		2025-05-16 17:05:41	2025-05-16 17:05:41
x9nmc95h89t	xs4gf3mp67k	餂	餂	diĕng	1865	2	19	xdk8x5q9er4		2025-05-16 17:05:41	2025-05-16 17:05:41
xkecb82yjgq	xs4gf3mp67k	餂	餂	tiēng	1865	2	19	xdk8x5q9er4		2025-05-16 17:05:41	2025-05-16 17:05:41
xh5jz6u5x5u	x3pfzsght4a	餃	餃	giēu	1865	2	20	xdk8x5q9er4		2025-05-16 17:05:41	2025-05-16 17:05:41
xy7g8v4qbcd	xtd846epyk4	餉	餉	hióng	1865	2	21	xdk8x5q9er4		2025-05-16 17:05:41	2025-05-16 17:05:41
x7pb8kuhyk4	x5t8pn6nsfm	養	養	iōng	1865	2	22	xdk8x5q9er4		2025-05-16 17:05:41	2025-05-16 17:05:41
xuaxgr97d6h	x5t8pn6nsfm	養	養	iông	1865	2	22	xdk8x5q9er4		2025-05-16 17:05:41	2025-05-16 17:05:41
xwkv86bvrj9			餌	né	1865	3	1	xdk8x5q9er4		2025-05-16 17:05:41	2025-05-16 17:05:41
x4w3ztphpgz	x8wf8qk7jjp	餔	餔	buò	1865	3	2	xdk8x5q9er4		2025-05-16 17:05:41	2025-05-16 17:05:41
xawnw8cchpq	xmpq9gu3um4	餑	餑	buŏk	1865	3	3	xdk8x5q9er4		2025-05-16 17:05:41	2025-05-16 17:05:41
xeyts69puuj			餕	cóng	1865	3	4	xdk8x5q9er4		2025-05-16 17:05:41	2025-05-16 17:05:41
xu7h3eyz3kk	x63dn88b62t	餐	餐	chuăng	1865	3	5	xdk8x5q9er4		2025-05-16 17:05:41	2025-05-16 17:05:41
xajnqmn5equ			餒	nōi	1865	3	6	xdk8x5q9er4		2025-05-16 17:05:41	2025-05-16 17:05:41
xfyhyk3rzww	xqh79ed5r5s	餓	餓	ngô̤	1865	3	7	xdk8x5q9er4		2025-05-16 17:05:41	2025-05-16 17:05:41
xdxuznxb3wu			餙	sék	1865	3	8	xdk8x5q9er4		2025-05-16 17:05:41	2025-05-16 17:05:41
xm6qecqu84s	xk5dwh749rb	餗	餗	sók	1865	3	9	xdk8x5q9er4		2025-05-16 17:05:41	2025-05-16 17:05:41
xp7m5vnms5e	x687p4fcbzs	餘	餘	ṳ̀	1865	3	10	xdk8x5q9er4		2025-05-16 17:05:41	2025-05-16 17:05:41
xw5vmffrxgu			饀	âng	1865	3	11	xdk8x5q9er4		2025-05-16 17:05:41	2025-05-16 17:05:41
x2bsx96mmgu			饀	hâng	1865	3	11	xdk8x5q9er4		2025-05-16 17:05:41	2025-05-16 17:05:41
x234r4g795f			餞	ciēng	1865	3	12	xdk8x5q9er4		2025-05-16 17:05:41	2025-05-16 17:05:41
xk3wtbatx3b			餞	cēng	1865	3	12	xdk8x5q9er4		2025-05-16 17:05:41	2025-05-16 17:05:41
xwzamvvd29k	xqa9rm88zmp	餤	餤	dàng	1865	3	13	xdk8x5q9er4		2025-05-16 17:05:41	2025-05-16 17:05:41
xvz2a49n8m2	xecapgg4kwh	館	館	guāng	1865	3	14	xdk8x5q9er4		2025-05-16 17:05:41	2025-05-16 17:05:41
x67km8kssv9	xayjdfmgv26	餚	餚	ngàu	1865	3	15	xdk8x5q9er4		2025-05-16 17:05:41	2025-05-16 17:05:41
x2p9a2rz4ef			餧	ūi	1865	3	16	xdk8x5q9er4		2025-05-16 17:05:41	2025-05-16 17:05:41
xekactbbdqg	xevnrxmdn8q	餲	餲	āi	1865	3	17	xdk8x5q9er4		2025-05-16 17:05:41	2025-05-16 17:05:41
xwqttkk3r65			𩜴	cṳ̆	1865	3	18	xdk8x5q9er4		2025-05-16 17:05:41	2025-05-16 17:05:41
x9bbtjwr62e			餱	hèu	1865	3	19	xdk8x5q9er4		2025-05-16 17:05:41	2025-05-16 17:05:41
x6k2shnbnuk			餬	hù	1865	3	20	xdk8x5q9er4		2025-05-16 17:05:41	2025-05-16 17:05:41
xnzet7uagbq			餴	hŭng	1865	3	21	xdk8x5q9er4		2025-05-16 17:05:41	2025-05-16 17:05:41
xrngnsavm6d			餫	hùng	1865	3	22	xdk8x5q9er4		2025-05-16 17:05:41	2025-05-16 17:05:41
xbhrcv5jzza	xmrpbqtkfgy	餪	餪	nuāng	1866	1	1	xdk8x5q9er4		2025-05-16 17:05:41	2025-05-16 17:05:41
xmjdnzp67k3	xmrpbqtkfgy	餪	餪	nōng	1866	1	1	xdk8x5q9er4		2025-05-16 17:05:41	2025-05-16 17:05:41
xuydbz5p5n3			餿	tĕu	1866	1	2	xdk8x5q9er4		2025-05-16 17:05:41	2025-05-16 17:05:41
xesrbc6tsyc			𩜯	tĕu	1866	1	2	xdk8x5q9er4		2025-05-16 17:05:41	2025-05-16 17:05:41
x6g8rph64hz	xsuzp8j7mjp	餳	餳	sìng	1866	1	3	xdk8x5q9er4		2025-05-16 17:05:41	2025-05-16 17:05:41
xzx9a8pn4tn	xsuzp8j7mjp	餳	餳	tòng	1866	1	3	xdk8x5q9er4		2025-05-16 17:05:41	2025-05-16 17:05:41
xykqqz4fyd4			餮	tiék	1866	1	4	xdk8x5q9er4		2025-05-16 17:05:41	2025-05-16 17:05:41
xqe2tfb787n			餹	dòng	1866	1	5	xdk8x5q9er4		2025-05-16 17:05:41	2025-05-16 17:05:41
xb8zfqfur9a			餹	tòng	1866	1	5	xdk8x5q9er4		2025-05-16 17:05:41	2025-05-16 17:05:41
xh53fqfpbtz			餻	gŏ̤	1866	1	6	xdk8x5q9er4		2025-05-16 17:05:41	2025-05-16 17:05:41
xsj5k84mvrk			餽	gôi	1866	1	7	xdk8x5q9er4		2025-05-16 17:05:41	2025-05-16 17:05:41
x4sy8dz425z	x4nt9u57m39	饁	饁	iék	1866	1	8	xdk8x5q9er4		2025-05-16 17:05:41	2025-05-16 17:05:41
xxar7fr8m9k	xab5tywx9bp	餾	餾	lêu	1866	1	10	xdk8x5q9er4		2025-05-16 17:05:41	2025-05-16 17:05:41
xrytky599d3			䭕	ciāng	1866	1	11	xdk8x5q9er4		2025-05-16 17:05:41	2025-05-16 17:05:41
xkqeb3csdey			饄	dòng	1866	1	12	xdk8x5q9er4		2025-05-16 17:05:41	2025-05-16 17:05:41
x4hbpxhau5a			饉	gê̤ṳng	1866	1	13	xdk8x5q9er4		2025-05-16 17:05:41	2025-05-16 17:05:41
xh8xphycqsv			饅	muàng	1866	1	14	xdk8x5q9er4		2025-05-16 17:05:41	2025-05-16 17:05:41
xg8h6r82bd3			饅	mìng	1866	1	14	xdk8x5q9er4		2025-05-16 17:05:41	2025-05-16 17:05:41
xbs4z4u5kur	xc3knfwqvsu	饈	饈	sĭu	1866	1	15	xdk8x5q9er4		2025-05-16 17:05:41	2025-05-16 17:05:41
x8tbkwbr577	xbk4pdjms2q	饌	饌	cuâng	1866	1	16	xdk8x5q9er4		2025-05-16 17:05:41	2025-05-16 17:05:41
x5qutqrupsu	xq74a53wews	饎	饎	chié	1866	1	17	xdk8x5q9er4		2025-05-16 17:05:41	2025-05-16 17:05:41
xktz97ac9wf			饑	gī	1866	1	19	xdk8x5q9er4		2025-05-16 17:05:41	2025-05-16 17:05:41
x4ggch7u3jk	xuq3qf85pe6	饋	饋	gôi	1866	1	20	xdk8x5q9er4		2025-05-16 17:05:41	2025-05-16 17:05:41
xs3pfhjz4cz	xd2wqvfc4p8	饐	饐	ié	1866	1	21	xdk8x5q9er4		2025-05-16 17:05:41	2025-05-16 17:05:41
xt5xw3j9yg2	xhxb9gyf57n	饒	饒	ngièu	1866	1	22	xdk8x5q9er4		2025-05-16 17:05:41	2025-05-16 17:05:41
xh6smw7y82v	xhxb9gyf57n	饒	饒	nièu	1866	1	22	xdk8x5q9er4		2025-05-16 17:05:41	2025-05-16 17:05:41
xst8xvj7bt4	x3mxnzjfd23	饊	饊	sáng	1866	2	1	xdk8x5q9er4		2025-05-16 17:05:41	2025-05-16 17:05:41
x5dwdbvzf4c			饍	siêng	1866	2	2	xdk8x5q9er4		2025-05-16 17:05:41	2025-05-16 17:05:41
xhbmubvpdgs			饘	ciĕng	1866	2	3	xdk8x5q9er4		2025-05-16 17:05:41	2025-05-16 17:05:41
x685bvqvrw8	xskbk72j62m	饗	饗	hiōng	1866	2	4	xdk8x5q9er4		2025-05-16 17:05:41	2025-05-16 17:05:41
xm5qqg2ut6a	xfjuqtambrm	饙	饙	hŭng	1866	2	5	xdk8x5q9er4		2025-05-16 17:05:41	2025-05-16 17:05:41
xsxua24j2t4	xfecmwg8fvy	饕	饕	tŏ̤	1866	2	6	xdk8x5q9er4		2025-05-16 17:05:41	2025-05-16 17:05:41
xf6kmdmvwf9	xqcxndkgvny	饔	饔	ṳ̆ng	1866	2	7	xdk8x5q9er4		2025-05-16 17:05:41	2025-05-16 17:05:41
xwk8g9cc4je	xvk5tz65869	䭣	䭣	că̤	1866	2	8	xdk8x5q9er4		2025-05-16 17:05:41	2025-05-16 17:05:41
xr8cvp7mpwp	xutqrvnz7ee	饜	饜	iéng	1866	2	9	xdk8x5q9er4		2025-05-16 17:05:41	2025-05-16 17:05:41
xf2vwqrr2ec	xeukb49csar	饛	饛	mùng	1866	2	10	xdk8x5q9er4		2025-05-16 17:05:41	2025-05-16 17:05:41
xt94a3craug	x243zqzufmu	饞	饞	càng	1866	2	11	xdk8x5q9er4		2025-05-16 17:05:41	2025-05-16 17:05:41
xtnygm4bsme			首	sīu	1866	2	12	xd3gtsxak2u		2025-05-16 17:05:41	2025-05-16 17:05:41
xxt7d2rsq3y			首	séu	1866	2	12	xd3gtsxak2u		2025-05-16 17:05:41	2025-05-16 17:05:41
x2gqq5myxzv	xt6tzf7bwme	馗	馗	gì	1866	2	13	xd3gtsxak2u		2025-05-16 17:05:41	2025-05-16 17:05:41
xvv492s55td	xn22bjptanp	馘	馘	gáik	1866	2	14	xd3gtsxak2u		2025-05-16 17:05:41	2025-05-16 17:05:41
x24pb7h38b9	xpufcv7urnp	香	香	hiŏng	1866	2	15	xetz79y9ww5		2025-05-16 17:05:41	2025-05-16 17:05:41
xmtx2txz7rt			䭰	póng	1866	2	16	xetz79y9ww5		2025-05-16 17:05:41	2025-05-16 17:05:41
xzmdh3mc8jm	xayhfennukj	馥	馥	hók	1866	2	17	xetz79y9ww5		2025-05-16 17:05:41	2025-05-16 17:05:41
x4bbnpups72	xmsmgaqm5q3	馨	馨	hĭng	1866	2	18	xetz79y9ww5		2025-05-16 17:05:41	2025-05-16 17:05:41
x5z3g3qfunn	x8dd5pzctyb	馬	馬	mā	1866	2	19	xfqtvng6gq4		2025-05-16 17:05:41	2025-05-16 17:05:41
x3f8ngega9y			馮	bìng	1866	3	1	xfqtvng6gq4		2025-05-16 17:05:41	2025-05-16 17:05:41
xdg2rhq76yu			馮	hùng	1866	3	1	xfqtvng6gq4		2025-05-16 17:05:41	2025-05-16 17:05:41
xcuubkbz3bd	xejxe8pf8uz	馭	馭	ngê̤ṳ	1866	3	2	xfqtvng6gq4		2025-05-16 17:05:41	2025-05-16 17:05:41
xdfhges25fr			馳	dì	1866	3	3	xfqtvng6gq4		2025-05-16 17:05:41	2025-05-16 17:05:41
xfsxcaa2tne	xck6x6ph7up	馴	馴	sùng	1866	3	4	xfqtvng6gq4		2025-05-16 17:05:41	2025-05-16 17:05:41
xbe4s49adrc	xv5hrd4kkxr	駁	駁	báuk	1866	3	5	xfqtvng6gq4		2025-05-16 17:05:41	2025-05-16 17:05:41
xq2nj95ey5v	xv5hrd4kkxr	駁	駁	páuk	1866	3	5	xfqtvng6gq4		2025-05-16 17:05:41	2025-05-16 17:05:41
xbh2gv7nxvw			䭾	dò̤	1866	3	6	xfqtvng6gq4		2025-05-16 17:05:41	2025-05-16 17:05:41
xb2cdyafxum			駃	giók	1866	3	7	xfqtvng6gq4		2025-05-16 17:05:41	2025-05-16 17:05:41
xbmyvck5zdf			馹	ĭk	1866	3	8	xfqtvng6gq4		2025-05-16 17:05:41	2025-05-16 17:05:41
x3s9n68sa2v			馹	iăh	1866	3	8	xfqtvng6gq4		2025-05-16 17:05:41	2025-05-16 17:05:41
xsh2s5jbqmk			馿	lè̤	1866	3	9	xfqtvng6gq4		2025-05-16 17:05:41	2025-05-16 17:05:41
xpezksr7rz3	xenwcmm3t7y	駜	駜	bĭk	1866	3	10	xfqtvng6gq4		2025-05-16 17:05:41	2025-05-16 17:05:41
xusq5am2457			駐	cé̤ṳ	1866	3	11	xfqtvng6gq4		2025-05-16 17:05:41	2025-05-16 17:05:41
xfg3svwhyhj	xdxzyba6ehz	駝	駝	dò̤	1866	3	12	xfqtvng6gq4		2025-05-16 17:05:41	2025-05-16 17:05:41
xgfy2465wgh	xp5bbumj6cb	駕	駕	gá	1866	3	13	xfqtvng6gq4		2025-05-16 17:05:41	2025-05-16 17:05:41
x9ente59m2z	xa9xjh7444z	駉	駉	hĭng	1866	3	14	xfqtvng6gq4		2025-05-16 17:05:41	2025-05-16 17:05:41
x772nq7859z	xk28m5pwujy	駙	駙	hô	1866	3	15	xfqtvng6gq4		2025-05-16 17:05:41	2025-05-16 17:05:41
xm7khnm8wp7			駒	kṳ̆	1866	3	16	xfqtvng6gq4		2025-05-16 17:05:41	2025-05-16 17:05:41
x3z3je3dwju	xsq86wuxrtb	駑	駑	nù	1866	3	17	xfqtvng6gq4		2025-05-16 17:05:41	2025-05-16 17:05:41
x7awjhgsd8u	xqv8r63cwjn	噇	䭚	chòng	1866	1	18	xdk8x5q9er4		2025-10-04 14:10:49	2025-05-16 17:05:41
xx46nazarrf	xxaw87e2gjs	駓	駓	pĭ	1866	3	18	xfqtvng6gq4		2025-05-16 17:05:41	2025-05-16 17:05:41
xm882vf77av	xke3m7fk95p	駟	駟	sé̤ṳ	1866	3	19	xfqtvng6gq4		2025-05-16 17:05:41	2025-05-16 17:05:41
xnyy47wwqnx	xde45ayj7ta	駛	駛	sṳ̄	1866	3	20	xfqtvng6gq4		2025-05-16 17:05:41	2025-05-16 17:05:41
x5upqe95xaj	xde45ayj7ta	駛	駛	sāi	1866	3	20	xfqtvng6gq4		2025-05-16 17:05:41	2025-05-16 17:05:41
xmjscncsmfe	xktmzem4bmn	駘	駘	tăi	1866	3	21	xfqtvng6gq4		2025-05-16 17:05:41	2025-05-16 17:05:41
xdct6nnqdg2			駮	báuk	1866	3	22	xfqtvng6gq4		2025-05-16 17:05:41	2025-05-16 17:05:41
xm5wyn7tuss			駰	ĭng	1867	1	1	xfqtvng6gq4		2025-05-16 17:05:41	2025-05-16 17:05:41
x2jsrhxz7pb	xcu3een27d2	駭	駭	kāi	1867	1	2	xfqtvng6gq4		2025-05-16 17:05:41	2025-05-16 17:05:41
xkbhnku9car	xvfw47tdqqy	駱	駱	lŏk	1867	1	3	xfqtvng6gq4		2025-05-16 17:05:41	2025-05-16 17:05:41
xsghw22y3ug	x247gmydqtg	駪	駪	sĭng	1867	1	4	xfqtvng6gq4		2025-05-16 17:05:41	2025-05-16 17:05:41
xapn5wm2rsu	xde45ayj7ta	駛	駛	sṳ̄	1867	1	5	xfqtvng6gq4		2025-05-16 17:05:41	2025-05-16 17:05:41
xerg9bhe3ys	xthrreghxte	駸	駸	cĭng	1867	1	6	xfqtvng6gq4		2025-05-16 17:05:41	2025-05-16 17:05:41
x44r3y46kv9	xva2upufjr5	駿	駿	cóng	1867	1	7	xfqtvng6gq4		2025-05-16 17:05:41	2025-05-16 17:05:41
x2pbxrrrczd			駾	dô̤i	1867	1	8	xfqtvng6gq4		2025-05-16 17:05:41	2025-05-16 17:05:41
x9d7bndzr3j	xkkw7s5smuj	駼	駼	dù	1867	1	9	xfqtvng6gq4		2025-05-16 17:05:41	2025-05-16 17:05:41
x9hucdmcp4j			隲	kék	1867	1	10	xfqtvng6gq4		2025-05-16 17:05:41	2025-05-16 17:05:41
xatdcyegusg	x96wqgvjkmb	騁	騁	péng	1867	1	11	xfqtvng6gq4		2025-05-16 17:05:41	2025-05-16 17:05:41
x32xjhae36c	xupzdrjd4qa	騂	騂	sĭng	1867	1	12	xfqtvng6gq4		2025-05-16 17:05:41	2025-05-16 17:05:41
xmxwy7f6dv8			騈	bièng	1867	1	13	xfqtvng6gq4		2025-05-16 17:05:41	2025-05-16 17:05:41
x5vh6gs35db			𬳯	chăng	1867	1	14	xfqtvng6gq4		2025-05-16 17:05:41	2025-05-16 17:05:41
x9x82xtpxjv	xb9qs2efq9x	騅	騅	chŭi	1867	1	15	xfqtvng6gq4		2025-05-16 17:05:41	2025-05-16 17:05:41
xd6pe3zvxbr	xvg29dnsur5	騊	騊	dò̤	1867	1	16	xfqtvng6gq4		2025-05-16 17:05:41	2025-05-16 17:05:41
x44pv4q4nte	xusd49qz496	騏	騏	gì	1867	1	17	xfqtvng6gq4		2025-05-16 17:05:41	2025-05-16 17:05:41
xa7hqy2zatr			騎	kiè	1867	1	18	xfqtvng6gq4		2025-05-16 17:05:41	2025-05-16 17:05:41
xdfcrvttnus	x69mhzcwq6w	騋	騋	lài	1867	1	19	xfqtvng6gq4		2025-05-16 17:05:41	2025-05-16 17:05:41
xf5h58yscpz	xtawynh2buh	騄	騄	lṳ̆k	1867	1	20	xfqtvng6gq4		2025-05-16 17:05:41	2025-05-16 17:05:41
x8s8vxq5z6y			騐	ngiêng	1867	1	21	xfqtvng6gq4		2025-05-16 17:05:41	2025-05-16 17:05:41
xkf3w8njar9	xx3r8m7yexn	騑	騑	pĭ	1867	1	22	xfqtvng6gq4		2025-05-16 17:05:41	2025-05-16 17:05:41
xj7fvrr6ffw			𩦲	cĕ̤ng	1867	2	1	xfqtvng6gq4		2025-05-16 17:05:41	2025-05-16 17:05:41
x2tuzx33ut2	xg547wwadg2	騘	騘	chŭng	1867	2	2	xfqtvng6gq4		2025-05-16 17:05:41	2025-05-16 17:05:41
xz4ybgd3dar	xmbq7w2u7wf	騠	騠	dà̤	1867	2	3	xfqtvng6gq4		2025-05-16 17:05:41	2025-05-16 17:05:41
xp2v5ganyxr	xtd4n32y3cm	騖	騖	ô	1867	2	4	xfqtvng6gq4		2025-05-16 17:05:41	2025-05-16 17:05:41
x6y65d55ufg			騗	piéng	1867	2	5	xfqtvng6gq4		2025-05-16 17:05:41	2025-05-16 17:05:41
xxd9vvdtezh	xz9qpae92zu	騙	騙	piéng	1867	2	5	xfqtvng6gq4		2025-05-16 17:05:41	2025-05-16 17:05:41
xuk5m4zgtfr			騧	uă	1867	2	6	xfqtvng6gq4		2025-05-16 17:05:41	2025-05-16 17:05:41
xtrmqcnr38g			騶	cĕu	1867	2	7	xfqtvng6gq4		2025-05-16 17:05:41	2025-05-16 17:05:41
xrssttg6ruf	xpk5rurkwne	騰	騰	dèng	1867	2	8	xfqtvng6gq4		2025-05-16 17:05:41	2025-05-16 17:05:41
xqfd9ujcy3z			𩥄	diĕng	1867	2	9	xfqtvng6gq4		2025-05-16 17:05:41	2025-05-16 17:05:41
xj6x4xm3t8j	xwvd9uqxqnp	騫	騫	kiĕng	1867	2	10	xfqtvng6gq4		2025-05-16 17:05:41	2025-05-16 17:05:41
x57twvz8hda	xem558bwrqm	騮	騮	lìu	1867	2	11	xfqtvng6gq4		2025-05-16 17:05:41	2025-05-16 17:05:41
x4aas4m26ak			騵	nguòng	1867	2	12	xfqtvng6gq4		2025-05-16 17:05:41	2025-05-16 17:05:41
xn2vtvj9s58	xz9qpae92zu	騙	騙	siéng	1867	2	13	xfqtvng6gq4		2025-05-16 17:05:41	2025-05-16 17:05:41
xxaaufrzwz8	xt6swzsafsn	騷	騷	sŏ̤	1867	2	14	xfqtvng6gq4		2025-05-16 17:05:41	2025-05-16 17:05:41
xwn5ycgewcp	xueandhgsxt	驂	驂	chăng	1867	2	15	xfqtvng6gq4		2025-05-16 17:05:41	2025-05-16 17:05:41
xcqqzb69grc	xc22fungb9q	驄	驄	chŭng	1867	2	16	xfqtvng6gq4		2025-05-16 17:05:41	2025-05-16 17:05:41
xp4nu3ygzcv	x6cfg397pby	驅	驅	kṳ̆	1867	2	17	xfqtvng6gq4		2025-05-16 17:05:41	2025-05-16 17:05:41
xdbsx5cmqpa	xhptbnwjyud	騾	騾	lò̤	1867	2	18	xfqtvng6gq4		2025-05-16 17:05:41	2025-05-16 17:05:41
xkm7d82gjxk	xgng6eesp4x	驀	驀	mĕk	1867	2	19	xfqtvng6gq4		2025-05-16 17:05:41	2025-05-16 17:05:41
x985zkrcb7h			驁	ngò̤	1867	2	20	xfqtvng6gq4		2025-05-16 17:05:41	2025-05-16 17:05:41
xjmktjhjaha	xn8p2597rgy	驃	驃	piéu	1867	2	21	xfqtvng6gq4		2025-05-16 17:05:41	2025-05-16 17:05:41
xgxjvr6r853	x5eyz8z2r34	騻	騻	sŏng	1867	2	22	xfqtvng6gq4		2025-05-16 17:05:41	2025-05-16 17:05:41
xsrrfdqn5xv	xajz3r4gsaj	驐	驐	dŏng	1867	3	1	xfqtvng6gq4		2025-05-16 17:05:41	2025-05-16 17:05:41
x2czjhdnutk	xmxagbh5jjp	驕	驕	giĕu	1867	3	2	xfqtvng6gq4		2025-05-16 17:05:41	2025-05-16 17:05:41
xcj5bufabtc	xqwfey9u9wk	驍	驍	hiĕu	1867	3	3	xfqtvng6gq4		2025-05-16 17:05:41	2025-05-16 17:05:41
xhzwqx7dy6h	x242stb9rf3	驊	驊	huà	1867	3	4	xfqtvng6gq4		2025-05-16 17:05:41	2025-05-16 17:05:41
xzw65uhdh2a	xjzgtb2heep	驎	驎	lìng	1867	3	5	xfqtvng6gq4		2025-05-16 17:05:41	2025-05-16 17:05:41
xk9kdhv5c27	xwqatykmr4a	驌	驌	sé̤ṳk	1867	3	6	xfqtvng6gq4		2025-05-16 17:05:41	2025-05-16 17:05:41
xkz26kb52c6	xjsrarcsf3d	驈	驈	ṳ̆k	1867	3	7	xfqtvng6gq4		2025-05-16 17:05:41	2025-05-16 17:05:41
xbxj6khsp7q	xj5ngwcjag3	驟	驟	câiu	1867	3	8	xfqtvng6gq4		2025-05-16 17:05:41	2025-05-16 17:05:41
x5xecdf7knw			驚	gĭng	1867	3	9	xfqtvng6gq4		2025-05-16 17:05:41	2025-05-16 17:05:41
xveujq6fd4d			驚	giăng	1867	3	9	xfqtvng6gq4		2025-05-16 17:05:41	2025-05-16 17:05:41
xdf4gugrj3u			驛	ĭk	1867	3	10	xfqtvng6gq4		2025-05-16 17:05:41	2025-05-16 17:05:41
xc55uupeq2p			驛	iăh	1867	3	10	xfqtvng6gq4		2025-05-16 17:05:41	2025-05-16 17:05:41
xwhvd4ssjwg	xdsa9sfk7vd	驗	驗	ngiêng	1867	3	11	xfqtvng6gq4		2025-05-16 17:05:41	2025-05-16 17:05:41
xdze3fqfzx9			驢	lù	1867	3	12	xfqtvng6gq4		2025-05-16 17:05:41	2025-05-16 17:05:41
xyjffx465d4			驢	lè̤	1867	3	12	xfqtvng6gq4		2025-05-16 17:05:41	2025-05-16 17:05:41
xnep5mz5sug	xzdrpj6bcxf	驥	驥	gé	1867	3	13	xfqtvng6gq4		2025-05-16 17:05:41	2025-05-16 17:05:41
xdwm5q5g7yt	xmmxtmkn3pa	驤	驤	siŏng	1867	3	14	xfqtvng6gq4		2025-05-16 17:05:41	2025-05-16 17:05:41
x7uc3edrtxx	xbp5374z3rb	驦	驦	sŏng	1867	3	15	xfqtvng6gq4		2025-05-16 17:05:41	2025-05-16 17:05:41
xqbkdfq4xxv	xzwrmt8x7fw	驩	驩	huăng	1867	3	16	xfqtvng6gq4		2025-05-16 17:05:41	2025-05-16 17:05:41
xxvez5gjx4w	xdkh96srdrn	驪	驪	là̤	1867	3	17	xfqtvng6gq4		2025-05-16 17:05:41	2025-05-16 17:05:41
xhnmrsrsyxe	xt2cmf9kjv5	骨	骨	gáuk	1867	3	18	xvn8rgy9cfx		2025-05-16 17:05:41	2025-05-16 17:05:41
x3zmjckaqbn	x73f9u2v7w4	骭	骭	gáng	1867	3	19	xvn8rgy9cfx		2025-05-16 17:05:41	2025-05-16 17:05:41
x8fzrjw4upw	x8gvgxt8uq8	尳	尳	nguáh	1867	3	20	xvn8rgy9cfx		2025-05-16 17:05:41	2025-05-16 17:05:41
xuwn3e25sak	x5kd5dt48ae	骫	骫	ūi	1867	3	21	xvn8rgy9cfx		2025-05-16 17:05:41	2025-05-16 17:05:41
xsmh7gsxrme	xdycypqjckf	骰	骰	dàu	1868	1	1	xvn8rgy9cfx		2025-05-16 17:05:41	2025-05-16 17:05:41
xft8jatc7q7	x7gsuuvhyrh	骴	骴	cṳ̆	1868	1	2	xvn8rgy9cfx		2025-05-16 17:05:41	2025-05-16 17:05:41
xmajy3jac5w	x8f9uucb2np	骷	骷	gŭ	1868	1	3	xvn8rgy9cfx		2025-05-16 17:05:41	2025-05-16 17:05:41
x4mkc7hnt5e	xyv2a6qb439	骼	骼	gáik	1868	1	4	xvn8rgy9cfx		2025-05-16 17:05:41	2025-05-16 17:05:41
xqh2u5y7sw5			骸	hài	1868	1	5	xvn8rgy9cfx		2025-05-16 17:05:41	2025-05-16 17:05:41
xvk36p6fbe3	xkx3dshvm3u	骻	骻	kuá	1868	1	6	xvn8rgy9cfx		2025-05-16 17:05:41	2025-05-16 17:05:41
xas5ts3x2j8			骾	gēng	1868	1	7	xvn8rgy9cfx		2025-05-16 17:05:41	2025-05-16 17:05:41
xzbm6npmnc9			髈	bōng	1868	1	8	xvn8rgy9cfx		2025-05-16 17:05:41	2025-05-16 17:05:41
xvzvc8ekcyg			髆	báuk	1868	1	9	xvn8rgy9cfx		2025-05-16 17:05:41	2025-05-16 17:05:41
x3kmbvways9	xr2nfqzx4za	髏	髏	lèu	1868	1	10	xvn8rgy9cfx		2025-05-16 17:05:41	2025-05-16 17:05:41
xewu3sk8svq	x7m6d5k2g9b	髓	髓	chōi	1868	1	11	xvn8rgy9cfx		2025-05-16 17:05:41	2025-05-16 17:05:41
x2mrzxrue9n	xfahguqukyr	髑	髑	dŭk	1868	1	12	xvn8rgy9cfx		2025-05-16 17:05:41	2025-05-16 17:05:41
xn5w5phfu3h	xj825wn4zs7	體	體	tā̤	1868	1	13	xvn8rgy9cfx		2025-05-16 17:05:41	2025-05-16 17:05:41
xexmh6cjext			𩪲	nguák	1868	1	14	xvn8rgy9cfx		2025-05-16 17:05:41	2025-05-16 17:05:41
xmqnrwaanbh	xx435gb6676	高	高	gŏ̤	1868	1	15	xjhhbmary47		2025-05-16 17:05:41	2025-05-16 17:05:41
xgm2cjrcazj	xx435gb6676	高	高	gèng	1868	1	15	xjhhbmary47		2025-05-16 17:05:41	2025-05-16 17:05:41
xehtdfzv52q	x2br7jnzwmx	髟	髟	biĕu	1868	1	16	xpdwj5edg4w		2025-05-16 17:05:41	2025-05-16 17:05:41
xfgy8ynh7pa	x3qv5h6h8ct	髡	髡	kŏng	1868	1	17	xpdwj5edg4w		2025-05-16 17:05:41	2025-05-16 17:05:41
xyawjjv3xb9			髤	hiĕu	1868	1	18	xpdwj5edg4w		2025-05-16 17:05:41	2025-05-16 17:05:41
xckasnfs4xw			髣	huōng	1868	1	19	xpdwj5edg4w		2025-05-16 17:05:41	2025-05-16 17:05:41
xdpee5v529s	xk8xtk5w6v8	髦	髦	mò̤	1868	1	20	xpdwj5edg4w		2025-05-16 17:05:41	2025-05-16 17:05:41
xagap5mrpv6	xn6pfc8frvr	髧	髧	tāng	1868	2	1	xpdwj5edg4w		2025-05-16 17:05:41	2025-05-16 17:05:41
x6knryjfq56	xmk7n7u6c32	髭	髭	cṳ̆	1868	2	2	xpdwj5edg4w		2025-05-16 17:05:41	2025-05-16 17:05:41
xmpgn6cfeyt	x2s74qtpfa5	髴	髴	hók	1868	2	3	xpdwj5edg4w		2025-05-16 17:05:41	2025-05-16 17:05:41
x6tj4vu9gmx			髮	huák	1868	2	4	xpdwj5edg4w		2025-05-16 17:05:41	2025-05-16 17:05:41
xxuhc637bg4			髮	huók	1868	2	4	xpdwj5edg4w		2025-05-16 17:05:41	2025-05-16 17:05:41
xhs8cqs3tff	x9rem7jr5ub	髯	髯	iĕng	1868	2	5	xpdwj5edg4w		2025-05-16 17:05:41	2025-05-16 17:05:41
xzyjefqjx2g	xqmdtnzzmum	髳	髳	màu	1868	2	6	xpdwj5edg4w		2025-05-16 17:05:41	2025-05-16 17:05:41
x8qyywagrjv	xmnn2g2433h	髫	髫	sièu	1868	2	7	xpdwj5edg4w		2025-05-16 17:05:41	2025-05-16 17:05:41
x8mtjsy9v65			䯻	guói	1868	2	8	xpdwj5edg4w		2025-05-16 17:05:41	2025-05-16 17:05:41
xvrrmenauby			鬂	béng	1868	2	9	xpdwj5edg4w		2025-05-16 17:05:41	2025-05-16 17:05:41
xz2vxb9593e			髼	pùng	1868	2	10	xpdwj5edg4w		2025-05-16 17:05:41	2025-05-16 17:05:41
xtva58wk4dt	xmc5wgkxrq3	鬀	鬀	tié	1868	2	11	xpdwj5edg4w		2025-05-16 17:05:41	2025-05-16 17:05:41
xhevbr48wrg	xncdcfcdkee	鬃	鬃	cŭng	1868	2	12	xpdwj5edg4w		2025-05-16 17:05:41	2025-05-16 17:05:41
x66ytpjzmhw	xncdcfcdkee	鬃	鬃	cĕ̤ng	1868	2	12	xpdwj5edg4w		2025-05-16 17:05:41	2025-05-16 17:05:41
x63d7pq6j9w	xncdcfcdkee	鬃	鬃	cē̤ng	1868	2	12	xpdwj5edg4w		2025-05-16 17:05:41	2025-05-16 17:05:41
xhegf3rmsr8	xw3uvu9skb6	鬈	鬈	guòng	1868	2	13	xpdwj5edg4w		2025-05-16 17:05:41	2025-05-16 17:05:41
xx2atan5cy6			鬆	sŭng	1868	2	14	xpdwj5edg4w		2025-05-16 17:05:41	2025-05-16 17:05:41
xqxpdkss6pd			鬆	sĕ̤ng	1868	2	14	xpdwj5edg4w		2025-05-16 17:05:41	2025-05-16 17:05:41
xeqxz8jpm28	xbueyukqmzn	䰄	䰄	săi	1868	2	16	xpdwj5edg4w		2025-05-16 17:05:41	2025-05-16 17:05:41
xege7g6rc5x	xav2rnhtucr	鬒	鬒	cīng	1868	2	17	xpdwj5edg4w		2025-05-16 17:05:41	2025-05-16 17:05:41
x3bt4d7ae77			䰇	gì	1868	2	18	xpdwj5edg4w		2025-05-16 17:05:41	2025-05-16 17:05:41
x8qs43tn7we	xcacrsvmdgt	鬔	鬔	pùng	1868	2	19	xpdwj5edg4w		2025-05-16 17:05:41	2025-05-16 17:05:41
xs82cjvg2wk	xnwhw6qnghk	鬙	鬙	cĕng	1868	2	20	xpdwj5edg4w		2025-05-16 17:05:41	2025-05-16 17:05:41
xppszakweu6			鬚	sṳ̆	1868	2	21	xpdwj5edg4w		2025-05-16 17:05:41	2025-05-16 17:05:41
xpxj478v4ju	xckcawzmw2b	鬟	鬟	kuàng	1868	2	22	xpdwj5edg4w		2025-05-16 17:05:42	2025-05-16 17:05:42
x9jgmqrrqcs	xuqc3v3zkhm	鬢	鬢	béng	1868	3	1	xpdwj5edg4w		2025-05-16 17:05:42	2025-05-16 17:05:42
x7ksg9s8sjm	x234n32h589	鬣	鬣	lăk	1868	3	2	xpdwj5edg4w		2025-05-16 17:05:42	2025-05-16 17:05:42
xuv6cnfrgrq	x234n32h589	鬣	鬣	lĕ̤k	1868	3	2	xpdwj5edg4w		2025-05-16 17:05:42	2025-05-16 17:05:42
xa5hs8ez6gw	xwwtmj5r5r8	鬤	鬤	siŏng	1868	3	3	xpdwj5edg4w		2025-05-16 17:05:42	2025-05-16 17:05:42
xwxuzhuwh9b			鬥	dáiu	1868	3	4	x5abntbs2zb		2025-05-16 17:05:42	2025-05-16 17:05:42
xtc35bd2nhv			鬥	dáu	1868	3	4	x5abntbs2zb		2025-05-16 17:05:42	2025-05-16 17:05:42
xucr4u8nr8u			鬦	dáiu	1868	3	5	x5abntbs2zb		2025-05-16 17:05:42	2025-05-16 17:05:42
x3c6jtct979	x7x6w4ssk2k	鬧	鬧	nâu	1868	3	6	x5abntbs2zb		2025-05-16 17:05:42	2025-05-16 17:05:42
x4n7s29zcpp	x4spnw56n92	鬨	鬨	hūng	1868	3	7	x5abntbs2zb		2025-05-16 17:05:42	2025-05-16 17:05:42
xmfhjb35pdj	x859ca68dh2	鬩	鬩	ngék	1868	3	8	x5abntbs2zb		2025-05-16 17:05:42	2025-05-16 17:05:42
xdjxmza3kkn			鬪	dáiu	1868	3	9	x5abntbs2zb		2025-05-16 17:05:42	2025-05-16 17:05:42
xp5x5cg59hc			䰗	kău	1868	3	10	x5abntbs2zb		2025-05-16 17:05:42	2025-05-16 17:05:42
x7pshv6xq3v			鬫	hāng	1868	3	11	x5abntbs2zb		2025-05-16 17:05:42	2025-05-16 17:05:42
xedx5mhex7d			鬬	dáiu	1868	3	12	x5abntbs2zb		2025-05-16 17:05:42	2025-05-16 17:05:42
xbktvesmjq6	x2b8azjsedm	鬮	鬮	kău	1868	3	13	x5abntbs2zb		2025-05-16 17:05:42	2025-05-16 17:05:42
xxyhd6szb8y			鬯	tióng	1868	3	14	xvuyagymttg		2025-05-16 17:05:42	2025-05-16 17:05:42
xzmh3pktyh5			鬱	ók	1868	3	15	xvuyagymttg		2025-05-16 17:05:42	2025-05-16 17:05:42
xgrdzuzbgww	xdk5baac8zj	鬲	鬲	gáik	1868	3	16	x7fn6c2tv7v		2025-05-16 17:05:42	2025-05-16 17:05:42
xzg8mceww56			鬵	sìng	1868	3	17	x7fn6c2tv7v		2025-05-16 17:05:42	2025-05-16 17:05:42
xvg5de9k6bq	xb3rgknz24b	鬷	鬷	cŭng	1868	3	18	x7fn6c2tv7v		2025-05-16 17:05:42	2025-05-16 17:05:42
xuvyhsz9wad	xwpsc5vs95u	鬻	鬻	ṳ̆k	1868	3	19	x7fn6c2tv7v		2025-05-16 17:05:42	2025-05-16 17:05:42
xvq5xww59m6	xv8grvbggq7	鬼	鬼	gūi	1869	1	1	xsnr67h2nwq		2025-05-16 17:05:42	2025-05-16 17:05:42
xaaxuvramg3	xzjhu7s2wdb	魂	魂	hùng	1869	1	2	xsnr67h2nwq		2025-05-16 17:05:42	2025-05-16 17:05:42
xwku6f8v732			䰟	hùng	1869	1	2	xsnr67h2nwq		2025-05-16 17:05:42	2025-05-16 17:05:42
x66pr5skqk7	xv2wmgyvrfz	魁	魁	kuŏi	1869	1	3	xsnr67h2nwq		2025-05-16 17:05:42	2025-05-16 17:05:42
xzhwv29v264	xa9u5w6xktm	魃	魃	băk	1869	1	4	xsnr67h2nwq		2025-05-16 17:05:42	2025-05-16 17:05:42
xnupfe7g8c8			魅	muôi	1869	1	5	xsnr67h2nwq		2025-05-16 17:05:42	2025-05-16 17:05:42
xrc9scyg7mv			魅	māi	1869	1	5	xsnr67h2nwq		2025-05-16 17:05:42	2025-05-16 17:05:42
xrxfycqtw7w			⿺⿱甶儿未	muôi	1869	1	5	xsnr67h2nwq		2025-05-16 17:05:42	2025-05-16 17:05:42
xwr84cbtkt8			⿺⿱甶儿未	māi	1869	1	5	xsnr67h2nwq		2025-05-16 17:05:42	2025-05-16 17:05:42
x2hkrpp9tv4	xtbe5e7xtty	魄	魄	páe̤k	1869	1	6	xsnr67h2nwq		2025-05-16 17:05:42	2025-05-16 17:05:42
x5r7tduss6x	x4jnxc658zm	魋	魋	dòi	1869	1	7	xsnr67h2nwq		2025-05-16 17:05:42	2025-05-16 17:05:42
xyne3p8tmy5	x4jnxc658zm	魋	魋	tùi	1869	1	7	xsnr67h2nwq		2025-05-16 17:05:42	2025-05-16 17:05:42
xa477bv2ept	xsfbzdejkqw	魎	魎	liōng	1869	1	8	xsnr67h2nwq		2025-05-16 17:05:42	2025-05-16 17:05:42
xej256n4fgn	xn3dtzpun4m	魏	魏	ngôi	1869	1	9	xsnr67h2nwq		2025-05-16 17:05:42	2025-05-16 17:05:42
xnrtkpetqzz	xb2fvvyz8fd	魍	魍	uōng	1869	1	10	xsnr67h2nwq		2025-05-16 17:05:42	2025-05-16 17:05:42
x26kfe75f5b	xfruxkxfhux	魑	魑	liè	1869	1	11	xsnr67h2nwq		2025-05-16 17:05:42	2025-05-16 17:05:42
xd5qrcys4qu	xkcpjn3m369	魔	魔	mò̤	1869	1	12	xsnr67h2nwq		2025-05-16 17:05:42	2025-05-16 17:05:42
x42fjyqj9g7			魕	gì	1869	1	13	xsnr67h2nwq		2025-05-16 17:05:42	2025-05-16 17:05:42
x5fbk42ctrh	x665hvwh4xq	魙	魙	ciĕng	1869	1	14	xsnr67h2nwq		2025-05-16 17:05:42	2025-05-16 17:05:42
x39qky9ywtq	x97kjdkygce	魘	魘	iēng	1869	1	15	xsnr67h2nwq		2025-05-16 17:05:42	2025-05-16 17:05:42
xvwuq3jmaq5	xtttu6tzgcv	魚	魚	ngṳ̀	1869	1	16	x643v5944z2		2025-05-16 17:05:42	2025-05-16 17:05:42
xu8d9km78q3	xd5xydrr5a8	魟	魟	hĕ̤ng	1869	1	17	x643v5944z2		2025-05-16 17:05:42	2025-05-16 17:05:42
xcyu8v6p4gy			𩵫	cīng	1869	1	18	x643v5944z2		2025-05-16 17:05:42	2025-05-16 17:05:42
x9a83gtznzv			魨	gă̤	1869	1	19	x643v5944z2		2025-05-16 17:05:42	2025-05-16 17:05:42
x9vjyh6a75f	xnm9mzye96j	魪	魪	gái	1869	1	20	x643v5944z2		2025-05-16 17:05:42	2025-05-16 17:05:42
xhd73fwts8g			𩵳	háu	1869	2	1	x643v5944z2		2025-05-16 17:05:42	2025-05-16 17:05:42
xwqtaqzjppr	xpb2wcaffj8	魴	魴	huòng	1869	2	2	x643v5944z2		2025-05-16 17:05:42	2025-05-16 17:05:42
xux3x453d2u	xkhknqeybbg	魰	魰	ùng	1869	2	4	x643v5944z2		2025-05-16 17:05:42	2025-05-16 17:05:42
xg7cgy37er2			𩵭	uòng	1869	2	5	x643v5944z2		2025-05-16 17:05:42	2025-05-16 17:05:42
x8wsxvjmcmh	xfyajx6eyfp	鮑	鮑	bàu	1869	2	6	x643v5944z2		2025-05-16 17:05:42	2025-05-16 17:05:42
xu7gxnkxqe2	xfyajx6eyfp	鮑	鮑	pâu	1869	2	6	x643v5944z2		2025-05-16 17:05:42	2025-05-16 17:05:42
xh8hajwku7p	xyn7gqfj2e8	魯	魯	lū	1869	2	3	x643v5944z2		2026-04-10 15:44:33	2025-05-16 17:05:42
xxp7kw4882f	xygnwe9c9ka	魯	魯	lē̤	1869	2	3	x643v5944z2		2026-04-10 15:44:42	2025-05-16 17:05:42
xymm52zajf7	xq2jwvxpc9k	鮆	鮆	cā̤	1869	2	7	x643v5944z2		2025-05-16 17:05:42	2025-05-16 17:05:42
xkcgh3gvxqe	x88uq8em253	鮀	鮀	dò̤	1869	2	8	x643v5944z2		2025-05-16 17:05:42	2025-05-16 17:05:42
xebbutfcck5			魽	hăng	1869	2	9	x643v5944z2		2025-05-16 17:05:42	2025-05-16 17:05:42
xnpv7qjbajf	xkrknuyyn5k	鮒	鮒	hô	1869	2	10	x643v5944z2		2025-05-16 17:05:42	2025-05-16 17:05:42
xs2dh7p33th	xv34cnubj2t	鮋	鮋	ìu	1869	2	11	x643v5944z2		2025-05-16 17:05:42	2025-05-16 17:05:42
xcpha76wqyx	xaewgbp7xtn	魺	魺	kó̤	1869	2	12	x643v5944z2		2025-05-16 17:05:42	2025-05-16 17:05:42
xgygwh2dktm	x2afb3jj2q7	鮎	鮎	niĕng	1869	2	13	x643v5944z2		2025-05-16 17:05:42	2025-05-16 17:05:42
xadfhq7xtb9	xtw9vckuxzt	鮓	鮓	tá	1869	2	14	x643v5944z2		2025-05-16 17:05:42	2025-05-16 17:05:42
xanqjxps7uf			鮐	tì	1869	2	15	x643v5944z2		2025-05-16 17:05:42	2025-05-16 17:05:42
x5wxs7hak8d			⿰魚田	tièng	1869	2	16	x643v5944z2		2025-05-16 17:05:42	2025-05-16 17:05:42
x4g26b5n6b3			鮮	chiĕng	1869	2	17	x643v5944z2		2025-05-16 17:05:42	2025-05-16 17:05:42
x8zjt5xb2dr			鮮	siĕng	1869	2	17	x643v5944z2		2025-05-16 17:05:42	2025-05-16 17:05:42
xnpdcbv5auk			鮮	siēng	1869	2	17	x643v5944z2		2025-05-16 17:05:42	2025-05-16 17:05:42
xxvpp392zck			鮧	dà̤	1869	2	18	x643v5944z2		2025-05-16 17:05:42	2025-05-16 17:05:42
xvwnqjsdk7c	xdeaskhk369	鮦	鮦	dùng	1869	2	19	x643v5944z2		2025-05-16 17:05:42	2025-05-16 17:05:42
xp3xtmdcmdg			鮫	gău	1869	2	20	x643v5944z2		2025-05-16 17:05:42	2025-05-16 17:05:42
xfp7eaqrxuj	xgxvagrvabp	鮞	鮞	ì	1869	2	21	x643v5944z2		2025-05-16 17:05:42	2025-05-16 17:05:42
xvfgutzppmz	xhzf4mgtfn4	鮪	鮪	uōi	1869	2	22	x643v5944z2		2025-05-16 17:05:42	2025-05-16 17:05:42
xesfznjxgcw			鯁	gēng	1869	3	1	x643v5944z2		2025-05-16 17:05:42	2025-05-16 17:05:42
xs5ghr8nhz8	xub89rrkxf3	鯀	鯀	gūng	1869	3	2	x643v5944z2		2025-05-16 17:05:42	2025-05-16 17:05:42
xq8bxwvuac2	xsnjcus2knz	鯇	鯇	hāng	1869	3	3	x643v5944z2		2025-05-16 17:05:42	2025-05-16 17:05:42
xpfygxge4k6	xpeks2eaw9w	鯉	鯉	lī	1869	3	4	x643v5944z2		2025-05-16 17:05:42	2025-05-16 17:05:42
x22p385zknm	xxhsqmeaeux	鯊	鯊	săi	1869	3	5	x643v5944z2		2025-05-16 17:05:42	2025-05-16 17:05:42
xmb238qrt22	xj8c6dzvbtb	鯫	鯫	cĕu	1869	3	6	x643v5944z2		2025-05-16 17:05:42	2025-05-16 17:05:42
xwxryhdd3wp	xefpnhtrfsa	鯧	鯧	chiŏng	1869	3	7	x643v5944z2		2025-05-16 17:05:42	2025-05-16 17:05:42
xe67s4bnmcy	x9x5an6ycat	𩸞	𩸞	giè	1869	3	8	x643v5944z2		2025-05-16 17:05:42	2025-05-16 17:05:42
xaxwc48xwgv	xx3md94g2ex	鯨	鯨	gĭng	1869	3	9	x643v5944z2		2025-05-16 17:05:42	2025-05-16 17:05:42
xgjwv7q54h9	xz9fhw95srk	鯤	鯤	kŏng	1869	3	10	x643v5944z2		2025-05-16 17:05:42	2025-05-16 17:05:42
xk4nqmtu3k9			鯪	lìng	1869	3	11	x643v5944z2		2025-05-16 17:05:42	2025-05-16 17:05:42
xgdx87sndb6	xxamqmcz79q	𩸍	𩸍	mêng	1869	3	12	x643v5944z2		2025-05-16 17:05:42	2025-05-16 17:05:42
xjpwshchbh5	xfparjb2s9t	鯢	鯢	ngà̤	1869	3	13	x643v5944z2		2025-05-16 17:05:42	2025-05-16 17:05:42
xwb7ukysa39	xumzknx4svw	鮝	鮝	siōng	1869	3	14	x643v5944z2		2025-05-16 17:05:42	2025-05-16 17:05:42
xfeezvcxq33	xyucfkpb3yb	鯿	鯿	biĕng	1869	3	15	x643v5944z2		2025-05-16 17:05:42	2025-05-16 17:05:42
xx4c2swjsmx			鯾	biĕng	1869	3	15	x643v5944z2		2025-05-16 17:05:42	2025-05-16 17:05:42
xtvzky7fvzy	x6frsmckjj2	鯽	鯽	cék	1869	3	16	x643v5944z2		2025-05-16 17:05:42	2025-05-16 17:05:42
xb99hbpq7fy	xq8mszt4jgu	鰂	鰂	cĕk	1869	3	17	x643v5944z2		2025-05-16 17:05:42	2025-05-16 17:05:42
xnx3wt6zuqe	xryjjuhfk2z	鰍	鰍	chĭu	1869	3	18	x643v5944z2		2025-05-16 17:05:42	2025-05-16 17:05:42
x6kbpvzq7h3			鰌	chĭu	1869	3	18	x643v5944z2		2025-05-16 17:05:42	2025-05-16 17:05:42
xv25h24y6ju	xvqd423mzce	鰆	鰆	chŭng	1869	3	19	x643v5944z2		2025-05-16 17:05:42	2025-05-16 17:05:42
xp3yd2k52cd	xxqz7jmf4d6	鰕	鰕	hà	1869	3	20	x643v5944z2		2025-05-16 17:05:42	2025-05-16 17:05:42
xjha5xy6x7p	xqpk2dvhcwj	鰉	鰉	huòng	1869	3	21	x643v5944z2		2025-05-16 17:05:42	2025-05-16 17:05:42
x8sebxgk3gg			鰋	iēng	1869	3	22	x643v5944z2		2025-05-16 17:05:42	2025-05-16 17:05:42
x42w47wtzfn			𩹊	ìu	1870	1	1	x643v5944z2		2025-05-16 17:05:42	2025-05-16 17:05:42
xewd8xjxar5			鰓	săi	1870	1	2	x643v5944z2		2025-05-16 17:05:42	2025-05-16 17:05:42
xw2a6yydhce			鰓	sā̤	1870	1	2	x643v5944z2		2025-05-16 17:05:42	2025-05-16 17:05:42
x5bnkk3na36			𩺀	cék	1870	1	3	x643v5944z2		2025-05-16 17:05:42	2025-05-16 17:05:42
xsq8pzdc8gd	xwn8denmq7r	鰜	鰜	giĕng	1870	1	4	x643v5944z2		2025-05-16 17:05:42	2025-05-16 17:05:42
xvwq4cshukt	xqr25d2naut	鰥	鰥	guăng	1870	1	5	x643v5944z2		2025-05-16 17:05:42	2025-05-16 17:05:42
xx6fhpdk57p	x8dx2r6jhfs	鰣	鰣	sì	1870	1	6	x643v5944z2		2025-05-16 17:05:42	2025-05-16 17:05:42
xq35ksf9yxd	xa6ad9dhauf	鰠	鰠	sŏ̤	1870	1	7	x643v5944z2		2025-05-16 17:05:42	2025-05-16 17:05:42
xure7nrz9xz	xgzkdnzkvt9	鮹	鮹	sō̤	1870	1	8	x643v5944z2		2025-05-16 17:05:42	2025-05-16 17:05:42
xbuxknjdbz4	xvb4bcj5zb9	䱵	䱵	ŭng	1870	1	9	x643v5944z2		2025-05-16 17:05:42	2025-05-16 17:05:42
xeapn6tjbyz	xmjq8hajthn	鱄	鱄	cuŏng	1870	1	10	x643v5944z2	原書有誤，已更正	2025-05-16 17:05:42	2025-05-16 17:05:42
x8n9zpns88z	x2ssztqnw53	鰷	鰷	dèu	1870	1	11	x643v5944z2		2025-05-16 17:05:42	2025-05-16 17:05:42
xm49aqunwds	x9658xdfh5q	鰱	鰱	lièng	1870	1	12	x643v5944z2		2025-05-16 17:05:42	2025-05-16 17:05:42
xn5v2m9dh5q	xduz7cvrrn4	鰵	鰵	mīng	1870	1	13	x643v5944z2		2025-05-16 17:05:42	2025-05-16 17:05:42
xksqtw8crxv	xka7nqku8gv	鰻	鰻	muàng	1870	1	14	x643v5944z2		2025-05-16 17:05:42	2025-05-16 17:05:42
x4jfy5x8rk2	xf4rnkuet89	鰲	鰲	ngò̤	1870	1	15	x643v5944z2		2025-05-16 17:05:42	2025-05-16 17:05:42
xcxqjyfnyge	xs4xec62cpy	鰾	鰾	piéu	1870	1	16	x643v5944z2		2025-05-16 17:05:42	2025-05-16 17:05:42
xec4vtz6v3n	xb34vj2tu7w	鱉	鱉	biék	1870	1	17	x643v5944z2		2025-05-16 17:05:42	2025-05-16 17:05:42
xv3u6yhv8yx	xpj4sqgzzac	鱒	鱒	cŏng	1870	1	18	x643v5944z2		2025-05-16 17:05:42	2025-05-16 17:05:42
xscdd4qyufn	x649jkp3mxg	鱖	鱖	guói	1870	1	19	x643v5944z2		2025-05-16 17:05:42	2025-05-16 17:05:42
xauqyg4cuhn	xp29c93akv5	鱗	鱗	lìng	1870	1	20	x643v5944z2		2025-05-16 17:05:42	2025-05-16 17:05:42
xawm49cj2x7			鱔	siêng	1870	1	21	x643v5944z2		2025-05-16 17:05:42	2025-05-16 17:05:42
xnx9xu5wf9p	xnmkqc9fbjy	鱓	鱓	siêng	1870	1	21	x643v5944z2		2025-05-16 17:05:42	2025-05-16 17:05:42
x9qwws756gb	xnpkfn4t3s8	鱘	鱘	sìng	1870	1	22	x643v5944z2		2025-05-16 17:05:42	2025-05-16 17:05:42
x32rdzp2rqk	xtpbjeb2ehd	鱏	鱏	sìng	1870	2	1	x643v5944z2		2025-05-16 17:05:42	2025-05-16 17:05:42
x82uzuncbnd	x4hwffrrkh6	鱡	鱡	cĕk	1870	2	2	x643v5944z2		2025-05-16 17:05:42	2025-05-16 17:05:42
x9dbw5vrq8d	x6thyhh7nfy	鱣	鱣	ciĕng	1870	2	3	x643v5944z2		2025-05-16 17:05:42	2025-05-16 17:05:42
xan74tkujxr	xt5fhhwhqur	鱢	鱢	chŏ̤	1870	2	4	x643v5944z2		2025-05-16 17:05:42	2025-05-16 17:05:42
xawaq8p42nn	xzxqpvyeth4	鱠	鱠	guói	1870	2	5	x643v5944z2		2025-05-16 17:05:42	2025-05-16 17:05:42
xefurex5wtn	xu6tu8h3749	鱟	鱟	háu	1870	2	6	x643v5944z2		2025-05-16 17:05:42	2025-05-16 17:05:42
xfk5srjgh4s	xtxwvkhmvrr	鱭	鱭	cā̤	1870	2	7	x643v5944z2		2025-05-16 17:05:42	2025-05-16 17:05:42
xpd7t6ak874			鱮	sê̤ṳ	1870	2	8	x643v5944z2		2025-05-16 17:05:42	2025-05-16 17:05:42
xehh6n6xx8h	xw7taz459jd	鱨	鱨	siòng	1870	2	9	x643v5944z2		2025-05-16 17:05:42	2025-05-16 17:05:42
xqm57ufwq7n	xfsqce8kr6y	鱸	鱸	lù	1870	2	10	x643v5944z2		2025-05-16 17:05:42	2025-05-16 17:05:42
xv5epg3j663	xd4c36tqjku	鱷	鱷	ngáuk	1870	2	11	x643v5944z2		2025-05-16 17:05:42	2025-05-16 17:05:42
xaynbfghurr			鳥	nēu	1870	2	12	xssr6rbgbu6		2025-05-16 17:05:42	2025-05-16 17:05:42
xfk6ax6759b			鳥	cēu	1870	2	12	xssr6rbgbu6		2025-05-16 17:05:42	2025-05-16 17:05:42
xnm5qa2dhq5	x9h3tk2mnpg	鳦	鳦	ék	1870	2	13	xssr6rbgbu6		2025-05-16 17:05:42	2025-05-16 17:05:42
xx7qkhvs896	x2u7byvf446	鳧	鳧	hù	1870	2	14	xssr6rbgbu6		2025-05-16 17:05:42	2025-05-16 17:05:42
xnxrnywgavu			鳬	hù	1870	2	14	xssr6rbgbu6		2025-05-16 17:05:42	2025-05-16 17:05:42
x4q7kw2zh4h			鳩	kĭu	1870	2	15	xssr6rbgbu6		2025-05-16 17:05:42	2025-05-16 17:05:42
xa25evygnky			鳳	hông	1870	2	16	xssr6rbgbu6		2025-05-16 17:05:42	2025-05-16 17:05:42
xqw7k28bzwy	x6cca47qfkr	鳶	鳶	iŏng	1870	2	17	xssr6rbgbu6		2025-05-16 17:05:42	2025-05-16 17:05:42
xkfthbms6p7	x93j7cgrjnn	鳴	鳴	mìng	1870	2	18	xssr6rbgbu6		2025-05-16 17:05:42	2025-05-16 17:05:42
xk6jc9sybyt	x443w8k69bd	鳲	鳲	sĭ	1870	2	19	xssr6rbgbu6		2025-05-16 17:05:42	2025-05-16 17:05:42
xhwg5c2jbmw			鴉	ă	1870	2	20	xssr6rbgbu6		2025-05-16 17:05:42	2025-05-16 17:05:42
xtsyga6ht7r	x7vxxhh97ua	鴇	鴇	bō̤	1870	2	21	xssr6rbgbu6		2025-05-16 17:05:42	2025-05-16 17:05:42
xk3rtehubeq	x63b79zp989	鴃	鴃	giók	1870	3	1	xssr6rbgbu6		2025-05-16 17:05:42	2025-05-16 17:05:42
xzap4nkjqte			鴈	ngâng	1870	3	2	xssr6rbgbu6		2025-05-16 17:05:42	2025-05-16 17:05:42
xz2yvq9tzvz	x8j3b2fqyzf	鴆	鴆	tĭng	1870	3	3	xssr6rbgbu6		2025-05-16 17:05:42	2025-05-16 17:05:42
xw5h3jh4r3s	x2gdh55fpwt	鴨	鴨	ák	1870	3	4	xssr6rbgbu6		2025-05-16 17:05:42	2025-05-16 17:05:42
xa6g7mv3pth	x3s377t7fbf	鴟	鴟	chĭ	1870	3	5	xssr6rbgbu6		2025-05-16 17:05:42	2025-05-16 17:05:42
xxbch3t6pzh	x79wk2vdj2p	鴕	鴕	dò̤	1870	3	6	xssr6rbgbu6		2025-05-16 17:05:42	2025-05-16 17:05:42
xftkb6k93qk	xfh4wk6gurs	鴣	鴣	gŭ	1870	3	7	xssr6rbgbu6		2025-05-16 17:05:42	2025-05-16 17:05:42
xj9uanh35rr			鴝	gṳ̀	1870	3	8	xssr6rbgbu6		2025-05-16 17:05:42	2025-05-16 17:05:42
xhnyfk4eehz	xfrpf2pbeks	鴞	鴞	hiĕu	1870	3	9	xssr6rbgbu6		2025-05-16 17:05:42	2025-05-16 17:05:42
xtdqvwypv4d	xfn2u5gt36u	鴦	鴦	iŏng	1870	3	10	xssr6rbgbu6		2025-05-16 17:05:42	2025-05-16 17:05:42
xrcnb7cpjjb			鴒	lìng	1870	3	11	xssr6rbgbu6		2025-05-16 17:05:42	2025-05-16 17:05:42
xwx6bkn2h24	x74fjrxr92s	鴛	鴛	uŏng	1870	3	12	xssr6rbgbu6		2025-05-16 17:05:42	2025-05-16 17:05:42
x8bk33q478w	x34xsbc6sp5	鵀	鵀	êng	1870	3	13	xssr6rbgbu6		2025-05-16 17:05:42	2025-05-16 17:05:42
xsgp5rsmv2m	xctwpxrdszx	鴿	鴿	gák	1870	3	14	xssr6rbgbu6		2025-05-16 17:05:42	2025-05-16 17:05:42
x43ezzrnfsh			鴰	guák	1870	3	15	xssr6rbgbu6		2025-05-16 17:05:42	2025-05-16 17:05:42
xky4yb3etfh	xwxsjmm2xsy	鵂	鵂	hĭu	1870	3	16	xssr6rbgbu6		2025-05-16 17:05:42	2025-05-16 17:05:42
x952wvxgbkd	xb6883a8x7p	鴻	鴻	hùng	1870	3	17	xssr6rbgbu6		2025-05-16 17:05:42	2025-05-16 17:05:42
xrr2vu6683e			鴺	tà̤	1870	3	18	xssr6rbgbu6		2025-05-16 17:05:42	2025-05-16 17:05:42
xrcc8s9y2nr	x4xctjnstau	鵜	鵜	dà̤	1870	3	19	xssr6rbgbu6		2025-05-16 17:05:42	2025-05-16 17:05:42
xwfpe6dt5uk	x4usr4psrhb	鵌	鵌	dù	1870	3	20	xssr6rbgbu6		2025-05-16 17:05:42	2025-05-16 17:05:42
xvu7z2f2ef2			鵙	giók	1870	3	21	xssr6rbgbu6		2025-05-16 17:05:42	2025-05-16 17:05:42
xdrg2z87brj	xjzb5kadczc	鵑	鵑	giŏng	1870	3	22	xssr6rbgbu6		2025-05-16 17:05:42	2025-05-16 17:05:42
xgfvnds46g4	xkt9uh2rmpm	鵠	鵠	gók	1871	1	1	xssr6rbgbu6		2025-05-16 17:05:42	2025-05-16 17:05:42
xgwbmmhd8qa			鵝	ngò̤	1871	1	2	xssr6rbgbu6		2025-05-16 17:05:42	2025-05-16 17:05:42
x6zp7d2h4u7			鵝	ngiè	1871	1	2	xssr6rbgbu6		2025-05-16 17:05:42	2025-05-16 17:05:42
x4mpw7asred			鵞	ngò̤	1871	1	2	xssr6rbgbu6		2025-05-16 17:05:42	2025-05-16 17:05:42
xfg8s4gqrxn			鵞	ngiè	1871	1	2	xssr6rbgbu6		2025-05-16 17:05:42	2025-05-16 17:05:42
xxgb2w3kq7y	x9c9bh7xvav	鵚	鵚	tŭk	1871	1	3	xssr6rbgbu6		2025-05-16 17:05:42	2025-05-16 17:05:42
x8z6s4rffah	xr2dyb6keu7	鵡	鵡	ū	1871	1	4	xssr6rbgbu6		2025-05-16 17:05:42	2025-05-16 17:05:42
x3qudm9hqgt	xwtkpur676z	鵒	鵒	ṳ̆k	1871	1	5	xssr6rbgbu6		2025-05-16 17:05:42	2025-05-16 17:05:42
xqsv4dyd4u3			鵶	ă	1871	1	6	xssr6rbgbu6		2025-05-16 17:05:42	2025-05-16 17:05:42
xxkex5pc88a	xk7xw2qfh8v	鵪	鵪	ăng	1871	1	7	xssr6rbgbu6		2025-05-16 17:05:42	2025-05-16 17:05:42
xejvz8fs5uq			鵬	bèng	1871	1	8	xssr6rbgbu6		2025-05-16 17:05:42	2025-05-16 17:05:42
xf4e5fkf7s9	x8zr9rtv375	鵲	鵲	chiók	1871	1	9	xssr6rbgbu6		2025-05-16 17:05:42	2025-05-16 17:05:42
xu6dgb5f9wb			鵰	diĕu	1871	1	10	xssr6rbgbu6		2025-05-16 17:05:42	2025-05-16 17:05:42
xcc33nkskc6	xa3rtesq923	鶊	鶊	gĕng	1871	1	11	xssr6rbgbu6		2025-05-16 17:05:42	2025-05-16 17:05:42
xyuxerjnedn	x2ps7tju6d7	鵾	鵾	kŏng	1871	1	12	xssr6rbgbu6		2025-05-16 17:05:42	2025-05-16 17:05:42
xgreuvwza33	xynw89rsaxn	鶃	鶃	ngák	1871	1	13	xssr6rbgbu6		2025-05-16 17:05:42	2025-05-16 17:05:42
xab2ye5ysrc	xynw89rsaxn	鶃	鶃	ngáuk	1871	1	13	xssr6rbgbu6		2025-05-16 17:05:42	2025-05-16 17:05:42
x9tcf2rjdx2			鶉	sùng	1871	1	14	xssr6rbgbu6		2025-05-16 17:05:42	2025-05-16 17:05:42
xeczbabycpt	xzwkp55vykw	鵷	鵷	uŏng	1871	1	15	xssr6rbgbu6		2025-05-16 17:05:42	2025-05-16 17:05:42
xv4n5ajgeps	xr3xb5hg9yf	鶖	鶖	chĭu	1871	1	16	xssr6rbgbu6		2025-05-16 17:05:42	2025-05-16 17:05:42
xqt5ek9t2ag	xzby6un7n7y	鶡	鶡	hăk	1871	1	17	xssr6rbgbu6		2025-05-16 17:05:42	2025-05-16 17:05:42
x22ynzyg2hw	xu78f8rdubx	鶘	鶘	hù	1871	1	18	xssr6rbgbu6		2025-05-16 17:05:42	2025-05-16 17:05:42
xs7tgs7sycu	xscp6hu2esc	鶩	鶩	mŭk	1871	1	19	xssr6rbgbu6		2025-05-16 17:05:42	2025-05-16 17:05:42
x9zj83vkcje	xtrjxzuas32	鶚	鶚	ngáuk	1871	1	20	xssr6rbgbu6		2025-05-16 17:05:42	2025-05-16 17:05:42
xu6mkzjdffk	xg64bzdtz8a	鶺	鶺	cék	1871	1	21	xssr6rbgbu6		2025-05-16 17:05:42	2025-05-16 17:05:42
xur7d9jztrt			鶿	cṳ̀	1871	1	22	xssr6rbgbu6		2025-05-16 17:05:42	2025-05-16 17:05:42
xu54ghxv3nk			鷀	cṳ̀	1871	2	1	xssr6rbgbu6		2025-05-16 17:05:42	2025-05-16 17:05:42
xennwnc9axd	x84hwag4n9u	鶬	鶬	chŏng	1871	2	2	xssr6rbgbu6		2025-05-16 17:05:42	2025-05-16 17:05:42
xjhh3dkxykc	xym4drcqnag	鶵	鶵	chṳ̆	1871	2	3	xssr6rbgbu6		2025-05-16 17:05:42	2025-05-16 17:05:42
xnuwntyvkwd	xmyavfxd8wz	鷁	鷁	ék	1871	2	4	xssr6rbgbu6		2025-05-16 17:05:42	2025-05-16 17:05:42
xhc8mueqyud	xt7pxqgpd5y	鶯	鶯	ĕng	1871	2	5	xssr6rbgbu6		2025-05-16 17:05:42	2025-05-16 17:05:42
xs8sdjkpfby			鶻	gáuk	1871	2	6	xssr6rbgbu6		2025-05-16 17:05:42	2025-05-16 17:05:42
xktdd88t92v	xgjx9tu6edh	雞	雞	giĕ	1871	2	7	xssr6rbgbu6		2025-05-16 17:05:42	2025-05-16 17:05:42
x6p944jq8wh	xfdd9fgarxd	鶼	鶼	giĕng	1871	2	8	xssr6rbgbu6		2025-05-16 17:05:42	2025-05-16 17:05:42
xunhra3cw2z	xtwn5psw8pa	鶴	鶴	hŏk	1871	2	9	xssr6rbgbu6		2025-05-16 17:05:42	2025-05-16 17:05:42
xp8mm7ds4wv			𪅎	iêu	1871	2	10	xssr6rbgbu6		2025-05-16 17:05:42	2025-05-16 17:05:42
xrzfs9zjvr6			𪅎	ièu	1871	2	10	xssr6rbgbu6		2025-05-16 17:05:42	2025-05-16 17:05:42
xv3m9gy9tax	xrfxh4wvxcf	鶹	鶹	lìu	1871	2	11	xssr6rbgbu6		2025-05-16 17:05:42	2025-05-16 17:05:42
xz35y95fuex	x7h8s2kjvr5	鷊	鷊	ngĭk	1871	2	12	xssr6rbgbu6		2025-05-16 17:05:42	2025-05-16 17:05:42
xkrtwegpu5d			䳺	ăng	1871	2	13	xssr6rbgbu6		2025-05-16 17:05:42	2025-05-16 17:05:42
xb86s32qj8e	xzmy5vmdgxz	鷙	鷙	cé	1871	2	14	xssr6rbgbu6		2025-05-16 17:05:42	2025-05-16 17:05:42
xczce8uthk6			鷓	ciá	1871	2	15	xssr6rbgbu6		2025-05-16 17:05:42	2025-05-16 17:05:42
xfxavhuqqca	xt3vta5cp22	鷟	鷟	cŭk	1871	2	16	xssr6rbgbu6		2025-05-16 17:05:42	2025-05-16 17:05:42
xfbmg5pbhxm	x54azfnmkeb	鷗	鷗	ĕu	1871	2	17	xssr6rbgbu6		2025-05-16 17:05:42	2025-05-16 17:05:42
xpmukzcwd52	x3d9sk6dmt5	鷖	鷖	ĭ	1871	2	18	xssr6rbgbu6		2025-05-16 17:05:42	2025-05-16 17:05:42
xdf22pppcx8	x5yw4kfmn94	鷕	鷕	iēu	1871	2	19	xssr6rbgbu6		2025-05-16 17:05:42	2025-05-16 17:05:42
x58583p9x8w			鷩	biék	1871	2	20	xssr6rbgbu6		2025-05-16 17:05:42	2025-05-16 17:05:42
x3nmsgt73g6	xxnba62k67y	鷲	鷲	cêu	1871	2	21	xssr6rbgbu6		2025-05-16 17:05:42	2025-05-16 17:05:42
xnbkkunv34q	xjptvnxhauh	鷦	鷦	ciĕu	1871	2	22	xssr6rbgbu6		2025-05-16 17:05:42	2025-05-16 17:05:42
xqzu2vu53uj			鷮	giĕu	1871	3	1	xssr6rbgbu6		2025-05-16 17:05:42	2025-05-16 17:05:42
xphaqu4msna			鷴	hàng	1871	3	2	xssr6rbgbu6		2025-05-16 17:05:42	2025-05-16 17:05:42
xyf9r5gsdzw	xygtrjzajgt	鷳	鷳	hàng	1871	3	2	xssr6rbgbu6		2025-05-16 17:05:42	2025-05-16 17:05:42
xr9cpnc3uhz	x8uw5dgy779	鷹	鷹	ĭng	1871	3	3	xssr6rbgbu6		2025-05-16 17:05:42	2025-05-16 17:05:42
x3x9wrsr5w4	x6cufctzmju	鷯	鷯	lièu	1871	3	4	xssr6rbgbu6		2025-05-16 17:05:42	2025-05-16 17:05:42
xtqw6bmk7g2	x7t44y2aj9c	鷺	鷺	lô	1871	3	5	xssr6rbgbu6		2025-05-16 17:05:42	2025-05-16 17:05:42
xk6u54v3q36	xk83g22mfkj	鷸	鷸	ṳ̆k	1871	3	6	xssr6rbgbu6		2025-05-16 17:05:42	2025-05-16 17:05:42
xcn67fgd6dv	xc2vsh6p7ug	鸇	鸇	ciĕng	1871	3	7	xssr6rbgbu6		2025-05-16 17:05:42	2025-05-16 17:05:42
x8nbe69j4fz	x3k5kwcwb4y	鷽	鷽	hŏk	1871	3	8	xssr6rbgbu6		2025-05-16 17:05:42	2025-05-16 17:05:42
xpu9xg4uytz	xbksk2rha5g	鸑	鸑	ngŏk	1871	3	9	xssr6rbgbu6		2025-05-16 17:05:42	2025-05-16 17:05:42
xj2sqahu8yu			鸒	ṳ̀	1871	3	10	xssr6rbgbu6		2025-05-16 17:05:42	2025-05-16 17:05:42
xj8huzhw99b	xxja87gwv9g	鸓	鸓	lūi	1871	3	11	xssr6rbgbu6		2025-05-16 17:05:42	2025-05-16 17:05:42
xek46jwyrhk			𪈒	lù	1871	3	12	xssr6rbgbu6		2025-05-16 17:05:42	2025-05-16 17:05:42
x4yrpvmq4g5			鸚	ĕng	1871	3	13	xssr6rbgbu6		2025-05-16 17:05:42	2025-05-16 17:05:42
x6tmmaq8twc	xujvepg36ye	鸜	鸜	gṳ̀	1871	3	14	xssr6rbgbu6		2025-05-16 17:05:42	2025-05-16 17:05:42
xwedhj6ec23	xuh2y9jf82k	鸛	鸛	guáng	1871	3	15	xssr6rbgbu6		2025-05-16 17:05:42	2025-05-16 17:05:42
xc64t8brb49	x7m2x59tqwk	鸝	鸝	là̤	1871	3	16	xssr6rbgbu6		2025-05-16 17:05:42	2025-05-16 17:05:42
xy3523ufrc3	xqxqg75jqhw	鸞	鸞	luàng	1871	3	17	xssr6rbgbu6		2025-05-16 17:05:42	2025-05-16 17:05:42
xbk6q88x8db	x22zpg5azfn	鹵	鹵	lū	1871	3	18	xe2zdu92c3d		2025-05-16 17:05:42	2025-05-16 17:05:42
xwsbh2yu9zr			⿰鹵𠬶	siéng	1871	3	19	xe2zdu92c3d		2025-05-16 17:05:42	2025-05-16 17:05:42
x9q782ee4u2			鹹	hàng	1871	3	20	xe2zdu92c3d		2025-05-16 17:05:42	2025-05-16 17:05:42
xj7xh7cxmhv			鹹	gèng	1871	3	20	xe2zdu92c3d		2025-05-16 17:05:42	2025-05-16 17:05:42
xk4nr3gkqma			鹼	giĕng	1871	3	21	xe2zdu92c3d		2025-05-16 17:05:42	2025-05-16 17:05:42
x33qeuhjtj9			鹽	sièng	1871	3	22	xe2zdu92c3d		2025-05-16 17:05:42	2025-05-16 17:05:42
xfns6ggkumf			鹿	lṳ̆k	1872	1	1	xzjd9wpgvx9		2025-05-16 17:05:42	2025-05-16 17:05:42
x6vdk7mw84g			鹿	lĕ̤k	1872	1	1	xzjd9wpgvx9		2025-05-16 17:05:42	2025-05-16 17:05:42
xura9mpj427	x8bu3fkutcg	麂	麂	gī	1872	1	2	xzjd9wpgvx9		2025-05-16 17:05:42	2025-05-16 17:05:42
x4vxjwb7wtv	x6xrtefsfwr	麀	麀	ĭu	1872	1	3	xzjd9wpgvx9		2025-05-16 17:05:42	2025-05-16 17:05:42
xk9knwruhmp	xx6jsq6jx9t	麃	麃	biĕu	1872	1	4	xzjd9wpgvx9		2025-05-16 17:05:42	2025-05-16 17:05:42
xt8v4f9awrx			麈	cṳ̄	1872	1	5	xzjd9wpgvx9		2025-05-16 17:05:42	2025-05-16 17:05:42
xxqemacgxxc	xa9f5aak58p	麋	麋	mì	1872	1	6	xzjd9wpgvx9		2025-05-16 17:05:42	2025-05-16 17:05:42
x29tm5yf92u	xdkw6ced444	麌	麌	ngṳ̄	1872	1	7	xzjd9wpgvx9		2025-05-16 17:05:42	2025-05-16 17:05:42
xka7ya6ub25	xh5uryhspwd	麒	麒	gì	1872	1	8	xzjd9wpgvx9		2025-05-16 17:05:42	2025-05-16 17:05:42
xpv9fqghzhm			麔	giēu	1872	1	9	xzjd9wpgvx9		2025-05-16 17:05:42	2025-05-16 17:05:42
x8x4tag4yzs	xd7pxuddu3p	麕	麕	kūng	1872	1	10	xzjd9wpgvx9		2025-05-16 17:05:42	2025-05-16 17:05:42
xbkg972qnq2	xtrs437ckus	麗	麗	lâ̤	1872	1	11	xzjd9wpgvx9		2025-05-16 17:05:42	2025-05-16 17:05:42
xajwt64rwkh			麓	lṳ̆k	1872	1	12	xzjd9wpgvx9		2025-05-16 17:05:42	2025-05-16 17:05:42
x4pen3b3dug	x6cq3cr2hgy	麑	麑	ngà̤	1872	1	13	xzjd9wpgvx9		2025-05-16 17:05:42	2025-05-16 17:05:42
xrnjvdwtnvt	xy7rfe5qn5t	麚	麚	gă	1872	1	14	xzjd9wpgvx9		2025-05-16 17:05:42	2025-05-16 17:05:42
xzucfq53789	xcjh53eb52y	麛	麛	mì	1872	1	15	xzjd9wpgvx9		2025-05-16 17:05:42	2025-05-16 17:05:42
xre58e2e8wd	xgxxtpwtpu3	麝	麝	siâ	1872	1	16	xzjd9wpgvx9		2025-05-16 17:05:42	2025-05-16 17:05:42
x9smbzjumwp			麞	ciŏng	1872	1	17	xzjd9wpgvx9		2025-05-16 17:05:42	2025-05-16 17:05:42
x8yy437763c	x2wgp9hp27a	麟	麟	lìng	1872	1	18	xzjd9wpgvx9		2025-05-16 17:05:42	2025-05-16 17:05:42
xac8k2ug59m			麢	lìng	1872	1	19	xzjd9wpgvx9		2025-05-16 17:05:42	2025-05-16 17:05:42
xytu8x27rv7			麤	chŭ	1872	1	20	xzjd9wpgvx9		2025-05-16 17:05:42	2025-05-16 17:05:42
xw5qt5pwugh			麥	mĕk	1872	2	1	xdfb4k74cd4		2025-05-16 17:05:42	2025-05-16 17:05:42
xb2ydc696xs			麥	măh	1872	2	1	xdfb4k74cd4		2025-05-16 17:05:42	2025-05-16 17:05:42
xxnbcwxcskn			麩	hŭ	1872	2	2	xdfb4k74cd4		2025-05-16 17:05:42	2025-05-16 17:05:42
xcxerndf35k			麩	puŏ	1872	2	2	xdfb4k74cd4		2025-05-16 17:05:42	2025-05-16 17:05:42
xqdz2a58z7a			麪	miêng	1872	2	3	xdfb4k74cd4		2025-05-16 17:05:42	2025-05-16 17:05:42
xjjpt9z662n	xbhwxqdqa4u	麰	麰	mèu	1872	2	4	xdfb4k74cd4		2025-05-16 17:05:42	2025-05-16 17:05:42
xr8w6x9rc9b			䴸	hŭ	1872	2	5	xdfb4k74cd4		2025-05-16 17:05:42	2025-05-16 17:05:42
x7wry2gym5v			麴	gé̤ṳk	1872	2	6	xdfb4k74cd4		2025-05-16 17:05:42	2025-05-16 17:05:42
x5qwf9ntncj			麴	ké̤ṳk	1872	2	6	xdfb4k74cd4		2025-05-16 17:05:42	2025-05-16 17:05:42
x5cemfw8m9k	x9qkd4u2y6k	麵	麵	miêng	1872	2	7	xdfb4k74cd4		2025-05-16 17:05:42	2025-05-16 17:05:42
x49rezgb6zy			麻	mà	1872	2	8	xrhff42q5da		2025-05-16 17:05:43	2025-05-16 17:05:43
xha38qqxyxb			麻	muài	1872	2	8	xrhff42q5da		2025-05-16 17:05:43	2025-05-16 17:05:43
xfxs9bnx6dy	x8k6efc8yec	麼	麼	mò̤	1872	2	9	xrhff42q5da		2025-05-16 17:05:43	2025-05-16 17:05:43
xc7rqmnru7n	xvemezbe7yc	麾	麾	hŭi	1872	2	10	xrhff42q5da		2025-05-16 17:05:43	2025-05-16 17:05:43
xp8euwz4pst			黃	uòng	1872	2	11	xpsgh5s83g3		2025-05-16 17:05:43	2025-05-16 17:05:43
xupnpqmqyt8	xn8cvhbhrkq	黌	黌	huàng	1872	2	12	xpsgh5s83g3		2025-05-16 17:05:43	2025-05-16 17:05:43
xzs6e9yw23b			黍	sṳ̄	1872	2	13	x74p9msupqa		2025-05-16 17:05:43	2025-05-16 17:05:43
xan7rax8qsq			黍	sē̤	1872	2	13	x74p9msupqa		2025-05-16 17:05:43	2025-05-16 17:05:43
x78tfx5bct5	xtdvwmju72k	黎	黎	là̤	1872	2	14	x74p9msupqa		2025-05-16 17:05:43	2025-05-16 17:05:43
xtcefpma3t5			𪏸	nê	1872	2	15	x74p9msupqa		2025-05-16 17:05:43	2025-05-16 17:05:43
xq52926j5h6	x3hcpzzbq3w	黏	黏	nièng	1872	2	16	x74p9msupqa		2025-05-16 17:05:43	2025-05-16 17:05:43
xnhpenx9hq4	xvyz4hty8cj	黐	黐	liè	1872	2	17	x74p9msupqa		2025-05-16 17:05:43	2025-05-16 17:05:43
x84y6bwyc4j	xvyz4hty8cj	黐	黐	tĭ	1872	2	17	x74p9msupqa		2025-05-16 17:05:43	2025-05-16 17:05:43
xgcwszsdwnt	x8ndfe6rspr	黑	黑	háik	1872	3	1	x79f3j3j8nc		2025-05-16 17:05:43	2025-05-16 17:05:43
xh6mhjyj4qg	x96u9mfbf44	黔	黔	kièng	1872	3	2	x79f3j3j8nc		2025-05-16 17:05:43	2025-05-16 17:05:43
xpw3fn6q2fa	x4zdyybv3u8	黛	黛	dâi	1872	3	4	x79f3j3j8nc		2025-05-16 17:05:43	2025-05-16 17:05:43
xh5f3uj8hck			點	diēng	1872	3	5	x79f3j3j8nc		2025-05-16 17:05:43	2025-05-16 17:05:43
x5wswjkfhaq			點	dēng	1872	3	5	x79f3j3j8nc		2025-05-16 17:05:43	2025-05-16 17:05:43
xn9qtsqhsnm	xmwn2fmz83k	黝	黝	īu	1872	3	6	x79f3j3j8nc		2025-05-16 17:05:43	2025-05-16 17:05:43
xn7srjdmccn	x85qqhvwyer	黜	黜	tók	1872	3	7	x79f3j3j8nc		2025-05-16 17:05:43	2025-05-16 17:05:43
xhy3byg443n	x62r2r2njfb	黠	黠	kĭk	1872	3	8	x79f3j3j8nc		2025-05-16 17:05:43	2025-05-16 17:05:43
xkj2t7wwqme	xn6jhqc2924	黨	黨	dōng	1872	3	9	x79f3j3j8nc		2025-05-16 17:05:43	2025-05-16 17:05:43
x5t8u2sk3qv	xt2uh5uc2mu	黥	黥	gĭng	1872	3	10	x79f3j3j8nc		2025-05-16 17:05:43	2025-05-16 17:05:43
xnr3a24u4vc			黯	āng	1872	3	11	x79f3j3j8nc		2025-05-16 17:05:43	2025-05-16 17:05:43
xy3272yqevf	xpaftsb2prj	黴	黴	mì	1872	3	12	x79f3j3j8nc		2025-05-16 17:05:43	2025-05-16 17:05:43
xh23wstemgg			黶	iēng	1872	3	13	x79f3j3j8nc		2025-05-16 17:05:43	2025-05-16 17:05:43
xzm5ucqg9y2	xjm9w29pzgy	黷	黷	dŭk	1872	3	14	x79f3j3j8nc		2025-05-16 17:05:43	2025-05-16 17:05:43
xpe9w428dfj	xnkqx4xtkeb	黹	黹	cī	1872	3	15	xf3un4ed6aa		2025-05-16 17:05:43	2025-05-16 17:05:43
xv8jt6m8z3r	xc57bkdt7r2	黻	黻	hók	1872	3	16	xf3un4ed6aa		2025-05-16 17:05:43	2025-05-16 17:05:43
xaq4e75h2am	xmy5kgvm4db	黼	黼	hū	1872	3	17	xf3un4ed6aa		2025-05-16 17:05:43	2025-05-16 17:05:43
xahhtnqd7ms	xvk2h5gx94a	黽	黽	mīng	1872	3	18	x8tx8dkkkh6		2025-05-16 17:05:43	2025-05-16 17:05:43
x95rv23shj2			黾	mīng	1873	1	1	x8tx8dkkkh6		2025-05-16 17:05:43	2025-05-16 17:05:43
xt7x6sknyqf	xec6k9nqzac	黿	黿	nguòng	1873	1	2	x8tx8dkkkh6		2025-05-16 17:05:43	2025-05-16 17:05:43
xyt2c2gyqnu			鼂	diêu	1873	1	3	x8tx8dkkkh6		2025-05-16 17:05:43	2025-05-16 17:05:43
xhp5qtfvn5q			鼃	uă	1873	1	4	x8tx8dkkkh6		2025-05-16 17:05:43	2025-05-16 17:05:43
xnkcfnyvgfb			鼇	ngò̤	1873	1	5	x8tx8dkkkh6		2025-05-16 17:05:43	2025-05-16 17:05:43
xd269tten56			鼈	biék	1873	1	6	x8tx8dkkkh6		2025-05-16 17:05:43	2025-05-16 17:05:43
x7m59kqska7	xw8mnfyrfbc	鼉	鼉	ngò̤	1873	1	7	x8tx8dkkkh6		2025-05-16 17:05:43	2025-05-16 17:05:43
xx2zrg7hnjj			鼎	tīng	1873	1	8	xnxxh22kyhx		2025-05-16 17:05:43	2025-05-16 17:05:43
xp4w4pnbtz7			𪔂	tīng	1873	1	9	xnxxh22kyhx		2025-05-16 17:05:43	2025-05-16 17:05:43
xaq3ms4rb9g	xtv3d2rsua2	鼐	鼐	nāi	1873	1	10	xnxxh22kyhx		2025-05-16 17:05:43	2025-05-16 17:05:43
x2xd6xsxm2m	x9ya8spmffn	鼒	鼒	cṳ̀	1873	1	11	xnxxh22kyhx		2025-05-16 17:05:43	2025-05-16 17:05:43
xe7a2pn2s2p	xxwm3zfzp6r	鼓	鼓	gū	1873	1	12	xqvg52gmv5g		2025-05-16 17:05:43	2025-05-16 17:05:43
x3ngdzrb6fx	xb8y2tmfv9w	鼕	鼕	dông	1873	1	13	xqvg52gmv5g		2025-05-16 17:05:43	2025-05-16 17:05:43
x93ppkrh9sp	xb8y2tmfv9w	鼕	鼕	dùng	1873	1	13	xqvg52gmv5g		2025-05-16 17:05:43	2025-05-16 17:05:43
xsfrspcwzya	xazfsbckw5q	䶀	䶀	dăk	1873	1	14	xqvg52gmv5g		2025-05-16 17:05:43	2025-05-16 17:05:43
xr3jysf2cck			鼗	dò̤	1873	1	15	xqvg52gmv5g		2025-05-16 17:05:43	2025-05-16 17:05:43
xk5sgp24cc7	xvz3m7xd58m	鼙	鼙	bĭ	1873	1	16	xqvg52gmv5g		2025-05-16 17:05:43	2025-05-16 17:05:43
x95qxtmyke5	xqwyb34qk9p	鼛	鼛	gŏ̤	1873	1	17	xqvg52gmv5g		2025-05-16 17:05:43	2025-05-16 17:05:43
xh2y4p82955			𪔦	dông	1873	1	18	xqvg52gmv5g		2025-05-16 17:05:43	2025-05-16 17:05:43
xhushrhm4fq	xrfbxxgar8w	鼠	鼠	chṳ̄	1873	2	1	xynk38reh2n		2025-05-16 17:05:43	2025-05-16 17:05:43
xdxdmdvdyj8			䑕	chṳ̄	1873	2	2	xynk38reh2n		2025-05-16 17:05:43	2025-05-16 17:05:43
xfuq327jf4s			鼢	hūng	1873	2	3	xynk38reh2n		2025-05-16 17:05:43	2025-05-16 17:05:43
xe7x5xmxpxj			鼬	êu	1873	2	4	xynk38reh2n		2025-05-16 17:05:43	2025-05-16 17:05:43
xts8789bskx			鼫	sĭk	1873	2	5	xynk38reh2n		2025-05-16 17:05:43	2025-05-16 17:05:43
x63a2s27uz2	xy3vkk7vgn5	鼯	鼯	ngù	1873	2	6	xynk38reh2n		2025-05-16 17:05:43	2025-05-16 17:05:43
xe5bqr2y3jf	x9u2ny9rueq	鼴	鼴	iēng	1873	2	7	xynk38reh2n		2025-05-16 17:05:43	2025-05-16 17:05:43
xzjz86mttqv	x9u2ny9rueq	鼴	鼴	cièng	1873	2	7	xynk38reh2n		2025-05-16 17:05:43	2025-05-16 17:05:43
xzwzym2mjsz	xkxsgs4rvn2	鼷	鼷	hiè	1873	2	8	xynk38reh2n		2025-05-16 17:05:43	2025-05-16 17:05:43
xnhtt5s47q9			鼻	bĭk	1873	2	9	x2ytstmm322		2025-05-16 17:05:43	2025-05-16 17:05:43
xtxu3g9axfx			鼻	pé	1873	2	9	x2ytstmm322		2025-05-16 17:05:43	2025-05-16 17:05:43
xbery9gejsr			𪖐	kiéu	1873	2	10	x2ytstmm322		2025-05-16 17:05:43	2025-05-16 17:05:43
xdjvgnvaeau	x9cxtbez8u3	鼽	鼽	gìu	1873	2	11	x2ytstmm322		2025-05-16 17:05:43	2025-05-16 17:05:43
xny8d994w5x	xqyrduaft6q	鼾	鼾	hàng	1873	2	12	x2ytstmm322		2025-05-16 17:05:43	2025-05-16 17:05:43
xn5h73n6f9v	xqyrduaft6q	鼾	鼾	hâng	1873	2	12	x2ytstmm322		2025-05-16 17:05:43	2025-05-16 17:05:43
xsk75vsqvne			𪖦	tá̤	1873	2	13	x2ytstmm322		2025-05-16 17:05:43	2025-05-16 17:05:43
xt778t5hze5			⿰鼻冓	bê	1873	2	14	x2ytstmm322		2025-05-16 17:05:43	2025-05-16 17:05:43
x2expxwepk9			齆	é̤ṳng	1873	2	15	x2ytstmm322		2025-05-16 17:05:43	2025-05-16 17:05:43
xy49rq97wrm	x377cj2g7wa	䶑	䶑	chê	1873	2	16	x2ytstmm322		2025-05-16 17:05:43	2025-05-16 17:05:43
x7hr5hkh7pk	xxwc5d5vkte	齊	齊	cà̤	1873	2	17	xm4pqw4scby		2025-05-16 17:05:43	2025-05-16 17:05:43
xt74mgm75ap	xxwc5d5vkte	齊	齊	căi	1873	2	17	xm4pqw4scby		2025-05-16 17:05:43	2025-05-16 17:05:43
xcyqbh93yyy	xxwc5d5vkte	齊	齊	cṳ̆	1873	2	17	xm4pqw4scby		2025-05-16 17:05:43	2025-05-16 17:05:43
x3a357g5pq2			齋	că̤	1873	2	18	xm4pqw4scby		2025-05-16 17:05:43	2025-05-16 17:05:43
xhvndw9f4d4			齋	căi	1873	2	18	xm4pqw4scby		2025-05-16 17:05:43	2025-05-16 17:05:43
x2pcsybtyaa	x8rfu68tzn9	齎	齎	că̤	1873	3	1	xm4pqw4scby		2025-05-16 17:05:43	2025-05-16 17:05:43
xmh5fka2u3e	xe5ap5rndkx	齏	齏	că̤	1873	3	2	xm4pqw4scby		2025-05-16 17:05:43	2025-05-16 17:05:43
xkm5h7y42dg			齒	chī	1873	3	3	x6gvmwyf84v		2025-05-16 17:05:43	2025-05-16 17:05:43
xg2ytqncr8v			齒	kī	1873	3	3	x6gvmwyf84v		2025-05-16 17:05:43	2025-05-16 17:05:43
xexjbud3zkm			齒	ngāi	1873	3	3	x6gvmwyf84v		2025-05-16 17:05:43	2025-05-16 17:05:43
x5cxdb8sr6y	x6mc42rmr8c	齔	齔	chīng	1873	3	4	x6gvmwyf84v		2025-05-16 17:05:43	2025-05-16 17:05:43
xtscn2fpvbp	x69tjg8gwve	齕	齕	hŏk	1873	3	5	x6gvmwyf84v		2025-05-16 17:05:43	2025-05-16 17:05:43
xj6hqxzpdsx	xxmwbh3n9qb	齘	齘	gái	1873	3	6	x6gvmwyf84v		2025-05-16 17:05:43	2025-05-16 17:05:43
xysubb678zm	x94a9pvhhks	齖	齖	ngà	1873	3	7	x6gvmwyf84v		2025-05-16 17:05:43	2025-05-16 17:05:43
xunp9f76bwv			齗	ngṳ̀ng	1873	3	8	x6gvmwyf84v		2025-05-16 17:05:43	2025-05-16 17:05:43
xr86t9fj6qt			齟	cū	1873	3	9	x6gvmwyf84v		2025-05-16 17:05:43	2025-05-16 17:05:43
xc8sewd3qhe			齟	kă̤	1873	3	9	x6gvmwyf84v		2025-05-16 17:05:43	2025-05-16 17:05:43
xup9pxhdeyn			齣	chók	1873	3	10	x6gvmwyf84v		2025-05-16 17:05:43	2025-05-16 17:05:43
xbk4c3fmaya	xs9zpbg3ztm	齡	齡	lìng	1873	3	11	x6gvmwyf84v		2025-05-16 17:05:43	2025-05-16 17:05:43
xgss6xggsgb			𪗪	sĭ	1873	3	12	x6gvmwyf84v		2025-05-16 17:05:43	2025-05-16 17:05:43
xn5nuzd6jhp	x6uf3jvre5u	齠	齠	sièu	1873	3	13	x6gvmwyf84v		2025-05-16 17:05:43	2025-05-16 17:05:43
xn42ysy57my			齧	ngák	1873	3	14	x6gvmwyf84v		2025-05-16 17:05:43	2025-05-16 17:05:43
x37uzwppwdz			齧	ngiák	1873	3	14	x6gvmwyf84v		2025-05-16 17:05:43	2025-05-16 17:05:43
x59czrkpz3w			齧	miĕk	1873	3	14	x6gvmwyf84v		2025-05-16 17:05:43	2025-05-16 17:05:43
xgkxg3dvu27	x6d89f3saks	齦	齦	ngṳ̀ng	1873	3	15	x6gvmwyf84v		2025-05-16 17:05:43	2025-05-16 17:05:43
xpz2wk59ute	xp7ndgqxjva	齪	齪	cháuk	1873	3	16	x6gvmwyf84v		2025-05-16 17:05:43	2025-05-16 17:05:43
x6599wmdmxz	xj4btmjcyn8	齬	齬	ngù	1873	3	17	x6gvmwyf84v		2025-05-16 17:05:43	2025-05-16 17:05:43
xmx56cw9yd6	xy2ta573fqf	齷	齷	áuk	1873	3	18	x6gvmwyf84v		2025-05-16 17:05:43	2025-05-16 17:05:43
x4qw2qmuak5	x3hqcrntfjt	𪘿	𪘿	cà	1873	3	19	x6gvmwyf84v		2025-05-16 17:05:43	2025-05-16 17:05:43
x7hw86awbyx	xb4npfp79bk	齵	齵	ngàu	1874	1	1	x6gvmwyf84v		2025-05-16 17:05:43	2025-05-16 17:05:43
xhj83b8ktt4	xb4npfp79bk	齵	齵	ngèu	1874	1	1	x6gvmwyf84v		2025-05-16 17:05:43	2025-05-16 17:05:43
x7fjar9sszq	xa823zbujpf	齶	齶	ngáuk	1874	1	2	x6gvmwyf84v		2025-05-16 17:05:43	2025-05-16 17:05:43
xtqm7zauakm	xtx29m9fwte	䶥	䶥	cà	1874	1	3	x6gvmwyf84v		2025-05-16 17:05:43	2025-05-16 17:05:43
xxxqa98uks8	x2z4b8egcne	䶩	䶩	cā̤	1874	1	4	x6gvmwyf84v		2025-05-16 17:05:43	2025-05-16 17:05:43
x77wrqrkbx4			龍	lṳ̀ng	1874	1	5	xquchrde6n4		2025-05-16 17:05:43	2025-05-16 17:05:43
xc38m6hq9zv			龍	lèng	1874	1	5	xquchrde6n4		2025-05-16 17:05:43	2025-05-16 17:05:43
xyk7knq73gk			龍	liék	1874	1	5	xquchrde6n4		2025-05-16 17:05:43	2025-05-16 17:05:43
x5fsx946qs7			龍	liòng	1874	1	5	xquchrde6n4		2025-05-16 17:05:43	2025-05-16 17:05:43
xhm4kk5nj8m			龐	màng	1874	2	1	xquchrde6n4		2025-05-16 17:05:43	2025-05-16 17:05:43
xu53bf9yj7v			龐	lùng	1874	2	1	xquchrde6n4		2025-05-16 17:05:43	2025-05-16 17:05:43
x5f2f8rxux9	xxfg54t8vtq	龔	龔	gṳ̆ng	1874	2	2	xquchrde6n4		2025-05-16 17:05:43	2025-05-16 17:05:43
xuahc3rfmnb	xxfg54t8vtq	龔	龔	gṳ̄ng	1874	2	2	xquchrde6n4		2025-05-16 17:05:43	2025-05-16 17:05:43
xqq2ktkd38y	xgwcfd2zrtm	龕	龕	kăng	1874	2	3	xquchrde6n4		2025-05-16 17:05:43	2025-05-16 17:05:43
xb7zbrfrttp	xs94s5733me	龜	龜	gŭi	1874	2	4	xbzebdj6f3j		2025-05-16 17:05:43	2025-05-16 17:05:43
x2mx39c2t3w			𬺞	gŭi	1874	2	5	xbzebdj6f3j		2025-05-16 17:05:43	2025-05-16 17:05:43
xnjc7qke6t8	x8bb3bk2gpd	龠	龠	iŏh	1874	3	1	xwsa4kqn4zn		2025-05-16 17:05:43	2025-05-16 17:05:43
xgwvbq9gxfd			龡	chuŏi	1874	3	2	xwsa4kqn4zn		2025-05-16 17:05:43	2025-05-16 17:05:43
x5szfhrjgze			龢	huò	1874	3	3	xwsa4kqn4zn		2025-05-16 17:05:43	2025-05-16 17:05:43
xjyafshgemx	x4at8pxn6wm	龥	龥	iŏh	1874	3	4	xwsa4kqn4zn		2025-05-16 17:05:43	2025-05-16 17:05:43
x2ppsy9hfv4	x837dcd549d	餼	餼	ké	1866	1	9	xdk8x5q9er4		2025-06-17 15:21:32	2025-05-16 17:05:41
xpb8y7uehdf			觕	dáe̤k	1843	2	16	xvbj5q74a7z		2025-05-16 17:05:34	2025-05-16 17:05:34
xghkuygj7gg			觕	chŭ	1843	2	16	xvbj5q74a7z		2025-05-16 17:05:34	2025-05-16 17:05:34
x28wenqxnhv	xrmwr4bpfrc	必	必	bék	1777	1	17	xwj4guq9faf		2025-08-31 18:58:30	2025-05-16 17:05:15
xswmt6x47jh	x7yfxg85r82	貨	貨	huó	1848	1	1	x9ppd3cnd5u		2025-09-12 17:29:49	2025-05-16 17:05:36
x2rn5cyc2b9	xdpg938c4rk	跼	跼	guŏh	1850	1	3	xukhns36jdp		2025-09-12 19:24:54	2025-05-16 17:05:36
xmnbpbdsgub	xfm74f6m4uk	踞	踞	gé̤ṳ	1850	1	12	xukhns36jdp	左欄，自上往下數第十二個	2025-09-12 19:43:23	2025-05-16 17:05:36
x4yk8xcep36	xauvz4j8hg9	局	局	guŏh	1771	3	9	xf8hn338utr		2025-09-12 20:29:45	2025-05-16 17:05:13
x96wu7mydfj	xgx7ywq426b	卡	卡	căk	1758	2	6	x345m5kxfpp		2025-09-14 15:09:29	2025-05-16 17:05:09
xp8fcmgnef8	xazwzuer457	臺	台	dài	1759	2	9	xs62838wqnx		2025-09-14 15:23:04	2025-05-16 17:05:10
xmunjsebxjh	xmn7qft58de	哦	呵	ò̤	1760	3	6	xs62838wqnx		2025-09-14 21:20:40	2025-05-16 17:05:10
xz7ca7xyy6s	xeyabs6e2pr	蜀	一	siŏh	1748	1	1	xvs8vrcbq5z		2025-09-16 02:31:37	2025-05-16 17:05:06
x3jj4beebbp	xaadqp5rgxr	淒	淒	chă̤	1800	2	3	x6bv3ce2fkt		2025-09-16 16:07:13	2025-05-16 17:05:22
xtpx8vpvfby	x4u4rnjxvpx	𠟶	𠟶	táe̤k	1756	3	6	xxb3z7xd7fs		2025-09-18 16:39:11	2025-05-16 17:05:09
x3ph82gx7aq	x2zmuhrpnu5	檯	檯	dài	1795	3	13	x5b9whfzdgb		2025-09-18 23:06:07	2025-05-16 17:05:20
xvvpf7m59qg	xz473v6a7gd	斡	斡	guāng	1787	3	18	xhdc6szhrz9		2025-09-20 02:13:14	2025-05-16 17:05:18
xu9yjk3tzzz	xg4v6ev3dwz	桔	桔	gék	1792	2	3	x5b9whfzdgb		2025-09-20 16:02:34	2025-05-16 17:05:19
x6u79tctqma	xfj2mp9um63	惻	惻	cháik	1779	2	3	xwj4guq9faf		2025-09-20 16:25:57	2025-05-16 17:05:15
x4kg3v337zc	x25jf9c9qs8	逗	逗	dâiu	1853	2	3	xdmsx3mk4z9		2025-09-20 18:33:52	2025-05-16 17:05:37
xx56cjt76ds	x4ec698earc	讀	讀	dâiu	1846	3	17	xep8mju2u5m		2025-09-20 18:38:48	2025-05-16 17:05:35
xpmqgvj7s4j	x5vtdhmuj34	拉	拉	lăk	1782	3	14	xmnaz3aswp4		2025-09-23 02:05:26	2025-05-16 17:05:17
x94b8cyyewc	xygau2sq9sc	逼	迫	bék	1853	1	7	xdmsx3mk4z9	「迫」字並無邊賓上入一讀，疑爲「逼」音誤植至此。	2025-09-23 13:20:38	2025-05-16 17:05:37
xed792t38aa	xg8pen5geqa	去	去	kó̤	1759	1	3	xfvhdtsz3et		2025-09-26 17:24:06	2025-05-16 17:05:09
xbqmzkecamk	xvk5tz65869	䭣	⿰米⿳亠⿲刀了𧘇而	câ̤	1823	2	16	xpnq8ua8qf6		2025-09-26 19:01:09	2025-05-16 17:05:28
xrzkzxz8wsq	xvsh2q8upyb	五	〥	ngū	1750	2	2	xtbsgt26g2h		2025-09-26 19:02:34	2025-05-16 17:05:07
xfebkwcn67q			匪	hŭng	1757	3	15	xrw8kj5sndf		2025-09-26 19:32:15	2025-05-16 17:05:09
x9nzkxv8a58	xwynu7vfyfm	曝	曝	bŭk	1790	1	9	xzz9y28vj87		2025-10-04 13:01:09	2025-05-16 17:05:19
xrvfvj2nmbf	xha4e6fuq8b	暴	𩗗	bó̤	1865	1	5	xe4sgfnwyt7		2025-10-04 13:15:15	2025-05-16 17:05:41
xcavz9emz62	x594rvf9fqy	𠠔	𢬳	tŭh	1783	3	5	xmnaz3aswp4		2025-10-04 13:37:39	2025-05-16 17:05:17
x27ecd45b4p	x3we4bq2dsr	強	強	giōng	1776	1	12	xs64yyskthe		2025-10-04 15:10:14	2025-05-16 17:05:15
xt8a4tnwbwy	xss4qv5cuyr	于	于	ṳ̆	1749	1	16	xgu3zt5h52v		2025-10-05 23:33:43	2025-05-16 17:05:06
xzzeuq56e33	x4brm2gj4hm	默	默	mĕk	1872	3	3	x79f3j3j8nc		2025-10-06 14:03:20	2025-05-16 17:05:43
xch6utkbp8f	xve2zeg7tpj	竈	灶	cáu	1804	2	1	xu7musf5gpe		2025-10-15 18:55:48	2025-05-16 17:05:23
xcwv64jdjau	xz5q27tvcqg	閒	閒	hàng	1859	3	12	x9aepyw7waa		2025-10-17 21:34:48	2025-05-16 17:05:39
xjwzg93kekn	x27ce3s33t2	閒	閒	gáng	1859	3	12	x9aepyw7waa		2025-10-17 21:56:41	2025-05-16 17:05:39
x8qs7pduzpz	xrbu9hy76fn	鬍	鬍	hù	1868	2	15	xpdwj5edg4w		2025-10-18 00:44:56	2025-05-16 17:05:41
x9hk9594hq4			捱	ngài	1784	1	21	xmnaz3aswp4		2025-10-22 01:44:38	2025-05-16 17:05:17
xxbvcx5bj58	x75djbqqnpq	呆	呆	ngài	1791	1	3	x5b9whfzdgb		2025-10-22 02:11:56	2025-05-16 17:05:19
xscx737vrgc	x2c5wpjuu82	壞	壞	huâi	1766	2	22	x6ghb5e7u8e		2025-10-22 02:13:18	2025-05-16 17:05:12
xkxjdtwfedp	x3m89md9v7d	銑	銑	siēng	1857	2	7	xgqyuwfqzwc		2025-10-23 17:46:47	2025-05-16 17:05:38
xq6r4wh9yns	x3ap2fua9dk	侯	侯	hèu	1751	2	15	xtbsgt26g2h		2025-10-23 20:29:40	2025-05-16 17:05:07
xtk3jz5n9rn	xdxzc3hx52n	繩	繩	sìng	1826	2	7	xp8jek6fgsp		2025-10-24 02:45:55	2025-05-16 17:05:29
xnrq3kgm28z	xkqb96kqjnq	呆	獃	dăi	1808	1	6	xe5ekvx8xe5		2025-10-24 15:16:37	2025-05-16 17:05:24
xw2yv38ndak	xkqb96kqjnq	呆	𤶗	dăi	1812	1	6	xju7w3xj3yu		2025-10-24 15:17:42	2025-05-16 17:05:25
xks69a7cqs7	xv6jgsnm7q5	摭	摭	ciá	1785	2	7	xmnaz3aswp4		2026-03-21 16:58:48	2025-05-16 17:05:17
xy5u3t4wq47	x7cn2kbtrka	詰	詰	kĭk	1844	3	8	xep8mju2u5m		2026-03-22 13:48:11	2025-05-16 17:05:35
xtm8x76rz42	x8rtpwgjapg	椹	椹	tĭng	1794	1	20	x5b9whfzdgb		2026-04-09 14:13:28	2025-05-16 17:05:20
x69e9sbnxgj	xgzgn6ucusz	蕩	蕩	dâung	1836	2	13	xrkmxtadgne		2026-04-10 15:52:29	2025-05-16 17:05:32
xk8caafffxq	xes9q4u4pvy	妒	妒	dó	1767	3	10	x8st5v3we7p		2026-04-12 00:32:14	2025-05-16 17:05:12
xv6vpxt9wdt	xm8zvhyf65r	嗄	嗄	hák	1762	2	15	xs62838wqnx		2026-04-12 01:15:28	2025-05-16 17:05:11
xe6ydr3ynnt	xy9facmzt57	搦	拿	niăh	1783	1	21	xmnaz3aswp4		2026-04-12 04:16:54	2025-05-16 17:05:17
xswnbq5krr7			㙤	hiă	1766	1	14	x6ghb5e7u8e		2025-05-16 17:05:12	2025-05-16 17:05:12
