id	word__id	word__text	order	lexical_category	content	comment	sentences	source_tags	updated_time	created_time
xdnmneazwfr	xftq23bhnmh	刀魚	1	n	中文正式名「長頷鱭」，一種迴游魚類。形似小刀，故名			community contributor	2026-04-12 22:20:24	2026-04-12 22:20:24
xgb25j73qay	xjdafx5f4gr	筍咬	1	n	象鼻蟲	也有人說「筍䗔」		community contributor	2026-04-12 21:49:19	2026-04-12 21:19:22
x779ddk74yc	x7d2bm2t5ms	筍䗔	1	n	象鼻蟲	也有人說「筍咬」		community contributor	2026-04-12 21:49:30	2026-04-12 21:16:58
x6q9wnb29gy	xctkgkhg82r	石橄欖	1	n	植物名。正式名為「石仙桃」（Pholidota chinensis），屬蘭科石仙桃屬。常見有單葉與雙葉之別。民間認為有醫療保健作用，常用來跟其他肉類食材一起燉湯			community contributor	2026-04-12 22:23:31	2026-04-12 16:28:07
x5kvwfmf9uw	xm33kh9c5bw	欱	1	v	〈書〉飲、吸	《說文解字·欠部》：「欱，歠也。」口語，表示飲、喝，說「啜」（cuok24）。也可以用「食」（sieh5）泛指喫、喝。吸食說「欶」（sooh24）、「吸」（heih24）。	"[""〔漢〕張衡〈西京賦〉：「抱杜含鄠，～灃吐鎬。」""]"	community contributor	2026-04-12 15:59:08	2026-04-12 15:54:44
x7e69b46tuj	x37456e9kty	涰	1	v	〈書〉哭泣。通「啜」（zuok24）。	口語說「啼」（tie53）、「啼嘛」（tie55 ma53）。		community contributor	2026-04-12 15:36:23	2026-04-12 15:36:23
xtqgcmmu95z	xun4hjuaq2c	𪘁	1	v	〈書〉喫	《康熙》：「《廣韻》：『侯閤切。』《集韻》：『曷閤切，𠀤音合。』」《戚林八音》喜山下入：「食也。」		community contributor|李如龍. 戚林八音校注[M]. 福州: 福建人民出版社, 2001.	2026-04-12 15:32:47	2026-04-12 15:31:01
xq34cpjtgwk	x5bpfmnbc7u	菜白鴿	1	n	肉鴿，養來供食用的鴿子			community contributor	2026-04-12 15:34:18	2026-04-12 15:16:41
xuj55qwsd9k	x487v8t8y9w	信鴿	1	n	同普通話「信鴿」			community contributor	2026-04-12 15:12:26	2026-04-12 15:12:26
x9397ffewun	xf5gqm35thx	豬頭骨	1	n	豬的頭骨。福州常用來熬煮做清湯，給「鼎邊糊」「扁肉」「清湯麵」「粉乾」等做底湯			community contributor	2026-04-12 15:16:40	2026-04-12 15:06:02
x88ppb6gbke	x87bxn5femv	鼎邊糊攤	1	n	賣「鼎邊糊」的路邊小攤或小店			community contributor	2026-04-12 14:56:10	2026-04-12 14:56:10
xxmvw2dy6z5	xwe7bp4h9b4	硬尾	1	n	（田螺、螺螄）堅硬的尾部。食用時，必須用鉗子等工具剪掉，才能吸出螺肉來			community contributor	2026-04-12 15:18:08	2026-04-12 14:10:11
x6cjdy6yxah	xxq3j3n8jyv	冇尾	1	n	（田螺、螺螄）較脆的尾部。一咬就斷，不用鉗子剪	也說「脆尾」		community contributor	2026-04-12 15:18:45	2026-04-12 14:08:02
xcqyhcx4cr2	xqjbbhwqe8u	脆尾	1	n	田螺、螺螄的尾部較脆，一咬就斷，不用鉗子剪	也說：冇尾		community contributor	2026-04-12 14:05:38	2026-04-12 14:05:18
xd7g4r3evqh	x6dsbq3nspq	蜀時蜀式	1		形容一個人想一出是一出，腦子裡沒有長遠規劃，行為很隨意	也說「蜀𣆯蜀式」		community contributor	2026-04-12 16:23:33	2026-04-12 13:52:45
xgebj3x587q	xba4kwm2f94	蜀𣆯蜀式	1		形容一個人想一出是一出，腦子裡沒有長遠規劃，行為很隨意	也說「蜀時蜀式」		community contributor	2026-04-12 15:14:31	2026-04-12 13:43:57
xp6g5gjbzmv	xxggnwjcvv5	哈	100	n	姓	〔明〕《重刊詳校篇海·口部》萬曆卅六年刻本：「又上呼馬切，夷姓。」《字彙·口部》萬曆卌三年刻本：「呼馬切。［……］上聲，夷姓。」〔明〕顧起元《客座贅語·僻姓》萬曆卌六年刻本有哈勳。	"[""～銘（明代人物）""]"	community contributor	2026-04-12 06:42:29	2026-04-12 02:15:08
xe2ya5257g3	xxggnwjcvv5	哈	200		在翻譯梵文書籍時，用來對譯「遏哇」連讀的發音	〔明〕《正字通》：「禡韻鰕上聲 ，［⋯⋯］梵書哈讀遏哇翻。」		community contributor	2026-04-12 06:50:06	2026-04-12 06:50:06
xwv93xympu7	xp3krm8tq8h	哈	10	v	張口舒氣	《榕腔註音詞典》（1929）第796頁「哼哈二將」條讀此音	"[""哼～二將""]"	community contributor	2026-04-12 16:32:14	2026-04-12 02:05:33
x523jufdntu	xp3krm8tq8h	哈	20	v	〈書〉微微地彎（腰）	亦作「呵」	"[""點頭～腰""]"	community contributor	2026-04-12 06:01:50	2026-04-12 02:05:33
xmrscxqa6s3	xp3krm8tq8h	哈	100	int	表驚喜、得意			community contributor	2026-04-12 16:32:31	2026-04-12 02:05:33
xtjsdagmwdj	xp3krm8tq8h	哈	101	on	笑聲。多疊字使用		"[""〔宋〕道原《景德傳燈錄》：「黄檗～～大笑。」"", ""～～笑"", ""～～～大笑""]"	community contributor	2026-04-12 06:01:50	2026-04-12 02:05:33
xas55cu6q69	xpsprvx2s9s	送行	1		同普通話「送行」			community contributor|陈泽平. 福州方言研究[M]. 福建人民出版社, 1998: 15.	2026-04-11 22:40:51	2026-04-11 22:40:51
xw2gcesx59q	xvd3v56s2rq	過膠	1		同「過塑」			community contributor	2026-04-11 22:36:22	2026-04-11 22:36:22
xvq8vmt3c3s	xygwbvghejj	壺井環洲	1		長樂特色龍舟賽制。二龍分立於壺井港中的沙洲兩端，以鑼爲號，互相環洲追逐，以觸及前龍尾舵為勝			community contributor	2026-04-11 22:34:00	2026-04-11 22:34:00
xya7nhfd2fy	xpyp229sg57	納嘻犬	1	n	表情像在笑的狗。也指這種笑容			community contributor	2026-04-11 22:29:48	2026-04-11 22:29:48
xcjhfhync82	xpyp229sg57	納嘻犬	2		◇詈語，罵笑裏藏奸的壞人			community contributor	2026-04-11 22:29:48	2026-04-11 22:29:48
x4dm4s56mrd	xt5wvgwdzse	做契弟	10		不好了，完蛋了，糟糕了。	同義詞為「做嘰*嘰*弟」（zo21 gi21 i53 lie242），口語中常說	"[""仱～（這下完毬了）。""]"	community contributor	2026-04-10 14:21:06	2026-04-10 14:21:06
x2nqtk6zgc4	x4dp4fdq35x	儥驚死	1		不怕死，不畏死	◇喻指膽子大	"[""膽野大，～""]"	community contributor	2026-04-08 19:03:39	2026-04-08 19:03:39
xqgdd9ghkq6	xqyxprda2sm	伓驚死	1		不怕死，不畏死	◇喻指膽量大	"[""膽野大，～""]"	community contributor	2026-04-08 18:56:12	2026-04-08 18:56:12
x89nzmmczrg	xpjhbqj3nz2	有膽	1		動賓短語，有膽子，有膽量			community contributor	2026-04-07 23:22:30	2026-04-07 23:22:30
x2dfp9free2	xpjhbqj3nz2	有膽	2	adv	◇敢於做（某事）		"[""～講者（這）話"", ""～做者（這）事""]"	community contributor|community contributor	2026-04-07 23:22:30	2026-04-07 23:22:30
xvbkqcdz5q9	xf668gz7uu6	做社把	1		動賓短語，指從事對境廟內「地頭神」（主神）的拜祭活動。	社把，名詞，係境廟下的各種香會組織		community contributor	2026-03-26 23:31:48	2026-03-26 23:30:44
x28kvzjwtvt	xh3v2nq2zem	糞掃衣	1	n	佛教僧侶將世俗丟棄的廢舊破布撿拾、洗淨後，拼湊縫綴而成的袈裟。	《摩訶僧祇律》卷第十六：「里巷中棄弊故衣，取浄浣補染受持，是名糞掃衣。」（《大正大藏經》第二十二卷，第357頁a。）「糞掃」譯自梵語「pāṃsu」（污穢、廢棄物）。		community contributor|松村薫子. 糞掃衣の変遷[J]. アジア新時代の南アジアにおける日本像: インド・SAARC諸国における日本研究の現状と必要性, 2011: 23-35.	2026-03-26 23:21:00	2026-03-26 23:21:00
xcbbg9rchd8	xm5rfwnx26a	垃圾	1	n	同普通話「垃圾」。	新詞，口語不說。	"[""陳潔《垃圾分類七字歌》：「保護環境野（很）迫切，～分類着（要）關切。紅黃藍綠四隻（個）桶，各種～去各桶。［……］易腐～廮（放）綠桶。［……］其他～廮黃桶，大件～先分解。～分類神框攏（要關注要記牢）！」"", ""賴董芳《垃圾分類大家唱》：「～分類非小事吓（啊）！——是吓，是吓，非小事吓！」""]"	community contributor	2026-03-26 22:35:44	2026-03-26 22:35:44
xay7bkrk9fg	xdpvwevsyxy	裨*	1	n	片狀物		"[""菜～（菜葉片）""]"	community contributor	2026-03-25 23:06:16	2026-03-25 23:06:16
x3z6xwc3dzc	xsgy6ezdjyj	弰*	1	adj	說話尖酸刻薄			community contributor	2026-03-25 22:30:23	2026-03-25 22:30:23
x9gerpchst4	xr729r4t3eh	弰	1	n	〈書〉指弓的末端	可泛指整張弓		community contributor	2026-03-25 22:28:58	2026-03-25 22:28:58
x2t9fe7dszf	xnabs5nmc3v	閩中	1	n	福州的別稱。		"[""《道山亭記》：「福州治侯官，於閩爲土中，所謂～也。」""]"	community contributor	2026-03-23 00:25:19	2026-03-23 00:25:19
xsj3tmwzhzy	x6azfsvhptj	迎神繞境	1		見「迎神」「繞境」兩條目。			community contributor	2026-03-22 20:52:58	2026-03-22 20:52:58
xm3fetwhjbp	xr2rvz6z7pw	境份	1	n	福州民間最基本的信仰地理單元。	單字稱之「境」。在福州境、社體系下，每個境的廟宇稱為「大王宮」，所祀的神是「大王爺」，為境內的主宰神。每個境廟下又有各種香會組織，稱為「社把」（社）。		community contributor|中國人民政治協商會議福建省福州市委員會文史資料工作組. 福州地方誌 (簡編): 下冊[M]. 福州: 中國人民政治協商會議福建省福州市委員會文史資料工作組, 1979: 97.	2026-03-22 20:21:15	2026-03-22 20:21:15
xeqkggyvaq9	xbe6nscwwqs	社把	1	n	在福州境、社體系中，每個境廟下的各種香會組織	單字稱之「社」	"[""做～。""]"	community contributor	2026-03-23 00:01:46	2026-03-22 20:19:08
xnfhu87ypcp	xpb5uqfjc9m	猴聖王	1	n	孫悟空	口語也說「猴中王」（gau21 lyng55 uong53）		community contributor|community contributor	2026-03-22 20:09:59	2026-03-22 20:09:59
xccua47nswu	xqbyrvx62yz	孫悟空	1	n	〈書〉孫悟空。	口語少說，多見於戲曲、評話。口語多說「猴聖王」（gau21 ling55 uong53）、「猴中王」（gau21 lyng55 uong53）。		community contributor|community contributor	2026-03-22 20:03:04	2026-03-22 20:03:04
x9g95t8dj44	xusjbgfec7n	拍鼓板	1		動賓短語，打鼓板（打擊樂器）			community contributor	2026-03-22 19:17:23	2026-03-22 19:17:23
x6d254azjvc	xusjbgfec7n	拍鼓板	2	n	泛指打擊樂器，如大鑼、箭鼓、廊帳、大鈸、小鈸、小鑼、鑼子等			community contributor|陈琳. 剪纸、绘画、打鼓板……这个藏在侨乡的神秘村落好热闹！[EB/OL]. (2024-04-03)[2026-03-22]. https://www.fzcl.gov.cn/xjwz/zjcl/m	2026-03-22 19:17:23	2026-03-22 19:17:23
xf9bub9zjtq	xx2pm63cs94	擺娘奶	1		在「元宵擺暝」期間，祭奉臨水陳夫人（信者尊稱「娘奶」）。各境社於專屬的夜晚舉行。			community contributor	2026-03-22 18:55:00	2026-03-22 18:55:00
xhbymfd66h9	xqqacqcw362	擺奶	1		動賓短語，同「擺娘奶」。			community contributor	2026-03-22 18:51:28	2026-03-22 18:51:28
xcvyzw7pywm	xrrgyag9ntz	社境	1	n	同「境社」			community contributor|羅桂林. 中國近代城市轉型的「草根」之路——以福州境社傳統的演進為中心[M]//李孝悌, 陳學然. 海客瀛洲：傳統中國沿海城市與近代東亞海上世界. 上海古籍出版社, 2017.	2026-03-22 20:22:30	2026-03-22 18:48:36
xcvfuga5cmg	xbz3rwfs5d8	墨魚乾	1	n	墨魚乾。	表示墨魚乾，福州話也說「墨魚」。不同於「冬鮭」（新鮮的墨魚、烏賊）。		community contributor	2026-03-22 19:33:25	2026-03-22 18:37:30
xrhdh2zxy23	xxnz6v6g3xd	境社	1	n	「境份」（境）與「社把」（社）的合稱。福州民俗行事，多以境社、宗祠爲中心舉行。	近代以來，在既有的境社傳統之上，又衍生出「商事研究所」和「救火會」等新式社區性公益組織：前者積極參與地方政治，維護社區利益；後者興辦消防事業，成為近代福州主要的消防力量。		community contributor|羅桂林. 中國近代城市轉型的「草根」之路——以福州境社傳統的演進為中心[M]//李孝悌, 陳學然. 海客瀛洲：傳統中國沿海城市與近代東亞海上世界. 上海古籍出版社, 2017.	2026-03-22 18:19:49	2026-03-22 17:17:06
xu3a35y3vh3	xfzhf8sjy5g	元宵擺暝	1		見「擺暝」條。	因爲係於春節過後至元宵節期間的活動，故冠「元宵」二字。		community contributor	2026-03-22 18:45:13	2026-03-22 16:33:17
xmx7ska7nhk	xbnkgw8musx	擺暝	1		儀式名，酬神活動。不同地方的廟宇或祀神，排在不同專屬的夜晚舉行。係長樂、馬祖、閩侯、閩清、羅源等地，春節過後至元宵節期間重視的核心活動。	「擺」即陳列、擺放，「暝」即夜晚。擺暝，字面意思即排夜。		community contributor|賀廣義. 島嶼•群落•元宵祭[N]. 馬祖日報. 2005-03-04.	2026-03-22 18:44:43	2026-03-22 16:30:26
xdtp4ph4r7h	xw4xeeqt6fd	壬	1	n	天干的第九位。			community contributor	2026-03-22 16:13:12	2026-03-22 16:13:12
xzkzsggs5b3	xw4xeeqt6fd	壬	100	n	姓。			community contributor	2026-03-22 16:13:12	2026-03-22 16:13:12
xqjvhkj2m2y	x78udv4sfqn	吁	1	int	〈書〉表示驚嘆，疑怪。	《玉篇·口部》：「吁，疑怪之辭，驚語也。」《八音》林書「吁」字條：「嗟吁。」	"[""《文選·張衡·東京賦》：「吁！漢帝之德，侯其褘而。」""]"	community contributor|李如龍. 戚林八音校注[M]. 福州: 福建人民出版社, 2001.|教育部. 教育部重編國語辭典修訂本: 臺灣學術網路第五版[DB]. 2015.	2026-03-22 15:12:48	2026-03-22 15:07:12
xf9seqcf3km	x78udv4sfqn	吁	10	v	〈書〉太息，嘆息，呼出長氣，以舒散心中的煩悶和悲傷。	表示嘆氣的，口語有說「嘆」（tang21），例如「嘆蜀（一）聲氣」。	"[""長～短嘆。"", ""〔唐〕李白《古風》詩五九首之五六：「獻君君按劍，懷寶空長～。」"", ""〔宋〕劉宰《野犬行》：「過者且勿嘆，聞者且莫～。」""]"	community contributor	2026-03-22 15:07:12	2026-03-22 15:07:12
xq3z2rkm5q5	x78udv4sfqn	吁	100	adj	〈書〉憂愁。	口語說「愁」（ceu53）、「苦」（ku33）。	"[""《詩經·周南·卷耳》：「我僕痡矣，云何～矣。」""]"	community contributor	2026-03-22 15:13:59	2026-03-22 15:07:12
xezbqg24jaa	xv6jgsnm7q5	摭	1	v	拾起，摘取，拿取。收聚。		"[""～拾（zia55 sik5，拾取收集、收拾）。""]"	community contributor	2026-03-24 14:21:58	2026-03-21 16:57:46
xfukwv4retz	xy6xpqmjtt8	帝君江	1	n	江名，橫龍江的支流。在義序（外嶼）。因本處義山（外山）南麓曾有文昌帝君廟而得名。	公元1958年義序公社化時，將「君」誤記爲聲母類化後同音的「封」字，遂有「帝封江」之寫法。今有南宋末年閩人護衛宋少帝而封鎖江面的傳說，或爲附會「帝封江」之寫法而來。橫龍江，又作「橫龍港」，係閩江南港——烏龍江的支流。		community contributor|林耀华. 仁丰义序[M].|林山. 话说“帝君港”[N]. 福州晚报, 2022-04-17(A06).	2026-03-22 14:08:03	2026-02-28 22:08:53
xk226auetzh	x6gwzfkafn3	帝君	1	n	對道教神祇的一種尊稱			community contributor	2026-03-22 13:51:50	2026-02-28 21:56:38
xc79c4y2ew6	xu3aewvebfj	風蚊池	1	n	地名，在今福州鼓樓區西洪路與工業路交叉路口一帶。據傳，因過去此處爲郊野池塘，蚊蟲孳孽，故名。			community contributor|林莹. 拈朵微笑的花——福州那些美丽的地名（上）[N]. 福州晚报, 2025-07-26(A06).	2026-03-22 14:18:34	2026-02-28 21:52:31
xpb8xc7fjev	xqyzg9ch3cr	野猴	1	adj	該詞多指頑皮不聽話的行爲，即像野猴子一樣頑皮不老實。		"[""這隻伲囝哥～，野賤，乇拋拉遘滿世都是（這個小孩子像猴子一樣，很好動，東西扔得到處都是）。""]"	community contributor	2026-02-21 16:33:08	2026-02-21 16:32:00
x343hyr63k2	xbhf6rh4fpq	原復	1	v	恢復原狀。		"[""乇做滿世，仱汝乞我乇做～起去。（東西弄的到處都是，現時你給我東西恢復原狀。）""]"	community contributor	2026-02-21 16:16:39	2026-02-21 16:16:39
xdqwzugdjbp	xpgj4vucqjs	裏外	1	n	裏外，裏裏外外		"[""伊這蜀主～都盡逼（這一家人裏外都很貧困）""]"	community contributor	2026-02-21 15:48:38	2026-02-21 15:48:38
xgd5kaecrzh	xnwhfnggg39	老鼠母	1	n	一種閩式年糖年餅，味甜。	可能是形狀類似於甜品「老鼠囝」且稍大而得名。此爲尚幹七里一帶的說法，城裏叫「麻芝」		community contributor	2026-02-10 12:13:39	2026-02-10 12:13:39
xj4ub9s66t9	xnwhfnggg39	老鼠母	1	n	大老鼠			community contributor	2026-02-10 12:13:39	2026-02-10 12:13:39
x7nyww63gdd	xnwhfnggg39	老鼠母	1	n	母老鼠			community contributor	2026-02-10 12:13:39	2026-02-10 12:13:39
xb64h2j4ntx	xhez87jnhf2	洋*䱝	1	n	一種小蛤蟆			community contributor	2026-02-10 12:02:04	2026-02-10 12:02:04
xcdwsq5zx7z	xf26mx3tkj8	罷*	1		不成詞語素，指父親，見「郎罷*」「罷*奶」			community contributor	2026-02-09 22:29:23	2026-02-09 22:26:23
x6mnccq33z5	xanvw33deyj	番伬	1	n	福州曲藝「十番」「伬唱」的統稱		"[""我就是中意福州其番伬（我就是喜歡福州的番伬）。""]"	community contributor	2026-01-31 13:12:03	2026-01-31 13:12:03
xf9x6vgywg6	x2vr9dmhwn5	品質	1	adj	產品或品德的優劣程度、標準、等級。		"[""者乇～蔣其？（此物品質如何？）""]"	community contributor	2026-03-22 14:36:07	2026-01-11 21:27:04
xs2ped6kup5	xvtw7fyt9au	澄清	1	v	澄清		"[""舊底水着～澄囇才會食其（過去水要澄清一下才可以喝的）。""]"	community contributor	2026-01-01 11:58:16	2026-01-01 11:58:16
xrx4z2qmdej	x66pquum4ea	澄底	1		沉底		"[""好乇～。（好物沉底，喻東西都在後面）""]"	community contributor	2026-01-01 12:12:28	2026-01-01 11:54:09
xmudds82smh	xfrpajxjbkv	日日工	1	adv	天天		"[""伊爛喙角去，醫生吼伊～都着食水鴨母（他嘴角爛了，醫生叫他天天都要喫水鴨母）。""]"	community contributor	2026-01-01 11:40:55	2026-01-01 11:40:55
x9fkk4y4g5u	xwuqkctcm7g	舊*	1		不成詞語素，指女陰，見“舊*舊*”			community contributor	2025-12-30 22:20:47	2025-12-30 22:20:47
x5u8xeue2ar	xk8cppukfbv	閩都	1	n	福州的別稱。			community contributor	2025-12-27 00:38:31	2025-12-27 00:17:25
x7ky38kf88s	xby4v48cx6q	㞞	1		不成詞語素，用在“魚㞞”中，指代魚白（魚製造並儲存精液的器官）			community contributor	2025-12-26 22:17:40	2025-12-26 22:17:40
x8d9gy4uy9x	x33bqsaa8p9	泡湯	1		動賓短語，泡溫泉	「湯」即書語所言溫泉	"[""～，莫急。（泡溫泉，不能急。）""]"	community contributor	2025-12-26 23:32:37	2025-12-26 21:29:17
xzndqqqs62s	xfvrwjb3djh	工具	1	n	同普通話「工具」。	口語也可以說「家私」（ga55 li55）。		community contributor	2025-11-20 19:10:49	2025-11-20 19:10:34
xje4h9jyu5g	xdemrswuymr	做痞	1		動賓短語，胡來，搗鬼			community contributor	2025-11-16 16:40:00	2025-11-16 16:40:00
x2pnfytsnqp	xcuaxysvp4q	同事	1	n	同普通話「同事」。		"[""小張是我～。（小張是我同事。）""]"	community contributor	2025-11-16 16:36:40	2025-11-16 16:36:06
xfeuc2hz4gj	xk3gmcykcrh	相街御史	1	n	對乞丐的戲稱。因舊時衙門斷案會以路邊乞丐口供作參考而來			community contributor	2025-11-16 16:29:12	2025-11-16 16:29:12
x35ww8wzmnr	xbrahcj8uyn	柴排厝	1	n	簡易的木結構的房子			community contributor	2025-11-16 16:25:02	2025-11-16 16:25:02
xrddz9948jy	xvmv4562byw	易會難精	1		易學難精。指有些事情上手容易，如果不下工夫則難以精通			community contributor	2025-11-16 16:21:50	2025-11-16 16:21:50
x5tbe5fa2ap	xqs9e4psm3r	熊貓	1	n	同普通話「熊貓」。			community contributor	2025-11-01 12:46:04	2025-11-01 12:46:04
xcywq3a892s	xfyq667kbhu	㑚仈順	1		只知道順利。即祈願行事順順利利，越順利越好之意。			community contributor	2025-10-30 14:12:14	2025-10-30 14:12:14
xsn6vvsqsmh	xfyq667kbhu	㑚仈順	10	n	英語姓氏「Robertson」的音譯。漢字作「喇伯順」。 1870年代至20世紀初，有同名洋行，在南臺海關埕與馬尾馬限山下各設有支店。	今留有「喇伯順」石刻，位於馬限聖教醫院老門診樓東南側下方崖壁上（林轶南. 喇伯顺洋行石刻//福州老建筑百科. 2022.）。		community contributor	2025-10-30 14:14:31	2025-10-30 14:12:14
x3p48fpdve7	xb7dj439bc4	手提	1		〈書〉（用）手（來）提。	口語說「手摜」。		community contributor	2025-10-28 21:04:26	2025-10-28 21:04:26
xsure4kjgxz	xb7dj439bc4	手提	2	n	「手提式電話機」「手提電話」的簡稱。	2000年代以來，口語說「手機」（ciu21 gi55）者逐漸變多。		community contributor	2025-10-28 21:04:26	2025-10-28 21:04:26
x84pnaph5e5	xq7nksnkmwy	講報	1		動賓短語，以評話特有的語言技巧來報導和分析世變時勢。	例如抗日戰爭期間，黄仲梅等評話藝人在講大書前，會加演「講報」半小時，以報導、分析戰局（福州市地方志编纂委员会编. 福州市志: 第七册. 北京: 方志出版社, 1999: 357.）。	"[""科題仔（黄仲梅藝名）～""]"	community contributor	2025-10-25 15:05:01	2025-10-24 22:52:27
xpxrqecbtk7	xh5253ssayg	做花	1		動賓短語，（在評話中）安排笑料。具體的做法：或在故事情節和人物性格中安插笑料；或穿插一些與故事相關的俚語、笑鬧或肢體動作；或配合使用鐃鈸、醒木等道具來敲擊節奏，烘托氣氛。	例如《雌雄玉蝙蝠》中，草莽英雄岳峰粗魯直白的點菜方式（「豬頭一隻，鵝一頭［……］肥肉十斤」），以及僕人孟孟戲謔自家少爺的七個老婆來歷不正，如此「做花」，目的是讓聽眾會心一笑甚至滿堂轟笑。		community contributor	2025-10-24 22:45:29	2025-10-24 22:45:29
xj2hskxpzt3	xrpxn954e9z	鑼鼓	1	n	鑼與鼓。泛指各種打擊樂器			community contributor	2025-10-24 22:18:42	2025-10-24 22:18:42
xthqegxbgj6	xaj2hknfwm4	逗腔	1	n	閩劇唱腔的主體。調子出自儒林班。曲體分為板腔體、曲牌體，以及前二者綜合體。旋律婉轉，情感纏綿悲惻。拖腔較多。常以「呀」（ia0）、「噯」（ai0）、「噫」（ei0）、「吓」（a0）等虛詞為襯字。句尾常有後臺幫腔（俗稱「掏嶺」）。以吹奏樂器（如嗩吶、逗管、笛）為主，拉弦和彈撥樂器為輔。《紫玉釵》《紅裙記》等為代表劇目。			community contributor	2025-10-24 22:33:31	2025-10-24 22:15:17
xj3cjzbm9w5	xypz2bwunf4	方纔	1	adv	〈書〉剛纔，適纔	口語說「頭先早」「寢*寢*」		community contributor	2025-10-24 02:54:27	2025-10-24 02:54:27
xn7h4hjhtaq	xnqyv4wrpdz	胡鬧	1	v	〈書〉同普通話「胡鬧」。	口語說「亂由做」「胡行亂做」「做死坯」。		community contributor	2025-10-24 02:57:14	2025-10-24 02:52:06
xdh2yddkfpf	xqvvmxh2gvs	繩索	1	n	〈書〉繩子	口語說「索」	"[""閩劇《畫網巾先生》（福建省實驗閩劇院，於第十四屆中國藝術節）：「我還用～綁住他們！」""]"	community contributor	2025-10-24 02:58:56	2025-10-24 02:50:07
xw7kn4x2e4v	xfk6cxd3zgp	伬館	1	n	樂館			community contributor	2025-10-23 22:14:45	2025-10-23 22:14:45
xgshxtnzs25	x3fr34qgw5e	尺	1	n	中國傳統樂譜的記音符號		"[""工～。"", ""～譜（工尺譜）。""]"	community contributor	2025-10-23 22:07:30	2025-10-23 22:07:30
xkmbkv9hru9	xycbbhrc9ur	閩腔	1	n	指福州話		"[""～快字（一種福州話書寫系統）""]"	community contributor	2025-11-07 19:48:02	2025-11-05 23:16:29
xzc92xukwue	xycbbhrc9ur	閩腔	10	n	閩劇唱腔的稱呼		"[""戲仿～十勸曲（一首閩劇唱腔的觀劇詩，出自《天遺詩集·乙未集》）""]"	community contributor	2025-11-10 16:45:57	2025-10-23 21:15:45
xh9z4z9gum7	xgafe38u4qr	榕腔	1	n	即福州話		"[""～神詩"", ""～白話文"", ""～白字詩""]"	community contributor	2025-11-07 19:59:07	2025-11-07 19:59:07
xrvvrknpeyg	xgafe38u4qr	榕腔	10	n	閩劇唱腔的稱呼		"[""《惜春齋詞話》：“閩人演唱曲本，土音曰～，正音曰囉囉。”"", ""福建教育司第三科致函警務廳：“本司第三科審查，應禁～戲曲數十種，當經先後照請貴廳嚴行禁演在案……”""]"	community contributor	2025-11-10 16:46:23	2025-10-23 21:14:59
x4swfb84b44	xr9uy4fjg4s	閩安汛	1	n	即“閩安鎮”。在馬尾亭江附近。以“閩賴其安”而得名。			community contributor	2025-10-23 20:28:08	2025-10-23 20:28:08
xrh5a4s7rea	xs87mbwdrge	五銖錢大空	1		◇指人資歷淺，地位低下，卻愛充老大			community contributor	2025-10-23 17:23:19	2025-10-23 17:23:19
xwy4u6yhxrd	xnje6ggpkpu	銀鐲	1	n	銀製的鐲子			community contributor	2025-10-23 15:23:13	2025-10-23 15:22:52
xe9uxb9x773	x9wmyv67fy2	費	1	n	姓			community contributor	2025-10-23 15:17:09	2025-10-23 15:17:09
x4r7gxuyeqy	xt3hwj8xdsu	講服	1		動補短語，說服	被說服，也可以說「聽裏去了」（聽進去了）。		community contributor	2025-10-23 15:14:18	2025-10-23 15:14:18
xyz3vxhdeb9	x6m7quz8bbw	相公	1		舊時婦女對丈夫的敬稱			community contributor	2025-10-23 00:57:14	2025-10-23 00:57:14
xskrk8d7ygc	x6m7quz8bbw	相公	2		舊時對讀書人的敬稱		"[""閩劇《畫網巾先生》（福建省實驗閩劇院，於第十四屆中國藝術節）：「～討世乇？」""]"	community contributor	2025-10-23 00:57:13	2025-10-23 00:55:25
x6f3ajd3de5	xw97bwdathu	利索	1	adj	〈書〉快，迅捷		"[""閩劇《畫網巾先生》（福建省實驗閩劇院，於第十四屆中國藝術節）：「逃得十分敏捷，跑得好不～。」""]"	community contributor	2025-10-23 00:44:59	2025-10-23 00:41:26
xabj6c2puce	xcb6dsmd9xd	金石錄	1	n	宋代金石學著作。中國現存最早的彝器、碑刻、石刻目錄和研究專著。北宋趙明誠撰，三十卷。			community contributor	2025-10-22 23:00:02	2025-10-22 23:00:02
xnkne4e7se3	x5nrwgfv6x4	三生石	1	n	中國歷史上意涵情定終身的象征物。三生石的三生分別代表前生、今生、來生。杭州天竺寺有三生石。			community contributor	2025-10-22 22:54:28	2025-10-22 22:54:28
x67qtz8dyu3	x6ausfbrb2k	石頭記	1	n	《紅樓夢》之別名			community contributor	2025-10-23 01:29:49	2025-10-22 22:50:13
x4djpn5ss8a	x8kuzkcjez9	石敢當	1	n	民間習俗，在朝着巷口或為巷陌橋道要衝的家居正門前，立一小石碑，上刻「石敢當」三字，以爲即可禁壓不祥。	《八音》林書授嬝下入：「石敢當，五代時人有勇力善克敵，故人門首立以禦然。」		community contributor	2025-10-22 22:44:30	2025-10-22 22:44:30
xd2r9qtqckx	xx5n6a62p5y	電子歌	1	n	電聲，電音，電子音樂。使用電子樂器以及電子音樂技術來製作的歌曲。		"[""我見覺儂家福州話寫歌其話，一定着向者～方面去發展。不但是者我唱其rap——講唱音樂，仱以後故着增加其他其元素。（我感覺我們福州話寫歌的話，一定要向這個電子音樂方面去發展。不但是這個我唱的rap——說唱音樂，而以後還要增加其他的元素。）""]"	community contributor	2025-10-22 22:35:37	2025-10-22 22:35:37
xfyjfgvyved	xdbv7ucvu5r	講唱音樂	1	n	指饒舌，一種帶有節奏與押韻的歌唱技巧及音樂風格，通過美國1970年代興起的嘻哈文化爲世人所知。		"[""我見覺儂家福州話寫歌其話，一定着向者電子歌方面去發展。不但是者我唱其rap——～，仱以後故着增加其他其元素。（我感覺我們福州話寫歌的話，一定要向這個電子音樂方面去發展。不但是這個我唱的rap——說唱音樂，而以後還要增加其他的元素。）""]"	community contributor	2025-10-22 22:29:28	2025-10-22 22:29:28
xhkfkuayrmv	xexdbhe6qjg	講唱文學	1	n	文學形式，兼用韻文、散文，可連講帶唱。古有變文、諸宮調，後有評彈、大鼓。			community contributor	2025-10-22 22:24:53	2025-10-22 22:24:53
x8mgdwgc6g4	xuy84vrkf83	講唱	1	n	中國傳統曲藝的一種形式，有「講」（說）有「唱」。例如「相聲」（suong55 niang55）。			community contributor	2025-10-22 22:20:48	2025-10-22 22:20:48
xrm8j6s4wcm	xuy84vrkf83	講唱	10	n	指饒舌，一種帶有節奏與押韻的歌唱技巧及音樂風格，通過美國1970年代興起的嘻哈文化爲世人所知。		"[""我見覺儂家福州話寫歌其話，一定着向者電子歌方面去發展。不但是者我唱其rap——～音樂，仱以後故着增加其他其元素。（我感覺我們福州話寫歌的話，一定要向這個電子音樂方面去發展。不但是這個我唱的rap——說唱音樂，而以後還要增加其他的元素。）""]"	community contributor	2025-10-22 22:30:17	2025-10-22 22:20:48
xyve7ncxq9g	x6fzk6tsfae	裏關	1		動賓短語，入關，進入關隘。在中國歷史的語境下，指進入關中（陝西中部）者有之，指進入山海關者有之。		"[""話講滿清～前後吓，北方講書藝人柳敬亭，帶𡅏徒弟避難來遘福州。""]"	community contributor	2025-10-22 22:09:55	2025-10-22 22:09:55
xkcx6au45tc	xjjhxz6926y	序頭	1	n	序。導入的話語、文本。	特指評話的「序頭」，即在正式的表演前添加的先導性的內容。序頭不必然與核心文本相關。關切時事的序頭，歷史上有過辛亥革命期間的《歡迎孫中山先生蒞閩》序頭、抗日序頭等（福州市地方志编纂委员会编. 福州市志: 第七册. 北京: 方志出版社, 1999: 357.）。	"[""評話先生唱的評話～。"", ""～是總*款唱的吓：「紅蟻上山拍老虎，草蜢單骹踢死牛。大漢呢燈芯拈儥起吓，鐵骨鬼舂臼挌過牆。矮囝手摸着天棚頂吓，竮骹共汽車躃鬥快。病啞上臺講評話，耳聾故做𡅏盡愛聽。青盲山頂𡅏看景緻吓，會看見和尚着𡅏𡅏梳頭。」囫圇橛的～唱的，都是有塊講無塊會其事際。""]"	community contributor	2025-10-24 22:56:52	2025-10-22 22:02:54
xfwn6zaf2sx	xjpgg36aucv	脬話	1	n	不着邊際的話。		"[""除去古事情節，最吸引儂聽的，就是評話先生着講古事其前後吓，會插裏笑話、～，甚至有仂囝黃的話。（除了故事情節，最吸引人聽的，就是評話先生在講故事的時候啊，會插入笑話、離奇的話，甚至有一點黃色的話。）""]"	community contributor	2025-10-22 21:44:51	2025-10-22 21:44:51
xhgc2tnbhhb	xmb2v6j8aep	拾	1	num	漢數字「十」的大寫			community contributor	2025-10-22 20:39:49	2025-10-22 20:39:49
xkjd9r457ht	xhysz9bskmj	啪	1	on	放銃、拍掌、物體撞擊或斷裂等的聲音。			community contributor	2025-10-22 17:34:11	2025-10-22 17:34:11
xpjw9vc77q7	xqmspchww2e	派	1	n	團伙，幫派，小集團。		"[""蜀～（一夥）。"", ""結～（結夥）。""]"	community contributor	2025-10-22 17:06:37	2025-10-22 16:57:04
x59fhshgguq	xqmspchww2e	派	10	cl	夥。	也可以說「陣」（deing242）。	"[""蜀～儂""]"	community contributor	2025-10-22 17:06:37	2025-10-22 17:06:37
xdabzqgj2qe	xcfazppkmpj	怎	1	adv	〈書〉如何。表疑問、詢問之意。	口語說「蔣*」		community contributor	2025-11-05 23:21:20	2025-10-22 02:58:53
xsjzgwfvhe2	xfe5t579twk	汝等	1	pron	〈書〉你等，你們。	口語說「汝各儂」。	"[""閩劇《畫網巾先生》（福建省實驗閩劇院，於第十四屆中國藝術節）：「華夏危亡文星墜，～紛紛把命逃。」""]"	community contributor	2025-10-22 01:25:48	2025-10-22 01:25:48
xtpc6wkhj37	xvny3weyrq3	且	1	n	〈書〉農曆六月。	《爾雅·釋天》：「六月為且。」		community contributor	2025-10-21 19:06:04	2025-10-21 19:06:04
xkmt6urh7tz	xvny3weyrq3	且	100	part	〈書〉用於句末，近似於表示感嘆的「吓」（a53）。		"[""《詩經·鄭風·褰裳》：「狂童之狂也～！」""]"	community contributor	2025-10-21 19:06:04	2025-10-21 19:06:04
x8tb7hdr2pe	xqww9n2uy6y	三	1	adv	〈書〉三度。又屢次，再三。		"[""～思""]"	community contributor	2025-10-21 18:59:11	2025-10-21 18:59:11
xscfrbpx6bq	x737dyj8t6t	鑽來鑽去	1		在人羣中來去穿梭	「鑽」即形容在人羣中之疾走亂闖。也引申指行事之匆匆忙忙。		community contributor	2025-10-18 01:52:47	2025-10-18 01:52:47
xzdfgyprt6u	xrbu9hy76fn	鬍	1	n	鬍鬚	口語說「鬍鬚」		community contributor	2025-10-18 00:44:05	2025-10-18 00:44:05
xpuwvm8kntm	xnreagep45f	寬寬舒	1	adv	從容不迫		"[""～做事際""]"	community contributor	2025-10-17 23:28:42	2025-10-17 23:28:42
xcy4y8sh65t	x6dce2e36s5	瓷瓷閒閒	1	adj	從容不迫，游刃有餘		"[""汝本來應該講是～着（luoh24），現在是急急忙忙（你本來應該從從容容，現在是匆匆忙忙）。""]"	community contributor	2025-10-17 22:31:25	2025-10-17 22:21:25
xytbxt6ycs7	xcwue5mp6vp	瓷瓷在在	1	adj	從容不迫，游刃有餘			community contributor	2025-10-17 22:21:24	2025-10-17 22:21:24
xuu7y3b97y7	xtatvgyxzfw	瓷瓷	1		從容不迫		"[""～着（luoh24）。""]"	community contributor	2025-10-17 22:18:30	2025-10-17 22:18:30
x8hnjks7jyw	x6vnsf4mmwj	閒閒落落	1	adj	同「閒落」（eing33 noh5）。			community contributor	2025-10-17 22:05:02	2025-10-17 22:05:02
xakfxtxgc5s	x2ua4zyhs2s	閒落落	1	adj	同「閒落」（eing33 noh5）。			community contributor	2025-10-17 22:02:05	2025-10-17 22:02:05
xvqy74fgh6m	x27ce3s33t2	閒	1	n	〈書〉空隙。同「間」（gang21）			community contributor	2025-10-17 22:00:39	2025-10-17 21:56:21
xceh7f7y56k	x27ce3s33t2	閒	2	n	〈書〉間諜，奸細。同「間」（gang21）			community contributor	2025-10-17 22:00:39	2025-10-17 21:56:21
xdpp7yphvcg	xtcb29qpf7s	閒	1	n	〈書〉中間。同「間」（gang55）。		"[""《詩經·齊風·還》：「子之還兮，遭我乎峱之～兮。」""]"	community contributor	2025-10-17 21:53:09	2025-10-17 21:53:09
xzv2m4pxt89	xzjm434d458	在在	1		從容不迫，游刃有餘		"[""瓷瓷～（從容不迫）。""]"	community contributor	2025-10-17 22:16:39	2025-10-17 20:20:05
xy49e3acam5	x5dshu7cqda	寬寬	10		不着急，慢慢地來。		"[""～着（luoh24）。"", ""本底應該～瓷瓷，有閒講脬；遘現在鑽來鑽去，𡅏扒𡅏挖（本來應該從從容容，談笑風生；現在是匆匆忙忙，連滾帶爬）！""]"	community contributor	2025-10-18 01:40:24	2025-10-17 20:18:49
xk8q8wyq8bc	xj4stynrw27	野講野聽	1		道聽途說			community contributor	2025-10-17 19:54:56	2025-10-17 19:54:56
xkfzb5fuswc	xycg3bk5cq3	亂䐯	1	adv	亂、胡（做）。		"[""～講（luang53 neoy33 oung33，胡說）。"", ""～做（luang53 neoy21 joo21，瞎搞）。""]"	community contributor	2025-10-17 19:41:43	2025-10-17 19:41:43
xzzmrwfh7gd	x8cptk5nugx	亂不	1	adv	亂、胡（做）。		"[""～講（luang21 buk24 goung33，胡說）。"", ""～做（luang21 buk55 joo21，瞎搞）。""]"	community contributor	2025-10-17 19:36:56	2025-10-17 19:36:56
xqyckz5ph3a	xhrn8yd9b3a	亂由	1	adv	亂、胡（做）		"[""～講（luang53 ngiu33 oung33，胡說）。"", ""～做（luang53 ngiu21 joo21，瞎搞）。""]"	community contributor	2025-10-17 19:37:08	2025-10-17 19:33:43
xgmdyknx95b	x4ynn778nyy	鯉魚餅	1	n	福州傳統糕點，以其狀若鯉魚而得名。榕俗，中秋節食鯉魚餅。			community contributor	2025-10-17 19:23:56	2025-10-17 19:23:56
xd7g6y4npps	xcwgp9vn2q5	拾月華	1		動賓短語。月華，係福州傳說中月亮裏的寶物，會在農曆八月十五時降落人間。榕俗，每逢中秋，童稚會在月光普照的大地上，競相找尋掉落的月華，稱之「拾月華」。			community contributor	2025-10-17 19:17:52	2025-10-17 19:16:30
xnd3uyp6fj2	xnnp4mwzh33	賞月	1		動賓短語，賞月。		"[""中秋節～，食中秋餅。""]"	community contributor	2025-10-17 18:36:26	2025-10-17 18:36:26
xhf4r77zky6	xuq3h6avuqk	辮辮辮	1		動賓短語，編辮子	頭一字爲動詞，末兩字爲名詞。		community contributor|community contributor	2025-10-17 17:47:07	2025-10-17 17:46:20
xetgbsbz6ve	xeapz8zfg5m	蜘蛛𦁧	1	n	蜘蛛網		"[""結～""]"	community contributor	2025-10-17 17:15:20	2025-10-17 17:13:43
xwrhwvf59eu	xr65gvnpspe	結縲	1	n	結，疙瘩。條狀物交纏打成的球狀突起。		"[""拍～（打繩結）。""]"	community contributor	2025-10-17 17:11:07	2025-10-17 17:11:07
xy6urbmdygr	xjq3qq7e556	砌磚	1		動賓短語，砌磚，砌牆。			community contributor	2025-10-17 15:23:07	2025-10-17 15:23:07
x52spehte28	xmnhbarzsns	加紋席	1	n	中間或邊緣加有花紋圖案的草席			community contributor	2025-10-15 20:59:55	2025-10-15 20:59:55
xxe2wjbqaqu	x3brwvw98u3	加*	1		傾斜的，歪斜的。不單說，見「加*三*欹」（ga21 lang55 ki55）等詞			community contributor	2025-10-15 20:49:04	2025-10-15 20:49:04
xh5t53emybz	xzs69ugqrne	半酸甜	1	adj	形容食物又酸又甜		"[""閩菜大多數都是～其，福州儂第一愛食總*款其味。（閩菜大多數都是酸甜口的，福州人最愛喫這種味道）""]"	community contributor	2025-10-13 23:00:16	2025-10-13 23:00:16
xm49seqe8pv	xaxtevgmdkd	桔橰	1	n	〈書〉汲水的工具。以繩懸橫木上，一端繫水桶，一端繫重物，使其交替上下，以節省汲引之力。	《康熙字典》：「桔橰，井上轆轤也。《莊子·天運篇》：『桔橰者，引之則俯，舍之則仰。』」		community contributor	2025-10-08 13:09:46	2025-10-07 22:28:18
x3dbegdvv9u	xmc7mg5kftv	橰	1	n	見「桔橰」（汲水器具）。	大徐本《說文解字·木部·新附》：「橰，桔橰，汲水器也。從木臯聲。」徐鉉古牢切，今音go55。《中文大辭典·木部》：「橰，槔之俗字。曹全碑作橰。」		community contributor	2025-10-07 22:25:34	2025-10-07 22:25:34
x3wy53q8v6p	xf9gtenptby	𢩅相弄	1	n	福州鼓樓區黃巷的一條小支弄。福州早期的「𢩅相店」（照相館），許多聚集在黃巷：如廬山軒、鏡中天等，有三十來家，故此得名。	俗稱。正式名作「照相弄」。		community contributor	2025-10-07 19:52:20	2025-10-07 19:48:21
xjwp55wgfbm	xjzx4ju5mj4	照相弄	1	n	福州鼓樓區黃巷的一條小支弄。福州早期的照相館，許多聚集在黃巷：如廬山軒、鏡中天等，有三十來家。故此這條小支弄被稱爲“照相弄”。	口語又稱「𢩅相弄」（kiak21 suong53 looyng242）。		community contributor	2025-10-07 19:53:55	2025-10-07 19:45:18
xr7z9y3rf4p	xb4knjed3x5	凊飯𥻵	1	n	長樂小喫，一種米粿。外多以糯米包裹，內多爲紅豆餡，貼在荷葉上。			community contributor	2025-10-07 17:28:41	2025-10-07 17:28:41
xnmceackc5s	xdk4vnep52p	透底	1		到底，指直通到底			community contributor	2025-10-07 16:39:22	2025-10-07 16:39:22
x4t8uxqez3x	xg9tcw6j4px	溪裏	1	n	福州舊村名，在蓮花山南麓。解放溪（本為無名溪水）穿過其間，爰得名。村中趙氏居多。溪西側寶溪境，供奉臨水夫人（陳靖姑）、丹霞大聖（猴王）。二十一世紀初，整體拆遷至怡園小區。今存溪裏路，在五四北泰禾廣場附近。			community contributor	2025-10-06 00:33:41	2025-10-06 00:25:09
x2btm48d2jh	xvcqqhxefcz	塔頭街	1	n	福州地名	當地實際讀音爲buak21 tau55 e55，首字讀音特殊		community contributor	2025-10-05 23:24:15	2025-10-05 23:24:15
xa67nq3f6kj	x27fdxhbr8j	塔頭	1	n	福州地名，來源於塔頭街。	tak21 tau53係憑字讀。「塔頭街」三字，本地讀如buak21 tau55 e55，首字讀音特殊。	"[""～小學。""]"	community contributor	2025-10-05 23:20:35	2025-10-05 23:19:44
xekwum7nv7p	x5d75f9b86x	漈	1	n	瀑布		"[""許所其～第一俊（那裏的瀑布最美）"", ""～下（村名，在屏南縣）""]"	community contributor	2025-10-04 12:46:26	2025-10-04 12:46:26
x5wyetp7fbx	xwhc3tur72z	等於	1	v	等於		"[""嚽～講汝根本就無做吓（這等於說你根本就沒做啊）！""]"	community contributor	2025-10-04 12:41:49	2025-10-04 12:41:49
xtwawzr5s9s	x29xx6ca3p4	於	1		不成詞語素。見於“等於”。			community contributor	2025-10-04 12:39:47	2025-10-04 12:39:47
x9my26ez9hs	xxyjbsh2xy3	乍	1	adv	突然。		"[""《孟子·公孫丑上》：「今人～見孺子將入於井，皆有怵惕惻隱之心。」"", ""暴～（突然）。""]"	community contributor	2025-10-04 12:39:34	2025-10-04 12:29:11
x3cxandqhj6	xxyjbsh2xy3	乍	2	adv	〈書〉剛剛。		"[""～暖還寒"", ""霪雨～晴"", ""初來～到""]"	community contributor	2025-10-04 12:29:11	2025-10-04 12:29:11
xxewfmhwns3	xxyjbsh2xy3	乍	3	adv	〈書〉暫時。		"[""《文選·孔稚珪·北山移文》：「乍迴跡以心染，或先貞而後黷。」""]"	community contributor	2025-10-04 12:30:48	2025-10-04 12:29:11
xg7c89egyaj	xgf8xgght4p	實際	1	adv	其實		"[""這樣事際我～無盡清楚（這件事情我其實不是很清楚）""]"	community contributor	2025-10-04 12:25:44	2025-10-04 12:25:12
x7sphs5g7th	xdpcke4pxqh	炒肉糕	1	n	糕點名。軟潤，有彈性。	民間有與「尾梨糕」混用的現象。唯炒肉糕係炒製，而尾梨糕係蒸製，成品幾同而已。		community contributor	2025-10-03 19:49:32	2025-10-03 19:49:32
xynx2xxjaf7	x4rjuz3uy5v	炒肉餅	1	n	烤熟的發麵餅，有菜、肉等餡，味鹹。	口語也說「蔥肉餅」「菜肉餅」		community contributor	2025-10-03 19:19:55	2025-10-03 19:19:55
xqtxjgpxa3s	xftpvf6zwr2	蔥肉餅	1	n	烤熟的發麵餅，有菜、肉等餡，味鹹。	口語也說「菜肉餅」「炒肉餅」		community contributor	2025-10-03 19:20:09	2025-10-03 19:16:05
x33nb4xpgdu	xnuqyh2p6px	樹軀	1	n	樹幹截成的段子。			community contributor	2025-10-03 01:34:29	2025-10-03 01:34:29
xrgu6tgdzs3	xtcs7658rt2	覷鬧熱	1		動賓短語，看熱鬧。			community contributor	2025-10-03 01:14:09	2025-10-03 01:14:09
xffc7ngw3b3	xkbmhfq49vt	蜀工遘暗	1		一天到晚。成天。			community contributor	2025-09-28 13:22:55	2025-09-28 13:22:55
xade5hauac3	xyreff4daxv	蜀工遘暝	1		一天到晚。	口語也說「蜀工遘暗」（soh55 geoyng55 gau53 ang21、soh55 geoyng55 gau53 uang21）。		community contributor	2025-09-28 13:15:49	2025-09-28 13:15:49
xpedacddjpr	xq27hpuqgsv	蜀日遘暝	1		一天到晚。	口語也說「蜀日遘暗」（soh21 nik21 gau53 ang21、soh21 nik21 gau53 uang21）。		community contributor	2025-09-28 13:08:52	2025-09-28 13:08:52
xcnjm6mmmzs	xm3nma6jznr	無生相	1		（坐、立）沒個樣子，姿態難看。			community contributor	2025-09-26 17:19:28	2025-09-26 17:19:28
xracbx89uke	x7gkkrrdk6f	搶拍奪	1	v	打砸搶		"[""這幾隻呆囝今旦復敆𡅏～別儂其乇了。（這幾個壞傢伙今天又在打砸搶別人的東西了。）""]"	community contributor|community contributor	2025-09-24 00:44:57	2025-09-23 19:52:24
xab78da6qn9	xjhrwc6cgur	安裝	1	v	同普通話「安裝」。	配置、設置器物，口語傳統上說「張」（duong55）。	"[""～空調。"", ""～軟件。"", ""～應用。""]"	community contributor	2025-09-22 19:48:50	2025-09-22 19:48:50
xmw9bw6pzxg	x8fync4necu	佔	1	v	有、具有。據有。	「佔」爲分化字，這個意義原本也寫作「佔」。簡化字作「占」。		community contributor|王力, 岑麒祥, 林焘. 古汉语常用字字典: 第4版[M]. 北京: 商务印书馆, 2005.|教育部. 教育部重編國語辭典修訂本: 臺灣學術網路第五版[DB]. 2015.	2025-09-22 18:41:15	2025-09-22 18:41:15
x6nzzw92r4g	x8fync4necu	佔	4	v	取得，得到。沾光。		"[""～便宜。""]"	community contributor|馮愛珍. 福州方言詞典[M]. 南京: 江蘇教育出版社, 1998.	2025-09-22 18:43:31	2025-09-18 18:14:19
x8zrbf274hd	xnnue7jdfnc	摔跤	1	n	〈書〉角力比賽，以摔倒對方為勝。也作「摔交」。	口語說「抱倒」（bo53 lo33）。		community contributor|教育部. 教育部重編國語辭典修訂本: 臺灣學術網路第五版[DB]. 2015.	2025-09-21 12:28:47	2025-09-21 12:28:47
xh5sb6ywwzh	xffk4aj6qr9	心氣	1	n	中醫術語，稱心臟之氣為「心氣」，約同心臟功能的強弱。		"[""《靈樞經·天年》：「六十歲，～始衰，苦憂悲，血氣懈惰，故好臥。」""]"	community contributor|教育部. 教育部重編國語辭典修訂本: 臺灣學術網路第五版[DB]. 2015.	2025-09-21 12:04:23	2025-09-21 12:04:23
xm9tdn8texb	xffk4aj6qr9	心氣	2	n	〈書〉志氣。		"[""〔唐〕韓愈《送侯參謀赴河中幕》詩：「爾時～壯，百事謂己能。」""]"	community contributor|教育部. 教育部重編國語辭典修訂本: 臺灣學術網路第五版[DB]. 2015.	2025-09-21 12:04:23	2025-09-21 12:04:23
xwsqgmhx2ds	xffk4aj6qr9	心氣	3	n	心情。		"[""〔明〕王守仁《傳習錄》卷下：「～和平。」"", ""～開。（心情舒暢。）"", ""～儥開。（心情鬱悶。）""]"	community contributor|教育部. 教育部重編國語辭典修訂本: 臺灣學術網路第五版[DB]. 2015.	2025-09-21 12:04:23	2025-09-21 12:04:23
xhwuhq5ag9h	x5qs9nu6j83	苦惱	1	adj	形容憂愁、煩惱的狀態。		"[""野～。""]"	community contributor|教育部. 教育部重編國語辭典修訂本: 臺灣學術網路第五版[DB]. 2015.	2025-09-21 01:02:24	2025-09-20 23:41:29
xrupdg9g9qm	x5qs9nu6j83	苦惱	2	v	憂愁，煩惱。		"[""我～這蜀樁事際。"", ""伓使～。""]"	community contributor	2025-09-21 09:44:51	2025-09-21 01:02:24
xc5r5c5n555	xk7rxq6c9fk	煩惱	1	n	佛教術語。指迷惑、不覺的狀態，是擾亂身心、引生諸苦、導致生死輪迴的根本原因。包括「貪」「嗔」「痴」等根本煩惱及其隨伴而生的枝末煩惱。	見《唯識論》卷六。		community contributor	2025-09-21 00:59:08	2025-09-20 23:26:49
x2b5hpdjdzz	xk7rxq6c9fk	煩惱	2	n	轉指憂愁、苦悶、焦慮不安的情緒，一般於有意識的思考之後產生。通常的起源，或在對過去的後悔，或在對現狀的不滿，或在對未來的期望。	《榕腔註音詞典》（1929）第892頁收「煩惱」條，釋爲「vexation, annoyance」。	"[""～野価""]"	community contributor	2025-09-26 23:30:27	2025-09-20 23:26:49
xqjcr94nhwg	xk7rxq6c9fk	煩惱	3	adj	​形容內心煩悶、不高興的狀態。		"[""野～。（很煩惱。）""]"	community contributor	2025-09-21 01:00:15	2025-09-20 23:26:49
xjgad3farc6	xk7rxq6c9fk	煩惱	4	v	擔心、掛慮、發愁。	口語也可以說「苦」，作爲及物動詞。	"[""醫生都講無要緊，汝伓使～了。（醫生都說不要緊，你不要煩惱了。）""]"	community contributor	2025-09-21 01:00:15	2025-09-20 23:26:49
x2dw3p2fkkf	x44wj96trzm	交手	1		以手搏鬬。引申爲打鬬、交戰。	《榕腔註音字典》（1870，第318頁）與《榕腔註音詞典》（1929，第608頁）均解釋爲近戰搏鬬。	"[""《宋書·卷八七·殷琰傳》：「賊至不擊，復欲何待？且統軍在後，政三二里間，比吾～，何憂不至？」""]"	community contributor|教育部. 教育部重編國語辭典修訂本: 臺灣學術網路第五版[DB]. 2015.	2025-09-20 19:35:58	2025-09-20 19:35:58
xah6zzrunbu	x44wj96trzm	交手	2		〈書〉牽手。	口語說「牽手」。	"[""《楚辭·屈原·九歌·河伯》：「子～兮東行，送美人兮南浦。」""]"	community contributor|教育部. 教育部重編國語辭典修訂本: 臺灣學術網路第五版[DB]. 2015.	2025-09-20 19:35:58	2025-09-20 19:35:58
xnwws87kgt6	x44wj96trzm	交手	3		〈書〉拱手（表示尊敬順從）。		"[""《漢書·卷六三·武五子傳·燕刺王劉旦傳》：「前高后時，偽立子弘為皇帝，諸侯交手事之八年。」""]"	community contributor|教育部. 教育部重編國語辭典修訂本: 臺灣學術網路第五版[DB]. 2015.	2025-09-20 19:35:58	2025-09-20 19:35:58
xqy9pd2xtjn	xse43rveceq	交骹	1		絆，絆倒（某人）	《榕腔註音字典》（1870，第319頁）、《榕腔註音詞典》（1929，第608頁）收此詞，釋爲「to trip one up」。		community contributor	2025-09-20 19:29:29	2025-09-20 19:29:29
xyq48mqww4y	x95z4ubns3y	趁早	1	adv	趁早。趕快，儘快。		"[""評話《桐油煮粉乾》：「四色迷一聽就暴惱躁：『什麼？你來管我！這脾花（心思）～收起。』」""]"	community contributor	2025-09-20 13:40:15	2025-09-20 13:40:15
x88f7pg2zc4	xf3725j4ryh	黃樓	1	n	建築名，在福州三坊七巷之黃巷。			community contributor	2025-09-19 19:24:15	2025-09-19 19:24:15
xnvsq2sbrhv	xwfmbyqqzpb	重慶	1	n	中國直轄市名。			community contributor	2025-09-19 19:23:11	2025-09-19 19:23:11
xuv7j8gq7dd	xcsn7h67etz	槍管	1	n	槍械和火砲上用來發射拋射物（彈頭或砲彈）的狹長空心圓柱形發射管。			community contributor|community contributor	2025-09-19 18:00:52	2025-09-19 18:00:52
xcntuerat5n	xy34rhyy8s9	管管	1	n	（中空的）菜梗。	菜梗如非中空，而爲實心者，則稱「蕨蕨」（guok21 guok24）、「筈*筈*」（guak21 guak24）。比它更硬的菜幫子，稱「菜裨*」（cai55 bie55）。		community contributor	2025-09-19 17:51:47	2025-09-19 17:51:47
x85y35pfyvb	xy34rhyy8s9	管管	2	n	多指空心菜梗。			community contributor	2025-09-19 17:51:47	2025-09-19 17:51:47
xqxm9cs2qj6	xy34rhyy8s9	管管	10	n	新式水管、管子。	新詞。管狀物一般取白讀guong33。		community contributor	2025-09-19 17:51:47	2025-09-19 17:51:47
xkpktxnmvxb	x4he8h5k7ug	喙脣皮	1	n	嘴皮。	口語也說「喙皮」（cy55 wui53）。		community contributor|馮愛珍. 福州方言詞典[M]. 南京: 江蘇教育出版社, 1998.	2025-09-19 17:36:13	2025-09-19 17:36:13
xz9v86mwpvs	xrxkewvzr56	莫名其妙	1		〈書〉沒有人能說出其中的奧妙。			community contributor	2025-09-19 16:59:10	2025-09-19 16:59:10
xm69h98zm6a	xrxkewvzr56	莫名其妙	2		形容事情或現象使人無法理解，不能以言語表達出來。也作「莫明其妙」。		"[""汝～犬吠世*乇？（你莫名其妙狗叫什麼）？""]"	community contributor|教育部. 教育部重編國語辭典修訂本: 臺灣學術網路第五版[DB]. 2015.	2025-09-19 18:02:53	2025-09-19 16:59:10
xjgyqz75nkb	x36a65ucukr	日本儂	1	n	日本人。			community contributor	2025-09-15 20:11:48	2025-09-15 20:11:48
xzeaefkjcy8	xmmyuhfmyuv	八角𰱗	1	n	有棱絲瓜。切面爲多角形，故此得名。	也有人稱爲「六角𰱗」。		community contributor|community contributor	2025-09-14 22:55:10	2025-09-14 22:55:02
xh85v8aygcy	xb3sbfxpus9	𩾹	1		不成詞語素，見「𩾹𩾹」（八哥）。			community contributor	2025-09-14 21:19:23	2025-09-14 18:23:07
x37jk7wsexn	xtjy2da233v	殺頭	1		殺頭，把頭砍掉的刑罰。			community contributor	2025-09-14 21:18:43	2025-09-14 17:02:07
x83tteauyg4	xtjy2da233v	殺頭	2		◇喻指把衣服織好或補好後，用嘴巴或剪刀把針線弄斷的過程。			community contributor	2025-09-14 21:18:43	2025-09-14 21:18:43
xyznqztys4g	xd59gh5r8p8	𤳯	1	n	見「茭𤳯包」，一種用於蒸飯的草編小袋。			community contributor	2025-09-14 16:27:13	2025-09-14 16:27:13
x4s9cb8ggmr	xgx7ywq426b	卡	1	n	關卡，檢查站。	《戚林八音》未見。《榕腔註音字典》（1870）收（第31頁）。《榕腔註音辭典》（1929）亦收。	"[""～房。"", ""設～。"", ""守～。""]"	community contributor	2025-09-14 15:09:08	2025-09-14 15:09:08
xwf3ce7vwv6	xnbduqugtn4	台	1	n	〈書〉古代星象名稱，有上、中、下台，合稱「三台」。實際乃位於大熊座中的三對六顆星。			community contributor	2025-09-14 14:04:08	2025-09-14 13:41:50
xe493tdqfjg	xnbduqugtn4	台	2	n	〈書〉後亦借指三公、三孤等重臣元老。	《戚林八音》：「三公之稱。」		community contributor|李如龍. 戚林八音校注[M]. 福州: 福建人民出版社, 2001.	2025-09-14 14:04:21	2025-09-14 13:41:50
x4sgy3mb265	x4par5ckna2	堪堪	1	adv	恰好，恰巧。正在。剛剛，剛纔。		"[""～正𡅏講（剛纔正好在說）"", ""～好（正好）""]"	community contributor	2025-09-26 23:32:10	2025-09-12 21:42:51
xuc5xwwwbba	xgpvsd9d7dz	煞局	1		結局，結果。	也可以說「結局」「了局」。		community contributor|community contributor	2025-09-14 23:52:26	2025-09-12 20:57:01
xsr5v952d74	xqca29asr6f	結局	1		結局，結果。	也可以說「煞局」「了局」。		community contributor|community contributor	2025-09-12 20:54:15	2025-09-12 20:54:15
x8dc9ku5t8t	xnnjjghgap9	侷促	1	adj	〈書〉形容器量狹小。	口語可以說「小框」（siu21 kuong55）。		community contributor|教育部. 教育部重編國語辭典修訂本: 臺灣學術網路第五版[DB]. 2015.	2025-09-12 20:44:34	2025-09-12 20:44:34
xd9c553hq3d	xnnjjghgap9	侷促	2	adj	〈書〉形容空間狹小。	口語說「築*」（deoyk24）。		community contributor|教育部. 教育部重編國語辭典修訂本: 臺灣學術網路第五版[DB]. 2015.	2025-09-12 20:44:34	2025-09-12 20:44:34
xwjnmhrz9zx	xnnjjghgap9	侷促	3	adj	〈書〉形容不安適的樣子。	口語根據上下文可以說「緊張」（ging21 nuong55）、「驚場面」（giang55 duong21 meing21）。		community contributor|教育部. 教育部重編國語辭典修訂本: 臺灣學術網路第五版[DB]. 2015.	2025-09-12 20:45:28	2025-09-12 20:44:34
xe9qxnqsjr7	xqe929g6esm	侷促	1	adj	〈書〉形容器量狹小。	口語可以說「小框」（siu21 kuong55）。		community contributor|教育部. 教育部重編國語辭典修訂本: 臺灣學術網路第五版[DB]. 2015.	2025-09-12 20:35:46	2025-09-12 20:28:43
xkk8r8ts2nz	xqe929g6esm	侷促	2	adj	〈書〉形容空間狹小。	口語說「築*」（deoyk24）。		community contributor|教育部. 教育部重編國語辭典修訂本: 臺灣學術網路第五版[DB]. 2015.	2025-09-12 20:35:46	2025-09-12 20:28:43
xz9fk395ztf	xqe929g6esm	侷促	3	adj	〈書〉形容不安適的樣子。	口語根據上下文可以說「緊張」（ging21 nuong55）、「驚場面」（giang55 duong21 meing21）。		community contributor|教育部. 教育部重編國語辭典修訂本: 臺灣學術網路第五版[DB]. 2015.	2025-09-12 20:44:52	2025-09-12 20:28:43
xd8d2jsnnqt	xdtqwdvbnyg	跼蹐	1		〈書〉踡曲不伸展。亦作「局蹐」。	語出《詩·小雅·正月》：「謂天蓋高，不敢不局；謂地蓋厚，不敢不蹐。」毛萇《詩傳》曰：「局，曲也。」陸德明釋文：「局本又作跼。」彎曲、蜷曲義口語說「彎」（uang55）、「虯」（kiu53）、「勼々虯」（giu21 liu55 kiu53）。	"[""〔明〕馬中錫《中山狼傳》：「乃～四足，引繩而束縛之。」""]"	community contributor|教育部. 教育部重編國語辭典修訂本: 臺灣學術網路第五版[DB]. 2015.	2025-09-15 01:03:13	2025-09-12 20:12:40
xpx6c5ae3rr	xdtqwdvbnyg	跼蹐	2		〈書〉後常指小心謹慎，惶懼不安。	《詩》：「謂天蓋高⋯⋯不敢不蹐。」鄭玄《毛詩箋》曰：「局，可畏懼之言也。」	"[""《文選·陸機·辯亡論下》：「屏氣～。」""]"	community contributor|教育部. 教育部重編國語辭典修訂本: 臺灣學術網路第五版[DB]. 2015.	2025-09-15 01:06:54	2025-09-12 20:12:40
xhygsedncnz	x6xvy8aw72y	芥菜裨*	1	n	芥菜幫子。			community contributor	2025-09-12 18:49:19	2025-09-12 18:49:19
xj29steaqzm	xqkutzgpvkx	白菜裨*	1	n	白菜幫子。			community contributor	2025-09-12 17:48:14	2025-09-12 17:48:14
xa4gbjq4k2s	xwr58kz6qfz	大食	1		飯量大			community contributor	2025-09-26 23:34:34	2025-09-26 23:34:34
xx2mucrcf74	xx3z2j5u5su	天瓦頂	1	n	用瓦片鋪成的屋頂，一般指有坡度的。		"[""俤儂學汝總*款敆~𡅏大客佻哦！（誰像你這樣在屋頂上大玩哦！）""]"	community contributor	2025-09-22 19:50:58	2025-09-06 23:25:19
xsfg24g8ht5	x52nspzumvu	羅非	1	n	羅非魚。	福州口語說「非洲鯽」「湖鰍鯽」。		community contributor	2025-09-06 21:15:33	2025-09-06 21:15:33
x2t27vew4vd	xgrce3p5ryy	非洲鯽	1	n	羅非魚。原產非洲，公元1954年前後傳入華南。	口語也說「湖鰍鯽」。		community contributor	2025-09-06 21:08:40	2025-09-06 21:08:40
xsdb7f9wfnm	xwgghruvgy3	鐵實	1	adv	絕對，肯定，打包票。		"[""學伊總*款其儂，~叫汝當儥襶*。（像他這樣的人，絕對讓你受不了。）""]"	community contributor	2025-09-06 02:44:13	2025-09-05 13:44:20
xjzs8fesx5t	xqmktwdxxw7	尤溪洲	1	n	在閩江。			community contributor	2025-09-05 13:09:35	2025-09-05 13:09:35
xqyhtat9nj3	xug6rf63msn	尤溪洲大橋	1	n	大橋名，在福州，由北引橋、主橋、南引橋三部分組成。			community contributor	2025-09-05 13:07:58	2025-09-05 13:07:58
xwbrceyceg8	xntau7bsbjm	湖南	1	n	省名，全境位於長江中游以南地區，因大部份在洞庭湖以南得名「湖南」。又因湘江貫穿全境而簡稱「湘」。			community contributor|community contributor	2025-09-28 16:24:39	2025-09-04 18:01:37
x8tseuma8x7	x699swvckuw	城頭鎮	1	n	鎮名，在福清。			community contributor	2025-09-04 17:54:17	2025-09-04 17:54:17
xfjt4xhfy79	xpmf3hqzkth	城頭	1	n	地名，在福清。		"[""～鎮。""]"	community contributor	2025-09-04 17:52:36	2025-09-04 17:52:36
xf6xaubh7gt	xdkscfw8y2h	湖南鎮	1	n	鎮名，在長樂。			community contributor|community contributor	2025-09-04 17:50:39	2025-09-04 17:50:39
x4qacq89nst	xthf259m69v	湖南	1	n	地名，在長樂。		"[""～鎮。""]"	community contributor|community contributor	2025-09-04 17:47:07	2025-09-04 17:47:07
xy65nwmwkta	xtfne6gw3wm	湖際	1	n	地名，在福州城門。			community contributor|community contributor	2025-09-04 17:44:53	2025-09-04 17:44:53
xm67t5syqug	xfyr7gmvxva	湖邊	1	n	地名，在福州市倉山區。			community contributor|community contributor	2025-09-04 17:26:05	2025-09-04 17:26:05
x4ezg63fy7d	x3cdhcut8b3	湖頭街	1	n	地名，在福州西湖附近。			community contributor|community contributor	2025-09-04 17:26:15	2025-09-04 17:21:25
xtbupfh6fyx	xjzf29pdgcv	湖	1	n	見於地名，不單說。		"[""～頭街（在福州西湖附近）。"", ""～邊（在福州倉山區）。"", ""～際（在福州城門）。"", ""～南鎮（在長樂）。""]"	community contributor|community contributor	2025-09-04 15:58:26	2025-09-04 15:58:26
xyfj48jnw4n	xb6cz3qxacy	刺絲	1	n	一種魚。			community contributor	2025-08-31 19:29:01	2025-08-31 19:29:01
xsb9kpakcdu	xnt7kppx63b	廣州	1	n	地級市，廣東省會。			community contributor|community contributor	2025-09-28 16:23:09	2025-08-30 21:19:37
xcr72abqtwg	xab9pwmmrru	湖濱	1	n	福州地名，在西湖邊。	「湖」讀u53。	"[""～小學。""]"	community contributor|community contributor	2025-08-29 22:54:36	2025-08-29 22:54:36
xgbgkgpbmet	xywgmxvc6n7	⿱𥫗千	1	n	用竹子製成的尖細條狀物。	《八音》戚書釋義：「竹削成～。」林書釋義：「竹削。」		community contributor|李如龍. 戚林八音校注[M]. 福州: 福建人民出版社, 2001.	2025-08-27 22:28:18	2025-08-27 22:28:18
xmp3ug3j9sn	xp5spntdvsz	妥*	1		大約、大概，不成詞語素，見於“妥*牳*”等詞中			community contributor	2025-08-27 22:26:36	2025-08-27 22:21:34
xzj47h3zh8j	xs9ka5u5xxa	乾元	1	n	唐代年號。			community contributor	2025-08-27 22:17:50	2025-08-27 22:17:50
xf5n5c66j5r	xs9ka5u5xxa	乾元	2	n	歷史地名，在今福州鼓樓。	有說法認爲福州地名「錢塘」由「乾元」訛變而來；但清季成書的《榕城考古略》指出，歷史資料中同時可見「錢塘」「乾元」，各有所指。《考古略》卷中〈坊巷第二〉「錢塘巷」條下：「東達北大街。按：錢塘疑即乾元之訛，以乾元寺而得名也。然郡志：錢塘、乾元凡兩見。以通於小古樓者，為乾元巷；以通於北後街者，為錢塘巷。且今桅桿後地，亦有里社曰錢塘境，不知其命名何取也？」又「韭菜園」條下：「街（按即北門大街）之半有錢塘巷。［……］錢塘者，乾元之訛也。蓋地舊有乾元寺。按《閩都記》：乾元寺本無諸舊城，晉太康遷城以為紹因寺；乾元三年更今名。」又按1999年下半年，在華林橫巷錢塘小學旁，今福建省統計局住宅處，出土一批有「乾元」墨書的瓷碗，由此這裏被推斷爲唐乾元寺址。	"[""～寺""]"	community contributor	2025-09-26 23:37:12	2025-08-27 22:17:50
xbfb28cr6r8	xv56aqkat5r	牳*	1		大約、大概，不成詞語素，見於“大牳*”“妥*牳*”“牳*略”中。			community contributor	2025-09-14 23:42:02	2025-08-27 22:10:17
xgddgfj4fvt	xedw4vxh35y	錢塘巷	1	n	巷名，在今福州鼓樓。	有說法認爲「錢塘」之名由「乾元」訛變而來；但清季成書的《榕城考古略》指出，歷史資料中同時可見「錢塘」「乾元」，各有所指。《考古略》卷中〈坊巷第二〉「錢塘巷」條下：「東達北大街。按：錢塘疑即乾元之訛，以乾元寺而得名也。然郡志：錢塘、乾元凡兩見。以通於小古樓者，為乾元巷；以通於北後街者，為錢塘巷。且今桅桿後地，亦有里社曰錢塘境，不知其命名何取也？」又「韭菜園」條下：「街（按即北門大街）之半有錢塘巷。［……］錢塘者，乾元之訛也。蓋地舊有乾元寺。按《閩都記》：乾元寺本無諸舊城，晉太康遷城以為紹因寺；乾元三年更今名。」		community contributor	2025-08-27 22:03:54	2025-08-27 22:03:54
xnk2fy9q8az	xv7pqj5ejrd	韭菜園	1	n	歷史地名，在今福州鼓樓。至遲清末已俗作「九彩園」。	《榕城考古略》：「韭菜園：今俗作九彩園，名未詳何取。有二巷，合而出於小樓街。」		community contributor	2025-08-27 21:35:36	2025-08-27 21:35:36
xb8f3xg6edb	x75f3kz9wtw	堘	1	n	田界。			community contributor|李如龍. 戚林八音校注[M]. 福州: 福建人民出版社, 2001.	2025-08-27 11:23:53	2025-08-27 11:23:53
xtuxk2a64pu	xd8n7wa79e4	蜀百零一	1	num	一百零一。	也說「蜀百零蜀」。		community contributor|馮愛珍. 福州方言詞典[M]. 南京: 江蘇教育出版社, 1998.	2025-08-27 11:21:59	2025-08-27 11:21:59
xdq7ncvfxcp	x6qf6qex5rq	荔	1	n	不單說，見“荔枝”之“荔”。			community contributor	2025-09-14 23:43:58	2025-08-27 09:57:06
xfa4vspr6rj	x94s7wxuqsp	歠	1	v	〈書〉飲、喝（液體）。	口語說「啜」（cuok24）。	"[""《禮記·曲禮上》：「毋刺齒，毋～醢。」"", ""〔宋〕陸游《立秋後四日雨》詩：「杯泛鵝兒供小～，碓舂雲子喜新嘗。」""]"	community contributor|李如龍. 戚林八音校注[M]. 福州: 福建人民出版社, 2001.|教育部. 教育部重編國語辭典修訂本: 臺灣學術網路第五版[DB]. 2015.	2025-08-24 17:38:31	2025-08-03 22:15:40
x6sf29z93mg	x94s7wxuqsp	歠	2	n	〈書〉可飲的羹湯。		"[""《戰國策·燕策一》：「即酒酣樂，進熱～，即因反斗擊之。」""]"	community contributor|教育部. 教育部重編國語辭典修訂本: 臺灣學術網路第五版[DB]. 2015.	2025-08-23 18:20:33	2025-08-22 22:45:06
xume2ug9gfv	xtjxc8yp277	嚽	1	v	〈書〉同「啜」（zuok24），飲、喝（液體）。	《康熙字典》丑集上·口字部：「《正字通》：『啜歠𠀤同。』《荀子·富國篇》：『嚽菽飮水。』《註》：『嚽，與「啜」同。』」口語說「啜」（cuok24）。	"[""《荀子·富國》：「墨子雖為之衣褐帶索，～菽飲水，惡能足之乎！」楊倞註：「嚽，與『啜』同。」""]"	community contributor	2025-08-24 22:06:35	2025-08-03 22:12:30
xwdvp5cg2m2	xdey7v263zt	滿*	1		詞綴，用於指示代詞後、形容詞前，構成一個表達程度的短語。相當於普通話“這麼”的“麼”。		"[""汝這～本事（你這麼有本領）？""]"	community contributor	2025-08-24 17:39:07	2025-08-03 17:48:47
xfm26gpusub	xx99c2xqzpf	閩語	1	n	專有名詞，福州話的別稱。	在民間僅指福州話，與漢語方言學界的學術用語「閩語」含義不同。	"[""《～入門》是蜀本教儂講福州話其書（《閩語入門》是一本教人說福州話的書）。""]"	community contributor	2025-08-24 22:15:03	2025-08-01 15:35:26
xts4f5a9fhk	x8kvvuhq2th	閩菜	1	n	專有名詞，福州菜。		"[""許蜀間館店其～做第一霸（那一家飯店的福州菜做得最好）。""]"	community contributor	2025-08-24 23:08:32	2025-08-01 15:23:25
xgbeaxsv98z	xxedpacehfu	福州菜	1	n	福州本地菜，即傳統意義上的閩菜。		"[""我第一愛食～（我最愛吃閩菜）。""]"	community contributor	2025-08-24 17:40:04	2025-08-01 15:17:46
xf4fgg289z6	xv9ughvsrm8	嚽	1		〈書〉多言，贅言。			community contributor|李如龍. 戚林八音校注[M]. 福州: 福建人民出版社, 2001.	2025-08-24 17:41:43	2025-08-03 00:31:00
x3z6q823t54	xmwjseevps3	者*儂𠚺	1	int	詈辭，義約同「𠚺汝奶」。		"[""～，鎖匙復儥記帶去（鑰匙又不記得帶了）。""]"	community contributor	2025-08-24 17:36:23	2025-07-31 16:07:36
x6pcutpqsfd	x2rwnadcb9e	蚩	1	adj	〈書〉無知、痴笨。	《八音》戚書：“無知貌。”林書：“愚無知貌。”	"[""《後漢書·卷一一·劉盆子傳》：「兒大黠，宗室無～者。」""]"	community contributor|李如龍. 戚林八音校注[M]. 福州: 福建人民出版社, 2001.|教育部. 教育部重編國語辭典修訂本: 臺灣學術網路第五版[DB]. 2015.	2025-08-24 22:27:42	2025-08-03 22:28:27
x529k4hz6sg	x2rwnadcb9e	蚩	2	adj	〈書〉醜惡。通「媸」。		"[""〔漢〕趙壹《刺世疾邪賦》：「榮納由於閃榆，孰知辨其～妍？」""]"	community contributor|教育部. 教育部重編國語辭典修訂本: 臺灣學術網路第五版[DB]. 2015.	2025-08-24 17:46:37	2025-08-03 22:28:27
xgucx9dab8d	x2rwnadcb9e	蚩	3	v	〈書〉嘲笑。通「嗤」。		"[""《文選·阮籍·詠懷詩一七首之一一》：「乃誤羨門子，噭噭今自～。」""]"	community contributor|教育部. 教育部重編國語辭典修訂本: 臺灣學術網路第五版[DB]. 2015.	2025-08-24 17:46:55	2025-08-03 22:28:27
xgd47p4bxkx	x2rwnadcb9e	蚩	4	v	〈書〉欺侮。		"[""《文選·張衡·西京賦》：「鬻良雜苦，～眩邊鄙。」""]"	community contributor|教育部. 教育部重編國語辭典修訂本: 臺灣學術網路第五版[DB]. 2015.	2025-08-24 17:47:13	2025-08-03 22:28:27
xyufvx2ffwb	x2rwnadcb9e	蚩	5	n	一種蟲。	《說文解字·虫部》：「蚩，蟲也。」		community contributor|教育部. 教育部重編國語辭典修訂本: 臺灣學術網路第五版[DB]. 2015.	2025-09-27 16:35:24	2025-08-03 22:28:27
xq58svj8rrc	x2rwnadcb9e	蚩	6	n	姓。		"[""～尤。""]"	community contributor|教育部. 教育部重編國語辭典修訂本: 臺灣學術網路第五版[DB]. 2015.	2025-08-24 17:47:53	2025-08-03 22:28:27
x2bhh559rug	xy69brtsxha	多情	1	adj	有情。		"[""三姑這隻儂，一直都是～多義（三姑這個人，一直都是多情多義）。""]"	community contributor	2025-08-24 17:48:50	2025-07-11 23:10:23
x2cq9xeth67	xrgc6r2zbc8	薄幸	1	adj	負心，無情。		"[""做儂莫做～（做人不要負心無情）。""]"	community contributor	2025-08-24 17:49:26	2025-07-11 22:39:55
xz9eqqsnfng	xx48wgufc34	忠告	1	v	盡心盡力規勸。		"[""我乞汝講，我～伊，伊都無聽（我跟你說，我忠告他，他都不聽）。""]"	community contributor|community contributor	2025-08-24 17:54:30	2025-07-11 21:56:01
xa32prks9un	xx48wgufc34	忠告	2	n	真誠勸告的話語。		"[""嚽*是我對汝其～（這是我對你的忠告）。""]"	community contributor|community contributor	2025-08-24 17:55:09	2025-07-11 21:56:01
xvnf2a8av8b	x97nnsfs3fk	忠告	1	v	〈書〉盡心盡力規勸。	〔唐〕陸德明《經典釋文》卷二十四「論語音義·顏淵第十二」條「告」字音爲「古毒反」。此係舊讀，今或讀爲dyng53 ngoo21。	"[""《論語·顏淵》：「～而善道（導）之，不可則止，毋自辱焉。」"", ""〔唐〕賈島《送南卓歸京》詩：「長策並～，從容寫玉墀。」""]"	community contributor|教育部. 教育部重編國語辭典修訂本: 臺灣學術網路第五版[DB]. 2015.	2025-08-24 22:16:25	2025-06-17 18:40:20
xy2443dxquf	x97nnsfs3fk	忠告	2	n	〈書〉真誠勸告的話語。	舊讀，今或讀爲dyng53 ngoo21。	"[""〔明〕陳汝元《金蓮記》第五齣：「草野抒～，榷酒征茶太紛擾。」""]"	community contributor|教育部. 教育部重編國語辭典修訂本: 臺灣學術網路第五版[DB]. 2015.	2025-08-24 22:16:55	2025-06-17 18:40:20
xda5nhv5c3p	x4ks4jzyjtw	弗告	1		〈書〉不以此樂告人。一說不哀告、不訴苦。	《八音》求春上入「告」條：「弗告，啓也，告，盡心以告也」。如表示不訴說的含義，口語可說「無講」（mo33 oung33）、「無告訴」（mo21 go53 lou21）等。	"[""《衛風·考槃》：「獨寐寤宿，永矢～。」""]"	community contributor|王秀梅 (译注). 诗经: 上[M]. 北京: 中华书局, 2015.|程俊英, 蔣見元. 詩經注析: 上[M]. 北京: 中華書局, 1991.|姜亮夫. 先秦诗鉴赏辞典[M]. 上海: 上海辞书出版社, 2016.	2025-08-24 22:26:31	2025-06-17 16:57:58
xzeqb79wxst	xjy9u9kzbft	告朔羊存	1		同「告朔餼羊」（guk55 soouk24 ki55 yong53）。			community contributor|教育部. 教育部重編國語辭典修訂本: 臺灣學術網路第五版[DB]. 2015.	2025-08-24 19:16:50	2025-06-17 16:20:03
x75a9xaw3t8	x8fea29dyav	餼羊告朔	1		同「告朔餼羊」（guk55 soouk24 ki55 yong53）。			community contributor|教育部. 教育部重編國語辭典修訂本: 臺灣學術網路第五版[DB]. 2015.	2025-08-24 19:20:13	2025-06-17 16:16:40
xfknntby9n8	x6vsrcnrbdx	告朔	1	n	中國古代的祭祀儀式。天子在歲末時，將來年每月的曆書頒給諸侯，諸侯拜受，藏於祖廟，每月朔日（初一日），以活羊祭告於廟，然後聽政。	〔宋〕朱熹《四書章句集註》：「告朔之禮，古者天子常以季冬頒來歲十二月之朔於諸侯，諸侯受而藏之祖廟。月朔，則以特羊告廟，請而行之。」	"[""《周禮·春官·大史》：「頒～于邦國。」""]"	community contributor|教育部. 教育部重編國語辭典修訂本: 臺灣學術網路第五版[DB]. 2015.	2025-09-20 01:51:25	2025-06-17 15:18:23
x4p7xc4h38r	x6vsrcnrbdx	告朔	2	n	〈書〉有成語「告朔餼羊」（guk55 soouk24 ki55 yong53）比喻形同虛設，亦可省作「告朔」。		"[""廖仲愷《辭財政部長職通電》：「計吏職權，情同告朔。」""]"	community contributor	2025-08-24 21:52:00	2025-06-17 15:18:23
xadk8xez5xe	xgz24vs7pvx	告	5	v	〈書〉彙報，報告；稟告。	〔唐〕陸德明《經典釋文》卷十一「禮記音義之一·曲禮第一」條「告」字音爲「古毒反」。該含義今讀goo21，上去調。	"[""《禮記·曲禮》：「夫爲人子者，出必～，反必面。」""]"	community contributor	2025-08-24 22:15:51	2025-06-17 18:25:05
x3hpuh6a9tj	xgz24vs7pvx	告	10	v	〈書〉規勸。	《八音》求春上入「告」條：「弗告，啓也，告，盡心以告也」。該含義今讀goo21，上去調。	"[""忠～。""]"	community contributor	2025-08-24 22:25:38	2025-06-17 15:00:23
xdrvc8xaddd	xgz24vs7pvx	告	100	n	參見「告朔」條。			community contributor	2025-08-24 19:22:01	2025-06-17 15:00:23
xftxvk3rpyj	x9z8qjg65g2	老鷂	1	n	老鷹。			community contributor	2025-08-24 19:31:18	2025-06-16 21:07:25
xpjrdrwzy6m	xv3eg8zghr4	壺井山	1	n	山名，在長樂。因山邊有井，其狀如壺，而得名。	臧勵龢等編《中國古今地名大辭典》「壺井山」條：「在福建長樂縣東六十里濱海。山陲有井。状如壺。潮至則鹹。潮退則淡。上有崖石聳拔。俯臨滄海。名百丈崖。其旁峯巒崖𡶏之奇勝不一。迤東則羣山錯峙。」		community contributor	2025-08-24 21:42:29	2025-06-16 14:46:22
xch5vfdw3nd	xxwv6dsfsqb	艄	1	n	船尾。	《八音》林書釋義：「舡（船）後。」又按《集韻·爻韻》：「艄，船尾。」		community contributor	2025-08-24 22:27:18	2025-06-16 12:11:28
xujxnj3gryx	xxwv6dsfsqb	艄	10	n	撐船人。	《八音》戚書釋義：「撑舡（船）人。」		community contributor	2025-08-24 22:27:18	2025-06-16 12:11:28
xjvae7ad9dq	x6d9nb9xbcg	艘	1	n	〈書〉舟船的總稱。	《康熙字典》：「船總名。」《八音》戚書、林書釋義：「舡之總名。」文辭，不見口語。		community contributor|李如龍. 戚林八音校注[M]. 福州: 福建人民出版社, 2001.	2025-08-24 22:12:43	2025-06-16 14:02:42
xdtcb45pxfd	xpaw2a5gdqe	𥻵典	1	n	一部平話（閩東方言）線上辭典。			community contributor	2025-08-24 19:34:38	2025-06-16 02:41:18
xefz9gdwndg	x693h8rnfg3	別鄉	1	n	別的鄉，其他鄉。			community contributor	2025-08-24 19:57:56	2025-06-16 00:33:58
xqnzyj5zv96	x693h8rnfg3	別鄉	2	n	別的地方，其他地方。		"[""～也有自家地主。""]"	community contributor	2025-08-24 21:40:17	2025-06-16 00:33:58
xd4j53zad3s	xkpk8aaen4g	琴亭橋	1	n	福州舊橋名，在今琴亭。由宋懷安縣令樊紀復發起建造。	〔南宋〕《淳熙三山志》卷十六：「知縣樊紀復作橋十三，曰：［……］琴亭。」〔明〕王應山《閩都記》：「懷安知縣樊紀復作橋十二，［……］曰『琴亭』。」		community contributor	2025-08-24 21:54:33	2025-06-10 19:24:42
xdbhq8q24ph	xwfxukzz6h4	紐約	1	n	美國都市名。		"[""～福州儂野価（紐約福州人很多）。""]"	community contributor	2025-08-24 21:34:21	2025-06-01 19:09:27
xnqxwt9unpu	xu6tjwpnd4j	莫掏*	1		不要做某事，同「莫廮𡅏」。			community contributor	2025-08-24 23:14:18	2025-06-10 00:03:30
x4b2wg6yec9	xstfnj7qzne	遮眉	1	n	劉海。			community contributor	2025-08-24 23:18:05	2025-06-10 00:12:36
x3duqm2g3c5	xagfrt3maqc	努絲	1		貝類、蟶類將舌頭（斧足）、腳（水管）伸出來，探出來的動作。			community contributor	2025-08-24 23:18:54	2025-06-10 00:07:18
xehh4srkbpf	xwvmkczcm7s	海豬	1	n	江豚。曾被販賣食用，公元1988年列為中國國家二級保護動物。			community contributor	2025-08-24 23:19:30	2025-06-10 00:09:05
xm8mmkvbvu6	xey2mrbfghm	塗豬	1	n	豬獾。過去福州周圍郊區山上常見，甚至福州市區的小山上也常見，今基本絕跡於福州。			community contributor	2025-08-27 21:30:42	2025-06-10 00:03:07
xammurhaun2	xmwqwzwpua9	琴亭	1	n	福州地名，在羅漢山以西，湖前以東。舊時此處有亭名「琴亭」，由宋懷安縣令樊紀復發起建造，意在俾官員巡視鄉野各處農耕時得休憩於此。	《淳熙三山志》卷十六：「知縣樊紀復作橋十三，曰：［……］琴亭。」另參攷〔清〕《榕城考古略》卷下〈郊坰第三〉：「琴亭：先朝邑令巡行阡陌稍憩於此，俗呼虔亭。」	"[""我每蜀暝晡都有去～湖跑步（我每天晚上都會去琴亭湖跑步健身）。——汝野霸（你真行）。""]"	community contributor	2025-08-24 22:00:20	2025-06-09 23:56:50
xam3eh3ekz9	xdy9rurqv5k	𡳞脬墘	1	n	陰囊中縫，陰囊中間那條線。			community contributor	2025-08-27 21:30:04	2025-06-10 00:10:00
x6upzdehge8	xdy9rurqv5k	𡳞脬墘	10	n	◇引申爲比喻空間狹小			community contributor	2026-04-12 15:29:16	2025-06-10 00:10:00
xvm6msg9ea4	x65nh3nn7ky	瓜嶼	1	n	福州地名。高蓋山在其東，飛鳳山在其西，陽岐峙其南。今習作「台嶼」，有同名地鐵站。			community contributor|community contributor	2025-10-16 23:57:37	2025-06-09 23:35:10
xv5999bjv7a	xjxs9pvbm99	長骹壽	1	n	福州地區常見的「壽」字的一種寫法，常見於剪紙、雕刻等；因字的腳很長，所以叫「長骹壽」			community contributor	2025-07-28 22:33:59	2025-06-10 00:11:10
x2syn6ck9jd	xpvaxmqk6zj	屬於	1		同普通話「屬於」			community contributor	2025-06-10 00:12:15	2025-06-10 00:12:15
xb2ruan3bqr	x35dw4a8bnq	歜怒	1	v	討厭			community contributor	2025-07-28 22:33:59	2025-06-10 00:12:55
xb9m93am98h	xt2j98hejux	講排場	1		講求排場。不顧實際條件追求場面奢華、鋪張浪費的行爲			community contributor	2025-07-28 22:33:59	2025-06-10 00:24:55
xey9tpgadzp	x855uqez9p5	憢	1	adj	盛氣凌人貌		"[""伊特零*意做總款～𡅏～𡅏其樣式（他故意做出這種盛氣凌人的樣子）。""]"	community contributor	2025-10-10 23:00:09	2025-10-10 23:00:09
xrz24ue7zcg	xfxyf7ppyfh	𠶐*地	1		貼地			community contributor	2025-07-28 22:33:59	2025-06-16 18:42:14
xsfkh8jb46s	xwmqyaqmu3t	迎*	1		（食物因缺水或缺油導致）乾澀			community contributor|李如龍. 戚林八音校注[M]. 福州: 福建人民出版社, 2001.	2026-03-22 21:33:08	2026-03-22 21:33:08
xgfp5j35c7x	xcth6sj7het	𪞥々	1		抖動貌。寒戰貌。			community contributor	2025-12-30 21:59:21	2025-12-30 21:59:21
xb2bpfc5hfm	xwh3ckra7qh	𪞥	1	v	打寒戰，見“𪞥々”			community contributor	2025-12-31 00:21:25	2025-12-30 22:13:35
x4q2x4hs4x8	x8nju2qdxke	嘜*	1	v	包給。		"[""這件事際～伊做。（這件事情包給他做。）""]"	community contributor	2025-10-09 23:29:28	2025-10-09 23:29:28
xrwreyusf8z	xma38xtvyv9	𥮕*	1	v	擦，抹			community contributor	2025-07-28 22:33:59	2025-05-16 16:56:01
xqxtxtdxche	xvjr4edtc3k	哈	1	adj	〈書〉魚多貌			community contributor	2026-04-12 17:33:43	2026-04-12 06:01:50
xhgywkttxtt	xvjr4edtc3k	哈	2	adj	〈書〉魚口張動貌	《榕腔註音詞典》（1929）第781頁收此義。		community contributor	2026-04-12 17:33:43	2026-04-12 06:01:50
xnden5z5m4d	xvjr4edtc3k	哈	10	v	〈書〉飲。亦作「欱」，今寫作「喝」	《集韻》呼合切，入合，曉。《榕腔註音詞典》（1929）第781頁收此義。口語用「食」（sieh5）泛指喫、喝。特指飲，也說「啜」（cuok24）。	"[""〔宋〕趙彥衛《雲麓漫鈔》（四庫全書本）卷一：「（許翁翁）好作詩，多言神仙劒（劍）術［……］『世味審知嚼素蠟，人情全似～清茶。 』」""]"	community contributor	2026-04-12 17:33:43	2026-04-12 06:18:22
xtudcn63cgc	xvjr4edtc3k	哈	100		音譯詞頭		"[""～佛"", ""～爾濱""]"	community contributor	2026-04-12 16:23:45	2026-04-12 00:58:43
xfpvd735pzt	xhvnhc7hchc	驢*	1	v	探腦袋，伸脖子。			community contributor	2025-09-30 15:43:57	2025-09-30 15:43:57
xw2smrzht5w	xx6xjezpr3b	䨲	1	n	〈書〉小兔。	《康熙字典》引《廣韻》：「兔子。」又引《集韻》：「江東呼兔子爲䨲。或作㝹，亦書作𩆟。」		community contributor	2025-09-13 23:48:58	2025-09-13 23:48:58
xrf8xhgppeh	x3ub9auj7za	泇	1		不成詞語素，表示「滾」，見「泇流*」			community contributor	2025-10-07 16:57:06	2025-10-07 16:57:06
xg348fneph9	xywznww834b	𠲡	1		應答、應承詞。猶普通話「嗯」「對」「好」。		"[""轉去着記𡅏讀書吓！——～！（回去要記得讀書啊！——好！）""]"	community contributor	2025-10-26 10:52:12	2025-10-24 23:43:47
xhspwbxurna	xwjtgh5fgn3	島嶼	1	n	面積不大，周圍環水的陸地			community contributor	2025-07-28 22:33:59	2025-06-09 23:58:43
xeq7r2pyqk9	xz843emjvyf	哥	1		兒語，稱兄長。			community contributor	2025-09-14 23:19:11	2025-05-16 17:05:50
xu638tsj7sq	xxa6t2rwuwb	公	1		兒語，稱祖父。			community contributor	2025-09-14 23:19:06	2025-05-16 17:05:50
x7jqb94g43s	x7aem37pccy	石獅	1	n	雕刻成獅子形狀的石頭。在中華文化及其所影響到的文化中，經常作爲裝飾物使用			community contributor	2025-07-28 22:33:59	2025-05-16 17:06:09
x9amb46yty8	x7aem37pccy	石獅	10	n	地名，在福建泉州			community contributor	2025-07-28 22:33:59	2025-06-10 00:17:59
x9eg6sj3zx2	xemn8p7trew	四川	1	n	同普通話「四川」。			community contributor	2025-09-19 11:15:45	2025-05-16 17:06:09
xwn4tpd4x67	x6sqacfnz8d	籤	1	n	占卜用具。用來求神問佛、占卜吉凶的細長竹條。		"[""求～。"", ""抽～。"", ""䟉～（抽籤前晃動籤筒）。"", ""～面（求得的籤片上字句的字面意思）。"", ""～譜（解籤書）。""]"	community contributor|馮愛珍. 福州方言詞典[M]. 南京: 江蘇教育出版社, 1998.|教育部. 教育部重編國語辭典修訂本: 臺灣學術網路第五版[DB]. 2015.	2025-08-23 16:21:18	2025-08-22 23:40:44
xrw2fb5jr73	x6sqacfnz8d	籤	2	n	可書寫文字的紙片。		"[""書～。"", ""標～。""]"	community contributor|教育部. 教育部重編國語辭典修訂本: 臺灣學術網路第五版[DB]. 2015.	2025-08-23 16:21:10	2025-08-22 23:40:44
xxz783s2w9h	x6sqacfnz8d	籤	3	n	用竹子或木材製成的尖細條狀物。	對於剔牙的籤子，傳統的口語說「牙齒𠟶」（ngai55 tooyk24）、「牙齒𠠔」（ngai21 tuh5）。	"[""牙～（nga55 cieng55，牙製籤牌）。"", ""牙齒～（ngai21 cieng55，牙籤）。""]"	community contributor|教育部. 教育部重編國語辭典修訂本: 臺灣學術網路第五版[DB]. 2015.	2025-08-27 22:49:43	2025-08-22 23:40:44
xhyvh552saz	xxxjstb8xvp	囉	1	v	眼珠轉動。		"[""目睭（眼睛）～來～去。"", ""目睭～～動。""]"	馮愛珍. 福州方言詞典[M]. 南京: 江蘇教育出版社, 1998.	2025-09-15 20:12:56	2025-08-03 22:37:25
xqzchb2fsth	x92mz33vdw8	鋼琴	1	n	同普通話「鋼琴」			community contributor	2025-07-28 22:33:59	2025-05-16 17:06:09
xa5z9gtyt6k	xpfr3uzsjww	專科	1	n	同普通話「專科」。			community contributor	2025-09-14 23:46:40	2025-05-16 17:06:09
xpdggqxjb5f	xjsu3gnw85q	珠蚶	1	n	蚶的一種，極小。	〔明〕屠本畯《閩中海錯疏·介部》：「珠蚶，蚶之極細者，形如蓮子而扁。」		community contributor	2025-08-24 22:09:34	2025-05-16 17:06:09
x6j2qpzv9w8	xcvbbjpybtv	提琴	1		同普通話「提琴」			community contributor	2025-05-16 17:06:09	2025-05-16 17:06:09
xrkkfb3an5u	x7tnmwun4hc	布扣	1		同普通話「布扣」			community contributor	2025-05-16 17:06:09	2025-05-16 17:06:09
x8sy2c246f7	x93j55kabyg	錢鼠	1	n	臭鼩，主要棲息於森林、田野以及家舍			community contributor	2025-09-19 11:16:01	2025-05-16 17:06:09
xy5x9g4wrvk	x3b6t6vnvx7	風車	1		同普通話「風車」			community contributor	2025-05-16 17:06:09	2025-05-16 17:06:09
xaaafx7e8pp	xa447y3af9u	甘草	1	n	同普通話「甘草」。			community contributor	2025-09-14 23:46:08	2025-05-16 17:06:09
xfkd3hna98k	xj7n3zm9rhx	藏青	1		同普通話「藏青」			community contributor	2025-05-16 17:06:09	2025-05-16 17:06:09
xg7dnzuz6rs	xvaf27sh2h3	文書	1		同普通話「文書」			community contributor	2025-05-16 17:06:09	2025-05-16 17:06:09
xz8md8havww	xgv9qmmm33g	四千	1	num	同普通話「四千」。			community contributor	2025-09-15 00:31:44	2025-05-16 17:06:09
xrfkjg6qufs	xc27p2t7wae	四川	1	n	省級政區名。簡稱「川」或「蜀」。省會及最大城市是成都。有「天府之國」之稱。			community contributor	2025-09-19 11:25:23	2025-05-16 17:06:09
xcgyxjbkbkd	xa3xyjze9c7	鬧鐘	1		同普通話「鬧鐘」			community contributor	2025-05-16 17:06:09	2025-05-16 17:06:09
xc3thjb4cnx	xy57en26mc6	祖宗	1		同普通話「祖宗」			community contributor	2025-05-16 17:06:09	2025-05-16 17:06:09
xhgm4keyg7r	xxm2kfmh87g	大姐	1		同普通話「大姐」			community contributor	2025-05-16 17:06:09	2025-05-16 17:06:09
xzerujtf9sz	x3jvkjqgf8q	三嫂	1	n	同普通話「三嫂」。			community contributor	2025-09-14 23:46:34	2025-05-16 17:06:09
x8yhpmm2g9v	xbuzpbwft9c	大嫂	1		同普通話「大嫂」			community contributor	2025-05-16 17:06:09	2025-05-16 17:06:09
x24jxsm8gx5	xesamwarp4k	洋傘	1	n	同普通話「洋傘」。			community contributor	2025-09-14 23:45:31	2025-05-16 17:06:09
x88tb48wkfn	xwbrb6bd2qp	雨傘	1	n	同普通話「雨傘」。			community contributor	2025-09-14 23:45:38	2025-05-16 17:06:09
xphu5953nzq	x6njkwbaaz8	砂糖	1		同普通話「砂糖」			community contributor	2025-05-16 17:06:09	2025-05-16 17:06:09
xt7qmgqpj2f	xy3kzzv9vpd	冬天	1	n	同普通話「冬天」。			community contributor	2025-09-14 23:45:45	2025-05-16 17:06:09
x6a2jn7q8gp	xmpu69cm7f5	前臺	1	n	舞臺、戲臺的前面。	「臺」即戲臺、舞臺。		community contributor|教育部. 教育部重編國語辭典修訂本: 臺灣學術網路第五版[DB]. 2015.	2025-09-22 17:02:14	2025-05-16 17:06:09
xgf7t8dpah7	xmpu69cm7f5	前臺	2	n	酒店、賓館、公司等入口處的接待櫃檯。	「臺」即櫃檯。		community contributor	2025-09-22 17:02:14	2025-09-22 17:02:14
xp7qfkkg4nh	xmpu69cm7f5	前臺	3	n	〈書〉前端。面對客戶、用戶的那部分。			community contributor	2025-09-22 17:05:52	2025-09-22 17:02:14
xdnnnw65mpn	xux8tw5b827	餅店	1	n	同普通話「餅店」。			community contributor	2025-09-14 23:46:29	2025-05-16 17:06:09
x3urzh2r4m4	xt9k97sekgs	花店	1	n	同普通話「花店」。			community contributor	2025-09-14 23:45:52	2025-05-16 17:06:09
xf8rb4evszp	x8evxn28bcc	船票	1	n	同普通話「船票」。			community contributor	2025-09-14 23:45:57	2025-05-16 17:06:09
x7vbgmq7g4m	xatmsgr3w8x	鋼炮	1		同普通話「鋼炮」			community contributor	2025-05-16 17:06:09	2025-05-16 17:06:09
xu8vtxrqp2y	xfeedtqtbgd	大炮	1		同普通話「大炮」			community contributor	2025-05-16 17:06:09	2025-05-16 17:06:09
x88fuk322mj	xnckneqxnay	嫩杯	1		小杯，小的杯子			community contributor	2025-05-16 17:06:09	2025-05-16 17:06:09
xh6mvch3qdw	xdsksc56wbr	茶杯	1		同普通話「茶杯」			community contributor	2025-05-16 17:06:09	2025-05-16 17:06:09
xrqfymg88wz	xach7eupmg5	糖包	1		同普通話「糖包」			community contributor	2025-05-16 17:06:09	2025-05-16 17:06:09
xk4yfaga78y	xwtjne28zdd	鐵線蛇	1		狀如蚯蚓，中國最小的一種蛇			community contributor	2025-05-16 17:06:09	2025-05-16 17:06:09
xdcj52npnkx	xwgvevdz7e5	做頭儂	1	n	爲首者，某個集團中的首領。			community contributor	2025-09-24 20:50:31	2025-05-16 17:06:09
xutjfrfvrg9	xwgvevdz7e5	做頭儂	2	n	社首。	例如，在元宵擺暝的習俗中，「做頭儂」（社首）會由前一年信眾名冊中輪選出，挨家挨戶收喜錢，並分配好「繞境」（nau24 ging33）人員的工作。社，即福州境、社體系中，每個境廟下的祭祀組織。		community contributor	2026-03-22 18:40:42	2025-09-24 20:50:31
xucbsea8zqb	xxv7mvjrtex	拔草	1		動賓短語，拔草，將草拔起。		"[""禮拜日，單位組織年輕其職工去～。""]"	community contributor	2025-09-24 20:53:44	2025-05-16 17:06:09
xwypkgjqvxv	xxv7mvjrtex	拔草	2		代指約會。		"[""去公園～。""]"	community contributor	2025-09-24 20:53:44	2025-09-24 20:53:44
xsh9vrm2dns	x56mrnttubt	拈後廳去	1		拿到後廳去			community contributor	2025-09-24 20:56:08	2025-05-16 17:06:09
x5uqeu9kfnm	x56mrnttubt	拈後廳去	10		死的婉稱			community contributor	2025-09-24 20:56:08	2025-09-24 20:56:08
x2sp7hsmpt5	xgpx2e9ddyz	拈起去	1		拿起來			community contributor	2025-09-24 20:56:25	2025-05-16 17:06:08
xc5r2j7dh85	xgpx2e9ddyz	拈起去	2		死的婉稱			community contributor	2025-09-24 20:56:25	2025-09-24 20:56:25
xfc9j7ss9sb	xn6u7jtacs8	討蟶	1		挖蟶			community contributor	2025-05-16 17:06:08	2025-05-16 17:06:08
x9akhbbx2eu	xrzgrbnb7cz	同樣	1		同樣，一樣			community contributor	2025-05-16 17:06:08	2025-05-16 17:06:08
xvnnn975g24	xnyawek9jrn	溝路	1	n	水溝，下水道，管道。		"[""～塞去。"", ""～儥通。""]"	community contributor	2025-09-24 20:57:56	2025-05-16 17:06:08
xy6jpyyruy6	xk6nfvfsmsq	行當	1		職業			community contributor	2025-05-16 17:06:08	2025-05-16 17:06:08
x3jauhq7dsj	xkxqagkdye2	講大話	1		說大話，吹牛，誇大其詞			community contributor	2025-05-16 17:06:08	2025-05-16 17:06:08
xpq2882hdh8	xd32j4fpens	電燭	1		電子蠟燭，插電蠟燭			community contributor	2025-05-16 17:06:08	2025-05-16 17:06:08
x6h4jvv6dyr	xsg3aay4zw9	下岐	1		地名，马尾魁岐有分上、下岐			community contributor	2025-05-16 17:06:08	2025-05-16 17:06:08
xbm3rxsucw7	xzm6tpurn6v	上岐	1		地名，马尾魁岐有分上、下岐			community contributor	2025-05-16 17:06:08	2025-05-16 17:06:08
xztew454246	x2vc7bkd7sw	大湖弄	1	n	舊地名，位於倉山區倉前街道、對湖街道，因附近原有大湖（今對湖）而得名。			community contributor	2025-08-25 01:18:28	2025-05-16 17:06:08
xeurf7e8cw6	x65fhqfd8f9	蔣宅	1		地名，屬於鳳崗裏三十六宅			community contributor	2025-05-16 17:06:08	2025-05-16 17:06:08
xmkcunu4vau	xa2ccd5em5k	十八溪	1		二十世紀末期他校學生對福州第十八中學學生的非正面稱呼			community contributor	2025-09-24 20:58:27	2025-05-16 17:06:08
xhqna6e6kxc	xjscg7w37kz	五區	1		對福州五個區級行政單位的簡稱			community contributor	2025-05-16 17:06:08	2025-05-16 17:06:08
xbbd9dfgfqb	xsbnvguf9jz	解放囝	1		對20世紀中葉南下來榕人士的稱呼			community contributor	2025-05-16 17:06:08	2025-05-16 17:06:08
xzcvvjuzfh2	x28kvnmpkeg	風頭	1		風的勢頭，風的前頭			community contributor, 关彳山	2025-05-16 17:06:09	2025-05-16 17:06:09
xz2vxqwcq7s	xe9ayh5qne7	市二	1		「市第二醫院」的簡稱			community contributor	2025-05-16 17:06:08	2025-05-16 17:06:08
xubf3h55j7z	x7m5yvqzxkx	拍電子	1		打電子遊戲			community contributor	2025-05-16 17:06:08	2025-05-16 17:06:08
xn62cdmwtey	xu8m7zarbrp	拍紙片	1		遊戲名，目標是把紙片翻到反面			community contributor	2025-05-16 17:06:08	2025-05-16 17:06:08
x9d4phwuf9s	xe5n562k3me	跳牛筋索	1		遊戲名，外地說「跳皮筋」			community contributor	2025-05-16 17:06:08	2025-05-16 17:06:08
xn5eprrfhdp	xjwx5xx9cfa	比喻講	1		比如說，比方說			community contributor	2025-05-16 17:06:08	2025-05-16 17:06:08
xebb74rn2n5	xcujaq86cpj	着死	1		該死。詛咒語			community contributor	2025-05-16 17:06:08	2025-05-16 17:06:08
x4fd53rfy2t	x98x6pqfwdb	伐*	1		見「伐*桶」「伐*桶索」。			community contributor	2025-09-20 16:46:19	2025-09-20 16:46:19
x5e2e6nq944	xjj6qyar4eg	聒	1	v	吵鬧，聒噪。		"[""伓通（不要）廮𡅏（在那邊）～。""]"	community contributor|community contributor	2025-09-06 22:05:47	2025-09-06 22:05:47
xuntp9cgxha	xb3626bjyhe	必*	1	v	物件產生裂痕。			community contributor	2025-08-31 16:27:48	2025-08-31 16:27:48
x7fkbdyc7m4	xb3626bjyhe	必*	2	v	皮膚因為缺乏滋潤而皸裂。		"[""火氣野大，喙皮會～。""]"	community contributor	2025-08-31 18:59:42	2025-08-31 16:27:48
x3w5mpfg4n6	x7kf4rdpys4	拋*	1	adj	蓬鬆，鬆垮			community contributor	2025-07-28 22:33:59	2025-05-16 16:54:52
xv4wqvxpte5	xkxt52s9duq	甲*	1	n	大竹蓆，晾曬穀物用。			community contributor	2025-09-25 22:27:25	2025-09-25 22:27:25
xe7cbzfceam	xke8rf6hj6k	虯*	1	adj	貧窮，窘迫。	口語裏還可以說「窮」（gyng53）、「逼」（beik24）、「尷尬」（gang53 ngai21）。		community contributor|馮愛珍. 福州方言詞典[M]. 南京: 江蘇教育出版社, 1998.	2025-09-26 17:03:24	2025-09-21 10:35:48
x9bkswtw2me	xhxkhm5fy8j	亭頭裏	1		地名，在福州馬尾亭江			community contributor	2025-05-16 17:06:07	2025-05-16 17:06:07
xza5k46jxy7	x4njkxq7hvg	雙浦橋	1		橋名，在福州馬尾區雙浦			community contributor	2025-05-16 17:06:07	2025-05-16 17:06:07
xwawed3qkce	xjug4nc8569	雙浦	1		地名，在福州馬尾區			community contributor	2025-05-16 17:06:07	2025-05-16 17:06:07
xmj2f8psdv2	x2amskrzphp	斗中街	1		舊路名，民國時曾改稱「斗中路」，今屬八一七路中段中接近南門兜的其中一段			community contributor	2025-05-16 17:06:07	2025-05-16 17:06:07
xjpcdut5wfs	xeyqh5jxxy5	三保街	1		地名，在福州臺江區三保			community contributor	2025-05-16 17:06:07	2025-05-16 17:06:07
xzd2fn5jnx9	x5mmxt3p3sx	二保	1		地名，在福州臺江區。「保」來自保甲制度			community contributor	2025-05-16 17:06:07	2025-05-16 17:06:07
xjz5jzqeu29	xf5dhwknrtw	彬德橋	1	n	位於白馬河（福州內河）南端			community contributor	2025-09-27 13:51:13	2025-05-16 17:06:07
xh48xatqt6b	xksupuzv9er	倉下洲	1		地名，在福州臺江區。因面對倉前山得名。原爲洲地農田，明清時期衍爲民居和街市			community contributor	2025-05-16 17:06:07	2025-05-16 17:06:07
xyq8h459j9a	xzrbfwujyye	黃梅	1		同「黃梅星」			community contributor	2025-05-16 17:06:06	2025-05-16 17:06:06
x8f9pbgn2vn	x4nx5ek9ckz	三七	1	n	「三坊七巷」的非正式簡稱。		"[""去～做志願者。""]"	community contributor	2025-09-24 21:07:57	2025-05-16 17:06:06
xhsdg3dyg2v	x4qwxgrsmsk	蛋糕	1	n	一種糕點。其味道一般以甜味爲主，但亦有以鹹味爲主者。典型製作方法是烤焗。	說「卵糕」（loung55 ngo55）更地道。		community contributor	2025-09-24 21:08:11	2025-05-16 17:06:06
x2j65sbpx44	xpgyda3byzx	幫洲裏	1		地名，在福州臺江區，又稱「幫洲」			community contributor	2025-05-16 17:06:07	2025-05-16 17:06:07
xadhfmpj6g8	x4atjb6788h	幫洲	1		地名，在福州臺江區，又稱「幫洲裏」。曾有同名街道，公元2004年4月併入蒼霞街道			community contributor	2025-09-24 21:03:01	2025-05-16 17:06:07
xx4jb2y9g79	xpr4abwpw6s	大手大骹	1		大手大腳。		"[""錢花這滿価，～。""]"	community contributor	2025-09-24 21:06:56	2025-05-16 17:06:07
xaabhux7kjs	xfdpwaqb9zh	拾流柴	1		動賓短語，指撿拾來自上游，被大雨、洪水沖至下游的木製材料。			community contributor	2025-09-24 21:07:24	2025-05-16 17:06:07
xyrneyqdavm	xabec6zcpsr	流柴	1		指來自上游，被大雨、洪水沖至下游的木製材料			community contributor	2025-05-16 17:06:07	2025-05-16 17:06:07
xvexpkzrmg5	xhftjyt64py	頭*管*	1		感覺對方主張誇張、與事實不符，則接此二字，並把自己認爲對的事實說出。猶言普通話的「哪有啊，哪有這事」。		"[""聽講汝這月工資加三千吓。——～吓，㑚加千把。""]"	community contributor	2025-09-24 21:13:25	2025-05-16 17:06:06
xtkj2xpsg4n	xhftjyt64py	頭*管*	2		用在句中，表示否定，猶言普通話的「根本沒有」。		"[""伊～也有米八懸，伊才米七幾。""]"	community contributor	2025-09-24 21:13:25	2025-09-24 21:13:25
xewexuk4pf2	x6suwxe9gqb	溪*	1	n	指撲克牌「K」，來自該拉丁字母英語讀法的福州話諧音			community contributor	2025-07-28 22:33:59	2025-05-16 17:06:03
xp22wef4eq7	xnqudwh3gws	嗄*	1	part	語氣詞。		"[""～，汝講世乇。""]"	community contributor	2025-10-27 01:16:59	2025-06-15 22:34:44
xqywnca7cp2	xj3yckzkffv	塢*	1	v	平分財產			community contributor	2025-07-28 22:33:59	2025-05-16 16:55:31
xxjtv9zb4uk	x7vfghv9pgm	外九彩	1	n	地名「外九彩巷」的簡稱。			community contributor	2025-08-27 16:00:37	2025-08-27 16:00:37
x48tr4f6b2p	xzu4jujdnty	外九彩	1	n	地名「外九彩巷」的簡稱。			community contributor	2025-08-24 22:14:36	2025-05-16 17:06:08
xjyeezzakgq	xe6tgbvrfue	內九彩	1	n	地名「內九彩巷」的簡稱。			community contributor	2025-08-27 16:05:19	2025-08-27 16:05:19
xsbmgkqv3cr	xybvxxsmsy9	內九彩	1	n	地名「內九彩巷」的簡稱。	因避諱該讀音與「䐯鳥指」諧音，一般不說。俗讀neoy21 au24 jai33。		community contributor	2025-09-15 13:05:14	2025-05-16 17:06:08
xrk3sgus82v	xkqwmwmegen	外九彩巷	1	n	在福州鼓樓，屬於九彩巷，簡稱「外九彩」。	舊名「小古樓街」		community contributor	2025-08-27 16:20:43	2025-08-27 16:20:43
xmj9ert2v69	xhun7cqpa8v	外九彩巷	1	n	在福州鼓樓，屬於九彩巷，簡稱「外九彩」。	「外」又有人讀ngie242，「九」俗讀gau33。舊名「小古樓街」。		community contributor	2025-09-14 23:34:39	2025-05-16 17:05:52
xsp46ukwu5h	xv9tw9665pa	內九彩巷	1	n	在福州鼓樓，屬於九彩巷，簡稱「內九彩」。	與九彩弄合稱「二巷」。		community contributor	2025-08-24 21:41:17	2025-05-16 17:05:52
xbmm96fcq2v	xkkmn3mcdeh	九彩弄	1	n	在福州鼓樓，屬於九彩巷。	與內九彩巷合稱「二巷」。		community contributor	2025-09-14 23:42:49	2025-05-16 17:05:51
xcr8cuh8wvm	xbwz9kcry4w	九彩巷	1	n	在福州鼓樓。含九彩弄、內九彩巷、外九彩巷。			community contributor	2025-09-14 23:34:12	2025-05-16 17:05:51
xcpkematnze	xex6eh3ya3a	九彩園	1	n	地名，在福州鼓樓。原作韭菜園，晚清時已俗作九彩園。後園名不彰，以九彩巷聞	〔清〕林楓《榕城考古略》：「韭菜園：今俗作九彩園，名未詳何取。有二巷，合而出於小樓街。」「九彩園」俗讀gau21 jai21 uong53		community contributor	2025-08-23 15:57:19	2025-05-16 17:05:51
xe3avs56c3p	xxkew94s4sk	九彩	1	n	地名，在福州鼓樓。原有韭菜園，晚清時已俗作九彩園	〔清〕林楓《榕城考古略》：「韭菜園：今俗作九彩園，名未詳何取。有二巷，合而出於小樓街。」		community contributor	2025-08-27 15:55:22	2025-05-16 17:05:51
xg3ry2hf55g	xpjnqx8uunp	百姓	1	n	平民。			community contributor	2025-09-15 12:55:25	2025-05-16 17:06:08
x293pbrf84t	xdffbppvyh6	開幕式	1	n	會議或活動正式開始的儀式。			community contributor	2025-09-24 21:00:01	2025-05-16 17:06:08
xfrhrm3t5hz	xekdmajwnu2	四川囝	1		指四川人。			community contributor	2025-09-24 20:59:01	2025-05-16 17:06:08
x88zb3h84gk	xekdmajwnu2	四川囝	2		泛指外來務工者。			community contributor	2025-09-24 20:59:01	2025-09-24 20:59:01
xf5j6fsk8yk	xq32rk7m8kk	合肥	1	n	安徽省會。			community contributor	2025-09-19 11:20:40	2025-05-16 17:06:08
xj5ear2pspj	xt4ejf24tsx	緊張	1		同普通話「緊張」。			community contributor	2025-09-12 20:55:08	2025-09-12 20:55:08
xgcmucnq267	xvktuvqzuxy	介	1	v	〈書〉居於兩者之間。			community contributor|教育部. 教育部重編國語辭典修訂本: 臺灣學術網路第五版[DB]. 2015.	2025-09-15 15:12:46	2025-09-15 15:12:46
xxnd8hy2xz9	xvktuvqzuxy	介	2	v	〈書〉居間牽引傳達。		"[""～紹。"", ""中～。"", ""仲～。""]"	community contributor|教育部. 教育部重編國語辭典修訂本: 臺灣學術網路第五版[DB]. 2015.	2025-09-15 15:12:46	2025-09-15 15:12:46
xucgt3ctgmm	xvktuvqzuxy	介	3	v	〈書〉相助、佐助。		"[""《詩經·豳風·七月》：「為此春酒，以～眉壽。」""]"	community contributor|教育部. 教育部重編國語辭典修訂本: 臺灣學術網路第五版[DB]. 2015.	2025-09-15 15:12:46	2025-09-15 15:12:46
x57u9f4rwfs	xvktuvqzuxy	介	4	v	〈書〉繫留、懸掛。		"[""～意。""]"	community contributor|教育部. 教育部重編國語辭典修訂本: 臺灣學術網路第五版[DB]. 2015.	2025-09-15 15:12:46	2025-09-15 15:12:46
xdc45gpr7un	xvktuvqzuxy	介	5	v	〈書〉仗恃、憑藉。		"[""《左傳·文公六年》：「～人之寵，非勇也。」""]"	community contributor|教育部. 教育部重編國語辭典修訂本: 臺灣學術網路第五版[DB]. 2015.	2025-09-15 15:12:46	2025-09-15 15:12:46
xf6cjn39g99	xvktuvqzuxy	介	6	adj	〈書〉堅毅。		"[""耿～。""]"	community contributor|教育部. 教育部重編國語辭典修訂本: 臺灣學術網路第五版[DB]. 2015.	2025-09-15 15:12:46	2025-09-15 15:12:46
xa9847svc9k	xvktuvqzuxy	介	7	n	〈書〉界限、本分。同「界」。		"[""人各有～。""]"	community contributor|教育部. 教育部重編國語辭典修訂本: 臺灣學術網路第五版[DB]. 2015.	2025-09-15 15:12:46	2025-09-15 15:12:46
x4udhpes3nz	xvktuvqzuxy	介	8	n	〈書〉◇喻微小的東西。通「芥」。		"[""一～不取。""]"	community contributor|教育部. 教育部重編國語辭典修訂本: 臺灣學術網路第五版[DB]. 2015.	2025-09-15 15:12:46	2025-09-15 15:12:46
xy4embv64df	xvktuvqzuxy	介	9	n	〈書〉鎧甲，被甲。		"[""～冑（被甲與頭盔）。""]"	community contributor|教育部. 教育部重編國語辭典修訂本: 臺灣學術網路第五版[DB]. 2015.	2025-09-15 15:13:07	2025-09-15 15:12:46
xrhgx246z6t	xvktuvqzuxy	介	10	cl	〈書〉相當於「個」。		"[""〔唐〕王勃《秋日登洪州滕王閣餞別序》：“勃三尺微命，一～書生。”""]"	community contributor|教育部. 教育部重編國語辭典修訂本: 臺灣學術網路第五版[DB]. 2015.	2025-09-15 15:13:07	2025-09-15 15:12:46
xnpr3qzv2v6	xvktuvqzuxy	介	11	n	〈書〉身上有甲殼的水產動物。	《淮南子·墬形》：「介鱗者，夏食而冬蟄。」〔漢〕高誘·注：「介，甲。龜鱉之屬也。」	"[""海～。"", ""魚～。""]"	community contributor|教育部. 教育部重編國語辭典修訂本: 臺灣學術網路第五版[DB]. 2015.	2025-09-15 15:14:31	2025-09-15 15:12:46
xgxpjjwd67k	xvktuvqzuxy	介	100	n	姓。		"[""～之推（春秋時晉國人）。""]"	community contributor|教育部. 教育部重編國語辭典修訂本: 臺灣學術網路第五版[DB]. 2015.	2025-09-15 15:12:46	2025-09-15 15:12:46
xjqxm67bdnd	xqw35dnpt2d	粉片糕	1		祭竈用的糕點			community contributor	2025-05-16 17:06:08	2025-05-16 17:06:08
xcer7cmjgm2	x4hkgpke5c7	竈糖竈餅	1		祭竈用的糕點			community contributor	2025-05-16 17:06:08	2025-05-16 17:06:08
xjbxxe5q7t2	xx59nqc2kze	金錢餅	1		祭竈用的糕點			community contributor	2025-05-16 17:06:08	2025-05-16 17:06:08
x6pmwd3p7pv	xkncaasgp73	紅紙包	1		祭竈用的糕點			community contributor	2025-05-16 17:06:08	2025-05-16 17:06:08
xrvtgtpvxpr	xzkuzveq57c	金橘糖	1		祭竈用的糖果			community contributor	2025-05-16 17:06:08	2025-05-16 17:06:08
x4juh7wnfnt	xc6qrns938a	萬字糕	1		祭竈用的糕點			community contributor	2025-05-16 17:06:08	2025-05-16 17:06:08
x4hjm8tdvr6	xtwej4vk3ng	豬油糕	1		祭竈用的糕點			community contributor	2025-05-16 17:06:08	2025-05-16 17:06:08
xvn7spgyhf8	x5g7euznzs6	麻芝	1		一種閩式年糖年餅，味甜。			community contributor	2026-02-10 12:13:37	2025-05-16 17:06:08
xpvhhhqh2we	xchf7b6kj3w	岳*	1	v	擡頭			community contributor	2025-07-28 22:33:59	2025-05-16 16:56:02
xvqgwmy7egx	x4eywwub58m	世*	1		什麼、何。不成詞語素。		"[""~乇（什麼）"", ""~名（什麼）""]"	community contributor	2025-09-13 12:01:09	2025-09-13 12:01:09
xc5jxphzt6a	xvhr6tcnnq8	啪*	1	cl					2025-07-28 22:33:59	2025-05-16 16:56:29
xk8e6j3z4cz	xr3wtyyfx6c	瓣	1	cl					2025-07-28 22:33:59	2025-05-16 16:56:21
xqu2qwdwgbj	xz86e67s6be	陸拾	1	num	漢數字「六十」的大寫			community contributor	2025-10-22 20:40:26	2025-10-22 20:37:37
xh6h54z8nxq	x5zzgy8ucum	集美	1	n	區名，屬廈門市管轄。			community contributor	2025-09-28 16:19:45	2025-09-28 16:19:45
x8tbtztayvn	x4498m2kccb	五中	1	n	「第五中學」的簡稱			community contributor|community contributor	2025-09-28 16:51:45	2025-09-28 16:51:45
xgc4cwsdzs2	xm8kvbzbenp	莆田	1	n	城市名，在福建。			community contributor	2025-09-06 21:55:11	2025-05-16 17:05:46
xgzgt3fx4qz	x6nfy4mnkq8	在*	1		沉穩，穩重			community contributor	2025-06-16 19:05:08	2025-06-16 19:05:08
xp5u7pnc43f	x6nfy4mnkq8	在*	2		倚靠			community contributor	2025-06-16 19:05:08	2025-06-16 19:05:08
xzdv25dkbp2	x6nfy4mnkq8	在*	3		幫扶			community contributor	2025-06-16 19:05:08	2025-06-16 19:05:08
x6mzsp5hhn6	xyjbz2qfdpf	迫*	1	v	撲粉			community contributor	2025-07-28 22:33:59	2025-05-16 16:56:11
xun39tmjag6	x9j8q79naab	慢*	1		以後		"[""食去～介*講（喫了以後再說）！"", ""等囇～介*講（等一下再說）。""]"	community contributor|community contributor	2025-10-14 01:16:55	2025-06-16 19:09:59
x33t8zawwsq	x47sjeymcau	驢*	1	v	辱罵。			community contributor	2025-09-30 15:43:27	2025-09-30 15:43:27
xzgujj6rn2p	xdpnn3tgfg7	流	1	v					2025-07-28 22:33:59	2025-05-16 16:56:13
xywnjz3v92e	xpyfzkgnway	䶎	1	on	見「䶎䶑」			community contributor	2026-04-12 02:42:56	2026-04-12 01:34:41
xgks4697cu2	xpyfzkgnway	䶎	2	v	打（噴嚏）		"[""䶎䶑～儥出""]"	community contributor	2026-04-12 02:47:08	2026-04-12 02:42:56
xwf6vcmqwck	x5cfc4ntnan	碡	1	n					2025-07-28 22:33:59	2025-05-16 16:56:11
xjb7wfmvy7u	x9xu4k2vv58	臺*	1	v	修補，補綴。			community contributor	2025-09-14 14:11:01	2025-09-14 14:11:01
xb5syj67m3k	x9xu4k2vv58	臺*	2	v	叮囑，補充說明。			community contributor	2025-09-14 14:11:01	2025-09-14 14:11:01
x9pubepestj	x78s7vupfxq	超*	1	v	發情			community contributor	2026-04-10 14:08:33	2026-04-10 14:08:33
xjkh4vyvn47	x78s7vupfxq	超*	2	adj	雄性動物發情貌			community contributor	2026-04-10 14:08:33	2026-04-10 14:08:33
x5b5pfdybcp	x78s7vupfxq	超*	3	adj	得意地炫耀自己的外表、地位、才能等的樣子	含譏諷意		community contributor	2026-04-10 14:08:33	2026-04-10 14:08:33
xwk25qer7cm	x78s7vupfxq	超*	4	adj	（服飾）顏色鮮艷、花紋繁複，非常奪目，甚至眼花繚亂			community contributor	2026-04-10 14:08:33	2026-04-10 14:08:33
xhe8s832982	xkdcpdeptwz	梅雨	1	n	同普通話「梅雨」。			community contributor	2025-09-15 15:19:40	2025-09-15 15:19:40
xckbcycf5tt	xruvypnybtb	手電	1	n	手電筒。			community contributor	2025-09-18 23:32:23	2025-09-18 23:32:23
xmu5dhrh82u	xsd4kbvqqdg	貓蒂	1	n	貓			community contributor	2025-12-26 21:21:27	2025-12-26 21:21:27
xmgh4cpz5fp	xpjk3y3rdgq	𧏫母	1	n	蟑螂			community contributor	2025-11-01 12:50:49	2025-11-01 12:50:49
x9ev3t22ay5	xkxvcmggbe5	章魚	1	n	同普通話「章魚」。	口語也說「和尚頭」。		community contributor	2025-09-06 21:19:43	2025-09-06 21:19:43
xq2mvnurjqk	xqgmwuw8zna	杉樹	1	n	杉樹。			community contributor	2025-09-18 23:25:22	2025-09-18 23:25:22
xye32mu28x5	xskcu6e83vc	梧桐	1	n	樹名。屬落葉喬木，形貌筆直，樹皮平滑，葉有柄，夏季開黃綠色花。其用甚廣。亦爲文人筆下秋日淒清之景的常見象徵。			community contributor	2025-09-28 17:04:49	2025-09-28 17:04:49
xamvfqngj7b	xe24zz5ny8f	漢馬大	1		個頭（很）大。			community contributor	2025-09-18 23:24:36	2025-09-18 23:24:36
x8ja6nm8bnb	xpu883ay2xp	賭博鬼	1	n	慣賭，賭鬼。			community contributor	2025-09-19 18:51:50	2025-09-19 18:50:59
xms6nc7qhcz	xeyqvshum86	嬸媽	1	n	父母的嬸嬸			community contributor	2025-07-28 22:33:59	2025-06-15 22:46:55
x5z5vbpy8e8	x332geqe5hj	姨姨	1	n	姨母。			community contributor	2025-09-18 23:23:14	2025-09-18 23:23:14
x8yhmkrjgnc	xzr4r8rygd2	頌衣裳	1		動賓短語，穿衣服。			community contributor	2025-09-18 23:19:23	2025-09-18 23:19:23
xg8x3z6uvts	xk8qsdqes7r	背心	1	n	同普通話「背心」。			community contributor	2025-09-18 23:09:11	2025-09-18 23:09:11
xnf3x74z2st	x8s3cf6p5st	雨靴	1	n	雨靴。			community contributor|community contributor	2025-08-27 12:33:36	2025-08-27 12:33:36
xm7hg7bezdy	x8df4jkvjee	短䘼	1	n	短袖。		"[""~快頌起去！（快把短袖穿上！）""]"	community contributor	2025-09-14 23:41:41	2025-08-27 22:48:05
xg9cfmg9j4e	xqby6v64jaq	討新婦	1		動賓短語，娶媳婦			community contributor	2026-04-10 19:27:50	2026-04-10 19:27:50
xfbbup3y6jr	xumvaeb8gby	頭七	1	n	頭七，過世後的第七天。			community contributor	2025-09-18 23:12:59	2025-09-18 23:12:59
xq72varjqbx	xm3sre3p5nz	行第	1	n	字輩		"[""我～是「善」（我字輩是「善」）""]"	community contributor	2026-03-19 21:54:13	2026-03-19 21:54:13
xk75qzzn4br	xntzb8zgbjs	拾柴	1		動賓短語，撿柴火			community contributor	2025-10-22 20:35:36	2025-10-22 20:35:36
xz8jhg8y8g6	x7ng3u3rtpm	䉐桶	1		動賓短語，箍桶。			community contributor	2026-02-12 01:43:53	2026-02-12 01:43:53
xgs2zcs7x9f	x993gjtaxxf	𠠫*牆	1		動賓短語，（以磚）砌墻			community contributor	2025-10-17 15:53:17	2025-10-17 15:51:45
xwh5dbnscmn	x2vdmnqtfac	砌牆	1	n	動賓短語，砌磚，砌牆。			community contributor	2025-10-17 15:27:02	2025-10-17 15:19:40
xmeqbe4h8uc	xk7fb5wsdpc	𠠫*竈	1		動賓短語，（以磚）砌竈			community contributor	2025-10-17 15:52:53	2025-10-17 15:52:53
xtxquukug43	xkkkdvx645k	舞龍	1		動賓短語，舞龍。			community contributor	2025-09-18 23:01:31	2025-09-18 23:01:31
xp29unjgex4	xaa323t28kc	拍獅	1		動賓短語，舞獅子。			community contributor	2025-09-18 23:00:33	2025-09-18 23:00:33
xxrrxrwy4hw	x222d7e2fy2	當儥帶	1		受不了。		"[""伊絕硬叫汝~。（他絕對讓你受不了。）""]"	community contributor	2025-09-14 23:41:50	2025-08-27 22:43:43
xkzn85jvahv	xmf94u7y4tc	伓驚	1		不怕，不驚訝。		"[""～，～。""]"	community contributor	2025-09-06 02:32:56	2025-09-06 02:30:51
xqcb24u8xhe	xgf2t8xjge6	好高瘌	1		自大，好表現。		"[""△～，飛白鴿。飛半天，翹了天。""]"	community contributor	2025-10-17 21:07:06	2025-10-17 21:07:06
x3vmjsj839k	x73h4yx28sw	慣勢	1		習慣。			community contributor	2025-10-17 18:47:54	2025-10-17 18:47:00
xdhacnr3eqp	xm4xf5ps3t5	幾隻儂	1		幾個人。			community contributor	2025-09-15 17:48:52	2025-09-15 17:48:52
x425b83ua2r	xvhpu55u7ps	捶	1	cl	（打一）拳頭。			community contributor	2025-09-15 17:31:28	2025-05-16 16:59:21
xrpue7psaba	xrfz478vfb3	開水壺	1	n	開水壺			community contributor	2026-04-11 22:33:01	2026-04-11 22:33:01
xusxkquxdvt	xrgug2b2g7v	廊柱	1	n	柱子。			community contributor	2025-09-15 16:38:16	2025-09-15 16:38:16
xwgcuxepdfr	xd4yp95fnef	邊斗	1	n	邊上，邊頭。			community contributor	2025-09-04 18:02:45	2025-09-04 18:02:45
xnraq9yzpy9	xbq5vmyefcf	初一早	1	n	大年初一。			community contributor	2025-09-15 16:36:59	2025-09-15 16:36:59
xg2fn75nphw	xkmer4t7n7k	上元	1	n	上元節，元宵節。			community contributor	2025-09-15 16:35:04	2025-09-15 16:35:04
xffn6nv5q4d	xnzyr8tv55z	蜀暝天光	1		一晚到天亮。通宵。			community contributor	2025-09-28 00:31:14	2025-09-28 00:31:14
xw87jq58ver	xtn2fmud9nt	䆾䆱囝	1	n	小石			community contributor	2025-10-16 23:40:55	2025-10-16 23:40:55
x86znw82utr	x2j2939h3pd	星泄窩	1	n	流星雨。			community contributor	2025-09-15 16:30:33	2025-09-15 16:30:33
x7sn7pqwczn	x5s6pjgdeg7	天涼	1		天涼。			community contributor	2025-09-15 16:28:59	2025-09-15 16:28:59
xteu5gfz8na	x2xa87n7nkw	逿雨天	1	n	下雨天。			community contributor	2025-09-15 16:23:32	2025-09-15 16:23:32
xwd3hfbycdr	x82njzzu2b6	驚凊	1		怕冷。			community contributor	2025-09-15 16:23:02	2025-09-15 16:23:02
xfjn2fq8x57	xcxcnvf33nz	豬骹	1	n	豬腳。			community contributor	2025-09-15 16:10:34	2025-09-15 16:10:34
x77h8uputee	xnmzqk5dw2r	貝*	1	n	小溪。			community contributor	2025-09-15 16:07:53	2025-09-15 16:07:53
x62e7ya93x6	xnrsqrj9pxa	三保	1		地名，在福州臺江區。「保」來自保甲制度			community contributor	2025-05-16 17:06:07	2025-05-16 17:06:07
xmqjmys3ct5	xxfmu4bfq3d	蒼霞	1		地名，在福州臺江區。原作「倉下」，得名於倉下洲，明代雅化爲蒼霞。明代「蒼霞晚照」爲南臺十景之一。有同名街道			community contributor	2025-05-16 17:06:07	2025-05-16 17:06:07
xrq8j6g6u33	xd799xjdp52	西門	1	n	依方位而分的諸門當中處西方的那一個。			community contributor	2025-09-19 11:17:16	2025-05-16 17:06:06
xz96ufdynxh	xd799xjdp52	西門	2	n	福州地名，在鼓樓區。			community contributor	2025-09-19 11:17:16	2025-09-19 11:17:16
x2x9w6gatp3	x2kpd97p8dw	南門	1		依方位而分的諸門當中處南方的那一個			community contributor	2025-05-16 17:06:06	2025-05-16 17:06:06
xkdan7zswjx	xtjax3u5zja	倉前	1		福州地名，在倉山區			community contributor	2025-05-16 17:06:06	2025-05-16 17:06:06
xh9pracccke	xammsrjejmg	犁*	1	v	人或物體緊貼著另一個物體的表面、邊緣，側向移動，輕微摩擦地經過。			community contributor|馮愛珍. 福州方言詞典[M]. 南京: 江蘇教育出版社, 1998.	2025-09-19 20:15:48	2025-09-19 20:15:48
x5y363h2ejy	xammsrjejmg	犁*	2	v	剛好、恰好通過一個抽象的事物（例如標準、限制）。		"[""寢*寢*～三中裏去。（剛剛好貼着三中進去了。壓線考進三中。）"", ""伊高考考四百八十八分，～上線。（他高考考四百八十八分，剛剛好上線。）""]"	community contributor	2025-09-19 20:15:48	2025-09-19 20:15:48
xjnsu5jthkw	xdnpw3tbcqz	謎*	1	v	淺笑，莞爾一笑			community contributor	2025-07-28 22:33:59	2025-05-16 16:56:10
xwmk749wfsu	x5rvjv4apnd	膩*	1	v	打盹兒，打瞌睡，小睡			community contributor	2025-07-28 22:33:59	2025-05-16 16:55:22
xed5prc7aqb	xq7y6num5jj	餌	1	v					2025-07-28 22:33:59	2025-05-16 16:56:08
xnk8kjmbbz7	xrswpnwyxvq	霞*	1	cl	捆			community contributor	2025-07-28 22:33:59	2025-05-16 16:54:55
xkmmuv4eun4	x2b7ybaqjpy	派	1	n	「派」的破讀		"[""～別。""]"	community contributor	2025-10-22 16:44:17	2025-10-22 16:44:17
xayykb74qqm	xn6mxm84euv	奧運會	1		「奧林匹克運動會」的簡稱			community contributor|community contributor	2025-06-16 00:24:31	2025-05-16 17:06:08
x2bwm5egxjc	xf7s6222dg7	皮划艇	1		一種在划艇中划槳前進的水上體育運動			community contributor	2025-05-16 17:06:08	2025-05-16 17:06:08
xqra8sq9vdf	xce5g7s3625	乒乓球	1		一種球類運動，由兩人或四人在桌上來回擊打一個小球			community contributor	2025-05-16 17:06:07	2025-05-16 17:06:07
xr8fz8usanu	xafc92tqjuw	體操	1		一類人爲創造的運動項目的總稱			community contributor	2025-05-16 17:06:07	2025-05-16 17:06:07
x9jwxsgqeru	xwynu7vfyfm	曝	1	v	在陽光底下晒。	口語中讀puoh5。	"[""《戰國策·燕策二》：「今者臣來過易水，蚌方出～。」"", ""～曬。""]"	community contributor	2025-10-04 13:00:07	2025-10-04 12:59:36
xy6y8v2qnhw	xr3acsgtf6u	暴	1	v	〈書〉晒。同「曝」。	口語說「曝」（puoh5）。	"[""《孟子·滕文公上》：「曾子曰：『不可。江漢以濯之，秋陽以～之，皜皜乎不可尚已。』」""]"	community contributor	2025-12-27 12:44:21	2025-10-04 12:58:25
xwnvktt3r5n	xr3acsgtf6u	暴	2	v	〈書〉顯露。		"[""〔宋〕蘇洵《六國論》：「思厥先祖父，～霜露，斬荊棘，以有尺寸之地，子孫視之不甚惜。」"", ""～露。""]"	community contributor	2025-12-27 12:44:21	2025-10-04 12:58:25
x859qhwak4b	x5wvvynbak3	開幕式	1	n	會議或活動正式開始的儀式。			community contributor	2025-09-19 11:20:12	2025-05-16 17:06:07
x66ykcsqq8n	xdnq6xr76sy	𠠫*	1	v	（以磚）砌（牆）。		"[""～牆"", ""～竈""]"	community contributor	2025-10-17 15:48:53	2025-10-17 15:46:46
xy5hpbjtnqm	x44rbd7cbhv	荒唐	1		罵人的話，猶北方話罵「混帳」，音同「方腸」。		"[""方腸（～）拉四角屎。""]"	community contributor	2025-09-24 21:01:57	2025-05-16 17:06:07
xajrn9c7c2r	xt4jurqsr2q	佮國	1		玩遊戲時分幫結派			community contributor	2025-05-16 17:06:07	2025-05-16 17:06:07
xrw4e3qqwyq	x8rbwbmanua	搧紙片	1		遊戲名，即拍紙片，目標是把紙片翻到反面。			community contributor	2025-09-14 12:27:26	2025-05-16 17:06:07
xs8nwkx8938	xf9dnbxr33s	耩*耩*䠓*	1		比指頭大小的遊戲。	本字不明，《𥻵典》取同音字。		community contributor	2025-09-15 12:45:34	2025-05-16 17:06:07
xm8a9mumstv	xjffwupkysg	綁*綁*啡*	1		比指頭大小的遊戲。	本字不明，《𥻵典》取同音字。		community contributor	2025-09-15 12:45:58	2025-05-16 17:06:07
x33hmx8xzqk	x8g3a93z9bg	摔啪	1		遊戲名，即拍紙片，目標是把紙片翻到反面			community contributor	2025-05-16 17:06:07	2025-05-16 17:06:07
xm9y8bt2tsu	xbjk2kmjwv9	戰啪啪	1		比拼把卡片翻到反面的遊戲。每人出一張牌，然後輪流來扇。哪張被誰扇到反面，哪張就歸誰。			community contributor	2025-09-14 01:08:04	2025-05-16 17:06:07
x7we2jk6ymj	x2n6kvq3t7t	戰啪	1		比拼把卡片翻到反面的遊戲。每人出一張牌，然後輪流來扇。哪張被誰扇到反面，哪張就歸誰			community contributor	2025-05-16 17:06:07	2025-05-16 17:06:07
xusdyq3aq68	x5hk86ju674	戰卡	1		比拼把卡片翻到反面的遊戲。每人出一張牌，然後輪流來扇。哪張被誰扇到反面，哪張就歸誰。			community contributor	2025-08-24 22:23:03	2025-05-16 17:06:07
xxmc76h6ajf	xxrv3hsasc4	老𪺾	1		老鷹			community contributor	2025-05-16 17:06:07	2025-05-16 17:06:07
xbh9sk8cfmd	x7yyb4cz3vv	跳棋	1		棋盤遊戲，可有二至六人同時遊戲。棋盤爲六角星。棋子分爲六種顏色，一般是玻璃珠。每人擁有一種顏色的棋子，一般是十五個，並擺滿一個角。最先將己方棋子全部移動至對角，即爲優勝			community contributor	2025-09-24 21:02:24	2025-05-16 17:06:07
x4mxg878cdf	xhqnyfhe8tu	也會	1		也能。表條件的並列。		"[""～使。""]"	community contributor	2025-09-25 21:27:12	2025-05-16 17:06:04
xu5xe9a6exk	xhqnyfhe8tu	也會	2		也能。表詰問的語氣。		"[""總*款事際～做的出？""]"	community contributor	2025-09-25 21:27:12	2025-09-25 21:27:12
xerrrkesc69	xu6zx8ghpuw	拍石子	1		打石頭			community contributor	2025-05-16 17:06:06	2025-05-16 17:06:06
xx8nt77nk4u	x3h8qfjuyqr	煤碼頭	1		煤碼頭			community contributor	2025-05-16 17:06:06	2025-05-16 17:06:06
xphmvr52du8	xn3xy7jxpmy	燈籠穗穗	1	n	燈籠穗兒。			community contributor	2025-09-24 21:08:42	2025-05-16 17:06:06
xrjr7wpew4h	x7kmcm2h9ed	柱柱	1	n	柱子。			community contributor	2025-09-24 21:10:55	2025-05-16 17:06:06
xsej3dkqtvd	xbpvsmjwwep	桶桶	1	n	水桶。			community contributor	2025-09-24 21:11:12	2025-05-16 17:06:06
xtfd9gbtzyt	xqk88zzvezj	箬箬	1		葉子			community contributor	2025-05-16 17:06:06	2025-05-16 17:06:06
xrurwvy63zt	xzpcz3k79pk	根根	1		植物根莖			community contributor	2025-05-16 17:06:06	2025-05-16 17:06:06
x89h82c9gfy	xksvnaad9mb	洞洞	1	n	窟窿。			community contributor	2025-09-24 21:11:29	2025-05-16 17:06:06
xdq2ppevarz	xzjnver9mwx	世*乇儂	1		甚麼人			community contributor	2026-03-20 22:03:36	2026-03-20 22:03:36
xtnwr5rymcy	xuhhp4rtref	哪裏	1		〈書〉同普通話「哪裏」	表示何處，口語說「俤所」。自謙「哪裏哪裏」，可以說「無者事，無者事」（沒這事）。強烈地質疑對方的主張，可以說「頭*管*」。		community contributor	2026-04-12 17:48:08	2026-04-12 17:48:08
xnfnsqt66w7	x7z3rrmnujs	那個	1		〈書〉那個。			community contributor	2025-09-15 16:03:22	2025-09-15 16:03:22
xt3mfnpa8jp	xt8jtxsqmrk	那處	1		〈書〉那處，那裏。	《榕腔註音辭典》（1929）第1278頁爲這個詞標註的口語形式是「許塊」（hy55 looy21）。		community contributor	2025-09-15 16:01:15	2025-09-15 16:01:15
xdgg96kyhf7	xeyapht8add	汝好	1		你好，問候語。		"[""～，汝名世乇？（你好，你叫什麼名字？）""]"	community contributor	2025-10-28 15:15:44	2025-05-16 17:06:06
xnzhghz8wwc	xvkzcprpp88	水䖳	1		海蜇皮，有時特指水份較足者			community contributor	2025-05-16 17:06:06	2025-05-16 17:06:06
xw9grrrvjzm	x72u2mfspz9	做公做媽	1		都能當爺爺、當奶奶了，極言其老、上年紀。		"[""這隻歌手我會仈（知道），這隻也會仈！——汝會仈其都黃塗埋蜀半（年過五十），會做公去，都做媽去。""]"	community contributor	2025-09-24 21:13:55	2025-05-16 17:06:06
xwjv8srjm4a	x2whbevu62d	頭盤	1		剛纔			community contributor	2025-05-16 17:06:06	2025-05-16 17:06:06
x45fkeehx8g	xfaqn6e9vny	這樣	1		〈書〉這樣。	《榕腔註音辭典》（1929）第199頁爲這個詞標註的口語形式是「將*換*」。		community contributor	2025-09-15 15:58:31	2025-09-15 15:58:31
xzndzsujgtu	x2jsy74wcrr	這位處	1		〈書〉這個地方。	口語可以說「者*位處」。		community contributor	2025-09-15 15:55:56	2025-09-15 15:55:56
xn7z8u8qbqs	xsx3jz45sh8	這個	1		〈書〉這個，這一個。	這個，口語說「這隻」「這芘」。這一個，口語說「這蜀隻」「這蜀芘」。		community contributor	2025-09-15 15:54:34	2025-09-15 15:54:34
xu22qpbxqcn	xrjc3nr6fsu	者*號	1		這種。	書面語形式爲「這種」（zie24 zyng33）。《榕腔註音辭典》（1929）第199頁解釋爲「this kind」。		community contributor	2025-09-15 15:50:20	2025-09-15 15:50:20
xvyhpzmsfb2	x8xa36k7g5f	這脆	1		如此地精緻、華麗。	《榕腔註音辭典》（1929）第188頁解釋爲「so fine and showy」。		community contributor	2025-09-15 15:46:41	2025-09-15 15:46:41
xg6ubgjxsbk	xrx6kbjqzjk	這蜀流	1		這一回，這一次			community contributor	2025-05-16 17:06:09	2025-05-16 17:06:09
xusr3y74fab	xdnpqeex4ny	這剌	1		這個。	也可以說「者*」（zia33）。	"[""～儂（這個人）。""]"	community contributor	2025-09-15 15:42:12	2025-09-15 15:42:12
x2x33s53znr	x4gqnwfza3g	這樁	1		這樁，這樁子。		"[""～其事。"", ""這蜀樁事。"", ""這蜀樁其事。""]"	community contributor	2025-08-27 21:07:57	2025-08-27 21:07:57
xfsumwcfdtx	xcmznegpxc9	者*款款	1		這個模式，這個方法。			community contributor	2025-09-15 16:14:39	2025-09-15 15:39:37
xztnxdu3mp6	xqbrjq96kcq	者*款	1		這個模式，這個方法。			community contributor	2025-09-15 16:16:01	2025-09-15 15:38:26
x4ns7bn63vg	xremjm9r5sm	者*體體	1		這個方法，這個方式。			community contributor	2025-09-15 16:16:05	2025-09-15 15:36:37
xydqxsw9q7x	xthn8r7z7c6	者*體	1		這個方法，這個方式。			community contributor	2025-09-15 16:16:09	2025-09-15 15:36:04
x7jsyt832tx	xq6rxpvk2gk	體體	1	n	方法、方式。	《榕腔註音辭典》（1929）第192頁解釋爲「form or way」。		community contributor	2025-09-15 15:34:41	2025-09-15 15:34:41
x8bdghf4nyu	xfezvmc2j6s	柏	100	n	姓		"[""～景（周代人物）""]"	community contributor	2025-09-25 21:38:20	2025-05-16 17:06:04
xchkv9e67kn	x7pryhepvxg	逿雨	1		動賓短語，下雨，降雨。			community contributor	2025-09-15 14:14:14	2025-05-16 16:56:48
x9zwhgrzzex	xmzs6k8vdgu	上海	1	n	城市名			community contributor	2025-09-25 21:39:00	2025-05-16 17:06:04
x93rmqfeyq6	xytqy37vu5r	田螺姑娘	1	n	螺女，田螺姑娘。陶淵明《搜神後記》載，晉安帝年間，侯官人謝端少喪父母，由鄰居養大。謝端恭謹守法，唯到了年齡猶未娶妻。某日謝端得一大螺，覺得稀奇，養在水缸。此後謝端每日歸家，都會看到佳肴滿桌。謝端以爲是鄰居幫忙，鄰居則不解，笑稱是謝端妻子做的。一日謝端出門後悄悄提前返回，窺見水缸裡冒出一位少女，爲他煮好飯菜，打掃屋舍。謝端前去水缸查看，不見田螺，便詢問女子身份。女子走避不及，只得應答。原來是天界的白水素女，受天帝委派，給謝端當家庭主婦，待謝端十年之中致富了便離去，如今被碰見，只得馬上離去。謝端爲她立廟祭祀，最後家中小康，官至縣令。螺女是福州疍民重要信仰之一。倉山有地名螺洲，閩侯境內有地名螺江			community contributor	2025-09-25 21:39:27	2025-05-16 17:06:04
xwzyaev8zdq	xbvrrageb5h	食賺管去	1		形容吃東西嗆著了。	氣管和食管兩「管」之中，喫錯了「管」，就是食物竄到氣管裏了。		community contributor	2025-09-25 21:39:48	2025-05-16 17:06:04
xd8xqdtquct	xe7exh2fuve	別位	1	n	別處，其他地方。			community contributor	2025-09-25 21:41:46	2025-05-16 17:06:04
x3cqkj8jrht	xmcgcaskgvp	防颱	1		指在颱風來臨前進行船隻回港避風，加固房屋，在家守衛等防範行爲。			community contributor	2025-09-14 14:14:51	2025-05-16 17:06:04
xnc6b9jecsd	xae68x52rnw	食賺眼去	1		形容吃東西嗆著了。	氣管和食管相當於一個「眼」，喫錯了「眼」，就是食物竄到氣管裡了。		community contributor	2025-09-25 21:41:58	2025-05-16 17:06:04
x7y8p87syqw	xxbcchfhrsm	副司	1		撲克牌中的小王			community contributor	2025-05-16 17:06:04	2025-05-16 17:06:04
xk2tx6nhfjv	xxg8bjq9rvw	正司	1		撲克牌中的大王			community contributor	2025-05-16 17:06:03	2025-05-16 17:06:03
x42rthdgkpm	xxcugsfsftg	司令	1		撲克牌中的大小王			community contributor	2025-05-16 17:06:03	2025-05-16 17:06:03
xud9gwcbjes	xkrkvt7ae6a	小鬼	1		撲克牌中的黑白鬼牌			community contributor	2025-05-16 17:06:03	2025-05-16 17:06:03
xqavfumau5r	xe85z6dzyjk	大鬼	1		撲克牌中的彩色鬼牌			community contributor	2025-05-16 17:06:03	2025-05-16 17:06:03
xgv4vzxxmcc	x6xxs2ycvju	有名儂	1		名人，有名人			community contributor	2025-05-16 17:06:03	2025-05-16 17:06:03
xqwaby43aev	x8cg3jayt92	荀	100	n	姓			community contributor	2025-09-27 16:04:04	2025-05-16 17:06:02
xzk9t8bfvdc	xaevcw55brs	於	100	n	姓		"[""～清言（宋代人物）""]"	community contributor	2025-09-27 14:08:13	2025-05-16 17:06:02
xdxbhnjcfya	x4baezs7jnu	于	100	n	姓		"[""～謙（明代人物）""]"	community contributor	2025-09-27 16:03:43	2025-05-16 17:06:02
x5nx7e5zcpq	x5s5scan958	華	100	n	姓		"[""～佗（漢代人物）""]"	community contributor	2025-09-27 16:46:50	2025-05-16 17:06:01
x4t6ejfh4t2	x99scsrwqfg	強	100	n	姓		"[""～行健（清代人物）""]"	community contributor	2025-09-27 16:47:16	2025-05-16 17:06:01
xv283xkbwvs	xfcfrwwpme2	歐陽	100	n	姓		"[""～詢（唐代人物）""]"	community contributor	2025-09-27 16:48:14	2025-05-16 17:06:01
xvjrnze8ctr	x37w6grakag	涂	100	n	姓		"[""～天明（宋代人物）"", ""～正勝（宋代人物）""]"	community contributor	2025-09-27 16:48:32	2025-05-16 17:06:01
x9ebuq64uvj	xevnw2veru7	郝	100	n	「郝」（haik24）姓的又讀。		"[""～市長。""]"	community contributor	2025-09-26 19:42:32	2025-05-16 17:06:01
xfgm2gzex37	xcj4g2dgb9p	范	100	n	姓		"[""～仲淹（宋代人物）""]"	community contributor	2025-09-27 16:53:50	2025-05-16 17:06:00
xhgjnk3g93b	x48y4pfn3rv	余	100	n	姓		"[""～靖（宋代人物）""]"	community contributor	2025-09-27 16:56:07	2025-05-16 17:06:00
xwdde86xy6d	xf3qzrkwh7n	傅	100	n	姓		"[""～玄（晉代人物）""]"	community contributor	2025-09-27 17:05:30	2025-05-16 17:06:00
x79fewgsrm8	xy632y94s98	宋	100	n	「宋」（soung213）姓的又讀	該讀音見於閩侯，曾有南嶼鎮江口村全村宋氏讀此音	"[""小～""]"	community contributor	2025-09-27 17:08:10	2025-05-16 17:05:59
xb7a8dajx2x	xqyfxeuhzv2	梁	100	n	姓		"[""～益（春秋晉人物）""]"	community contributor	2025-09-27 17:08:35	2025-05-16 17:05:59
xvam7t4eb4r	xs3z2dmqaex	滿清尾	1		清末			community contributor	2025-05-16 17:05:59	2025-05-16 17:05:59
xy3fphmnxwm	xu52dxrf9ch	編程	1		「編定程序」的中文簡稱。即爲使計算機代碼解決某問題，對某計算體系規定一定運算方式，使計算體系按該計算方式運行，並最終得到相應結果的過程			community contributor	2025-05-16 17:05:59	2025-05-16 17:05:59
x8yqyt59vvn	xaz8d3v82gc	万俟	1	n	姓。本爲鮮卑部落名，後魏以爲姓氏。		"[""～普（北齊人物）。"", ""～詠（宋代人物）。""]"	community contributor	2025-09-24 14:33:30	2025-05-16 17:05:59
x7cnbjf84zg	xyh9mhg5adp	葉	1		地名。春秋時楚國的邑地，故址約在今河南葉縣南方三十里			community contributor	2025-05-16 17:05:59	2025-05-16 17:05:59
xsn3p68eq78	xhb9q3pvjf5	賈	1		通「價」。價格，價值。			community contributor	2025-09-24 14:31:43	2025-05-16 17:05:59
xmsu6d7hsff	x5nnw72c8yg	了吓	1		句尾語氣詞，表達強調、主張。		"[""無賺～。（沒錯了啊。）""]"	community contributor	2025-09-24 14:30:12	2025-05-16 17:05:59
x5mdtuxd3dg	xha5dzkaern	熬暝	1		熬夜			community contributor	2025-05-16 17:05:59	2025-05-16 17:05:59
x428bmqb22u	xye9edtctra	客佻囝	1		花花公子			community contributor	2025-05-16 17:05:59	2025-05-16 17:05:59
x9k977grr4p	xpeb8apftvr	無生活	1		無生活出路			community contributor	2025-05-16 17:05:59	2025-05-16 17:05:59
xyrsyzm2z9h	xd2jkz5wujw	䭣囝	1		直徑約三公分的團狀麪製食品			community contributor	2025-05-16 17:05:59	2025-05-16 17:05:59
xf69sjy9kx8	xfumht4n8eu	粗字	1		較低但基本的識字量，能夠寫自己的名字，看懂簡單的報章、宣傳單、廣告標語的程度。以此或代指夜校、掃盲班培訓出來的識字程度，或代指通過在教會的學習能簡單讀懂《聖經》的程度，或代指通過自學能夠簡單閱讀的程度。			community contributor	2025-09-24 14:00:54	2025-05-16 17:05:58
xhkv58tsjbr	xypccct828b	𠱌	1	part	語氣詞。表徵詢；或用徵詢的語調以強調、主張，類似於普通話的“嗎”。		"[""「嵩口」這芘地名，當地其儂是讀「新*口」，～？"", ""嚽（這個）福州話是告（叫做）「蟶」～。""]"	community contributor	2025-08-25 22:17:33	2025-05-16 17:05:59
xp2e9j2b9v5	xypccct828b	𠱌	3	part	語氣詞。跟在他人的發言、陳述之後。表達說話人瞭解了對方的主張，甚至是肯定、讚許、認同。獨立成句。		"[""～（這樣啊）……"", ""——總*款（原來如此）！——～（我說的對吧）！""]"	community contributor	2025-08-24 17:23:28	2025-08-02 22:37:28
xst8zv4nxyv	x329ek9vabu	絕硬	1	adv	絕對。		"[""這回考書～會過！（這次考試絕對能過！）""]"	community contributor	2025-09-14 23:40:03	2025-05-16 17:06:04
xfjaswcvryn	x3h8asjgkuw	報恩定光多寶塔	1	n	福州地名，俗稱「白塔」			community contributor	2025-07-28 22:33:59	2025-05-16 17:06:04
xbzn7upv6gh	x79e5whuac8	崇妙保聖堅牢塔	1		福州地名，俗稱「烏塔」			community contributor	2025-05-16 17:06:04	2025-05-16 17:06:04
xyqpckqhy4w	xgbv8sdtpwz	鄭家樓	1	n	福州地名，在倉山上渡、師大附中附近。			community contributor	2025-09-15 01:08:29	2025-05-16 17:06:04
xz2sqszg639	x6ddds4q3w6	安泰樓	1		福州地名			community contributor	2025-05-16 17:06:04	2025-05-16 17:06:04
xbdmhr5fz9c	x63jafvbkn2	鎮海樓	1		福州地名			community contributor	2025-05-16 17:06:04	2025-05-16 17:06:04
xvceebe77k7	xa6bug22qgr	個	1	cl	通用量詞，多指月份、人等		"[""這隻儂是兩～聲（這個人是外地口音）。"", ""都過去三～月日了，我蔣*記會清楚（都過去三個月了，我怎麼記得清楚）。"", ""伊愛看三～指醫生（他喜歡看中醫）。""]"	community contributor	2025-12-26 22:06:53	2025-05-16 16:54:52
x4fxuauksxp	x52w9ar5thp	運氣	1	n	同普通話「運氣」。			community contributor	2025-08-25 00:50:58	2025-08-25 00:50:58
xajxss7uvy4	x52w9ar5thp	運氣	10		〈書〉動賓短語，將力氣貫注到身體某一部位			community contributor|教育部. 教育部重編國語辭典修訂本: 臺灣學術網路第五版[DB]. 2015.	2025-08-25 00:54:33	2025-08-25 00:54:33
xj47hqsp82f	x44jg5hsfa2	十八景	1		鼓山的一個景區			community contributor	2025-05-16 17:05:58	2025-05-16 17:05:58
xpk8c6g9ren	xnrqr2n2849	李乾	1		李子乾			community contributor	2025-05-16 17:05:58	2025-05-16 17:05:58
xs4m4ctgpjj	xtjf4tb8m45	筍絲	1		食物名			community contributor	2025-05-16 17:05:58	2025-05-16 17:05:58
x89vue6sp2e	xme4ncfanbp	金花接報	1	n	黃蜀葵花。			community contributor	2026-04-12 21:54:33	2025-05-16 17:05:58
xej2bbbxh5e	x2xqxs8zfga	爬後牆	1		挖牆腳，挖取競爭人員的相關人員、技術			community contributor	2025-05-16 17:05:58	2025-05-16 17:05:58
xvqzw9tx8vq	xrbabact7wu	霸*霸*露	1		精液			community contributor	2025-05-16 17:05:58	2025-05-16 17:05:58
xgb9pdcgf54	xpjxn6s2qv2	鼻糊其	1		用鼻涕糊起來的，形容物品質量差			community contributor	2025-05-16 17:05:58	2025-05-16 17:05:58
xpwprc9n5yz	x9qqaxvh4tz	破草鞋	1		形容物品質量差			community contributor	2025-05-16 17:05:58	2025-05-16 17:05:58
xsu2scem6dn	xbe43gvfan3	硬襯	1		指人有實力			community contributor	2025-05-16 17:05:58	2025-05-16 17:05:58
xga7panencr	x2dv2kbzn8d	當襯	1		指人正當年			community contributor	2025-05-16 17:05:58	2025-05-16 17:05:58
xegqeugbb6t	x5qjw7j7mxk	別乇	1		其他東西。			community contributor	2025-09-24 13:04:22	2025-05-16 17:05:58
xrsng8h9a2h	xwdu2pphrcu	麻梢	1	n	用來教訓小孩的小鞭子，以竹或樹枝等材料製成，比「箠梢」（cy55 le55）更小			community contributor	2025-07-28 22:33:59	2025-05-16 17:05:58
xm4777nkq72	xw4pe4846bs	無塊挌	1		沒地方扔。			community contributor	2025-09-24 13:02:54	2025-05-16 17:05:58
xkbh72jd6sh	xw4pe4846bs	無塊挌	2		形容物品質量差。			community contributor	2025-09-24 13:02:54	2025-09-24 13:02:54
x7r2b38y54t	xbwsgrr9552	酒家	1	n	酒家。		"[""去俤蜀間～。""]"	community contributor	2025-09-24 13:01:57	2025-05-16 17:05:58
x38efd33th3	xpm3atdf82m	餐館	1	n	餐館。		"[""去俤蜀間～。""]"	community contributor	2025-09-24 13:01:44	2025-05-16 17:05:58
xwz7e73ghym	xuc9dawr33y	閩北	1		福建北部			community contributor	2025-05-16 17:05:58	2025-05-16 17:05:58
xd4q8e4jdss	xwbt4qupme9	下南話	1	n	福建南部的漢語方言。普通話稱之爲「閩南話」。			community contributor	2025-11-16 16:42:27	2025-05-16 17:05:58
xjt7rs6hemz	x2pqt4fqkmt	裏出	1		出入，進出。		"[""～平安。""]"	community contributor	2025-09-24 13:01:32	2025-05-16 17:05:58
xh65mfwrrkt	x6bkepndtak	青頭髮	1		黑頭髮			community contributor	2025-05-16 17:05:58	2025-05-16 17:05:58
x2tegvfjvvb	xr6d58ac6p8	硬塞	1		強塞，強行給予。			community contributor	2025-09-24 13:01:21	2025-05-16 17:05:58
x65fy5gnrka	xr6d58ac6p8	硬塞	2		代指賄賂，極言其盛情。		"[""紅紙包（紅包）～裡。""]"	community contributor	2025-09-24 13:01:21	2025-09-24 13:01:21
xqsj3gr87jg	xzeze6zgrvf	養豬囝	1		動賓短語，飼養小豬。			community contributor	2025-09-24 12:59:17	2025-05-16 17:05:58
xf5jbqbaw9d	xzeze6zgrvf	養豬囝	2		◇指家長將小孩寄住於教師家中。			community contributor	2025-09-24 12:59:17	2025-09-24 12:59:17
xaqt3n3392d	xtsemt98jc7	起早睏晏	1		起早貪黑			community contributor	2025-05-16 17:05:58	2025-05-16 17:05:58
xhex5yvgfpw	x9xn7jnm93z	段警	1	n	片警。			community contributor	2025-09-24 12:58:27	2025-05-16 17:05:58
xctwupfb82p	x5z8fjb7857	段長	1		年段長，年級長			community contributor	2025-05-16 17:05:58	2025-05-16 17:05:58
x32uaqffh89	xsqvy7rsqny	蟳麵	1		菜餚名			community contributor	2025-05-16 17:05:58	2025-05-16 17:05:58
xjj4h625fez	xy62swbwr5t	十八坂	1		閩清習俗。誕生於清代嘉慶年間。時閩清縣阪東鎮芝田宮方落成，鄰近十八個鄉鎮的百姓齊聚阪東慶賀，並在芝田宮周邊開設春耕生產商品交易活動，《閩清縣誌》稱之爲閩清「十八阪」。活動項目爲遊神、遊古鎮、品美食、看美景、享文化、購物、備耕。「十八阪」推崇的「神」，是跟隨王審知建立閩國的清廉無敵的四將軍二總管，以及閩清史上最有名的二位清官——元代的董禎、明代的沈源。「十八阪」舉辦三天，即農歷正月十七、十八、十九，但伴隨節慶活動而來的商品交易活動需要延長二十餘天			community contributor	2025-05-16 17:05:58	2025-05-16 17:05:58
xxtqzuu6b2v	x5mg6hp5rdc	壤壤	1		螃蟹的腮			community contributor	2025-05-16 17:05:58	2025-05-16 17:05:58
xvn28aaqufd	xqkwetajjrj	拍戰	1		打仗，打戰			community contributor	2025-05-16 17:05:58	2025-05-16 17:05:58
x8dbdvdh9rg	xsmbnvwbzm5	坎*	1	cl					2025-07-28 22:33:59	2025-05-16 16:54:40
x8x43w2bktz	xsmbnvwbzm5	坎*	1	cl	計量店面的單位。	福清方言。坎，同音字。	"[""蜀～店。"", ""伊豆菜做野好，發各～店去賣。""]"	community contributor, community contributor	2025-09-24 12:44:18	2025-05-16 17:05:58
xbc3u9mn852	xjh69nhuefz	作風	1		生活態度與行爲風格			community contributor	2025-05-16 17:05:57	2025-05-16 17:05:57
xsvnxjbs22x	xgnmrnwnxgd	怪形怪狀	1		行爲舉止怪異			community contributor	2025-05-16 17:05:57	2025-05-16 17:05:57
xkuwez77fj4	xkqkpg2chbu	形狀	1		行爲舉止。略有貶義			community contributor	2025-05-16 17:05:57	2025-05-16 17:05:57
xzqvxzyrwwr	xf3ttcwy7gj	生䲅	1	n	生河豚。		"[""食～。""]"	community contributor	2025-09-21 13:10:12	2025-05-16 17:05:57
xba66fzxrtc	xf2wy2xzu2p	䲅囝	1		河豚			community contributor	2025-05-16 17:05:57	2025-05-16 17:05:57
xebyt46szrv	x9jazrd4wgq	䲅	1	n	河豚。		"[""釣～。"", ""食生～。""]"	community contributor	2025-09-21 13:09:29	2025-05-16 17:05:57
xx25qgzv6r9	xyenjbr4fw3	蜀個儂	1		孤身一人			community contributor	2025-05-16 17:05:57	2025-05-16 17:05:57
xs527mgf8eb	x3usfnmuhun	乙醇	1	n	常用的燃料、溶劑和消毒劑，也用於有機合成。			community contributor	2025-09-21 13:10:25	2025-05-16 17:05:57
xpvrbfjqhdf	xv3dpjze7gb	蜀隻儂	1		一個人			community contributor	2025-05-16 17:05:57	2025-05-16 17:05:57
x7z8r2wssrp	xxc2jvzfh3s	唐僧	1		中國著名古典小說《西遊記》的主要角色，孫悟空等人的師父，原型是唐代的玄奘法師			community contributor	2025-05-16 17:05:57	2025-05-16 17:05:57
x55uqh2x5r7	x9qw558kju7	下漳	1	n	指漳州。	連讀變調後的「泉州」與「漳州」同音。爲辨義，有時直稱泉州爲不變調的zuong53 ziu55，或以字形特徵稱爲「白水泉」；或以相對地理位置稱漳州爲「下漳」。		community contributor	2025-09-21 13:08:53	2025-05-16 17:05:57
xcekbxv4gx8	xbeb4qu78jj	石竹山	1		在福清市石竹街道			community contributor	2025-05-16 17:05:57	2025-05-16 17:05:57
xywpsctn35m	xau6c96g4va	扛棺材其	1		扛棺材的，擡棺人			community contributor	2025-05-16 17:05:57	2025-05-16 17:05:57
xqrckae8qwn	x7zyh3j3upf	峘	1	n	〈書〉高於大山的小山。			community contributor	2025-09-19 12:02:00	2025-05-16 17:05:59
x9r9asv55v5	x7zyh3j3upf	峘	2	n	人名用字。		"[""令狐～（唐代人物）。""]"	community contributor	2025-09-19 12:01:50	2025-08-03 22:31:48
xqy76jpx7ev	xrw767tk496	𥻵粿店	1	n	賣𥻵、粿等食物的鋪子。		"[""三成炳～。"", ""西信義～。""]"	community contributor	2025-09-12 17:28:20	2025-05-16 17:05:57
x2wr27at7av	xdcp2eeh8wm	老膣貨	1	n	對老年人的蔑稱。			community contributor	2025-09-14 21:45:53	2025-05-16 17:05:57
xwqcuvmrk8q	x9sktuxvgcm	中洲	1	n	見「中洲島」。			community contributor	2025-09-14 01:39:01	2025-05-16 17:05:57
x8rtnvw5zyq	xkwtdpebdm5	中洲島	1	n	在閩江。			community contributor	2025-09-14 01:39:41	2025-05-16 17:05:57
xyg3nb5mcc3	x8kun2cxc85	添燈	1		福州花燈習俗。婚後未得子者，贈以花燈，以「添灯（燈）」諧音寓意「添丁」。第一年送「觀音送子」；第二年送「天賜麟兒燈」，又名「嬰兒坐盆燈」；第三年送「橘燈」，以「橘」「急」同音。			community contributor	2025-09-20 15:33:27	2025-05-16 17:05:57
x9ynzcgemd6	xb7akagng78	蔣介石	1	n	政治人物，軍事家。			community contributor	2025-09-15 15:01:57	2025-05-16 17:05:57
xpkeaa3mggp	x8nss83d3f9	遠洋路	1		路名，在福州			community contributor	2025-05-16 17:05:57	2025-05-16 17:05:57
x83gsk6nvnh	x7uc2vf4ueh	福德	1		地名，在福州臺江			community contributor	2025-05-16 17:05:57	2025-05-16 17:05:57
xkday2njg8m	xbpwr8sp2ht	仙湖	1	n	境名，在福州西湖。			community contributor	2025-09-04 17:23:23	2025-05-16 17:05:57
x4sxyxhtutq	xyfjqatdf3y	討吉祥	1		「討粿」的又稱			community contributor	2025-05-16 17:05:57	2025-05-16 17:05:57
x8hrbf2hvrk	x9gqp6n68c8	討粿	1		相傳，唐末五代，唐兵入閩，殺男擄女。幸存的原住民男人逃往水面求生，成爲疍民。爲上岸尋找妻女，每年正月初三（一說初一至初三），趁岸上「唐部人」不開殺戒，疍民男人便假借討粿之名，挨家挨戶走，見到妻女便留下暗號夜裏接走（或妻女找到原有親人後逃亡江海團聚）。此習俗後來演變爲單純的討粿，也叫「討吉祥」，角色也從男人演變爲老弱婦孺			community contributor	2025-05-16 17:05:57	2025-05-16 17:05:57
xhmekv8qq6t	xc43q3cn4j6	燒燈	1		榕俗，正月廿九拗九節，要將正月嬉遊的花燈燒掉。傳說燈不燒會變爲魅鬼，壓在胸口上難受。又說與收心諧音，勸諭孩童安心讀書，外地工作者趕緊出門打拼			community contributor	2025-05-16 17:05:57	2025-05-16 17:05:57
xq5uwt5ag9w	xh7284fh5qd	曲蹄婆厝	1		蜑戶女閭。一說實非蜑戶，托稱而已			community contributor	2025-05-16 17:05:57	2025-05-16 17:05:57
xwrbjanewhf	xh69p8bb28p	無利	1		沒有利益。	部分追求財富的人認爲「茉莉」與「無利」諧音，產生忌諱（沈丹昆. 一脉馨香忆母亲. 闽都文化, 2016, (2): 21.）。		community contributor	2025-10-15 21:49:33	2025-05-16 17:05:57
xst44ew8p47	x7aef8kgws9	美國囝	1	n	指美國人。非尊敬的稱呼。	不帶情感，則說「美國儂」。		community contributor	2025-09-20 17:52:39	2025-05-16 17:05:57
xk32k868x9t	x4zedcvse5j	添丁	1		福州花燈習俗。見「添燈」。			community contributor	2025-09-20 15:32:02	2025-05-16 17:05:57
xfdn9h28jtf	x4zedcvse5j	添丁	10		福州龍舟習俗。生男孩後，做一把槳或一對槳並束以紅布放在境廟里，有的地方還要在寫上男孩的名字和出生日期。習俗寓意「添丁」，故以寓意直接命名此行爲。也叫「喜槳」「謝槳」「贈槳」。			community contributor	2025-09-20 15:32:02	2025-09-20 15:32:02
xgpf5zbvgec	x4zedcvse5j	添丁	11		福州龍舟習俗。龍舟師傅在爲村境的新舟釘龍骨時，會將長釘以紅紙裹起，贈予村境住民，寓意爲住民添男丁。			community contributor	2025-09-20 15:32:02	2025-09-20 15:32:02
xnkmf43bsvm	xs5x6xugtft	水竹	1	n	原產永泰大樟溪沿岸，閩侯方莊有引栽，所刮出竹絲水密性比毛竹更好			community contributor	2025-09-20 17:52:08	2025-05-16 17:05:57
x4wfvm32y5c	xwzfxgwudqp	毛竹	1	n	植物名，竹類。具備經濟價值，可供建築用，製作工藝品，作爲造紙原料，以及制作填塞龍舟接縫的竹絲等。	mo21 leoyk24是對「毛竹」二字憑字讀出的。表示植物學名爲「毛竹」的，福州話口語多說「麻竹」（ma21 leoyk24）。又有meoy21 leoyk24一音，見於閩侯。		community contributor	2025-09-20 15:21:59	2025-05-16 17:05:57
xr8a2y2k8g5	xukjm3xvjv9	總理	9	n	一個群體的名義或實質領導者。			community contributor	2025-09-20 15:01:08	2025-05-16 17:05:57
xffcra4dqu4	xukjm3xvjv9	總理	10	n	政府首腦，負責統領政府的行政工作。		"[""周～。""]"	community contributor	2025-09-20 15:01:08	2025-09-20 15:01:08
xwxktf58cfe	xukjm3xvjv9	總理	11	n	村社裏整個端午期間龍舟賽的負責人。			community contributor	2025-09-20 15:01:08	2025-09-20 15:01:08
x3jmyjvcrbr	xqbycgnmpj6	安位	1		端午節之後擇吉日舉行的謝神儀式，送神明回位。眾人借機聚餐，類似慶功宴			community contributor	2025-05-16 17:05:57	2025-05-16 17:05:57
xfdtedd8qbs	xqqcxg48yh9	請香	1		劃龍舟之前的請神儀式，祈求護佑平安			community contributor	2025-05-16 17:05:57	2025-05-16 17:05:57
xaudvrmgv4q	xgrx2fpkhph	引港	1		新龍舟夾水時，由老龍舟爲新龍舟引路的習俗。老龍舟可以是本境的，也可以是邀請來的「親家」龍舟			community contributor	2025-05-16 17:05:57	2025-05-16 17:05:57
xqzapexqhar	xdqf88j94tv	拜旗	1		龍舟巡江時路過別的境社，要息鼓，然後用社旗遙拜該境社的神明，再繞境一圈以示禮節			community contributor	2025-05-16 17:05:57	2025-05-16 17:05:57
xwgub5mfzrn	xvbywvsfb8w	拾錢	1		泛指爲龍舟活動募捐行爲。如向企業、店鋪等募捐			community contributor	2025-05-16 17:05:56	2025-05-16 17:05:56
xkymrs38kbx	xs3gf6vp893	龍船架	1	n	龍舟房內安放龍舟的架子。			community contributor	2025-09-20 14:37:59	2025-05-16 17:05:56
xb9exhv3bb7	xs3gf6vp893	龍船架	2	n	代指整個龍舟房。			community contributor	2025-09-20 14:37:59	2025-09-20 14:37:59
xvch5k775jz	xhfk9vbx7q9	頭三段尾四段	1		傳統龍舟競渡中，一般將主力隊員安排在龍舟的頭三段和後四段位置。又稱「頭三尾四」			community contributor	2025-05-16 17:05:56	2025-05-16 17:05:56
xqd2d5dbpqk	xux4v8yqhyz	令旗	1		各境社主祀的神明的旗子			community contributor	2025-05-16 17:05:56	2025-05-16 17:05:56
xav35fs8ntg	xhp3srqctw4	社旗	1	n	各境社的隊旗。	在民俗行事中容易見到，例如端午節「扒龍船」（龍舟競渡）。社，即福州境、社體系中，每個境廟下的祭祀組織。		community contributor	2026-03-22 18:23:17	2025-05-16 17:05:56
xspyq9k5dsy	xx558w3pn7r	船頭	1		船的前部			community contributor	2025-05-16 17:05:56	2025-05-16 17:05:56
xbxww8tpngw	xfguurpm2es	龍頭	1		龍舟的前部。又稱「龍船頭」			community contributor	2025-05-16 17:05:56	2025-05-16 17:05:56
x9v8bkbvmgq	xe2r485cj6n	四川囝	1	n	指四川人。			community contributor	2025-09-20 14:35:27	2025-05-16 17:05:56
xdq25hx5ub9	xe2r485cj6n	四川囝	2	n	泛指外來務工者。			community contributor	2025-09-20 14:35:27	2025-09-20 14:35:27
x2xnhs7xvak	xsbqab72ha5	外斗囝	1		指外地人。非尊敬的稱呼			community contributor	2025-05-16 17:05:56	2025-05-16 17:05:56
x8ktxbts5s2	xqjpr2jg7tp	日本囝	1	n	指日本人。非尊敬的稱呼。	不帶感情色彩，則說「日本儂」。		community contributor	2025-09-03 01:44:29	2025-05-16 17:05:56
xp6bkkvtknc	xm63ghwuq93	廣東囝	1		指廣東人。非尊敬的稱呼			community contributor	2025-05-16 17:05:56	2025-05-16 17:05:56
xwastvnxgmm	x7n7rs6nsu8	外地囝	1		指外地人。非尊敬的稱呼			community contributor	2025-05-16 17:05:56	2025-05-16 17:05:56
xusx7z47nue	xhbnuqtbekj	贈槳	1		福州龍舟習俗。生男孩後，做一把槳或一對槳並束以紅布放在境廟裏，有的地方還要在寫上男孩的名字和出生日期，寓意「添丁」，所以也叫「喜槳」「謝槳」。			community contributor	2025-09-20 14:32:02	2025-05-16 17:05:56
xcrsy54pez4	xhbnuqtbekj	贈槳	2		福州龍舟習俗。經濟條件較好的人資助龍舟隊所贈的槳，比如華僑捐資，槳上會寫捐贈人的名字和日期。			community contributor	2025-09-20 14:32:02	2025-09-20 14:32:02
xwht4mpu8cb	x65824k3n7q	龍船經	1		從農歷四月初一，人們就開始討論或籌劃本年的龍舟賽事。有時也指爲了了解龍舟軼事而攀談			community contributor	2025-05-16 17:05:56	2025-05-16 17:05:56
x6b47v4nnfp	xza7ccf2jmp	龍船厝	1		指龍舟房			community contributor	2025-05-16 17:05:56	2025-05-16 17:05:56
xvrtnw8txb3	xcmsmcq4a3x	後送	1		指坐在傳統龍舟後部的主力隊員。後部隊員給力的話，整條船就會被向前送，船速變快，故稱爲後送			community contributor	2025-05-16 17:05:56	2025-05-16 17:05:56
xj3nubxtebr	xhy4j5krbpz	頭三尾四	1		傳統龍舟競渡中，一般將主力隊員安排在龍舟的頭三段和後四段位置。又稱「頭三段尾四段」			community contributor	2025-05-16 17:05:56	2025-05-16 17:05:56
xx3ck6e5ny7	xngq5pkdsqj	偷舵	1		在龍舟比賽使用「壓舵」戰術時，將舵擡離水面。因爲這麽做違反了規則，故稱爲偷舵，被對方發現往往會引起爭執			community contributor	2025-05-16 17:05:56	2025-05-16 17:05:56
x49bypzvfw7	x23jkrs3nd2	踢水	1		龍舟劃行時一種不好的行駛狀態，表現爲船頭過重、虎頭牌喫水			community contributor	2025-05-16 17:05:56	2025-05-16 17:05:56
xbxgbqj93uk	xpbkqtkn375	坐尾	1		龍舟劃行時一種不好的行駛狀態，表現爲船尾過重、沈下去			community contributor	2025-05-16 17:05:56	2025-05-16 17:05:56
xfxugjzmegu	xw89mzvhpq2	蟶底	1		對國際龍舟船底凹形的稱呼。又稱「蟶」			community contributor	2025-05-16 17:05:56	2025-05-16 17:05:56
x7xadfwzzhf	xzucs7u9xbq	翹度	1		船頭和船尾翹起的幅度			community contributor	2025-05-16 17:05:56	2025-05-16 17:05:56
x8q2p5xypqh	xg964wvczjj	龍船尾	1		龍舟的尾部			community contributor	2025-05-16 17:05:56	2025-05-16 17:05:56
x672tu6b8vg	xf7sfrcstbr	龍船頭	1		龍舟的前部。又稱「龍頭」			community contributor	2025-05-16 17:05:56	2025-05-16 17:05:56
xdxhjznxf4n	xdmkgfdp27v	船尾	1		船的尾部			community contributor	2025-05-16 17:05:56	2025-05-16 17:05:56
xmqrk3y2gyp	xpmn95b6xd3	龍做清醒去	1		即「醒龍」，又稱「龍船鼓轉頭」。福州龍舟習俗。每年農歷四月初一，人們敲鑼打鼓，擡著龍舟頭遊境，喚醒上次回港後沈睡的龍舟。如遇當年是農歷閏四月，則要再醒龍一次			community contributor	2025-05-16 17:05:56	2025-05-16 17:05:56
xwf8b2m3np3	xrh4wagxkj9	畫花	11		動賓短語，在龍舟尾部畫圖案，以圖吉祥。			community contributor	2025-09-20 14:15:15	2025-05-16 17:05:56
xzeujqxyarc	xrh4wagxkj9	畫花	12	n	統稱龍舟尾部所畫圖案，如「龍」「鳳」「荷花」「鯉魚」等。			community contributor	2025-09-20 14:15:15	2025-09-20 14:15:15
xrgpx9fyn7n	xqhmavwde74	扒手	1		龍舟劃手			community contributor	2025-05-16 17:05:56	2025-05-16 17:05:56
xn75v2wern3	xes7xkuhhmv	拍鑼	1		動賓短語，敲鑼。			community contributor	2025-09-20 14:13:48	2025-05-16 17:05:56
xr3nbujdvxt	xes7xkuhhmv	拍鑼	2	n	龍舟鑼手。			community contributor	2025-09-20 14:13:48	2025-09-20 14:13:48
xt7pg7ce8b4	xsm8hrapnvq	搦舵	1		動賓短語，掌舵。			community contributor	2025-09-20 14:13:20	2025-05-16 17:05:56
x8n6mcsacmw	xsm8hrapnvq	搦舵	2	n	龍舟舵手。			community contributor	2025-09-20 14:13:20	2025-09-20 14:13:20
x85rs2dt6bw	xad7kjwqnr7	拍鼓	1		動賓短語，打鼓。			community contributor	2025-09-20 14:11:50	2025-05-16 17:05:56
xqy7qw69hwv	xad7kjwqnr7	拍鼓	2	n	龍舟鼓手。			community contributor	2025-09-20 14:11:50	2025-09-20 14:11:50
xvh2pg3bu7h	x6rd4v2n2dm	北港第一	1		稱霸於北港。			community contributor	2025-09-20 14:11:23	2025-05-16 17:05:56
xpusvhg3j35	x6rd4v2n2dm	北港第一	2		龍舟隊在福州北港（從洪山橋開始沿臺江至馬尾）一帶奪魁。			community contributor	2025-09-20 14:11:23	2025-09-20 14:11:23
xavvkrj4kf8	xgbzv5xzxn6	南港第一	1		稱霸於南港。			community contributor	2025-09-20 14:11:06	2025-05-16 17:05:56
x5fx944yymw	xgbzv5xzxn6	南港第一	10		龍舟隊在福州南港（閩侯縣南通、南嶼、上街、祥謙、尚幹等鎮）一帶奪魁。			community contributor	2025-09-20 14:11:06	2025-09-20 14:11:06
xhfgv2ay6c7	x7b7t337w8s	麒麟頭	1	n	麒麟的頭部。			community contributor	2025-09-20 14:09:10	2025-05-16 17:05:56
xag2d39fnpa	x7b7t337w8s	麒麟頭	2	n	麒麟形龍舟頭。			community contributor	2025-09-20 14:09:10	2025-09-20 14:09:10
x8zu4v2q42f	x26s7htsdbx	鳳頭	1	n	鳳的頭部。			community contributor	2025-09-20 14:08:48	2025-05-16 17:05:56
x7vx7vm527y	x26s7htsdbx	鳳頭	12	n	鳳形龍舟頭。			community contributor	2025-09-20 14:08:48	2025-09-20 14:08:48
xv779knc9bv	x26s7htsdbx	鳳頭	13	n	舟頭爲鳳頭的龍舟，如長樂女隊用舟。			community contributor	2025-09-20 14:08:48	2025-09-20 14:08:48
xnc25446ebc	xszzurcavd8	象頭	1	n	象的頭部。			community contributor	2025-09-20 14:08:17	2025-05-16 17:05:56
xpmntu64a6b	xszzurcavd8	象頭	12	n	象形龍舟頭。			community contributor	2025-09-20 14:08:17	2025-09-20 14:08:17
xmxzkn8v4s2	xszzurcavd8	象頭	13	n	舟頭爲象頭的龍舟，如福州晉安象園用舟。			community contributor	2025-09-20 14:08:18	2025-09-20 14:08:18
xxck96g9vas	xt2fbtpmznm	佮唬*	1		合成一夥兒			community contributor	2025-05-16 17:05:56	2025-05-16 17:05:56
xy4avk8dnhh	xa8um76tx46	青蛤頭	1	n	綠色蟾蜍的頭部。			community contributor	2025-09-20 14:06:15	2025-05-16 17:05:56
xt4uazty3gp	xa8um76tx46	青蛤頭	2	n	舟頭爲龍形，但船身龍鱗塗爲青色的龍舟。有別於其他的「紅龍」「黃龍」「烏龍」等，故名青蛤頭。			community contributor	2025-09-20 14:06:15	2025-09-20 14:06:15
xhuh435wtpn	xa8um76tx46	青蛤頭	3	n	綠色蟾蜍形舟頭。如福州水部蛤埕的龍舟頭即采此形，因該境信仰「青蛤將軍」。			community contributor	2025-09-20 14:06:15	2025-09-20 14:06:15
x5gxqa5bhpp	xh6m8ezdatg	馬頭	1	n	馬的頭部。			community contributor	2025-09-20 14:05:44	2025-05-16 17:05:56
xk867uauy27	xh6m8ezdatg	馬頭	10	n	馬形龍舟頭。			community contributor	2025-09-20 14:05:44	2025-09-20 14:05:44
xxm27en3g68	xh6m8ezdatg	馬頭	11	n	舟頭爲馬頭的龍舟，如福州西湖有「紅馬」「白馬」。			community contributor	2025-09-20 14:05:44	2025-09-20 14:05:44
xj7tms7aas7	xppt2dpgzba	舀水	1		傳統龍舟的頭尾翹起，如果龍舟進水會往鼓腰流，鼓腰的劃手要備水瓢舀水。以前劃龍舟水平欠佳者，便安排之在此舀水。全稱爲「鼓腰舀水」			community contributor	2025-05-16 17:05:56	2025-05-16 17:05:56
xrbx9gut6hw	xtx4bn9phj7	鼓腰舀水	1		傳統龍舟的頭尾翹起，如果龍舟進水會往鼓腰流，鼓腰的劃手要備水瓢舀水。以前劃龍舟水平欠佳者，便安排之在此舀水。也簡稱爲「舀水」			community contributor	2025-05-16 17:05:55	2025-05-16 17:05:55
xq3f5raggaw	x6z45ydxv32	蜻𧊏	1		蜻蜓			community contributor	2025-05-16 17:05:55	2025-05-16 17:05:55
xwe4vy5sn8h	xtbqyfgq2k4	琵琶帶	1		紅色的布條，定龍骨時將之釘在龍骨上，與古代建房上梁時掛紅布祈福意義相同			community contributor	2025-05-16 17:05:55	2025-05-16 17:05:55
x5da237jw49	xmn39wsg5u8	馬龍	1		舟頭有分上下檔的龍舟。舟頭分上下檔的結構類似於馬，且舟頭的眼嘴朝前，故名。惟其舟頭未必爲馬形			community contributor	2025-05-16 17:05:55	2025-05-16 17:05:55
xjf5n8y4cv9	xp8s4c5yrnh	攏船	1		指組裝龍舟部件的過程			community contributor	2025-05-16 17:05:55	2025-05-16 17:05:55
x8m5a7xrrft	x2t3qq93qgh	骹踏	1		龍舟腳踏板。過去有說法是特指鼓手腳踩的地方，現在更多指的是劃手座位前踏腳支撐的小板			community contributor	2025-05-16 17:05:55	2025-05-16 17:05:55
x39dmhyqq2n	x8sw3w7n8yz	樟堵	1		龍舟橫梁，一般用樟木制作，故名			community contributor	2025-05-16 17:05:55	2025-05-16 17:05:55
xpy2bhwn8fu	x2ycds7equd	褪褲螺	1		褲子脫光。			community contributor	2025-09-20 14:04:43	2025-05-16 17:05:55
xv3zk5cdzt5	x2ycds7equd	褪褲螺	2		幼兒著開襠褲。			community contributor	2025-09-20 14:04:43	2025-09-20 14:04:43
x7evk6q454y	x62bjx5w2ad	道教	1	n	華夏本土宗教。			community contributor	2025-09-03 02:11:37	2025-05-16 17:05:55
xnnge95gsv3	x3jxzq4tvky	拉*拉*酥	1		熟練。		"[""其實根本就儥困難，別儂吹的（lik0）～。""]"	community contributor	2025-09-20 14:03:31	2025-05-16 17:05:55
xj8xcdvsrer	xjxfga5u94b	盤車	1		換乘			community contributor	2025-05-16 17:05:55	2025-05-16 17:05:55
xxjgs6k4ajj	xva5bxd5kkn	南門兜	1	n	南門的附近。			community contributor	2025-09-20 14:02:21	2025-05-16 17:05:55
xfkg63agknc	xva5bxd5kkn	南門兜	2	n	地名，在福州鼓樓區。		"[""～遘了，本站可以盤二號線。""]"	community contributor	2025-09-20 14:02:21	2025-09-20 14:02:21
x5d2hy9unt4	xva5bxd5kkn	南門兜	3	n	地名，在寧德。北接南門德化橋，南鄰戰場溪			community contributor	2025-09-20 14:02:21	2025-09-20 14:02:21
xvr8zyazgg3	xerg7cmyyrh	麻索	1		麻繩			community contributor	2025-05-16 17:05:55	2025-05-16 17:05:55
xah79ffapa3	xawfu4k733a	依璋師	1	n	對名字含「璋」字的人士的稱呼。			community contributor	2025-09-19 22:22:23	2025-05-16 17:05:55
xc8wm4278b6	xawfu4k733a	依璋師	2	n	評話人林民璋的綽號。主持有福州電視臺《攀講》節目的〈依璋碎講〉單元。			community contributor	2025-09-19 22:22:23	2025-09-19 22:22:23
xk4m2277pxy	x26apb75uqr	蹂	1	v	踩。		"[""～着水窟（踩着水坑）。""]"	community contributor	2025-09-23 01:03:04	2025-05-16 17:05:55
xs97jrq4b9d	xaztyh7zy4n	睏蜀醒	1		睡一覺			community contributor	2025-05-16 17:05:55	2025-05-16 17:05:55
xvmpqaxs9dd	xt9a2c6xcgn	拭車	1		擦洗車輛			community contributor	2025-05-16 17:05:55	2025-05-16 17:05:55
xdqf7k59ee7	xscp98vtwy6	試車	1		試用新車			community contributor	2025-05-16 17:05:55	2025-05-16 17:05:55
xwwcdnyjz3a	xbcxwcj9j9g	自稱	1		在别人面前称呼自己			community contributor	2025-05-16 17:05:55	2025-05-16 17:05:55
xud5cmxk5xw	xnc6wz97hff	來左去右	1		來走左邊，去走右邊。			community contributor	2025-09-19 19:29:30	2025-05-16 17:05:55
xygwf2644hj	xnc6wz97hff	來左去右	2		交通規則。一說，曾經交通規則爲靠左行，產生此說法。即勸告者從相向而來的受勸告人視角出發，指出受勸告人應靠對受勸告人而言爲左的那一側行來。後規則改靠右行，本句則解爲相向而來者靠左，同向而去者靠右。			community contributor	2025-09-19 19:29:30	2025-09-19 19:29:30
xmf66nebde8	xnc6wz97hff	來左去右	3		迷信認爲離去時要走右邊，歸來時要走左邊。			community contributor	2025-09-19 19:29:30	2025-09-19 19:29:30
x3wrv5yevm9	xnc6wz97hff	來左去右	10		引申爲注意路況、勉力自珍的囑咐用語。		"[""飯著（要）食飽去（了），～，平安順利唅（hang53）。""]"	community contributor	2025-09-19 19:29:30	2025-09-19 19:29:30
x958xd75aza	xtz79cxyvzs	護髮素	1		保護頭發和改善其外觀的一種化妝品			community contributor	2025-05-16 17:05:55	2025-05-16 17:05:55
xxj44vbp5s2	x4h3raqcmsm	洗頭精	1	n	洗髮液，洗髮精。		"[""也有人「精」字聲母不類化。""]"	community contributor	2025-09-19 19:28:19	2025-05-16 17:05:55
x8kxgd6enr8	xp4snn4j2gt	亂去了	1		傻傻的，犯糊塗			community contributor	2025-05-16 17:05:55	2025-05-16 17:05:55
xt37yg4tbqc	xamqgbftekg	煞飯	1		下飯。一般指喫飯時所配很鹹的食物（如豆醬等）			community contributor	2025-05-16 17:05:55	2025-05-16 17:05:55
x6tk8bwr5pd	xre8zed8sm2	重慶	1	n	中國直轄市名。			community contributor	2025-09-19 19:15:22	2025-05-16 17:05:55
x3p3pptj5xu	xzy947g9xgh	藕花	1		荷花的老叫法			community contributor	2025-05-16 17:05:55	2025-05-16 17:05:55
xwku26b8bps	xq3kvapbdjg	瘌牙	1		形容螺絲螺帽的螺紋被磨平了，已經不能互相咬合了。	螺紋平話叫「牙」。		community contributor	2025-09-19 19:15:04	2025-05-16 17:05:55
xc4jeqdp5x5	xd7yvzkc6hh	安閒	1		安分。		"[""蜀日遘暝（一天到晚）都儥（不）～。""]"	community contributor Yun	2025-09-19 19:14:51	2025-05-16 17:05:55
x35p4h6pf3j	xxuzez73gmy	滑々傘	1		指降落傘、滑翔傘等			community contributor	2025-05-16 17:05:55	2025-05-16 17:05:55
xx22jakp6gv	xjzxgpdh2fm	豉油膏	1		濃稠的醬油，醬油底油加了糯米粉勾芡，成稠狀，口味鹹鮮			community contributor	2025-05-16 17:05:55	2025-05-16 17:05:55
xkw28fu6cqk	xjhem7zhmb3	三重㾪	1	n	五花肉的一種說法，五花肉即五花三層肉，五層肥夾三層瘦，故名			community contributor	2025-09-20 13:59:17	2025-05-16 17:05:54
xdvjsyq3ytk	xs8hx9ncm3m	糕	1	n	一種白軟蒸糕。最早由莆田人在福州售賣；因叫賣者不擅福州話，把「糕」（go55）讀成「o55」，反成獨特吆喝聲，故此得名。已成爲福州美食的一部份			community contributor	2025-09-19 19:14:10	2025-05-16 17:05:54
xtd5n8472fw	xm8jwvyj5n6	搓儥辯師	1		訓斥他人很會狡辯，很會「焦打辯」（强辯、狡辯）。起源自古代做麻繩的流程；麻繩自麻摘下曬乾之後，要先搓一搓，讓它起毛增加摩擦力，再像編辮子一樣編起來，稱之「辮」，諧音爲「辯」；故此來形容此人不會「搓」，卻很會「辯」。	因表達強烈的語氣，所以不連讀。		community contributor	2025-09-20 13:59:05	2025-05-16 17:05:54
xbwrgfr2w68	x8sjenjyz4e	梅舌	1		一種蜜餞，梅子乾加糖、蜂蜜加色素醃製而成（後多用白蘿蔔代替），多呈粉紅色，切碎之後常用於福州美食里當餡料，如福州禮餅、花卷等			community contributor	2025-05-16 17:05:54	2025-05-16 17:05:54
xdtvuwrkvpn	x6n8emqn267	六子𠟶	1		二打一棋、六子沖、打子棋、打炮棋，福州兒童和老人常玩的一種六子棋類			community contributor	2025-05-16 17:05:54	2025-05-16 17:05:54
xg5kkbw5bbz	xecbhwmap8c	湖鰍鯽	1	n	羅非魚。原產非洲，公元1954年前後傳入華南。原叫「非洲鯽」，福州人訛傳成「湖鰍鯽」。			community contributor	2025-09-06 21:04:56	2025-05-16 17:05:54
xf5cntwyqcm	x73jx63s3sg	番囝雞	1		火雞的舊稱			community contributor	2025-05-16 17:05:54	2025-05-16 17:05:54
xr92tn3arrn	x4qz5hzctza	火雞	1		一種原產於北美洲的家禽，體型比一般雞大			community contributor	2025-05-16 17:05:54	2025-05-16 17:05:54
xzkb7etyucr	xj786j8vkph	烏豬	1	n	在閩江流域常見的一種小黑魚，曾廣爲食用。中文正式名叫「沙塘鱧」。			community contributor	2026-04-12 22:18:18	2025-05-16 17:05:54
xjg3dx6kfry	xqxdydf353w	單倒聽	1		胡說八道			community contributor Yun	2025-05-16 17:05:54	2025-05-16 17:05:54
x7ak4vwhqpp	xgafjevpeg5	空調	1		空氣調節器，可制冷或制暖			community contributor	2025-05-16 17:05:54	2025-05-16 17:05:54
xj6a7jceesc	xyp4kz9g55b	煩躁	1	adj	煩悶急躁。			community contributor	2025-09-15 02:04:46	2025-05-16 17:05:54
x8e5b9nnf7u	x6c335x7vej	䗔	1	n	米蟲。色白體小，若不細看就無法看清	不同於「蛘」		community contributor Yun	2026-04-12 21:51:10	2025-05-16 17:05:54
xqr39n5sf6s	x26g5g9rcrf	倯	1	v	去人多的地方玩，帶貶義。		"[""汝今晡復去俤所～。""]"	community contributor	2025-09-19 19:11:40	2025-05-16 17:05:54
xcqq8qez62s	xvndqqfpecn	藥頭店	1		藥店			community contributor	2025-05-16 17:05:54	2025-05-16 17:05:54
xkzk8vjq23w	xdnvzzh96wh	手痺	1		手被凍麻痺且有痛感。		"[""手寒痺去。（手被凍僵了。）"", ""骹寒～。""]"	community contributor	2025-09-19 19:11:57	2025-05-16 17:05:54
x785j2b5wp6	x3hfuttppjt	骹寒	1		腳受凍。		"[""～冰霜凍（bing21 noung53 nooyng213）去。（腳凍極了。）"", ""～手痹。（腳、手給凍得又麻又痛。）""]"	community contributor	2025-09-19 19:13:01	2025-05-16 17:05:54
xwr3gs8frzd	xhy4d8rcydv	拗九囝	1		福清、平潭等地將農曆二月初二稱作拗九囝，可解作小拗九節			community contributor	2025-05-16 17:05:54	2025-05-16 17:05:54
xnd2dzabuvq	x6ntx6mpe8h	過九	1		榕俗。拗九節除去煮粥敬母，年歲逢九（如9、29、79等，謂之明九）或被九除盡（18、45等，謂之暗九）的人還要喫太平麵，以求避厄平安度年，是爲過九			community contributor	2025-05-16 17:05:54	2025-05-16 17:05:54
xu4e299yujq	xbnwbnv48nn	金甕	1	n	置放屍骨的陶罎。			community contributor	2025-09-14 23:49:46	2025-05-16 17:05:54
x2fveu225yb	xfxe2xdv9tg	食幾歲	1		享年多少歲。問過世者享壽之語。			community contributor	2025-09-14 23:49:23	2025-05-16 17:05:54
xafcy9j6qm3	x75meb4zp67	食大	1		長大。		"[""食（長）這滿（這麼）大。""]"	community contributor	2025-09-14 23:48:28	2025-05-16 17:05:54
x6zxm5b23bj	xytzxcbgnaq	尿搊	1		尿布。			community contributor	2025-09-14 23:48:17	2025-05-16 17:05:54
xa8rugy4jcv	x354hdfc874	錔板	1	n	傳統店舖的門板。			community contributor	2025-09-14 23:49:30	2025-05-16 17:05:54
xh2w92thzfg	xnk225hf8gs	偷食餡	1		偷喫餡。			community contributor	2025-09-19 19:05:33	2025-05-16 17:05:54
x3txjkpwj5n	xnk225hf8gs	偷食餡	2		婚外與他人發生性關係。偷喫腥。			community contributor	2025-09-19 19:05:33	2025-09-19 19:05:33
xtvf25wr6cb	xmr2nazt69j	揖香線	1		執香祭拜			community contributor	2025-05-16 17:05:54	2025-05-16 17:05:54
xzxvbz8s83g	xrjqm5sq3zx	歲數食野大	1		歲數很大，很老。		"[""伊～。""]"	community contributor	2025-09-20 13:41:39	2025-05-16 17:05:54
xawka2zsz9e	xv7rhkfr542	金蚨蠅屎腹	1		金蒼蠅外表好看，腹內卻悉爲大便。金玉其外，敗絮其中			community contributor	2025-05-16 17:05:54	2025-05-16 17:05:54
x24854bzfgm	xdherw7jnsf	伓使細膩	1		不用客氣。		"[""謝謝。——～。""]"	community contributor	2025-09-06 02:39:53	2025-05-16 17:05:54
x6qp4quegcw	xya2672kmrs	叫鳥刣無肉	1		拼命叫的鳥，殺後卻無甚肉。雷聲大雨點小			community contributor	2025-05-16 17:05:54	2025-05-16 17:05:54
xdx897pwrs5	xjyhkjfqpxy	上椅踏桌	1		蹬鼻子上臉			community contributor	2025-05-16 17:05:54	2025-05-16 17:05:54
x8e9fnp4t44	xv9dbpvf83x	美男子	1		相貌英俊的少年			community contributor	2025-05-16 17:05:54	2025-05-16 17:05:54
xxpsaery23d	xb7jfurj65c	九仙山	1		福州于山的別名。傳說有何氏九兄弟在此煉丹，故又叫九仙山			community contributor	2025-05-16 17:05:54	2025-05-16 17:05:54
xue2nmh7m9c	xeyefetkf77	越王山	1		福州屏山的別名。因越王故都建在山麓，故名			community contributor	2025-05-16 17:05:54	2025-05-16 17:05:54
xvyjfvww2sz	x866zteyvhv	閩山	1	n	烏石山的敕賜名，得於唐天寶八年。			community contributor	2025-09-19 19:04:45	2025-05-16 17:05:54
x7g2s86y9w9	x866zteyvhv	閩山	2	n	烏石山支脈，在光祿坊。唐代敕賜「閩山」一名後，人以此名呼其餘脈。			community contributor	2025-09-19 19:04:45	2025-09-19 19:04:45
x2jnhfxg2mu	xkadagak7an	祖廟	1	n	指一位神明最主要的分靈源頭。			community contributor	2025-09-19 19:04:00	2025-05-16 17:05:54
xzf43reqfbm	xkadagak7an	祖廟	2	n	地名，在福州茶亭，因有閩越王祖廟得名。			community contributor	2025-09-19 19:04:00	2025-09-19 19:04:00
x35jg7nhxdf	xtxvrpphcyj	無諸城	1	n	福州的代稱，以閩越王無諸建都冶城得名。常以此詞代「福州」一名入詠。			community contributor	2025-09-19 19:03:39	2025-05-16 17:05:54
xue4zygg23u	x565nrvetsg	無諸	1		一作亡諸，第七世閩越王，後世奉爲「開閩始祖」			community contributor	2025-05-16 17:05:53	2025-05-16 17:05:53
xqumu2q8yuy	xjkp7gpgtcu	上海新村	1	n	新村名，在福州臺江區			community contributor	2025-11-10 16:43:24	2025-05-16 17:05:53
x7ukr58dtxq	xkmyhj7zae3	簷馬	1		懸掛於大殿、佛塔等建築物檐角下方，無須敲擊，有風自鳴			community contributor	2025-05-16 17:05:53	2025-05-16 17:05:53
xzsvhmzuhqx	x96tv3m3cuz	白片	1	n	黃片，色情影片			community contributor	2025-09-19 19:03:10	2025-05-16 17:05:53
xqz5hy9jp38	xgmwke6vdsp	狻猊	1	n	中國古代文獻中的獸類，初指獅子，又傳爲龍生九子之一。其形象常見於佛教法座、銅鏡、香爐、脊獸			community contributor	2025-09-19 19:02:50	2025-05-16 17:05:53
xpv3fxerjtd	xbuzrexekjw	食麵	1		動賓短語，喫麵條。			community contributor	2025-09-19 19:02:34	2025-05-16 17:05:53
xjmwbfu994f	xbuzrexekjw	食麵	2	n	遊戲名，翻花繩。			community contributor	2025-09-19 19:02:34	2025-09-19 19:02:34
xk39h9e88se	xzy9yrt5uva	更*褒*	1	n	「Game Boy」的音譯。日本任天堂公司在1989年發售的第一代便攜式掌上遊戲機。	口語無字。《𥻵典》取同音字。		community contributor	2025-09-06 22:18:10	2025-05-16 17:05:53
xuef78s96nk	x5x6hbeavhh	供歲飯	1		榕俗，除夕早晨炊米飯，裝入專用飯甑，供在堂前			community contributor	2025-05-16 17:05:53	2025-05-16 17:05:53
x3nhq3z9bcf	xucnkpjpntm	牀敆	1		上下舖			community contributor	2025-05-16 17:05:53	2025-05-16 17:05:53
xssbqwkc8km	xuzzktf7syh	後骹	1		後蹄			community contributor	2025-05-16 17:05:53	2025-05-16 17:05:53
x9uza7effd2	x39za2tcqbh	義序	1	n	地名，在福州倉山區南臺島。本地有後山（後雅化爲「鯉山」）、外山（後雅化爲「義山」「榴山」）。	取「外嶼」同音字而雅化爲「義序」。1935年燕京大學林耀華畢業論文《義序宗族研究》認爲外嶼一名由外山而來。又一說以爲在高蓋山之「外」（東南方），故名外嶼。參見：阮云星. 宗族风土的地域与心性：近世福建义序黄氏的历史人类学考察//中国社会历史评论: 卷 9. 天津古籍出版社, 2008: 1-32. 另參：林山. 话说“帝君港”. 福州晚报, 2022-04-17(A06).		community contributor	2025-10-07 18:30:11	2025-05-16 17:05:53
xtfsz6gwum9	xy3qfpsywr3	雞頭	1	n	雞的頭部。			community contributor	2025-09-19 18:56:18	2025-05-16 17:05:53
xqpgqcx2374	xy3qfpsywr3	雞頭	2	n	雞形龍舟頭。			community contributor	2025-09-19 18:56:18	2025-09-19 18:56:18
xgztxks3np4	xy3qfpsywr3	雞頭	3	n	代指舟頭爲雞頭的龍舟。			community contributor	2025-09-19 18:56:18	2025-09-19 18:56:18
xxzt8emqmf2	xcxa4y3q3nv	犀牛頭	1	n	犀牛的頭部。			community contributor	2025-09-14 23:41:16	2025-05-16 17:05:53
xxkqx4v3pmj	xcxa4y3q3nv	犀牛頭	2	n	犀牛形的龍舟頭，亦代指這種形制的龍舟。			community contributor	2025-09-19 13:11:49	2025-08-28 12:55:32
xprhj4g7dk2	xbegzf34yjc	獅頭	1	n	獅子的頭部。			community contributor	2025-09-19 18:55:40	2025-05-16 17:05:53
xanxxve8d8c	xbegzf34yjc	獅頭	2	n	獅子形龍舟頭。			community contributor	2025-09-19 18:55:40	2025-09-19 18:55:40
x4mcu9um7cw	xbegzf34yjc	獅頭	3	n	代指舟頭爲獅子頭的龍舟。			community contributor	2025-09-19 18:55:40	2025-09-19 18:55:40
x3hay3mbtvu	xymvbcjee3c	虎頭	1	n	老虎的頭部。			community contributor	2025-09-19 18:54:54	2025-05-16 17:05:53
xzpu6ssnnc3	xymvbcjee3c	虎頭	2	n	虎形龍舟頭。			community contributor	2025-09-19 18:54:54	2025-09-19 18:54:54
xtdmfkzvz59	xymvbcjee3c	虎頭	3	n	代指舟頭爲虎頭的龍舟，寓意「盤龍臥虎」，故名。			community contributor	2025-09-19 18:54:54	2025-09-19 18:54:54
xz6kunuw2vq	xdndxcbx68r	武松打虎	1		《水滸傳》故事。武松途經景陽岡，奮平生之力將虎打死，爲當地百姓除去一大害。			community contributor	2025-09-19 18:54:18	2025-05-16 17:05:53
xqyupyxusxp	xdndxcbx68r	武松打虎	2		二十世紀前半葉福州某些龍舟尾部所畫圖案，以圖壓制船尾畫「老虎添翼」的龍舟。			community contributor	2025-09-19 18:54:18	2025-09-19 18:54:18
xxnk2be6q3c	xcdpnvt532u	老虎添翼	1		如虎添翼。意即好像老虎長上了翅膀，比喻強有力的人得到幫助變得更加強有力。			community contributor	2025-09-19 18:53:07	2025-05-16 17:05:53
xzqb7a7h2aw	xcdpnvt532u	老虎添翼	2		二十世紀前半葉福州某些地方（如倉山義序）龍舟尾部所畫圖案，以圖吉祥。			community contributor	2025-09-19 18:53:07	2025-09-19 18:53:07
xyajvce5ztd	xq8k5vhzmrw	托塔李天王	1	n	中國古代神話人物，道教神仙，原型來源於唐朝名將李靖。			community contributor	2025-09-19 18:52:39	2025-05-16 17:05:53
xgre6wh9c2g	xq8k5vhzmrw	托塔李天王	2	n	二十世紀前半葉福州某些龍舟尾部所畫圖案，以圖壓制船尾畫「哪咤鬧海」的龍舟。			community contributor	2025-09-19 18:52:39	2025-09-19 18:52:39
xrg5x9b8edc	xvz4xdmwmj6	哪吒鬧海	1		神話傳說。因妖龍作祟，殘害百姓，引出哪咤大鬧龍宮水府。			community contributor	2025-09-19 18:52:15	2025-05-16 17:05:53
xvxj2cgmfyt	xvz4xdmwmj6	哪吒鬧海	2		二十世紀前半葉福州某些龍舟尾部所畫圖案，以圖威風。			community contributor	2025-09-19 18:52:15	2025-09-19 18:52:15
xqypyvmjzf3	xn2v7nvnfgk	薄㓟	1		較薄的銼子，用於銼削			community contributor	2025-05-16 17:05:53	2025-05-16 17:05:53
x47z9pa7kdk	xbcnsj2yzvv	病痚	1		哮喘			community contributor	2025-05-16 17:05:53	2025-05-16 17:05:53
xudqcwxd3ed	xy2r2s7fwqe	足球	1	n	足球。	口語也說「骹球」。	"[""踢～。""]"	community contributor	2025-09-19 18:53:43	2025-05-16 17:05:53
xs6ty5zavpr	x9s49uc6nce	赤骹醫生	1		赤腳醫生			community contributor	2025-05-16 17:05:53	2025-05-16 17:05:53
xgvysca3ed9	xf9zxk9cnqt	方塊肉	1		東坡肉			community contributor	2025-05-16 17:05:53	2025-05-16 17:05:53
xn3cjxsxmhk	xgev53uw9s7	燜麵	1		福州菜			community contributor	2025-05-16 17:05:53	2025-05-16 17:05:53
xp6mtb6j3mj	xeyj3rnt4dm	姑博嫂	1		榕俗，兩家都有子女，若一家以男兒娶對方女兒，則以自家女兒嫁予對方男兒			community contributor	2025-05-16 17:05:53	2025-05-16 17:05:53
x6yyxteawem	xn9zhpw8tj7	做半囝	1		榕俗，倒插門的人在自己父母去世時祗能着一半的孝服。倒插門平話稱「做囝」，故名。			community contributor	2025-09-19 18:49:42	2025-05-16 17:05:53
xpt6f6k82jq	xn9zhpw8tj7	做半囝	2		榕俗，女性有男伴而未結婚時，若自己父母去世，又承認男伴身份，則男方也着一半的孝服。			community contributor	2025-09-19 18:49:42	2025-09-19 18:49:42
xeak9c6npdh	xvrt3yx52x3	做囝	1		倒插門			community contributor	2025-05-16 17:05:53	2025-05-16 17:05:53
xvec3y6286f	xkhbr8zf4tj	分手	1		以死亡之外的方式結束親密關係			community contributor	2025-05-16 17:05:53	2025-05-16 17:05:53
x6ahygycqw6	x49sqjekcve	生煎排	1		生煎排骨			community contributor	2025-05-16 17:05:53	2025-05-16 17:05:53
xc9q43fjgfm	xabaxzaf9ds	炒豬肝	1		炒豬肝			community contributor	2025-05-16 17:05:53	2025-05-16 17:05:53
xg5sjbevw78	xpbagb34xev	燉煲肉	1		福州菜，用豬蹄的某部位，在溫火中慢慢燉煲成			community contributor	2025-05-16 17:05:53	2025-05-16 17:05:53
xqfdgrkfm5t	xk8hvpgn7ew	無好死	1		詈辭，咒詛不得好死。		"[""硩（壓）船底，～。""]"	community contributor	2025-09-19 18:48:47	2025-05-16 17:05:53
xn6e9fzn5r3	xha2n5dtpeh	食貨	1		隱語，指嫖妓。二十世紀出現此詞			community contributor	2025-05-16 17:05:53	2025-05-16 17:05:53
x5c935gmh7g	xrannm6855p	日本話	1	n	日語的俗稱。			community contributor	2025-09-14 23:39:07	2025-05-16 17:05:53
xrszv4dqaar	x7bwhxtbzp9	世界話	1		「世界語」的俗稱			community contributor	2025-05-16 17:05:53	2025-05-16 17:05:53
xkddn6g323s	xkb2bngm8qn	可笑	1	adj	惹人恥笑。		"[""野（好）～。""]"	community contributor	2025-09-19 18:48:31	2025-05-16 17:05:53
xthhkc3z8e5	x4hu9c858t2	半青歞	1		詈辭，流氓無賴			community contributor	2025-05-16 17:05:52	2025-05-16 17:05:52
xa6efjzd76g	x3b4tukebwx	福建師大	1	n	「福建師範大學」的簡稱。			community contributor	2025-09-03 02:18:19	2025-05-16 17:05:52
xrb9juxfnzd	x6g6uvrrsaf	師大	1	n	「師範大學」的簡稱。			community contributor	2025-09-19 18:47:33	2025-05-16 17:05:52
xkb9kqd3nmd	xg39njjjpzx	三角井	1		地名，在福州西湖附近			community contributor	2025-05-16 17:05:52	2025-05-16 17:05:52
xqpab5nrg5b	x97ck66u67w	左海公園	1		公園名，在福州市鼓樓區西北部，以左海得名			community contributor	2025-05-16 17:05:52	2025-05-16 17:05:52
xfa8kmw4xst	xvgcdfudv5y	左海	1	n	謂海居於東。			community contributor	2025-09-19 18:47:08	2025-05-16 17:05:52
xngj7xwmx2u	xvgcdfudv5y	左海	2	n	水體名，在福州市鼓樓區西北部。			community contributor	2025-09-19 18:47:08	2025-09-19 18:47:08
xrcc7cjhwzc	xvgcdfudv5y	左海	3	n	福州市的別稱。			community contributor	2025-09-19 18:47:08	2025-09-19 18:47:08
xbzxa5kg3zb	xvu6z7rvgm6	銅盤	1		地名，在福州鼓樓			community contributor	2025-05-16 17:05:52	2025-05-16 17:05:52
xt9ph4fszn4	x6r8u9xcymn	仙遊	1	v	〈書〉外出求仙訪道。			community contributor	2025-09-19 18:45:53	2025-05-16 17:05:52
xw3d4tpbq4c	x6r8u9xcymn	仙遊	2	n	縣名，在莆田。			community contributor	2025-09-19 18:45:53	2025-09-19 18:45:53
xnrhsarf76t	xf7r547j2wn	武夷山	1		山名，在福建與江西之間			community contributor	2025-05-16 17:05:52	2025-05-16 17:05:52
xk5fgu6tf9c	xyzske3k2km	南平	1		市名，在福建北部			community contributor	2025-05-16 17:05:52	2025-05-16 17:05:52
xv3v4pxvmdx	xzdu8rh7pb7	白馬河	1		河名，在福州			community contributor	2025-05-16 17:05:52	2025-05-16 17:05:52
xnqwraryghb	xrbkbr5v25u	黃樓	1	n	建築名，在福州三坊七巷之黃巷。			community contributor	2025-09-19 18:46:22	2025-05-16 17:05:52
xs8vt6xxzqc	xbn52er8quu	漳州	1	n	市名，在福建南部。	連讀變調後的「泉州」與漳州同音。爲辨義，有時直稱泉州爲不變調的zuong53 ziu55，或以相對地理位置稱漳州爲「下漳」。		community contributor	2025-08-30 21:17:19	2025-05-16 17:05:52
xkvymknntvx	xah24w3uw8j	泉州	1	n	市名，在福建南部。	連讀變調後的泉州與「漳州」同音。爲辨義，有時直稱泉州爲不變調的zuong53 ziu55，或以字形特徵稱爲「白水泉」。		community contributor	2025-08-30 21:16:59	2025-05-16 17:05:52
x32p58qrana	xma6k4cpccf	寧德	1	n	市名，在福建東部。			community contributor	2025-09-14 23:37:38	2025-05-16 17:05:52
xu2cgf6bqnn	xga9gukyadz	三明	1	n	市名，在福建中部。			community contributor	2025-09-14 23:37:33	2025-05-16 17:05:52
xx2qtq2bqdz	x5dqamfmcv9	臺南	1	n	城市名，在臺灣島南部。			community contributor|community contributor	2025-09-28 16:19:12	2025-05-16 17:05:52
x9pwdk74uxf	xjwrk59mhac	臺北	1	n	城市名，在臺灣島北部。			community contributor|community contributor	2025-09-28 16:14:29	2025-05-16 17:05:52
x6kt3x2rama	x4hbzk5y3pw	去搭𧜞*	1		輕佻說法，指男性前往與女性的約會。			community contributor	2025-09-14 23:37:16	2025-05-16 17:05:52
xzapk6mcgza	x38v5wjdvjv	搭骹	1		女性找男性做伴侶的輕佻說法。			community contributor	2025-09-14 23:37:09	2025-05-16 17:05:52
x6m2etw2xem	xtg939yfs5r	𧜞*囝	1	n	女伴。輕佻的說法。			community contributor	2025-09-12 17:27:46	2025-05-16 17:05:52
xwa33kvfasn	x3tr2bpyvwc	啤酒	1	n	酒精飲料，用淀粉水解、发酵产生糖分後制成。			community contributor	2025-09-14 23:36:58	2025-05-16 17:05:52
xt8qnajb4zf	xgadkqyk9tu	客車	1	n	用於載運眾多乘客及其隨身行李的汽車。			community contributor	2025-09-14 23:36:52	2025-05-16 17:05:52
x7ku86xpm75	xrqkwg8j6m8	男子漢	1	n	成年男子。			community contributor	2025-09-14 23:36:44	2025-05-16 17:05:52
x9k8zdz8zzs	xwvut2cu2st	水平尺	1	n	計量器具。			community contributor	2025-09-14 23:36:38	2025-05-16 17:05:52
xnmfwp5q3x7	x32x5dqh9f2	過浦	1	n	村名，在福州閩侯尚幹鎮。本地與祥謙鎮蘭圃（又作蘭浦）村有大橋相連，故以其目的地得村名。			community contributor	2025-09-14 23:35:32	2025-05-16 17:05:52
x75498wu6nt	xg7vmzsspnv	蘭圃	1	n	村名，在福州閩侯祥謙鎮。	當地實際讀音爲lang21 muo21。		community contributor	2025-10-05 23:08:12	2025-05-16 17:05:52
xe4zydwqzkp	xb5q69ma39z	內九彩巷	1	n	在福州鼓樓，屬於九彩巷，簡稱「內九彩」。	與九彩弄合稱「二巷」。		community contributor	2025-08-27 16:17:09	2025-08-27 16:17:09
xb9q2skeqd3	xkc72fcethe	九彩弄	1	n	在福州鼓樓，屬於九彩巷。	與內九彩巷合稱「二巷」。		community contributor	2025-08-27 16:23:10	2025-08-27 16:23:10
x6uqy5r63g7	xbkk4tmsgvu	九彩巷	1	n	在福州鼓樓。含九彩弄、內九彩巷、外九彩巷。			community contributor	2025-08-27 16:25:20	2025-08-27 16:25:20
x67dfg3bg3k	xru3m98hyvu	九彩園	1	n	地名，在福州鼓樓。原作韭菜園，晚清時已俗作九彩園。後園名不彰，以九彩巷聞。	〔清〕林楓《榕城考古略》：「韭菜園：今俗作九彩園，名未詳何取。有二巷，合而出於小樓街。」		community contributor	2025-08-27 16:28:16	2025-08-27 16:28:16
xr73nsj53zk	xqk4uusph93	九彩	1	n	地名，在福州鼓樓。原有韭菜園，晚清時已俗作九彩園。	〔清〕林楓《榕城考古略》：「韭菜園：今俗作九彩園，名未詳何取。有二巷，合而出於小樓街。」		community contributor	2025-08-27 15:56:23	2025-08-27 15:56:23
xt259p3shpy	xpgm956jdmu	大樹下	1	n	地名，在福州鼓樓。			community contributor	2025-09-14 23:33:58	2025-05-16 17:05:51
x5ag4b2gkhb	xvs4tvgt2n4	割草埕	1	n	地名，在福州鼓樓。			community contributor	2025-09-14 23:33:53	2025-05-16 17:05:51
xzqkt7zbtss	xvwa9gxhuuw	錢塘	1	n	地名，在福州鼓樓。	有說法認爲「錢塘」之名由「乾元」訛變而來；但清季成書的《榕城考古略》指出，歷史資料中同時可見「錢塘」「乾元」，各有所指。《考古略》卷中〈坊巷第二〉「錢塘巷」條下：「東達北大街。按：錢塘疑即乾元之訛，以乾元寺而得名也。然郡志：錢塘、乾元凡兩見。以通於小古樓者，為乾元巷；以通於北後街者，為錢塘巷。且今桅桿後地，亦有里社曰錢塘境，不知其命名何取也？」又「韭菜園」條下：「街（按即北門大街）之半有錢塘巷。［……］錢塘者，乾元之訛也。蓋地舊有乾元寺。按《閩都記》：乾元寺本無諸舊城，晉太康遷城以為紹因寺；乾元三年更今名。」		community contributor	2025-08-27 21:54:23	2025-05-16 17:05:51
xsyed2d2j5k	xvwa9gxhuuw	錢塘	10	n	地名，在浙江杭州。又作「錢唐」。			community contributor	2025-08-27 22:04:57	2025-08-27 22:04:57
xumnemkzvff	x45b4t6ufqa	大橋頭	1	n	地名，在福州臺江區，即解放大橋的北側橋頭一帶。	解放大橋的南側橋頭一帶則不稱「大橋頭」，而徑呼「倉前」等。		community contributor	2025-09-14 23:33:39	2025-05-16 17:05:51
xxbtq5vjauh	x45b4t6ufqa	大橋頭	2	n	地名，在福州南臺島西北部。			community contributor	2025-09-14 23:33:39	2025-09-14 23:33:39
x9m2428ed4m	x45b4t6ufqa	大橋頭	2	n	地名，在福州南臺島西北部。			community contributor	2025-09-14 23:33:40	2025-09-14 23:33:40
xgbdvm7egfm	x98a7v9mk53	小橋頭	1	n	在福州臺江，即達道河沙合橋。			community contributor	2025-09-14 23:32:59	2025-05-16 17:05:51
xh5z5mtnm96	xzf9ke8ygd6	峽南	1	n	地名，在烏龍江大橋閩侯一側橋頭附近。			community contributor	2025-09-14 23:32:54	2025-05-16 17:05:51
x5a3fm2x28n	xdftntjdbzf	峽北	1	n	地名，在烏龍江大橋倉山一側橋頭附近。			community contributor	2025-09-14 23:32:49	2025-05-16 17:05:51
xrydj4tnnuf	xqx74ukqp6k	祥坂	1	n	地名，在福州臺江。	當地實際讀為suong53 muang33，本字「上坂」。		community contributor	2025-10-05 23:14:50	2025-05-16 17:05:51
xhut5xebz8b	x5y3dfy96fb	後坂	1	n	村名，在福州倉山蓋山鎮。			community contributor	2025-09-14 23:32:39	2025-05-16 17:05:51
xszgrwwttxn	xae9qv72k9k	恐怖	1	adj	感到危險可怕而非常驚恐。		"[""野（很）～其（的）事際。""]"	community contributor	2025-09-14 23:32:17	2025-05-16 17:05:51
x9y6fnkax8q	xae9qv72k9k	恐怖	2	n	〈書〉讓人感到恐怖的手段與氣氛。		"[""白色～。""]"	community contributor	2025-09-14 23:32:17	2025-09-14 23:32:17
xwvfxw6mk7t	xz64k3ndspm	可怕	1	adj	讓人害怕。		"[""野（很）～其（的）事際（事情）。"", ""真其（的）是野（很）～。""]"	community contributor	2025-09-14 23:31:38	2025-05-16 17:05:51
xtermgc6y7z	x5t9phnpgkh	頭形	1	n	頭部側影，側臉。		"[""～野（很）俊（好看）。""]"	community contributor	2025-09-14 23:31:17	2025-05-16 17:05:51
x99ntx982e5	xyyy6js5fwa	後腦枕	1	n	代指後腦。			community contributor	2025-09-14 23:30:47	2025-05-16 17:05:51
x33g7mwx3fu	xhn7yyg7agx	面囝	1	n	小臉蛋。		"[""～白澈澈，呆事做搭搭。""]"	community contributor	2025-09-14 23:27:36	2025-05-16 17:05:51
x6jdfhg3fjk	x6qz6xw8deh	家	1		暱稱叔父。			community contributor	2025-09-14 23:27:26	2025-05-16 17:05:51
x8fyv4vpzhy	xq67ryx69af	天份	1	n	天資，天賦。			community contributor	2025-09-14 23:26:24	2025-05-16 17:05:51
x4vpjyk8gqj	xdpg3gqmutu	味中味	1	n	福州老店名。			community contributor	2025-09-14 23:26:19	2025-05-16 17:05:51
xutc76z7493	xkqp7c5rxar	橋南	1	n	地名，在福州倉山。			community contributor	2025-09-14 23:26:05	2025-05-16 17:05:51
xqtxws8ys7k	xufgy3xf256	橋頭	1	n	橋的近岸部分。			community contributor	2025-09-14 23:25:55	2025-05-16 17:05:51
x2gz8s6csfw	xufgy3xf256	橋頭	10	n	地名，在福州倉山。			community contributor	2025-09-14 23:25:55	2025-09-14 23:25:55
xhzw3crzzy9	xk72paqc4rk	二橋	1	n	閩江大橋，因修建時間遲於解放大橋，得此別名。			community contributor	2025-09-14 23:25:39	2025-05-16 17:05:51
xb5xwnuggrq	xvugmzdfccf	下藤	1	n	地名，在福州倉山。			community contributor	2025-09-14 23:25:32	2025-05-16 17:05:51
x5dxcy6qbe8	xzbz263e9kk	上藤	1	n	地名，在福州倉山。			community contributor	2025-09-14 23:25:27	2025-05-16 17:05:51
x7qwt3bydpf	x5wsywf7ezp	市二醫院	1	n	「市第二醫院」的簡稱。			community contributor	2025-09-14 23:25:22	2025-05-16 17:05:51
xqecd6crvnx	x4d9snjqrjx	痚喘	1	n	氣道慢性炎症疾病。			community contributor	2025-09-14 23:25:13	2025-05-16 17:05:51
x7j9vvjwc2h	xwxzvxefehr	下渡	1	n	地名，在福州倉山。			community contributor	2025-09-14 23:25:07	2025-05-16 17:05:51
xxzjafktpb5	x5twxassq4d	上渡	1	n	地名，在福州倉山。			community contributor	2025-09-14 23:25:02	2025-05-16 17:05:51
x5jz9e76kgf	xgfawgspxfc	程埔頭	1	n	地名，在福州倉山。			community contributor	2025-09-14 23:24:58	2025-05-16 17:05:51
xcfg3kf82pn	xhmz6fgsc72	埔	1	n	地名用字，坡或平地。		"[""～頂（在福州倉山）。"", ""～前（在福州閩侯）。"", ""施～（在福州倉山）。"", ""梅～（在福州閩清）。""]"	community contributor	2025-09-14 23:24:52	2025-05-16 17:05:51
xy6xj9dha8k	x4cjurm4ee3	埔前	1	n	村名，在福州閩侯荊溪。			community contributor	2025-09-14 23:24:26	2025-05-16 17:05:51
xpcv3yvqrvy	xr9fsdqqmz9	葛岭	1	n	地名，在福州永泰。			community contributor	2025-09-14 23:24:20	2025-05-16 17:05:51
xr2h78r959r	xa4eh8rwh26	黃埔	1	n	村名，在福州永泰葛岭。最早稱「王墓」，明清季取諧音爲「王布」，後寫法改爲「黃埔」。			community contributor	2025-09-14 23:24:16	2025-05-16 17:05:50
xrbfb5mv5aj	xxyn8j36khv	梅埔	1	n	地名，在福州閩清。			community contributor	2025-09-14 23:24:06	2025-05-16 17:05:50
x87bpk9gbsy	xbtfufvkd78	施埔	1	n	地名，在福州倉山。			community contributor	2025-09-14 23:24:01	2025-05-16 17:05:50
x69fbcgdkyq	x8pcykqj2fy	福州食食	1	n	福州的飲食習慣。		"[""～就是愛食（愛喫）蝦油、糟煮其乇（煮的東西）。""]"	community contributor	2025-09-19 02:29:25	2025-05-16 17:05:50
xkanngrujwc	xmv3jd3unqn	埔頂	1	n	地名，在福州倉山下渡。			community contributor	2025-09-14 23:23:57	2025-05-16 17:05:50
x35gayznrsn	x5hewhfe4yr	下𱴱	1	n	地名，在福州馬尾。			community contributor	2025-09-14 23:23:52	2025-05-16 17:05:50
xrkfvjcud9r	xv2rs94k5vw	上𱴱	1	n	地名，在福州馬尾。			community contributor	2025-09-14 23:23:46	2025-05-16 17:05:50
x56tq2ugvbj	xfbqz36dka7	手指彈	1	n	手榴彈。拉環像戒指，戒指福州話稱之「手指」，故名。			community contributor	2025-09-14 23:23:39	2025-05-16 17:05:50
xkzu2ewfp6t	xvfjpbebcws	阿妗	1		面稱舅母。			community contributor	2025-09-14 23:23:04	2025-05-16 17:05:50
xjvae6bst9q	x786dmpnwwr	妗妗	1		舅舅的妻子。			community contributor	2025-09-14 23:23:00	2025-05-16 17:05:50
x6ap8rj6cgb	xy7bgmg557g	阿嬸	1		面稱叔父之妻。			community contributor	2025-09-14 23:19:01	2025-05-16 17:05:50
xgmvpzrwkqw	x7gdfwjkemm	依叔	1		面稱叔父。			community contributor	2025-09-14 23:18:55	2025-05-16 17:05:50
xsreu63byav	xxh2huabze6	車後斗	1	n	車後備箱。			community contributor	2025-09-14 23:18:47	2025-05-16 17:05:50
xtkp2tmyrzn	xdu884x5kux	車尾箱	1	n	車後備箱。	「後斗」的新派說法。		community contributor	2025-09-14 23:18:42	2025-05-16 17:05:50
xr7cqtcua82	xp944zp3cwt	後斗	1	n	車後備箱。			community contributor	2025-09-14 23:18:33	2025-05-16 17:05:50
xqadgtakpfy	xukp55qtfxs	梅亭	1	n	地名，在福州市鼓樓區。			community contributor	2025-09-14 23:18:28	2025-05-16 17:05:50
x8cj6b2mh3j	x3y8g3x8kz5	連潘	1	n	地名，在福州市晉安區。			community contributor	2025-09-14 23:18:04	2025-05-16 17:05:50
xaesjtx8r7a	xtmkxderfx8	下方	1	n	地名，在福州市晉安區新店鎮。			community contributor	2025-09-14 23:17:57	2025-05-16 17:05:50
xy2czphw25g	xtjtru4xwvv	下店	1	n	地名，即「井店」，在福州市晉安區新店鎮。			community contributor	2025-09-14 23:17:48	2025-05-16 17:05:50
xn9vm8sbebu	xq98qsqs5a6	有面	1		有面子。			community contributor	2025-09-14 23:17:42	2025-05-16 17:05:50
x4z5gvpkvv3	xmeqwgq4hej	後𩩍	1	n	後背。			community contributor	2025-09-14 23:17:31	2025-05-16 17:05:50
xmfwrjrjygb	xmeqwgq4hej	後𩩍	2	n	車尾一面，類似人類後背，故名。			community contributor	2025-09-14 23:17:31	2025-09-14 23:17:31
x4keemgy47k	xkrk6nqkrp5	拍飛機	1		動賓短語，打飛機。			community contributor	2025-09-03 02:29:13	2025-05-16 17:05:50
xptrxmmcxdv	xkrk6nqkrp5	拍飛機	2		隱語，指男性自慰。	也說「捋𬈺」。		community contributor	2025-09-03 02:31:00	2025-09-03 02:29:13
x5p4bv4wdmq	xts97yr2sxg	妖虯	1	adj	亂來，離譜，過分，不成體統。		"[""汝（你）這隻（個）儂（人）吓（啊），～其（的）吓（啊）。"", ""汝者（這）做法吓（啊），～其（的）做法。""]"	community contributor	2025-09-14 23:17:12	2025-05-16 17:05:50
xqerhsqsadt	xckf6mdnvv6	樟木	1	n	〈書〉樟木。	口語說「樟柴」（zuong55 nja53）。		community contributor	2025-09-14 23:16:43	2025-05-16 17:05:50
xby43uvd3p6	x6vx8jhm77v	杉木	1	n	〈書〉杉木。	口語說「杉柴」（sang55 nja53）。		community contributor	2025-09-14 23:16:31	2025-05-16 17:05:50
xmt5jqqqcya	xcpgb5tnxus	拍鑼拍鼓	1		敲鑼打鼓。			community contributor	2025-09-14 23:16:16	2025-05-16 17:05:50
xadgzmnvvp7	x2ufrk2a43a	南公園	1	n	位於福州臺江，原爲清初靖南王耿茂的別墅花園，公元1915年闢爲公園，因位於當時福州城的南部，故稱爲「城南公園」，簡稱「南公園」。			community contributor	2025-09-14 23:16:04	2025-05-16 17:05:50
x9m88sk5s4e	xuw8gaynwp2	哪吒	1	n	受道教崇敬的少年神，也在佛教、印度教故事中有登場。			community contributor	2025-09-14 23:15:43	2025-05-16 17:05:50
xbqptfe9xd5	xegjd4dpaps	船頭船尾	1		船前船後。			community contributor	2025-09-14 23:15:36	2025-05-16 17:05:50
xe3y873sr64	xprqmbuttqk	北港	1	n	閩江流至淮安分爲南北港，北港經福州流向馬尾。			community contributor	2025-09-14 23:15:31	2025-05-16 17:05:50
xpfztxmr83h	xdfmavzbmfy	南港	1	n	閩江流至淮安分爲南北港，南港右納大樟溪支流後，至馬尾於北港匯合。			community contributor	2025-09-14 23:15:23	2025-05-16 17:05:50
xf6aphd9e4v	x45kpqne3pu	南嶼	1	n	鎮名，在閩侯			community contributor	2025-07-28 22:33:59	2025-05-16 17:05:49
xma3smcbvdq	xkufw6gb6m4	贈送	1	v	無條件將物品送給他人。			community contributor	2025-09-14 23:03:47	2025-05-16 17:05:49
xheyyry4tgj	x58n4md6twb	犬囝販	1	n	賣狗的。			community contributor	2025-09-14 23:03:41	2025-05-16 17:05:49
xfyrkzbj2xy	xem8y9aequt	邀新人	1		動賓短語，娶新娘。			community contributor	2025-09-14 23:03:34	2025-05-16 17:05:49
xe5umcnt7b2	xpf75d6cfab	將囝	1		動賓短語，帶小孩。			community contributor	2025-09-14 23:03:18	2025-05-16 17:05:49
xauaxn2vr9w	xdxg39ge9gv	嵩口	1		地名，在福州永泰。			community contributor	2025-09-14 23:02:39	2025-05-16 17:05:49
xmmrt84j3fh	x788hxaqvxc	地下	1	n	地面之下。	口語說「地兜下」（die21 lau53 a242 ）。		community contributor	2025-09-14 23:02:19	2025-05-16 17:05:49
x2sgrax3dym	x788hxaqvxc	地下	2	adj	非法、秘密活動狀態。		"[""～工作。""]"	community contributor	2025-09-14 23:02:19	2025-09-14 23:02:19
xyw4zrg47yn	x3b5fneeza4	房裏奶	1	n	保護兒童的一位神祇，供奉在兒童房間內，保佑兒童長大到16歲或18歲。			community contributor	2025-09-14 23:01:28	2025-05-16 17:05:49
xgbmvnujmms	xs63pdtecp6	灴麵	1	n	一種手擀面、手切面，20世紀福州家庭常見。			community contributor	2025-09-14 23:01:15	2025-05-16 17:05:49
xe33b6debsg	xwpvzy43g83	香油棗	1	n	舊時飯店用剩下的配料、配菜炸的丸子。			community contributor	2025-09-14 23:00:41	2025-05-16 17:05:49
xsjv5jbjbsb	xhbrdvkqpm8	花哩雞	1	n	蘆花雞。因蘆花雞毛色呈黑白斑點狀，雜亂無序，顏色「花哩麻糟」（hua21 li55 ma55 zau55），故名花哩雞。			community contributor	2025-09-14 23:00:28	2025-05-16 17:05:49
x6czrbu4pzd	xfantqq3hy8	鼎邊鰓	1	n	形容煮湯燒水時，水還沒完全煮開，只是鍋邊剛起一圈水泡。			community contributor	2025-09-14 22:59:44	2025-05-16 17:05:49
xnan2y4j4bf	xhqg7u5ycfc	糖糕餅囝	1	n	糖果、糕點、餅乾類的統稱。			community contributor	2025-09-14 22:59:35	2025-05-16 17:05:49
xbq3dt64z6q	xr5p8gsrt62	味素哈	1	n	統稱菜裡用了味精加蝦油的味道。味道比較重，故民間常說「味素哈」。	「哈」意即刺鼻的味道。		community contributor	2025-09-14 22:59:26	2025-05-16 17:05:49
xmcxhmhgnc8	x6fcsfaw3ek	八尖	1		福州民間對警察的一種稱呼。	性質類似的俗稱有「依解哥」（解放軍）。		community contributor	2025-09-03 02:21:43	2025-05-16 17:05:49
xjvva9cxjy2	xxdgq7stb5h	老鼠𤴯	1	n	舊時房屋旁的一種蛇，擅食老鼠而得名。	有人認爲是无毒蛇，有些地方認爲一種劇毒蛇，有人說就是尖吻蝮蛇。		community contributor	2025-10-30 13:22:44	2025-05-16 17:05:49
xq3y8vz4cbk	xuvesukuuzh	三角靸	1	n	民間對人字拖的一種別稱，因夾角處形似三角，故此得名。			community contributor	2025-09-14 22:58:23	2025-05-16 17:05:49
xah4y5vrq2c	xujxgj34mhj	芋鴨	1	n	芋頭燉鴨子，福州美食。			community contributor	2025-09-14 22:58:15	2025-05-16 17:05:49
xu5d973euzu	xgyetrv5qtc	六角𰱗	1	n	有棱絲瓜，切面似六角形，故此得名。	也有人稱爲「八角𰱗」。		community contributor	2025-09-14 22:57:02	2025-05-16 17:05:49
x7tnh44nf9z	xrn5e3n7pmy	二都蚶	1	n	產自寧德二都的蚶。			community contributor	2025-09-14 22:50:58	2025-05-16 17:05:49
xnwcwq49uaq	xahd3e623yx	六角絞	1	n	內六角扳手，艾倫扳手。			community contributor	2025-09-14 22:50:52	2025-05-16 17:05:49
x69dht5h5nn	xuyvg7xwrfz	電䀇	1	n	變壓器之舊稱。			community contributor	2025-09-14 22:50:31	2025-05-16 17:05:49
xd63s7ur4xs	xpx45f8r8qq	過橋丟拐	1		過河拆橋，忘恩負義。			community contributor	2025-09-14 22:50:25	2025-05-16 17:05:49
x3475qzsep8	xwqthjgurkz	電光脬	1	n	電燈的戲稱。		"[""目睭盡像～。""]"	community contributor	2025-09-14 22:50:12	2025-05-16 17:05:49
x75386jf8tz	xwqthjgurkz	電光脬	2	n	指男女談戀愛時礙手礙腳且不知趣的第三者。		"[""頭尾無塊（處）捎，鴨卵（蛋）會看～。""]"	community contributor	2025-09-14 22:50:12	2025-09-14 22:50:12
x92y2nksxbg	xm5kskmx84k	泰山	1	n	山名，在今山東泰安。			community contributor	2025-09-14 22:49:26	2025-05-16 17:05:49
xvmsr3b9xch	xm5kskmx84k	泰山	2	n	代指福州九案泰山信仰。			community contributor	2025-09-14 22:49:26	2025-09-14 22:49:26
xquyrvs3zpc	xqjnsmm374x	尚書	1	n	上古典籍，又稱《書經》。			community contributor	2025-09-14 22:48:44	2025-05-16 17:05:49
xw4f4akcy4e	xqjnsmm374x	尚書	2	n	中國古代官職名。			community contributor	2025-09-14 22:48:44	2025-09-14 22:48:44
xjxza6jegqu	xqjnsmm374x	尚書	3	n	中國古代星官名。			community contributor	2025-09-14 22:48:44	2025-09-14 22:48:44
xcsxkg9c2d9	xqjnsmm374x	尚書	4	n	特指陳文龍，南宋莆田人，敕封「水部尚書」，民衆尊稱「尚書公」，其廟宇稱「尚書廟」。			community contributor	2025-09-14 22:48:44	2025-09-14 22:48:44
x884k7ufz6v	xpb8kxqzeyg	土名	1	n	通俗名，本地話裏異於通語的稱呼。			community contributor	2025-09-14 22:48:00	2025-05-16 17:05:49
xs75gr365qw	x9gxc9rjpup	蚶蜱	1	n	蟾蜍。			community contributor	2025-09-14 22:47:30	2025-05-16 17:05:49
xj86ycxme5k	x93f7y96uzz	正規	1	adj	合於正式規定或正常標準的。			community contributor	2025-09-14 22:46:33	2025-05-16 17:05:49
x8ukb65n8hz	xsg2bqq238e	筈*筈*	1	n	實心的菜梗。	空心的菜梗，說「管管」（guang33 guang33）。菜幫子，說「菜裨*」（cai55 bie55）。		community contributor	2025-09-12 17:10:40	2025-05-16 17:05:49
x5qvp5qz9rs	xtdpqubphdn	蕨蕨	1	n	實心的菜梗。	空心的菜梗，說「管管」（guang33 guang33）。菜幫子，說「菜裨*」（cai55 bie55）。		community contributor	2025-09-12 17:11:02	2025-05-16 17:05:49
xkrvv94838p	xpajak27rca	藁藁	1	n	菜梗。			community contributor	2025-09-12 16:33:49	2025-05-16 17:05:49
xfbkatj7ttm	xx4mbh8u4tr	託兒所	1	n	代替父母照顧小孩的地方。			community contributor	2025-09-12 16:33:06	2025-05-16 17:05:49
xd7wh9kctqm	xx4mbh8u4tr	託兒所	2	n	有時非正式地代指幼兒園。			community contributor	2025-09-12 16:33:06	2025-09-12 16:33:06
xr2n89jpvru	xzggwy5zg2s	育兒園	1	n	實施幼兒教育的機構。			community contributor	2025-09-12 16:32:44	2025-05-16 17:05:49
x6mszrce7nv	xw4mqm55d6z	幼兒園	1	n	實施幼兒教育的機構。			community contributor	2025-09-12 16:32:38	2025-05-16 17:05:49
xbyt3qqs427	x3h3edducav	戰坂	1	n	福州地名。	五代十國時期，閩國滅亡後，李仁達佔據福州。為求自保，他遊走於南唐、後晉、吳越等政權之間，向各方稱臣。其後，南唐發兵圍攻福州。李仁達與吳越援軍聯手，在福州城北的戰坂至溪裏村一帶，內外夾擊，最終大敗南唐軍隊。		community contributor	2025-10-06 00:32:04	2025-05-16 17:05:49
xw7wr2yutnv	xmxzbaypnks	上山下鄉	1		公元1950年代至1970年代的政治運動，運動中上千萬城市知識青年赴農村定居、勞動。			community contributor	2025-09-12 16:32:26	2025-05-16 17:05:49
xk88dhgy4xz	xgad4ar8gdn	三落鄉	1		是公元1980年代始大學生等青年群體參加的社會活動，由各級中國共青團組織，內容爲將科技、文化、衛生三者帶下鄉。普通話說「三下鄉」。			community contributor	2025-09-12 16:32:15	2025-05-16 17:05:48
xwnamgj83ak	xqb6m259cv6	道山路	1	n	福州路名。			community contributor	2025-09-03 02:13:42	2025-05-16 17:05:48
xr5zewuzhjk	xhykpgvy826	論文	1	n	就特定主題將学術研究成果以邏輯的方式書寫出來的文章。			community contributor	2025-09-12 16:31:11	2025-05-16 17:05:48
x4pvwdys62q	xk9gh7dvbec	討論	1	v	就某一問題交換意見。	口語亦單說「論」。		community contributor	2025-09-12 16:30:55	2025-05-16 17:05:48
xqkagmsmqf5	xrvph5zuej8	文章	1	n	用文字綴成語句，聯成篇段，以示人心中思想情意者。			community contributor	2025-09-12 16:29:57	2025-05-16 17:05:48
xfe48ppz5v8	xr893swx82t	落車	1		動賓短語，下車。		"[""請趁（從）後門～。""]"	community contributor	2025-09-10 17:27:11	2025-05-16 17:05:48
xf733ysu2pb	xwacsh6ugjy	廣播	1		利用電子通信技術傳送聲音、影片等給公眾的行爲。			community contributor	2025-09-10 17:26:38	2025-05-16 17:05:48
xfknh7unvfk	x8syu7qdz6b	佮陣	1		做夥。			community contributor	2025-09-10 17:25:45	2025-05-16 17:05:48
xb4pw9fraef	xyuez26jx7m	毛澤東	1	n	字潤之，生於湖南湘潭，逝於北京。政治家，軍事家。			community contributor	2025-09-10 17:25:21	2025-05-16 17:05:48
xhjcdggrpn5	xfdkn7zefcp	麇々	1	cl	堆，群。	「麇」（kyng53）的分音詞。	"[""蜀（一）～。"", ""我厝（家）總*款（這樣的）藥故（還）有蜀（一）～（大堆）。""]"	community contributor	2025-09-10 17:25:13	2025-05-16 17:05:48
x5v8uzdkpsb	xe5k2rqfp8n	風災	1	n	〈書〉因颱風、暴風、飓風過境而造成的災害。			community contributor	2025-09-10 17:24:33	2025-05-16 17:05:48
xk37b6b98y4	xbbz4ptauwn	睏蜀眠	1		睡一覺。			community contributor	2025-09-10 17:24:07	2025-05-16 17:05:48
xre62bf9v43	x4p9bgjsxxm	僥倖	1		僥倖，幸運。往往用於死裏逃生、虎口脫險時。		"[""伊（他）厝（家）頭先火燒厝（房子着火）去，～儂（人）無敆食（沒事）。""]"	community contributor	2025-09-10 17:24:02	2025-05-16 17:05:48
xavpe2xy8k5	xthnj6zh29e	天倖	1		僥倖，幸運。往往用於死裏逃生、虎口脫險時。			community contributor	2025-09-10 17:23:47	2025-05-16 17:05:48
x885cf9tqkz	xfm3jsp8233	山路	1	n	山中的道路。			community contributor	2025-09-10 17:23:35	2025-05-16 17:05:48
xpd5uxvc5dk	xn69hnbdzpq	頌睏其	1		睡衣。			community contributor	2025-09-06 22:58:50	2025-05-16 17:05:48
xjnwv6bhwr5	xnfjeek77mt	五月端	1	n	端午。			community contributor	2025-09-06 22:58:43	2025-05-16 17:05:48
xtuvvt6gvh7	xt84h6hzvd7	睏會着	1		睡得着。			community contributor	2025-09-10 17:23:20	2025-05-16 17:05:48
xg44sdq7xy4	xt84h6hzvd7	睏會着	2		催促睡覺的用語，意即此時去睡便能睡得着。			community contributor	2025-09-10 17:23:20	2025-09-10 17:23:20
xh38x7xygqe	x4fjh7k7jwa	老犬牯	1	n	老狗。			community contributor	2025-09-10 17:20:55	2025-05-16 17:05:48
xfp4xq9e8c4	x4fjh7k7jwa	老犬牯	2		詈詞，辱罵老年人，語氣重於「老貨囝」。			community contributor	2025-09-10 17:20:55	2025-09-10 17:20:55
xzpemjfemve	x435cywz9ak	老貨囝	1	n	老傢伙，謔稱老年人。			community contributor	2025-09-06 22:58:35	2025-05-16 17:05:48
xv8gr48dvuu	xnde9zh3cbg	好罷*好奶	1		爲人很好的父母。		"[""嚴復《與甥女何紉蘭書三十封·十七》：「伯玉只因己爲好爸好奶所生，其配偶又頗高尚，故於他人苦處全然不知如此。」（王栻, 主編. 嚴復集: 第三冊. 北京: 中華書局, 1986.）""]"	community contributor, 关彳山	2025-10-15 21:48:24	2025-05-16 17:05:48
x9w632rjhp6	xh72zky35x5	衣裳櫥	1	n	衣櫥，衣櫃。			community contributor	2025-09-06 22:38:54	2025-05-16 17:05:48
x2755hexsn6	x4eqckvns7x	保險櫃	1	n	盛放重要物品的容器。			community contributor	2025-09-06 22:38:48	2025-05-16 17:05:48
xaadf9un3dc	xe9j424zp43	題目	1	n	文章或詩篇之標名。		"[""者文章～號世乇？""]"	community contributor	2025-09-06 22:38:35	2025-05-16 17:05:48
xk9gehjkkaw	xe9j424zp43	題目	2	n	考試時要求應試者作答之問題。			community contributor	2025-09-06 22:38:35	2025-09-06 22:38:35
xn69gtp6kxe	xmvfaj73xxx	厚美	1	n	地名，在閩侯上街。	本字應爲「後尾」，地名雅化作「厚美」。		community contributor	2025-09-06 22:37:38	2025-05-16 17:05:48
xm4zfhfu6xa	xze6xx3yxac	美墩橋	1	n	地名，在福州倉山。	首字應爲「尾」，地名雅化作「美」。		community contributor	2025-09-06 22:37:27	2025-05-16 17:05:48
xfr3kjq698m	x632ytvhmwh	絞絞	1	n	扳手。			community contributor	2025-09-06 22:37:09	2025-05-16 17:05:48
xzthpb9fjgg	xt7vwq72ybj	底底	1	n	底部。			community contributor	2025-09-06 22:35:57	2025-05-16 17:05:48
xthfnp3m2ra	xztb26a7ghn	屜屜	1	n	抽屜。			community contributor	2025-09-06 22:35:34	2025-05-16 17:05:48
xfsjbb7tkna	xjzz94yhfpa	平直骹	1	n	老實人。			community contributor	2025-09-06 22:35:12	2025-05-16 17:05:48
xxqup93md9r	xur9qxn7exq	大學生	1	n	就讀於大學院校之學生。		"[""哇哈，～，野霸吓（厲害了）。——無者事，無者事（謬讚，謬讚）。"", ""哇哈，～吓！書讀野懸（書讀得很優秀）吓！""]"	community contributor|community contributor	2025-09-06 22:35:01	2025-05-16 17:05:48
xjxx5r2ub3m	xf44w5vhh4j	文嶺	1	n	鎮，在長樂。			community contributor	2025-09-06 22:30:27	2025-05-16 17:05:48
xrpbdnvbzja	xe8eqsbpah4	澤裏	1	n	村，在長樂潭頭西部。			community contributor	2025-09-06 22:30:21	2025-05-16 17:05:48
xju4e9nhdp3	xvuydfsp93h	捋𬈺	1		指男性自慰。			community contributor|community contributor	2025-09-06 22:30:12	2025-05-16 17:05:48
xcb6r2vjegu	xksampr4kes	新疆	1	n	中國最大的省級行政區，位於西北。		"[""伊明旦（明天）卜（要）去～。""]"	community contributor	2025-09-06 22:29:56	2025-05-16 17:05:48
xdvg3jgadxt	xx3h4vvm356	無調	1		沒本事。		"[""復（又）～褲骹（褲管）捋（擼）復懸（高）。（又沒本事又裝作很能幹。）""]"	community contributor	2025-09-06 22:29:32	2025-05-16 17:05:48
x8hmxkyge52	xa8c7j2bgw6	無板無調	1		離譜，太過分。	板，節奏。		community contributor	2025-09-06 22:29:06	2025-05-16 17:05:48
xps2barf8ps	xpjwsm5dcvg	犬牯	1	n	公狗。	也可以說「犬角」「犬雄」「犬公」。		community contributor	2025-09-06 22:28:58	2025-05-16 17:05:48
x9zexrunbjd	xfmhjfgk347	米粒雪	1	n	米粒狀的雪。			community contributor	2025-09-06 22:28:47	2025-05-16 17:05:47
x923v8w9r2p	xvuh8zmbxuy	染染嘈	1	adj	吵鬧，嘈雜。			community contributor	2025-09-06 22:28:40	2025-05-16 17:05:47
xgds93ty75d	xcc4k785em9	免費	1		免費，不用錢，不要錢。		"[""這架車～其。""]"	community contributor	2025-09-06 22:28:29	2025-05-16 17:05:47
xt8xb3hu72h	xgz7b69235t	無挃錢	1		免費，不用錢，不要錢。			community contributor	2025-09-06 22:28:21	2025-05-16 17:05:47
xutkq5vw3xz	x7ak8y7c8a2	伓使錢	1		免費，不用錢，不要錢。			community contributor	2025-09-06 22:28:16	2025-05-16 17:05:47
xfyw23xe3bw	xmcv9dcn2hv	好食	1	adj	好喫。		"[""野～。""]"	community contributor	2025-09-06 22:28:10	2025-05-16 17:05:47
xv2kjvkwrg9	xsa9dvr4qy7	做乞其	1		乞討的人。			community contributor	2025-09-06 22:27:17	2025-05-16 17:05:47
xjdky54555y	xz8yb67bd2z	日食	1	n	一種天文現象，只在月球運行至太陽與地球之間時發生。			community contributor	2025-09-06 22:27:04	2025-05-16 17:05:47
xwgzbv3un4e	x5n97bwjuzu	颱風	1	n	是赤道以北、國際換日線以西對熱帶氣旋的一個分級。	口語也說「風颱」（hung55 nai55）。		community contributor|community contributor	2025-09-14 14:15:34	2025-05-16 17:05:47
xtyz7kt2zjb	x5v8qgtayen	三七四六	1		有本事。			community contributor	2025-09-06 22:25:15	2025-05-16 17:05:47
xbcbaedjja4	x5v8qgtayen	三七四六	2		猶言一切，是非情由。		"[""故（還）插（管）伊（他）～。""]"	community contributor	2025-09-06 22:25:15	2025-09-06 22:25:15
xsmnw2dcumu	xtqrwn8dqkf	麵筋	1	n	食品。以小麥粉和水洗去澱粉，餘下蛋白質凝結而成。			community contributor	2025-09-06 22:23:54	2025-05-16 17:05:47
xn999cwg6e9	xhr53dh5vtf	面巾	1	n	洗臉毛巾。			community contributor	2025-09-06 22:23:47	2025-05-16 17:05:47
xb5dssznamj	xdfxqegmzj7	㪠㪠	1	n	器物上面有遮蔽作用的東西。			community contributor	2025-09-06 22:23:17	2025-05-16 17:05:47
xajujczf79q	x29u2b5tdrw	軟木	1	n	裸子植物的木材。		"[""～其（的）塞塞（塞子）。""]"	community contributor	2025-09-06 22:22:56	2025-05-16 17:05:47
xu6z8jyxafh	x8v2ef96cdu	痘痘	1	n	青春痘。		"[""發（長）～。""]"	community contributor	2025-09-06 22:22:43	2025-05-16 17:05:47
x42x7wvrrm3	xbd5q55u8tv	做字	1		簽合同。		"[""租厝（房）講（談）好了，下晝卜～。""]"	community contributor	2025-09-06 22:22:16	2025-05-16 17:05:47
xmf5hmvphue	xtvktwk59p9	領舞	1	n	跳舞時帶頭的人。			community contributor	2025-09-06 22:22:02	2025-05-16 17:05:47
xxg76hyykpe	xmh2s987hxd	雪峰山	1	n	山名，在閩侯。			community contributor	2025-09-06 22:21:56	2025-05-16 17:05:47
xgzegkbnhfs	xphbx3agypd	幅度	1	n	物體振動或搖擺所展開寬度。		"[""～野大。""]"	community contributor	2025-09-06 22:21:37	2025-05-16 17:05:47
xz8gy886y4d	xphbx3agypd	幅度	2	n	引而申之，指事物變動程度。			community contributor|community contributor	2025-09-06 22:21:37	2025-09-06 22:21:37
xvubvdah6cw	xttqnc3v2ut	搦螞蝴	1		動賓短語，捉蜻蜓。			community contributor	2025-09-06 22:20:05	2025-09-06 22:20:05
x7n6snewz7n	xttqnc3v2ut	搦螞蝴	10		◇形容跳舞時手舞足蹈，動作不好看，貶義。			community contributor	2025-09-06 22:20:05	2025-05-16 17:05:47
x97ayvejrcf	xb2pdq29k95	幹勁	1	n	做事的勁頭。		"[""～盡（挺）足。""]"	community contributor	2025-09-06 22:15:05	2025-05-16 17:05:47
x5buztq2d6r	xkkr9e342qf	五鳳	1	n	山名，在福州鼓樓區西北部。			community contributor	2025-09-06 22:14:36	2025-05-16 17:05:47
x7cru47mehp	xkkr9e342qf	五鳳	2	n	地名，在五鳳山一帶。有同名村莊，後建設爲小區。			community contributor	2025-09-06 22:14:36	2025-09-06 22:14:36
xxskaqw8t4z	x6jfvnxmq9q	聒	1	v	吵鬧，聒噪。		"[""伓通（不要）廮𡅏（在那邊）～。""]"	community contributor	2025-09-06 22:09:50	2025-05-16 17:05:47
xzxebjawdnf	xynm9w5fxqp	頭頭水	1		第一批的，第一次的。		"[""紫菜着（要）赶～（指趕着買首批最新鮮）。""]"	community contributor	2025-09-06 21:57:29	2025-05-16 17:05:47
xy7sav9ce7m	xs6zbu32rd4	南沙	1	n	羣島名，在南海。			community contributor	2025-09-06 21:56:44	2025-05-16 17:05:47
xyrysp6p9sw	xrrmwy3jbtx	九龍	1	n	地名，在香港。			community contributor	2025-09-06 21:56:37	2025-05-16 17:05:47
xcjcncqg32q	xzgr9xvbgz6	拉薩	1	n	城市名，在西藏。			community contributor	2025-09-06 21:56:30	2025-05-16 17:05:47
xfb7zdyhxar	xb98jz9wx7c	呼和浩特	1	n	城市名，在內蒙古。			community contributor	2025-09-06 21:56:15	2025-05-16 17:05:47
xb78wsv4dty	xdfvtqyptjq	內蒙古	1	n	政區名，在華北。			community contributor	2025-09-06 21:55:53	2025-05-16 17:05:47
xz7wpupnc7e	x9xe9327a6u	武漢	1	n	地級市，湖北省會。			community contributor|community contributor	2025-09-28 16:13:58	2025-05-16 17:05:47
x7whwp4mshk	xhw9hw46ecf	長沙	1	n	地級市，湖南省會。			community contributor|community contributor	2025-09-28 16:13:29	2025-05-16 17:05:47
x9jja25eheh	xmscpycjtvc	江蘇	1	n	政區名，在華東。			community contributor	2025-09-06 21:55:38	2025-05-16 17:05:47
x2vnt2jq43m	xmu9d7u5hg7	江西	1	n	政區名，在長江中下游南岸。			community contributor	2025-09-06 21:55:33	2025-05-16 17:05:47
x7tz7yq5n9p	xrvfdakmp6p	海口	1	n	地級市，海南省會。			community contributor|community contributor	2025-09-28 16:22:17	2025-05-16 17:05:46
xnb72n8qeqs	xzc4yepvq35	黑龍江	1	n	省級行政區，得名於同名的江，在華東北。	福州民間有人讀成「烏龍江」。		community contributor|community contributor	2025-09-28 16:12:42	2025-05-16 17:05:46
x9xbnvvz3rj	xth6u6eyxh7	山東	1	n	政區名，在華東。			community contributor	2025-09-06 21:54:43	2025-05-16 17:05:46
x964sf6sx4k	xzepa2grbxd	正宗	1	adj	傳統的，主要的，正統的。			community contributor	2025-09-06 21:54:35	2025-05-16 17:05:46
xsx7bs55vhw	x7757pf3sdf	飲	1	v	澆灌。	多指人爲澆灌作物，而淋雨等自然行爲多用「沃」。		community contributor	2025-09-06 21:51:59	2025-05-16 17:05:46
xtkn82scvrs	xednvwu2yzq	鳳	1	n	「鳳」字破讀。		"[""金～（鳳仙花）。""]"	community contributor	2025-09-06 21:49:21	2025-05-16 17:05:46
x2ya5va4nfd	xkxfuwjz7x5	梔	1	n	「梔」字破讀。		"[""黃～（梔子）。""]"	community contributor	2025-09-06 22:17:35	2025-05-16 17:05:46
x9fxbqagt8g	xep9r6ruzn4	黃梔	1	n	即梔子，多年生灌木，花白色，有濃郁芳香，果近卵形，黃色或橙紅色，有翅狀縱棱，宿存萼裂片較長。			community contributor	2025-09-06 21:47:25	2025-05-16 17:05:46
x4unaurrfxm	x9cumqn6pp4	金鳳	1	n	即鳳仙花，一年生草本植物。花形宛如飛鳳，頭翅尾俱全，故名。可作染色用。			community contributor	2025-09-06 21:47:19	2025-05-16 17:05:46
xzxattb6xdk	xdc5sdxy7ag	蟹	1	n	泛指小型螃蟹，見於連江方言。			community contributor	2025-09-15 13:02:30	2025-05-16 17:05:46
xtr9za84428	x45vh5su9kc	露螺	1	n	蝸牛，因多見於南風天潮濕天氣或潮濕有露水地帶得名。			community contributor	2025-09-06 21:47:11	2025-05-16 17:05:46
xd5jekpex48	xepjdyyg9y2	水汁	1	n	赤潮，一般伴隨著海中夜光藻類在夜間受刺激時發光的現象。	特指無毒赤潮可說「水汁好」。		community contributor	2025-09-06 21:47:05	2025-05-16 17:05:46
xt3w656xp38	xmcn8swu6qw	紅尿水	1	n	赤潮，一般伴隨著海中夜光藻類在夜間受刺激時發光的現象。			community contributor	2025-09-06 21:46:51	2025-05-16 17:05:46
xzc98jxpa3f	xzdmwft8frr	廈航	1	n	廈門航空的簡稱。			community contributor	2025-09-06 21:46:43	2025-05-16 17:05:46
xq4gj3g4acd	xcjakx6phhk	廈門航空	1	n	航空公司名。			community contributor	2025-09-06 21:46:36	2025-05-16 17:05:46
x7jsdxt9m4h	xt8ryf7ewcq	比手劃骹	1		指手劃腳。			community contributor	2025-09-06 21:46:27	2025-05-16 17:05:46
xpjy7ez844d	x4zhyhfn7cu	水星	1	n	指因海中夜光藻類在夜間受刺激時產生的發光現象。			community contributor	2025-08-31 20:12:28	2025-05-16 17:05:46
x67sfkx53gq	xbcsx5hr4e7	尾梨糕	1	n	糕點，色透明，清甜軟潤，富有彈性，生津解渴。	民間有與「炒肉糕」混用的現象。唯炒肉糕係炒製，而尾梨糕係蒸製，成品幾同而已。		community contributor	2025-10-03 19:42:54	2025-05-16 17:05:46
xzb28vrbewk	x96gb257xrq	俥々環	1		動賓短語，轉圈圈。			community contributor	2025-08-31 20:12:14	2025-05-16 17:05:46
xmgmm5md4z5	x4edzb9hk5h	泉	1	n	泉水。			community contributor	2025-09-14 23:39:27	2025-05-16 17:05:46
xqtqnzvqgnu	xub6n4sxfp5	共囝	1		動賓短語，養孩子。			community contributor	2025-08-31 20:11:04	2025-05-16 17:05:46
xp3jm9tt59j	xkzdvxasw86	天明日中	1	n	白天。			community contributor	2025-08-31 20:10:52	2025-05-16 17:05:46
x882hfthynr	x2bswhypbku	公婆桌	1	n	一種狹長的桌子，多放在廳堂的正面，擺放香爐等用。			community contributor	2025-08-31 20:10:47	2025-05-16 17:05:46
xjypng3sysc	xyzc9gx48g8	粟麴	1	n	即鼠麴草，一年生草本植物，葉子互生，匙形或條形，有柔軟的白毛，頭狀花序，花黃色。本地於清明時常采集做餅食。	見諸連江腔，前字本字或爲「粟」，與「麴」字共同表示其花朵顏色、形態。		community contributor	2025-08-27 21:29:23	2025-05-16 17:05:46
xbndzzthkc6	xvhvp2y5gnt	鄉長公	1	n	鄉長，舊時一般由鄉裡百姓推選年齡最大，聲望最高的長者擔任。			community contributor	2025-08-31 20:10:15	2025-05-16 17:05:46
xhjz7cgkcue	xgc3qpmf7kv	儥蜀樣	1		不一樣。		"[""「道」共（和）「掏」～（此句指兩字讀音不一樣）。""]"	community contributor	2025-08-31 20:10:09	2025-05-16 17:05:46
xt7uacjz7jk	xtcw5vpmyv5	過繼	1		認領兄弟或同宗親戚之兒子爲自己後代。			community contributor	2025-08-31 20:09:45	2025-05-16 17:05:46
x9tm5tkxzkt	xcewu93t2tr	鼎𢯽	1	n	鍋刷。	該詞在連江部分地區常指代絲瓜。		community contributor	2025-08-31 20:08:52	2025-05-16 17:05:46
xj2vbptnnfj	xk7aex333ns	生肉柱	1		動賓短語，長痤瘡。		"[""面𡅏～。""]"	community contributor	2025-08-31 20:08:35	2025-05-16 17:05:46
x2yz8vdjwts	xvayb3bpckv	發懸	1		長高。	不能用於動物。		community contributor	2025-08-31 20:07:58	2025-05-16 17:05:46
xjz6jg3ap3s	x9z4hdxvsjq	會仈寅卯	1		明白事體。		"[""～？汝（你）會仈（懂）寅共卯？""]"	community contributor|community contributor	2025-08-31 20:07:46	2025-05-16 17:05:46
x4cvz38jkb3	x8ngure8wf6	發大	1		（植物）長大。			community contributor	2025-08-31 20:05:56	2025-05-16 17:05:46
xxd56tvkxh7	x8ngure8wf6	發大	2		（痤瘡）變大。			community contributor	2025-08-31 20:05:56	2025-08-31 20:05:56
x7324m543ut	x8ngure8wf6	發大	3		有時也指人的長大。		"[""伊發野（好）大去（了）。""]"	community contributor	2025-08-31 20:05:56	2025-08-31 20:05:56
x49u2wmt44z	x3k5vdceu8t	行船	1		駕駛船隻。		"[""海𡅏（裏）～靠老婿（木船上的船老大，轉爲倨稱）。""]"	community contributor	2025-08-31 20:05:10	2025-05-16 17:05:45
xbe5tjxrae2	xp5jtxnh2yh	儂裏	1		別人家裡。			community contributor	2025-08-31 20:04:52	2025-05-16 17:05:45
xhjedxtfg3p	xrrdzt2usvd	儂前	1		人前，衆人面前。			community contributor	2025-08-31 20:04:38	2025-05-16 17:05:45
x2zs23crgpk	xmv6vv5ywqr	當選	1		於競選中獲得合於法定的多數票而中選。			community contributor	2025-08-31 20:04:21	2025-05-16 17:05:45
xjbuks664tf	xhb8ndqzybm	相聲	1	n	一種民間說唱曲藝，以說、學、逗、唱爲形式。			community contributor	2025-08-31 20:04:13	2025-05-16 17:05:45
xqujemd7z8v	xjd9nv4hzpq	貿總酒店	1	n	舊酒店名，在福州。			community contributor	2025-08-31 20:04:07	2025-05-16 17:05:45
xuq8hqh57z9	xugfsmytjmy	狀元境	1	n	境名，在福州。			community contributor	2025-08-31 20:04:01	2025-05-16 17:05:45
xvhmngzaejq	xc2kerevxjm	光明橋	1	n	地名，在福州。		"[""～站。""]"	community contributor	2025-08-31 20:03:55	2025-05-16 17:05:45
xjscehyxtcc	xpqayt2j55p	正大廣場	1	n	地名，在福州。			community contributor	2025-08-31 20:03:46	2025-05-16 17:05:45
xvb8sdh7fum	xghzv6hybhr	犬食雞	1	n	二十世紀末快餐連鎖店「肯德基」進入福州時產生的謔稱。			community contributor	2025-08-31 20:03:39	2025-05-16 17:05:45
xjs524kksqa	x56wdshrz5b	下蜀站	1		下一站。		"[""～，狀元境，貿總酒店。""]"	community contributor	2025-08-31 20:03:32	2025-05-16 17:05:45
xntzrtex2db	xwmg2ef3cbj	廿三空	1	n	二十世紀七、八十年代對福州第二十三中學（後爲福州文教職業中專學校）的蔑稱。			community contributor	2025-08-31 20:03:22	2025-05-16 17:05:45
xv5cq6ghys4	xbt7ybavvh7	臺三空	1	n	二十世紀七、八十年代對福州第三十六中學的蔑稱；「臺」是因爲三十六中位於臺江。			community contributor	2025-08-31 20:03:12	2025-05-16 17:05:45
x9ekmvyde7d	xe3yxwh578a	腹老楻	1	n	肚腩，啤酒肚。			community contributor	2025-08-31 20:03:00	2025-05-16 17:05:45
xzhx98vw2rw	xv5jhrjmy7z	十九痞	1	n	二十世紀末期他校學生對福州第十九中學學生的非正面稱呼。			community contributor	2025-08-31 20:02:55	2025-05-16 17:05:45
xvry2sbr3aq	x4srvpn4u3u	萬八嫂	1	n	指其丈夫偷渡至美國發展的女子。	萬八，即一萬八千；中國改革开放後，偷渡美國的費用初爲一万八千美元，故名。		community contributor	2025-08-24 22:10:32	2025-05-16 17:05:45
xe33y83havs	x2z7teyf9kp	美國客	1	n	定居美國的福州人。			community contributor	2025-08-31 20:02:48	2025-05-16 17:05:45
xk3r7nycwg6	x8jtkkhbq2c	香港客	1	n	定居香港的福州人。			community contributor	2025-09-14 23:46:22	2025-05-16 17:05:45
xtq8bpz3dam	xdmwrvnrxj7	俤囝	1	n	小孩子。			community contributor	2025-08-31 20:02:42	2025-05-16 17:05:45
x72euztszr2	x4cfk9wdtvb	蠣囝	1	n	蠣之俗稱。			community contributor	2025-08-31 20:02:36	2025-05-16 17:05:45
xdt449bcg25	xtu7dwpvu6z	蒜囝	1	n	蒜之俗稱。			community contributor	2025-08-31 20:02:30	2025-05-16 17:05:45
xpnurwuenn5	x4cha9yxrfn	江珧柱	1	n	乾貝，珧柱。			community contributor	2025-08-31 19:55:54	2025-08-31 19:55:54
xzb7sug3fsr	x4cha9yxrfn	江珧柱	2	n	江珧，連江本地直接借用其闢殼肌的乾製品（乾貝的一種）名稱來稱呼這種貝類。			community contributor	2025-08-31 19:55:54	2025-05-16 17:05:45
xehs8b6tvt8	xg3tqc7xe9q	五骹馬	1	n	海星。			community contributor	2025-08-31 19:54:18	2025-05-16 17:05:45
xk6354g6ejf	xsju25gm6fq	寄爬生	1	n	寄居蟹。			community contributor	2025-08-31 19:54:11	2025-05-16 17:05:45
x4akb5997hf	xjfpkrk9e88	風蚊袋	1	n	蟾蜍。			community contributor	2025-08-31 19:54:05	2025-05-16 17:05:45
xu4jzvkuj6w	x66scbcnney	大骹袋	1	n	招潮蟹。	末字含義暫不明。		community contributor	2025-08-31 19:53:58	2025-05-16 17:05:45
xx4xtgxjrjb	xta2d7378vr	濛濛雨	1	n	蒙蒙細雨。			community contributor	2025-08-31 19:53:47	2025-05-16 17:05:45
xpvy4cgagxd	xk52gm58p4b	火鍋	1	n	以水或湯導熱鍋來涮煮食物的烹調方式。	又讀huo21 guo55。		community contributor	2025-08-31 19:53:38	2025-05-16 17:05:45
xgmj46nccn4	xxdy6m2ggss	塞儥裏	1		塞不進去。		"[""～去（了）。""]"	community contributor	2025-08-31 19:53:10	2025-05-16 17:05:45
xyffaedwh4s	xxdy6m2ggss	塞儥裏	2		喫不下。		"[""食飽了？——～去（了）。""]"	community contributor	2025-08-31 19:53:10	2025-08-31 19:53:10
xv5gyszd55r	xhpsm445j37	尾翅	1		尾骨。		"[""豬其～（豬尾骨）。""]"	community contributor	2025-08-31 19:52:35	2025-05-16 17:05:45
xv3a53nuw6z	xj8mqq8hnt2	雞腿	1	n	食物，雞的腿部。	新詞。傳統的福州話裏，「骹」已經包括北京話說的腿和腳。		community contributor	2025-08-31 19:52:23	2025-05-16 17:05:45
xnemqpkqgg3	xq8hwe8w2dc	犬母貨	1	n	罵母狗。			community contributor	2025-08-31 19:50:15	2025-05-16 17:05:45
x2vmpxjy3yh	xq8hwe8w2dc	犬母貨	2	n	詈詞，罵婦人。			community contributor	2025-09-19 17:38:42	2025-08-31 19:50:15
xs92t6kpajf	x4ww329fdpx	犬吠	1		犬吠。		"[""外斗～，我睏儥着（外面犬吠，我睡不着）。""]"	community contributor	2025-08-31 19:49:49	2025-05-16 17:05:45
xchfg24skf4	x4ww329fdpx	犬吠	2		指人胡說八道，同普通話「放屁」。		"[""莫廮這所～（別在這裏狗叫）。""]"	community contributor	2025-09-19 16:48:58	2025-08-31 19:49:49
xswjxuhsrqq	x3du6mpcur3	甜粿	1	n	年糕。			community contributor	2025-08-31 19:47:29	2025-05-16 17:05:45
xudgnq97p76	xx759pefmac	飲料	1	n	經過加工，供飲用的液體。			community contributor	2025-08-31 19:47:15	2025-05-16 17:05:45
x8ys26qppxs	xm2u5v4s2fn	冰棕	1	n	錐形冰淇淋。			community contributor	2025-08-31 19:47:08	2025-05-16 17:05:45
xfyzpcb8waw	xk8ufj8d57r	冰淇淋	1	n	一種冷凍的甜品，通常以鮮奶油或奶油等乳制品爲原料。			community contributor	2025-08-31 19:35:06	2025-05-16 17:05:44
xaw8dm6j7pq	x9z2gvmgdwk	塞塞	1	n	塞住瓶口的東西。	不塞進瓶口的叫「㪠㪠」「蓋蓋」。		community contributor	2025-08-31 19:35:19	2025-05-16 17:05:44
x4t7jqqxmzx	x7jt3zugmh8	野脬	1		愛吹牛，愛講大話。	「野」爲副詞，很。	"[""這隻儂～。""]"	community contributor	2026-01-31 14:09:07	2025-05-16 17:05:44
xgqehy8myuf	xcmwzym5evc	火氣	1	n	火氣，中醫術語。		"[""～野大（某食物易上火）。""]"	community contributor	2025-08-31 19:35:25	2025-05-16 17:05:44
xvaapm2ptfz	x7rnyyzff5c	前骹	1	n	前蹄。			community contributor	2025-08-31 19:35:31	2025-05-16 17:05:44
xebdj4csufr	x3rxuvwcbmq	社會主義學院	1	n	福州公交車站名，因福建省社會主義學院得名。			community contributor	2025-08-31 19:35:36	2025-05-16 17:05:44
x87zhyhmbt8	xmhgy9d28b9	鼓山骹	1	n	鼓山腳。			community contributor	2025-08-31 19:35:42	2025-05-16 17:05:44
xbbmq9m3pby	xbz92rterx8	石頭	1	n	岩石。			community contributor	2025-08-31 19:35:47	2025-05-16 17:05:44
xhxjf7nsjhk	xu5w2vdxdn5	雞卵花	1	n	花名，華語又稱「雞蛋花」。			community contributor	2025-08-31 19:35:52	2025-05-16 17:05:44
xn8tz2m59gx	x98kuvy9xuz	儥聽見	1		聽不見。			community contributor	2025-08-31 19:33:07	2025-05-16 17:05:44
xpkxsdqf28e	xxpgahere73	儥看見	1		看不見。			community contributor	2025-08-31 19:33:03	2025-05-16 17:05:44
x8bm2hzk922	xn4ssd83yku	無看着	1		沒看過。			community contributor	2025-08-31 19:32:59	2025-05-16 17:05:44
xg8tck3mmg4	xggscqrpjtf	無行着	1		沒去過。		"[""㑚（如果）講世乇（什麼）地方汝～，也講「生摸摸（cang21 moh53 mooh24）」。""]"	community contributor	2025-08-31 19:32:52	2025-05-16 17:05:44
x4awf6r6chd	xj9hehbjmju	復伓是就是	1		不就是，用反問的語氣確認事實。		"[""嚽～（這不就是嗎）？""]"	community contributor	2025-08-31 19:32:28	2025-05-16 17:05:44
xhvgx4gpqsz	xynxku9h3mt	復伓是	1		不是，用反問的語氣確認事實。		"[""伊～（不是）講無問題？""]"	community contributor	2025-08-31 19:32:16	2025-05-16 17:05:44
xq89zj8r6wz	xwds8rskfph	貼家庭	1		補貼家用。			community contributor	2025-08-31 19:32:07	2025-05-16 17:05:44
xjgaku8xs6k	xwc99m5qbza	無起稿	1		不打草稿。			community contributor	2025-09-15 13:38:36	2025-05-16 17:05:44
x6aufeygwzh	xwc99m5qbza	無起稿	2		◇形容一個人說話不需要打草稿，即口才好。			community contributor	2025-09-15 13:38:25	2025-08-04 19:30:10
x7k86s2ynhs	xnfec7y2wf8	刣雞教猴	1		殺雞儆猴。			community contributor	2025-08-31 19:32:01	2025-05-16 17:05:44
xdp76w2bpeh	xb2mtempcz3	開含嫁店	1		動賓短語，「含嫁店」即傢俱店。「開含嫁店」喻指失業，因爲二者皆須終日與傢俱相伴。	含嫁，居家所需的設備器具、傢俱；舊俗結婚時傢俱由女方準備，作爲陪嫁，所以傢俱稱「含嫁」。		community contributor	2025-08-24 22:18:20	2025-05-16 17:05:44
xydypxhwgzs	xv4d7swu3jw	盛	1	v	盛（東西）。			community contributor	2025-08-31 19:31:54	2025-05-16 17:05:44
xwpzdssbpvy	xf77hxcstby	羅經	1	n	羅盤，指南針。			community contributor	2025-09-06 21:27:07	2025-05-16 17:05:44
xtc768q9msn	xeen6up22s9	目睭餌*	1	n	指小眼睛。			community contributor	2025-09-15 13:38:51	2025-05-16 17:05:44
x57r59cdnrv	x5xw88bne9e	未𡅏未	1		還早得很。		"[""儂家六點才食暝，這盤四點，～𡅏。（我們六點纔喫晚飯，這會兒四點，還早得很呢。）""]"	community contributor|community contributor	2025-10-04 13:02:41	2025-05-16 17:05:44
xbgbtermpvn	xmfsgr5fev2	做空	1		指事情白做了。			community contributor	2025-08-31 19:31:27	2025-05-16 17:05:44
xhjzkns9tht	x4c8s6qxy4t	做無算	1		指事情白做了。			community contributor	2025-08-31 19:31:23	2025-05-16 17:05:44
x3y7ccezxnc	xz3s42ujsyz	外賣	1	n	同普通話「外賣」。			community contributor	2025-08-31 19:45:00	2025-05-16 17:05:44
xa928jftqzv	xwdww7qccc3	行業	1	n	同普通話「行業」。			community contributor	2025-08-31 19:45:09	2025-05-16 17:05:44
xvgqq3krxv2	xeh7qsn965t	公司	1	n	同普通話「公司」。		"[""開～。""]"	community contributor	2025-08-31 19:45:32	2025-05-16 17:05:44
xza6ntczysc	x58ac6gas4s	網絡	1	n	同普通話「網絡」。		"[""～儥好（網絡不好）。""]"	community contributor	2025-08-31 19:45:59	2025-05-16 17:05:44
xjj7cup8avs	xpfamuhg2cq	辭退	1	v	同普通話「辭退」。			community contributor	2025-08-31 19:46:08	2025-05-16 17:05:44
xsp3ec5wbs7	xb7yx659293	開除	1	v	同普通話「開除」。			community contributor	2025-08-31 19:46:17	2025-05-16 17:05:44
xt2scbe5zd6	xvczuqf8me9	萬八哥	1	n	指偷渡至美國發展的人。	「萬八」，即一萬八千；傳中國1970年代後，偷渡美國的費用初爲一万八千美元，故名。		community contributor	2025-08-24 21:38:58	2025-05-16 17:05:44
xxpbrcmvngt	x2b6mw4nhyx	空氣	1	n	同普通話「空氣」。		"[""～野鮮吓，吸蜀吸。""]"	community contributor	2025-09-15 12:58:23	2025-05-16 17:05:44
xye7nd6uaq6	xuuj6arbmqn	電視	1	n	同普通話「電視」。			community contributor	2025-08-31 19:46:25	2025-05-16 17:05:44
x2fkte3j4es	x8kc2pnxphc	電子	1	n	同普通話「電子」。			community contributor	2025-09-15 13:39:56	2025-05-16 17:05:44
xjumvvmzdvg	x8kc2pnxphc	電子	2	n	特指電子遊戲。		"[""拍～。""]"	community contributor	2025-09-15 13:39:21	2025-08-04 19:26:03
xywth6syqdu	xtu8rdq3bsw	電腦	1	n	同普通話「電腦」。			community contributor	2025-08-31 19:46:36	2025-05-16 17:05:44
xw3tbjwnc7u	xsqnyk9ahjt	電話	1	n	同普通話「電話」。			community contributor	2025-08-31 19:46:52	2025-05-16 17:05:44
xsravdjkm82	xuncvx872y5	叱	1	v	責備。		"[""我都無怪汝，汝單倒屈𡅏～我。""]"	community contributor	2025-09-15 12:57:52	2025-05-16 17:05:43
x5rcq42fac3	xx55f638pzy	頭輪許所	1		剛剛、剛剛那裡。「頭輪許所」的合音			community contributor	2025-08-03 21:32:28	2025-05-16 17:05:43
xa8j554qnmk	x95j778e8p9	壺井	1	n	地名，在長樂。因當地山邊有井，其狀如壺，而得名。	臧勵龢等編《中國古今地名大辭典》「壺井山」條：「在福建長樂縣東六十里濱海。山陲有井。状如壺。潮至則鹹。潮退則淡。」		community contributor	2025-09-24 20:33:05	2025-06-16 14:30:58
xruq6bhgyxm	xfzbf9mdm4u	敆題	1		動賓短語，合題，符合主題、主旨。			community contributor	2025-09-24 12:58:04	2025-05-16 17:05:58
x8gnvybe3ks	xfzbf9mdm4u	敆題	2		（詩詞、俗語的創制及吟誦）押韻。		"[""喜娘講其野～。"", ""俗語話就是講𡅏會～，～悗*講。""]"	community contributor	2025-10-04 13:55:34	2025-09-24 12:58:04
xpkuct798dq	xfzbf9mdm4u	敆題	3		行爲舉止著調。		"[""這隻儂講話儥～。""]"	community contributor	2025-09-24 12:58:04	2025-09-24 12:58:04
x2erx6k7t3f	xfx8g3x5sdp	反	1	v	指將龍舟翻轉的動作。		"[""～過（過去）。"", ""～過去。""]"	community contributor	2025-09-20 14:03:59	2025-05-16 17:05:55
xv48v636tc5	xz5q27tvcqg	閒	1	n	〈書〉閒暇。	口語不單說。表示空暇無事的時候，口語說「閒時」「閒時晏」「閒時下」。	"[""休～品茗。""]"	community contributor	2025-10-17 21:45:45	2025-10-17 21:45:45
xsrkpdbf6cw	xz5q27tvcqg	閒	2	adj	〈書〉空暇無事。	口語讀eing53。		community contributor	2025-10-17 21:45:45	2025-10-17 21:45:45
xrx2gn797wf	xz5q27tvcqg	閒	3	adj	〈書〉安靜悠閒。	口語不單說。可以說「安閒」。	"[""安～。""]"	community contributor	2025-10-17 21:45:45	2025-10-17 21:45:45
xnvg65z62xm	xz5q27tvcqg	閒	10	n	〈書〉閒散輕簡的職務。		"[""〔唐〕韓愈《進學解》：「投閒置散。」（置於不重要的地位，不予重用。）""]"	community contributor	2025-10-17 21:45:45	2025-10-17 21:45:45
xc56pd2cwng	xz5q27tvcqg	閒	11	adj	〈書〉與正事無關的、不緊要的。	口語讀eing53，如「閒書」（與正事無關的書）讀eing55 njy55。		community contributor	2025-10-17 21:45:45	2025-10-17 21:45:45
xu4junuh8m4	xxa6st6kmt4	杈	1	n					2025-07-28 22:33:59	2025-05-16 16:54:55
xs9gvgp4vw4	xcgepzhxrc3	箭	1	cl					2025-07-28 22:33:59	2025-05-16 16:56:39
xrzgfk9vsvp	x6v4wvww2kb	𬠖	1	n	凸壳肌蛤。	又寫作「螊」。		community contributor	2025-08-26 19:25:07	2025-05-16 17:05:45
x3x79xw4n4k	xvkmfcqaeye	拉	1		「拉」的破讀，見「拉機」（拉鍊）			community contributor	2026-04-10 15:33:39	2026-04-10 15:33:39
xfkcc5nx52d	xehpqkqghbj	行	1	n					2025-07-28 22:33:59	2025-05-16 16:56:02
x7d99ybk4w8	xehpqkqghbj	行	1	cl					2025-07-28 22:33:59	2025-05-16 16:56:02
xzq4xfg2kfg	xw6fuuqm7sj	去	1		趨向補語，用在動詞後，表示動作的位移結果。		"[""手放～。（把手放開。）"", ""乇掏起～。（把東西拿起來。）""]"	community contributor	2025-09-13 23:27:31	2025-09-13 23:27:31
xbnhv2ywm8r	xw6fuuqm7sj	去	2	part	完成體標記，表示動作的完成。類似於普通話的「了」。	可以和「了」連用，說爲「去了（ọ lạu）」。	"[""伊行～了。（他走掉了。）"", ""汝食～未？（你喫了嗎？）""]"	community contributor	2025-09-26 16:50:53	2025-09-13 22:45:19
xm8jypkqf22	x9yn5sbsuuq	鍘	1	v					2025-07-28 22:33:59	2025-05-16 16:55:38
xhtcf9hzufd	x9tkdezexa4	龍	1		「龍」的破讀，不單說，見「龍船」一詞。			community contributor	2025-10-07 22:17:06	2025-10-07 22:17:06
x3hgm4csmpn	xr3r52j2ybz	糕	1		「糕」的破讀。見「糟糕」（zau55 gau55）			community contributor	2025-09-27 00:37:48	2025-09-27 00:37:48
x788gbx8gwr	xxsva57e6gr	柱聯	1	n	對聯。雖曰「柱聯」，唯不局限於寫在柱子上與否。			community contributor	2025-08-31 20:10:24	2025-05-16 17:05:46
xu88uw9hdxy	x7tm63b2z86	跍	1	v	蹲		"[""～下（蹲下）。""]"	community contributor	2026-03-22 20:44:58	2025-05-16 16:55:29
xa8t4f9866x	x7twxvsd4mm	鐘	100	n	姓		"[""～嶸（南朝梁人物）""]"	community contributor	2025-09-27 16:54:44	2025-05-16 17:06:00
xfuutee3sqk	xpjkstad47k	卟	1	on	類似普通話的「噗」。		"[""～～管（梆子）。"", ""～～車（摩托車）。""]"	community contributor	2025-09-15 14:02:06	2025-09-15 14:02:06
xtvuqmj5sfg	xzzybmqeg4f	鍙	1	v					2025-07-28 22:33:59	2025-05-16 16:56:13
x5ktztm4rqg	xzcphesz45w	䗩	1	n	藤壺。			community contributor	2025-09-18 16:43:55	2025-05-16 17:05:45
xcru4kfpcx7	x3cej56ecg8	吸	1	v	抽氣，吸氣		"[""～裏（lie33）。（啜泣。）"", ""～～叫。（嚎啕大哭，不斷抽噎。）""]"	community contributor	2025-10-20 02:08:36	2025-10-20 02:08:36
x9sexdvqdgk	x3cej56ecg8	吸	2	v	哽咽		"[""汝故～世乇？嚽有世乇好啼？（你在哽咽什麼啦？你在哭什麼？）""]"	community contributor	2025-10-20 02:08:36	2025-10-20 01:57:39
xfm6trmcq2h	xp9yfc5aa3y	膩	1	adj	油膩			community contributor	2025-09-30 16:06:28	2025-05-16 16:55:22
xqy2qa2g6zd	xp2qupq7h3q	呼	1	v					2025-07-28 22:33:59	2025-05-16 16:55:33
xd5sdk84s5u	x4ftanehc4s	倒定	1	v	賴在某地不走		"[""汝做乇～學校𡅏伓行轉囉？（你爲什麼賴在學校裏不會去囉？）""]"	community contributor	2025-09-20 12:29:15	2025-09-20 12:29:15
xbdsng6yb3n	xjtf8453zjx	羽毛球	1	n	同普通話「羽毛球」。			community contributor	2025-08-29 22:29:22	2025-08-29 22:29:22
x9dyes2f7x6	xjqab7n584k	牛公	1	n					2025-07-28 22:33:59	2025-05-16 16:55:32
xsvvxqd99cq	xcmpm5mef7g	作草	1	v					2025-07-28 22:33:59	2025-05-16 16:55:59
xsfusdspwth	xfd6j7bbv6v	博命	1		動賓短語，賭命，拼命			community contributor	2026-04-07 23:08:10	2026-04-07 23:08:10
xmnn3jggxt4	xb5b7dqx7h3	食儥焦	1		喫不消；承受不了，支持不住。			community contributor|馮愛珍. 福州方言詞典[M]. 南京: 江蘇教育出版社, 1998.	2026-04-08 19:06:28	2026-04-08 19:04:56
x6e5pav8qsc	x5tqp8mt2fc	鏊	1	n	〈書〉烙餅用的平底鍋。	《八音》戚書：「𨫼，餅𨫼。」又讀下平調。口語說「鏊鼎」（ngo53 liang33）。		community contributor	2025-10-27 01:08:07	2025-10-27 00:52:08
xajfmjbt48h	x5tqp8mt2fc	鏊	2	n	〈書〉傳統蒸餾酒過程中，用來冷卻酒蒸氣的裝置。熟料中的酒蒸氣，上升遇鏊冷卻成液體，酒便從導出管中流出。普通話也稱「天鍋」。	《八音》戚書：「𨫼，［⋯⋯］酒𨫼。」		community contributor	2025-10-27 01:06:11	2025-10-27 00:52:08
xqhmxavd9h4	x5tqp8mt2fc	鏊	3	v	烘，烤。			community contributor	2025-10-27 01:06:11	2025-10-27 00:56:33
xj4bawxq46b	xewbju6p5xf	挱	1	v					2025-07-28 22:33:59	2025-05-16 16:56:01
xct2pkc6mcq	xexkre3ercu	拋	1	v					2025-07-28 22:33:59	2025-05-16 16:54:52
xceu27sfeme	xftpyy84mkz	交	1	v	交付，託付，給與」。		"[""～付。"", ""～乞伊。（交給他。）""]"	community contributor	2025-10-15 20:44:11	2025-10-15 20:44:11
xx43qb96xkp	x9q9qpwsqtv	鈔	1	n					2025-07-28 22:33:59	2025-05-16 16:54:55
xfxfcp53rrw	xvjftzhncen	刀	1	cl					2025-07-28 22:33:59	2025-05-16 16:55:15
xgmr4hh5g9n	xwn7g6fztqz	尋	1	cl					2025-07-28 22:33:59	2025-05-16 16:56:39
x642d8hgjtj	xs4mw35ndck	側	1	v					2025-07-28 22:33:59	2025-05-16 16:55:37
xty6nx3x82a	xyb2nued75w	姑	1	n	暱稱父親的姐妹			community contributor	2025-09-27 17:12:41	2025-05-16 17:06:04
xkq85sm55ba	xgesapzeugr	餅	1	cl					2025-07-28 22:33:59	2025-05-16 16:56:29
x5cbzpg2hgj	xhh6h5fs64r	鋸	1	v	來回拉動刀刃			community contributor	2025-07-28 22:33:59	2025-05-16 16:55:24
xqwbt9jr6uv	xhh6h5fs64r	鋸	2	v	拉（胡琴）			community contributor	2025-07-28 22:33:59	2025-06-10 18:36:53
x3cbv22sjag	xpkm4czs2e8	岳	1	n	〈書〉高大的山。也作「嶽」。			community contributor	2025-09-26 16:31:26	2025-09-26 16:31:26
xeycze6xxvv	xpkm4czs2e8	岳	10	n	〈書〉對妻家父母一輩長者之稱謂。		"[""～父"", ""～母""]"	community contributor	2025-09-26 16:31:26	2025-09-26 16:31:26
xmqyh5xwha6	xpkm4czs2e8	岳	100	n	姓		"[""～飛（宋代人物）""]"	community contributor	2025-09-26 16:31:26	2025-05-16 17:06:03
x9v9nj6dc43	x7gcr75xpm6	收拾	1	v	同普通話「收拾」。			community contributor	2025-09-20 02:30:25	2025-09-20 02:30:25
xv4x9w66ctr	xebfhdrpmbs	縷	1	cl					2025-07-28 22:33:59	2025-05-16 16:55:19
xu6juhx9m6e	x8kdubq2xvj	疋	1	cl					2025-07-28 22:33:59	2025-05-16 16:55:00
x979k2jkeem	xyvj3x59ykc	刺	1	v	編織	文雅一些也可說「編」（pieng55）	"[""～𦁧（織網）。"", ""～魚𦁧（織魚網）。"", ""～羊毛𧜛（打羊毛衫）。""]"	community contributor|community contributor	2025-10-17 17:25:34	2025-10-17 17:25:11
xjtjgjjzdjb	xxukmhqka2r	鼠標	1		電腦輸入設備，可定位屏幕上的遊標			community contributor	2025-05-16 17:05:57	2025-05-16 17:05:57
x2eas7sdgaw	xbwdpzfth4q	拔去	1		動補短語，拔腿就走，徑直走掉。			community contributor	2025-09-15 14:20:07	2025-05-16 16:55:34
xt88tzr9cub	xwrpq59z2k8	肚	1	n					2025-07-28 22:34:00	2025-05-16 16:55:29
xs89bu2g67z	xukt9rrz5hz	愚	1	adj					2025-07-28 22:34:00	2025-05-16 16:55:20
xsjsyn9qvyq	x8g6hmfz7vs	㾒	1	adj					2025-07-28 22:34:00	2025-05-16 16:55:22
xrjk4brstkz	xvbu9m9xnx2	䞕	1	v					2025-07-28 22:34:00	2025-05-16 16:55:23
xv99853w6dd	x5ewu8gptkj	間	1	cl	計量建築物的單位。		"[""蜀～店。""]"	community contributor	2025-09-21 13:10:48	2025-05-16 17:05:58
xdnxu263qtc	xj45ee7j66b	崙	1	n					2025-07-28 22:34:00	2025-05-16 16:55:55
xmhg3ncgcdn	xj45ee7j66b	崙	1	cl					2025-07-28 22:34:00	2025-05-16 16:55:55
x3n2624qzmg	xta3sdnjfpv	㗏哈	1	int	語氣詞。		"[""～，野霸吓（很厲害啊）。""]"	community contributor	2025-09-19 12:07:50	2025-08-03 22:34:47
xet6cpgg2k7	xhse3bcvf52	㗏	1		語氣詞，見“㗏哈”			community contributor	2025-08-03 22:34:53	2025-08-03 22:33:43
xeuxc5xt6cg	xzpx8bvf8fb	哈	1	int	見「哇哈」「㗏哈」「唉哈」			community contributor	2026-04-12 00:54:00	2026-04-12 00:45:31
xrnabdb9cux	x8f4s4mjay6	吸	1		〈書〉吸引	口語不單說。表示有所吸並發出聲響，讀heih24、heoyh24	"[""～石（吸鐵）"", ""～鐵""]"	community contributor|馮愛珍. 福州方言詞典[M]. 南京: 江蘇教育出版社, 1998.	2026-04-12 16:02:17	2026-04-12 16:02:17
xbsr5wr2528	xh5svtc6696	𩓥	1	v	仰（首），擡（頭）。		"[""頭～起（頭擡起）。""]"	community contributor|馮愛珍. 福州方言詞典[M]. 南京: 江蘇教育出版社, 1998.	2025-09-19 12:05:56	2025-06-18 12:34:11
xterrcmkj7m	xf7tsk6z8nw	熇	1	v	烘乾			community contributor	2025-10-26 14:31:15	2025-10-26 14:31:15
xmzww2w9fp7	xf7tsk6z8nw	熇	2	v	烤，炙。特指放鍋裏烙。			community contributor	2025-10-26 20:40:03	2025-10-26 14:31:15
x464nenkskb	xf7tsk6z8nw	熇	3	v	重新加熱			community contributor	2025-10-26 20:29:13	2025-10-26 14:31:15
xdb7n5xukjh	xaaswshm9jg	搕搕	1	n					2025-07-28 22:34:00	2025-05-16 16:55:57
xdt55tc553z	x4u4rnjxvpx	𠟶	1	v					2025-07-28 22:34:00	2025-05-16 16:56:12
xgjxpeh6ngf	xzc33hbzg67	前後	1	n	〈書〉「前後」的文讀			community contributor	2026-01-31 13:05:20	2026-01-31 13:05:20
xmd32tn4xgm	xsqmvzz9q2a	客廳	1	n	可供人進行一般生活休閒，並具有接待客人功能的房間，亦用作家人團聚等。	有些地方區分「廳中」與「客廳」。		community contributor	2025-09-24 20:58:09	2025-05-16 17:06:08
xhksqhnvvsf	xjvyb2d2nyt	乍	1	adv	突然，猝然。見「暴乍」（bo53 ja242）。			community contributor	2025-10-04 12:33:42	2025-10-04 12:33:42
xk8a85cxp4d	xhbsm6zfgjc	吵	1	v					2025-07-28 22:37:37	2025-05-16 16:54:55
x378wwdgj87	xbnz557fbs3	麻煩	1		同普通話「麻煩」。			community contributor	2025-09-20 22:08:51	2025-09-20 22:08:51
xzcq544pdyh	xaxbtmz95mj	電梯	1	n	同普通話「電梯」			community contributor	2025-10-22 22:38:03	2025-10-22 22:38:03
x45uba9qhas	xk8725ud5jw	塑料罐	1	n	塑料容器。			community contributor	2025-09-06 02:00:26	2025-09-06 02:00:26
xs4mmqx9nyj	xuvxs3ssen4	塑料杯	1	n	同普通話「塑料杯」。			community contributor	2025-09-06 02:00:00	2025-09-06 02:00:00
x5f5qhgqaer	xw3nrk9wuwq	磚頭	1	n					2025-07-28 22:37:37	2025-05-16 16:59:11
x8nmcq3p3h8	xvut4h4gjee	去	1		「去」（koo21）的破讀。			community contributor	2025-09-26 17:26:14	2025-09-26 17:26:14
xrwwxpcqre5	xya7av2dn4a	都	1		“都”的方音			community contributor|community contributor	2025-12-30 22:10:20	2025-12-30 22:10:20
x38bvggagxn	x5cmcqdpcem	傳染病	1	n					2025-07-28 22:37:37	2025-05-16 16:59:11
xj3sbjr27qx	xc2uvb4c9ak	故事	1	n					2025-07-28 22:37:37	2025-05-16 16:59:11
x4c269sfxz2	xpnsd47hykt	未羊	1	n					2025-07-28 22:37:37	2025-05-16 16:59:11
xv4b8aarbfe	x2q4b8ehyex	未時	1	n					2025-07-28 22:37:37	2025-05-16 16:59:11
xcs4vgvdayk	xeaefvbb8q3	午馬	1	n					2025-07-28 22:37:37	2025-05-16 16:59:11
xz2jvgrtqds	xqywyhbfbd6	午時	1	n					2025-07-28 22:37:37	2025-05-16 16:59:11
xe58wf3xrun	x6bu5tj97je	巳蛇	1	n					2025-07-28 22:37:37	2025-05-16 16:59:11
xqvah8ejmce	x3nrup8jg7s	巳時	1	n					2025-07-28 22:37:37	2025-05-16 16:59:11
x7s58f7d6v5	xuwu5mxx4f6	子鼠	1	n					2025-07-28 22:37:37	2025-05-16 16:59:11
x2hvppek7z7	xrtkra83g8n	子時	1	n					2025-07-28 22:37:37	2025-05-16 16:59:11
xu54feaz7yt	xp38hfkuhxz	會行儥痿	1		會走的、不會在地上拱的。	泛指各色人等、三教九流。		community contributor	2025-12-30 22:44:25	2025-12-30 22:44:25
xmhd7fjqeb4	xcc4p2gebzs	忤流絮	1	adj					2025-07-28 22:37:37	2025-05-16 16:59:10
xumfsg9qdce	x8d4pa258c4	百十	1	num	〈書〉一百一十。	口語說「百一」（bah24 eik24）。	"[""〔唐〕員半千《大唐宗聖觀主銀青光祿大夫天水尹尊師碑》：「由是奉敕修《玄元皇帝聖紀》一部，凡十卷，總～篇。」""]"	community contributor|教育部. 教育部重編國語辭典修訂本: 臺灣學術網路第五版[DB]. 2015.	2025-08-25 01:52:54	2025-08-25 01:41:52
xepwey4z6fy	x8d4pa258c4	百十	2	num	〈書〉引申爲一百多或多的概數。	如表示一百多，口語說「百幾」（bah53 ui33）。	"[""〔唐〕韓愈《論佛骨表》：「百姓何人，豈合更惜身命，焚頂燒指，～爲群，解衣散錢。」""]"	community contributor|教育部. 教育部重編國語辭典修訂本: 臺灣學術網路第五版[DB]. 2015.	2025-08-25 01:52:54	2025-08-25 01:41:52
xzs234hncwf	xqka33fwban	百九	1	num					2025-07-28 22:37:37	2025-05-16 16:59:10
x3yz2z6njqw	x2tbdxd2gd9	百八	1	num					2025-07-28 22:37:37	2025-05-16 16:59:10
xd8uywcmk8b	x5fzcgnne8v	百七	1	num					2025-07-28 22:37:37	2025-05-16 16:59:10
xq5srypw7m7	xsyhnknbvyh	百六	1	num	一百六十。			community contributor	2025-08-29 21:57:03	2025-08-29 21:57:03
x4g5psrt5s9	xxtnspgh5xa	百五	1	num					2025-07-28 22:37:38	2025-05-16 16:59:10
xd6jnq7cem8	xx74vy9uf2j	百四	1	num					2025-07-28 22:37:38	2025-05-16 16:59:10
x2ekwqsfd4e	x6tzqzfbk5s	百三	1	num					2025-07-28 22:37:38	2025-05-16 16:59:10
xbrtj4pj5r4	xf7dzymep9v	百二	1	num					2025-07-28 22:37:38	2025-05-16 16:59:10
xtn7avs7279	xw3tgvd7xgh	十九	1	num					2025-07-28 22:37:38	2025-05-16 16:59:10
xaqkdq7cpbw	xsquq2ccqmy	十八	1	num					2025-07-28 22:37:38	2025-05-16 16:59:10
xmqyamxgmhu	xx25296n264	十七	1	num					2025-07-28 22:37:38	2025-05-16 16:59:10
xkcz9q7dfkv	xf5feqpjng2	十六	1	num					2025-07-28 22:37:38	2025-05-16 16:59:10
xrv5fnp8fbe	xvzb3ud8tys	十五	1	num					2025-07-28 22:37:38	2025-05-16 16:59:10
xuju8rm9sz8	xt7dkcu8y89	十四	1	num					2025-07-28 22:37:38	2025-05-16 16:59:10
x99wsp3f4ha	x6zasv7g46e	十三	1	num					2025-07-28 22:37:38	2025-05-16 16:59:10
xdyqbjst28s	xxar6gp6wrp	十二	1	num					2025-07-28 22:37:38	2025-05-16 16:59:10
xs2t2385uta	xpajcgjkgzm	十一	1	num					2025-07-28 22:37:38	2025-05-16 16:59:10
xccavft2s3p	xq4s5pkc8qy	十般全	1	adj					2025-07-28 22:37:38	2025-05-16 16:59:10
xzxtq4wdsf5	xq49cxs8em3	五九六一	1	n					2025-07-28 22:37:38	2025-05-16 16:59:10
xqukgw9n8jt	xd8c9xpe4ux	五零四散	1	adj					2025-07-28 22:37:38	2025-05-16 16:59:10
x33pvutbaem	xsqqbfrb6dn	三七廿一	1		猶言一切，是非情由。		"[""故（還）插（管）伊（他）～。"", ""無管～。""]"	community contributor	2025-09-06 22:25:47	2025-05-16 17:05:47
xpzug2cm8k3	xwn5rdewq3n	囫圇	1	adv	用在名詞前，不單說，表示整個、全部。		"[""汝躃俤所去了，～身單單汗！（你跑哪裏去了，渾身都是汗！）""]"	community contributor	2025-09-14 23:51:49	2025-05-16 16:59:09
xptquaqpxhh	x733n7n4hsq	蜀兩	1	num					2025-07-28 22:37:38	2025-05-16 16:59:09
xwx9rxgzj4t	x452cwefanz	十把隻	1	num					2025-07-28 22:37:38	2025-05-16 16:59:09
xrdzxsax7gj	xq9ne59vsyg	十幾隻	1	num					2025-07-28 22:37:38	2025-05-16 16:59:09
xwbfuz4yk7t	xukmjmw85hn	十上	1	num					2025-07-28 22:37:38	2025-05-16 16:59:09
xcym6u6a33r	x2af478crst	野価隻	1		很多個。			community contributor	2025-08-31 20:01:00	2025-08-31 20:01:00
xn9ytw9atnx	xfe7p8bj53j	二萬	1	num					2025-07-28 22:37:38	2025-05-16 16:59:09
xswg5949ncs	x6zhpp39w9b	萬一	1	num					2025-07-28 22:37:38	2025-05-16 16:59:08
x35ks4nnepr	xgy2f3yt4rk	萬二	1	num					2025-07-28 22:37:38	2025-05-16 16:59:08
x63qen35v64	xrhzbpz2wzk	蜀萬零蜀	1	num					2025-07-28 22:37:38	2025-05-16 16:59:08
xy6vcms2t6q	xmv5puxqvk6	蜀萬	1	num					2025-07-28 22:37:38	2025-05-16 16:59:08
xvraxxq6ge3	xrvhq8aa2nc	千九	1	num					2025-07-28 22:37:38	2025-05-16 16:59:08
xktm56yvu5m	xtxaktzgzq3	千三三	1	num					2025-07-28 22:37:38	2025-05-16 16:59:08
xk4zuc28vau	xtrz28k3m5h	千一零蜀	1	num					2025-07-28 22:37:38	2025-05-16 16:59:08
x9b2d7cq9z5	x877g523j4b	三百一	1	num	三百一十。		"[""三百加十等於～。""]"	community contributor	2025-08-25 02:08:30	2025-05-16 16:59:08
xyvfhhmezfu	xc5w3kad5mr	三百	1	num					2025-07-28 22:37:38	2025-05-16 16:59:08
x4av8es8s9p	xjs8jh37euc	兩百	1	num	一百的兩倍。		"[""共總有～隻（攏共有兩百個）。""]"	community contributor	2025-08-23 00:18:09	2025-05-16 16:59:08
xjd9gyhtqdh	xm79kunmxzf	二百五蜀	1	num	二百五十一。			community contributor	2025-08-23 00:17:10	2025-05-16 16:59:08
xsy32hsvywf	xjjr254s55g	二百五	1	num					2025-07-28 22:37:38	2025-05-16 16:59:08
xhyyzq6mjwp	x9fv3shghrc	二百	1	num	一百的兩倍。	也說「兩百」。		community contributor	2025-08-23 00:15:38	2025-05-16 16:59:08
xp3k3qf2svb	xnpsuknv98x	百五	1	num					2025-07-28 22:37:38	2025-05-16 16:59:08
x4v4fr3w9fv	x4ens275ufb	百三三	1	num					2025-07-28 22:37:38	2025-05-16 16:59:08
x2r75uxvvak	x5db7r42fds	百三	1	num					2025-07-28 22:37:38	2025-05-16 16:59:08
xrne5h4ghtp	xvs869ag6m4	百二	1	num					2025-07-28 22:37:38	2025-05-16 16:59:08
xga4ku6g29c	xabesnabe6x	百一兩	1	num					2025-07-28 22:37:38	2025-05-16 16:59:08
x8pyp684ubd	x8mtn525sdx	百一一	1	num					2025-07-28 22:37:38	2025-05-16 16:59:08
xnnwgnbr5kr	xyaeefb2mv7	百一五	1	num	一百一十五。		"[""都領有幾隻？——～隻。""]"	community contributor	2025-08-25 02:05:35	2025-05-16 16:59:08
xkyhdk8ms3j	xvrauhyvhvm	百六四	1	num	一百六十四。			community contributor|馮愛珍. 福州方言詞典[M]. 南京: 江蘇教育出版社, 1998.	2025-08-29 21:56:50	2025-08-29 21:56:50
xdvrz4cnn4g	x6caua68fba	百一	1	num	一百一十。		"[""蜀百零七加三等於～。""]"	community contributor	2025-09-14 23:43:29	2025-05-16 16:59:08
xjqfuz8zfue	xpd4tycke6r	蜀千	1	num					2025-07-28 22:37:38	2025-05-16 16:59:08
xxuy87kf6w9	xnkw2r6q389	蜀百	1	num					2025-07-28 22:37:38	2025-05-16 16:59:08
x7fjzy7cfne	xw572tkgrh5	蜀百零蜀	1	num					2025-07-28 22:37:38	2025-05-16 16:59:08
x4wnb9hw3hv	xmwk3qf67xq	九百	1	num					2025-07-28 22:37:38	2025-05-16 16:59:08
xqr4xmvd57q	xycf95yxy9r	九十一	1	num					2025-07-28 22:37:38	2025-05-16 16:59:08
xsuytxktarq	xnd5xqnq4nc	九十	1	num					2025-07-28 22:37:38	2025-05-16 16:59:08
x46dy7f72f2	xf64d7aexga	八十一	1	num					2025-07-28 22:37:38	2025-05-16 16:59:08
x99wbh7p827	xzydgdnw7a8	八十	1	num					2025-07-28 22:37:38	2025-05-16 16:59:08
x2r5jrj8z9v	xrymyexgj6r	七十一	1	num					2025-07-28 22:37:38	2025-05-16 16:59:08
xj27fzpve59	xawx6cm96te	七十	1	num					2025-07-28 22:37:38	2025-05-16 16:59:08
x98yj3pwuuc	xxr4ks8zxz5	六十一	1	num					2025-07-28 22:37:38	2025-05-16 16:59:08
xjskscxq6qs	xdfu4vdg8zh	六十	1	num					2025-07-28 22:37:38	2025-05-16 16:59:08
xdsux5hjn96	xvpwxn2axsd	五十一	1	num					2025-07-28 22:37:38	2025-05-16 16:59:08
xj3sz8x97ux	xkjnnccdtun	五十	1	num					2025-07-28 22:37:38	2025-05-16 16:59:08
xq72m42ssf2	xws7djmj5pe	卌一	1	num					2025-07-28 22:37:38	2025-05-16 16:59:08
xdr2fecz369	x2pxkxjv22j	四十一	1	num					2025-07-28 22:37:38	2025-05-16 16:59:08
xaezhbsfd38	xqwfsyw97m2	四十	1	num					2025-07-28 22:37:38	2025-05-16 16:59:08
xjnyb42ykf2	xca6p5axgcs	三一	1	num					2025-07-28 22:37:38	2025-05-16 16:59:08
x7pwn7rfauh	xwstw8jff3j	三十一	1	num					2025-07-28 22:37:38	2025-05-16 16:59:08
xhgfzttrura	xqhatrparbx	三十	1	num					2025-07-28 22:37:38	2025-05-16 16:59:08
xw5qkegmu3h	xcevdnc3hr6	廿一	1	num					2025-07-28 22:37:38	2025-05-16 16:59:08
xtbzkbw9qk4	xccd725ye86	廿幾隻	1		數量詞，二十幾個。			community contributor	2025-10-23 22:37:32	2025-10-23 22:37:32
x9r9xv7f36d	xkdrzsxdjyt	二十	1	num	是十的兩倍。			community contributor|馮愛珍. 福州方言詞典[M]. 南京: 江蘇教育出版社, 1998.	2025-08-23 00:10:46	2025-05-16 16:59:08
x787p7c5zp4	x448xprukxt	十一	1	num					2025-07-28 22:37:38	2025-05-16 16:59:08
xj827d4g33c	xn3y5n8rm5n	第十	1	num					2025-07-28 22:37:38	2025-05-16 16:59:07
xzqjwfk574h	x5tysdg23hj	第九	1	num					2025-07-28 22:37:38	2025-05-16 16:59:07
xb9mprw59ap	xwnq3jbhrh6	第八	1	num					2025-07-28 22:37:38	2025-05-16 16:59:07
x8qac5x78u9	xtyxc4sxxgn	第七	1	num					2025-07-28 22:37:38	2025-05-16 16:59:07
x7huwy7dyk2	xm5zf4x57mv	第六	1	num					2025-07-28 22:37:38	2025-05-16 16:59:07
x6dgn6yhbuj	xb5qknrxpw5	第五	1	num					2025-07-28 22:37:38	2025-05-16 16:59:07
xuqhdkq8ke5	xhk5cvzuyf3	第四	1	num					2025-07-28 22:37:38	2025-05-16 16:59:07
x2n36sj93uq	x74wgmtnrdc	第二	1	num					2025-07-28 22:37:38	2025-05-16 16:59:07
xpru73q8fwt	xxxjdtr3te9	第一	1	num					2025-07-28 22:37:38	2025-05-16 16:59:07
x3h38znmbuz	xnxfz7xmv66	十隻	1	num					2025-07-28 22:37:38	2025-05-16 16:59:07
xhdpgnyk6sk	xzwh2852r4u	九隻	1	num					2025-07-28 22:37:38	2025-05-16 16:59:07
xrhez7tbezn	xff5z3apem2	八隻	1	num					2025-07-28 22:37:38	2025-05-16 16:59:07
xsjaxm9rmqf	xhgnprb63b4	七隻	1	num					2025-07-28 22:37:38	2025-05-16 16:59:07
xsxpjn4rwt4	xk5e6sqb9sz	六其	1	num					2025-07-28 22:37:38	2025-05-16 16:59:07
x9jd29ya6g9	xq523p4kec6	老六	1	n					2025-07-28 22:37:38	2025-05-16 16:59:07
xf5q7u5msr5	xexu7qqpzsk	軸軸新	1	adj					2025-07-28 22:37:38	2025-05-16 16:59:07
xfxfqyp586d	xt4b2pwvk7h	確確焦	1	adj					2025-07-28 22:37:38	2025-05-16 16:59:07
xwg4x5cdbba	xacx54qamuh	雹*雹*熱	1	adj					2025-07-28 22:37:38	2025-05-16 16:59:07
xs96wy58nyh	x7d8hny275x	粗癩癩	1	adj	粗糙。			community contributor	2025-08-29 21:53:53	2025-08-29 21:53:53
x9379dngvwp	x7d8hny275x	粗癩癩	1	adj	粗糙。			community contributor	2025-08-29 21:53:53	2025-08-29 21:53:53
xhh7rr3wz4p	xwx37yrxukw	嘟嘟	1	on					2025-07-28 22:37:38	2025-05-16 16:59:06
x2w7zneba2s	xy4hh4tf8fz	呋嚕	1	on					2025-07-28 22:37:38	2025-05-16 16:59:06
x4uzdpahtxx	xy4hh4tf8fz	呋嚕	1	v					2025-07-28 22:37:38	2025-05-16 16:59:06
xa97uujpq55	xx3nfru3dp3	𦼩㘕	1	on					2025-07-28 22:37:38	2025-05-16 16:59:06
xz2faem8cma	x8q4n8btc37	做蜀下	1	adv					2025-07-28 22:37:38	2025-05-16 16:59:06
xy3waannztx	xyfuurxhv75	蜀下	1		一下			community contributor	2025-09-28 02:40:53	2025-05-16 16:59:06
xczwn5f3j6d	xntb5kkrvkz	蜀世	1	num					2025-07-28 22:37:38	2025-05-16 16:59:06
xp8bwqpx83e	xcutscq5mcx	蜀堆	1	num					2025-07-28 22:37:38	2025-05-16 16:59:06
xpzprvgyq6j	xpq3nuahyar	拖拖	1	cl					2025-07-28 22:37:38	2025-05-16 16:59:06
xqxxrspah8h	xu2kuux8mky	抱圍	1	cl					2025-07-28 22:37:38	2025-05-16 16:59:06
xhsqr5578pa	xehyw4gyvn5	蜀字	1	num					2025-07-28 22:37:38	2025-05-16 16:59:06
x64umhafksz	xtxzc9a28qt	格囝	1	cl					2025-07-28 22:37:38	2025-05-16 16:59:06
xnsxf3h88yw	xssy78ydss6	野狠	1		（程度）很深、重。		"[""汝做～。""]"	community contributor|馮愛珍. 福州方言詞典[M]. 南京: 江蘇教育出版社, 1998.	2025-09-20 13:42:42	2025-09-20 13:42:42
xg4vg2qrd7s	x6feb3nc6x4	唉哈	1	int	表示驚嘆。			community contributor|馮愛珍. 福州方言詞典[M]. 南京: 江蘇教育出版社, 1998.	2025-09-05 20:46:56	2025-05-16 16:59:06
x46fq843shb	xdt64xhcspt	比並	1	v					2025-07-28 22:37:38	2025-05-16 16:59:05
xshk5bhus93	xqaqggt9rh7	徐仂滴	1	adv					2025-07-28 22:37:38	2025-05-16 16:59:05
xugn8tdhe4b	xvfdkf5x7vn	覷𡅏	1	v					2025-07-28 22:37:38	2025-05-16 16:59:05
xvfac2fr979	xn6d27tpq7g	野𣆯	1		很久。			community contributor|馮愛珍. 福州方言詞典[M]. 南京: 江蘇教育出版社, 1998.	2025-09-20 13:43:06	2025-09-20 13:43:06
xzt3c7hnx2g	xzdh86jabrm	堵堵好	1	adv					2025-07-28 22:37:39	2025-05-16 16:59:05
xzgzg9vjdrt	xhyze32t92j	堵堵	1	adv					2025-07-28 22:37:39	2025-05-16 16:59:05
xpp6mv3quzh	xcangq265ra	復是	1	adv					2025-07-28 22:37:39	2025-05-16 16:59:05
xrt6kgsma74	xzeu995kjrs	伓是	1		不是。			community contributor	2025-09-06 02:40:12	2025-05-16 17:06:04
xzdpxf37sa9	xdk8fz69m2u	故未	1	adv					2025-07-28 22:37:39	2025-05-16 16:59:05
x2pu38yqeyv	xatk2z6jtvy	故零意	1	adv					2025-07-28 22:37:39	2025-05-16 16:59:05
x7hspg7fnpf	x3hc6tzzjtc	特特	1	adv					2025-07-28 22:37:39	2025-05-16 16:59:04
xnsnqag77r8	xmhhwt68965	八曾	1	adv					2025-07-28 22:37:39	2025-05-16 16:59:04
xf63kwtxfpq	xkes96nptwm	特意	1	adv					2025-07-28 22:37:39	2025-05-16 16:59:04
xm8xekppef5	x22s95mgbkd	確實	1	adv					2025-07-28 22:37:39	2025-05-16 16:59:04
x2vataqvdp4	xabbsmfdcr5	野好	1		很好。			community contributor	2025-08-31 20:01:18	2025-08-31 20:01:18
xvcfcv67nax	x5vrmbyyyye	故好	1	adv					2025-07-28 22:37:39	2025-05-16 16:59:04
xunddwkb3zb	xwgz95kudzs	此刻	1	adv					2025-07-28 22:37:39	2025-05-16 16:59:04
xfwh4jkbzjw	xyjyp5qd3z5	牳*略	1	adv	大約，約略。			community contributor	2025-08-29 22:01:06	2025-08-29 22:01:06
xps4w6ghwbj	x4m45j45ebh	差仂囝	1	adv					2025-07-28 22:37:39	2025-05-16 16:59:03
xkuayx46pmy	xu6nw7r6rgx	如果	1	adv					2025-07-28 22:37:39	2025-05-16 16:59:03
xvjsnc626yj	xwgacsfxg4k	仂囝	1		點兒。		"[""蜀～。（一點點。）"", ""有～。（有點兒。）""]"	community contributor	2025-09-24 22:15:16	2025-09-24 22:15:16
x45gnczs2kd	xh29n876s52	故此	1	conj					2025-07-28 22:37:39	2025-05-16 16:59:03
xmtqwmahrmj	xm3z3kq5kxd	儥合	1		不合			community contributor	2026-04-08 19:06:19	2026-04-08 19:06:19
xdqenqd96ud	xm3z3kq5kxd	儥合	2		不應當，不該	「合」即合當、應當		community contributor|馮愛珍. 福州方言詞典[M]. 南京: 江蘇教育出版社, 1998.	2026-04-08 19:06:19	2026-04-08 19:06:19
xsv33yycdwy	xh7ueym62ea	儥赴	1		趕不及，趕不上			community contributor	2026-04-08 19:07:28	2026-04-08 19:07:28
x67turz4k47	xnh73rdd28f	故載	1	adv					2025-07-28 22:37:39	2025-05-16 16:59:03
xemamq4aec7	xfdeef9hc3d	樸素	1	adj					2025-07-28 22:37:39	2025-05-16 16:59:02
x4fewbxprmg	x3udcukh9ue	快趕	1		趕快。		"[""～落班。（趕緊下班。）""]"	community contributor	2025-10-03 01:18:57	2025-10-03 01:18:57
xr4ezafuupd	xuyhqj39sar	勇敢	1	adj	有膽量，不輕易感到畏懼	口語常常具體指秋冬不怕冷、衣服穿得少，有時也指夏天不怕熱	"[""野～""]"	community contributor	2026-04-07 23:06:04	2026-04-05 15:13:05
xswtv3vpre9	xk3s6wwqkks	尷尬	1	adj	貧窮，困窘。	口語裏還可以說「窮」（gyng53）、「虯」（kiu53）、「逼」（beik24）。		community contributor	2025-09-21 10:39:13	2025-09-21 10:39:13
xhkkr9nkvgw	xpv22qdjb5j	蹣跚	1	v					2025-07-28 22:37:39	2025-05-16 16:59:01
xvcwjsx5epr	xvws7awutjc	枯焦	1	adj					2025-07-28 22:37:39	2025-05-16 16:59:01
xtcc32rrr3k	xfjva6qu94a	支離	1	adj	過份，太離譜。		"[""鄭麗生《福州風土詩·問謎》：「燈猜求誨費心思，黃絹外孫絕妙詞；最是諧音難會意，方言別字太～。」（郑丽生. 问谜//福州风土诗. 福州: 福建人民出版社, 2012: 21.）""]"	community contributor	2025-10-15 21:50:08	2025-05-16 17:05:53
x5evdzxff52	xjs9guy8j92	苦單單	1	adj					2025-07-28 22:37:39	2025-05-16 16:59:01
xmjqage3btq	xxyf8wmch88	苦惻	1	adj					2025-07-28 22:37:39	2025-05-16 16:59:01
xxcu2rhuhbv	xrvx7dcws3x	附會	1	adj					2025-07-28 22:37:39	2025-05-16 16:59:01
xcynqje4ve7	x3xqgu2yq9v	富豪	1	n					2025-07-28 22:37:39	2025-05-16 16:59:01
x5bw7ch6qsz	xztg8gj5m9c	清楚	1	adv	用在動詞後，表示以後		"[""事際做完清楚介*講世*乇食飯（事情做好了再說什麼喫飯）！""]"	community contributor	2025-10-13 23:29:56	2025-10-13 23:17:06
x4v84eekvhy	xztg8gj5m9c	清楚	1	adj	形容外形清晰、外貌清秀、邏輯縝密、內心暢快	含義比普通話的「清楚」來得豐富		community contributor	2025-10-13 23:29:56	2025-10-13 23:15:10
xk6wwf4bjw7	xutt7fjtu6u	烏黜黜	1	adj					2025-07-28 22:37:39	2025-05-16 16:59:01
x9jzu6njpsn	xyva4c2qwc6	唔唔青	1	adj					2025-07-28 22:37:39	2025-05-16 16:59:01
xazjdz8qy3x	xjbt672jz5h	烏焦	1	adj					2025-07-28 22:37:39	2025-05-16 16:59:01
xmad3hasn6e	x2v7aceyvv7	烏渴	1	adj					2025-07-28 22:37:39	2025-05-16 16:59:00
x2kamd52rrk	xafe8crxk7m	茶色	1	n					2025-07-28 22:37:39	2025-05-16 16:59:00
xn3at7d6kuz	xe69y2ufdbs	柴色	1	n					2025-07-28 22:37:39	2025-05-16 16:59:00
x8ch2qvswfz	xe3k45p4tr6	葡萄紫	1	n					2025-07-28 22:37:39	2025-05-16 16:59:00
xnv3murtvcd	xsehvxhgksx	塗色	1	n					2025-07-28 22:37:39	2025-05-16 16:59:00
xdg2de6p8qy	xraaugsw6qt	殕殕色	1	n					2025-07-28 22:37:39	2025-05-16 16:59:00
xq6gfram54s	xwrg79gncz8	湖色	1	n					2025-07-28 22:37:39	2025-05-16 16:59:00
xnhdb8a6vje	xuytysswzmb	野有価	1		尚屬較多。	「野有」（ia21 {u}）表示有一定的程度，但又不很完全。		community contributor	2025-09-20 13:44:54	2025-09-20 13:44:54
xbydnv9eqyz	x9ecmtp95qr	野価	1		很多。			community contributor	2025-09-20 13:45:24	2025-09-20 13:45:24
xqh8rbqc924	xkfwp3hhbus	凸々	1	v					2025-07-28 22:37:39	2025-05-16 16:58:58
xmh4wdewe2g	x5mn6q837rq	鼓攏*𥄹	1	v					2025-07-28 22:37:39	2025-05-16 16:58:58
xwr6d9ybp4m	x9x4wdvmuaa	凸喙凹鼻	1	adj					2025-07-28 22:37:39	2025-05-16 16:58:58
xzdzxn5ay3u	x2szwre9gmg	鼓攏*母	1	n					2025-07-28 22:37:39	2025-05-16 16:58:58
xdsjnck2x6a	x2szwre9gmg	鼓攏*母	1	adj					2025-07-28 22:37:39	2025-05-16 16:58:58
xdj66enszh4	xe728qmd3yb	糊塗	1	adj					2025-07-28 22:37:39	2025-05-16 16:58:58
xcpjcyu9mkj	x69wwn6ygj2	古怪	1	adj					2025-07-28 22:37:39	2025-05-16 16:58:58
xjrgx6pxcha	xe9wfvv82bg	忤流氓	1	adj					2025-07-28 22:37:39	2025-05-16 16:58:58
xrxx84r84ue	x6j2bnxeedq	忤流	1	adj					2025-07-28 22:37:39	2025-05-16 16:58:58
xyyz3g7vmat	xbrzrurj2ve	目精手溜	1	adj					2025-07-28 22:37:39	2025-05-16 16:58:57
xzf9mf9698s	xgx328psmgf	粗蠻	1	adj					2025-07-28 22:37:39	2025-05-16 16:58:57
x88w3narjby	xgh7wk6v3pr	粗頑	1	adj					2025-07-28 22:37:39	2025-05-16 16:58:57
xpwckjcns86	xs2azkv6fvk	粗殘	1	adj					2025-07-28 22:37:39	2025-05-16 16:58:57
xahcdbtxg8a	x2fv6cepenp	粗魯	1	adj					2025-07-28 22:37:39	2025-05-16 16:58:57
xmc3mvkx6tm	x9fxjvpjh5v	斯文	1	adj					2025-07-28 22:37:39	2025-05-16 16:58:57
xrfmm6u42a9	xfgt4mrudtb	舒豪	1	adj					2025-07-28 22:37:39	2025-05-16 16:58:57
x2d7kmfpuhf	xht9t9kphba	舒暢	1	adj					2025-07-28 22:37:39	2025-05-16 16:58:57
xbpcf8fk33a	xf8h2s25j4v	酥巴	1	adj					2025-07-28 22:37:39	2025-05-16 16:58:57
x6pxuxudshs	x3fj6wugyav	密塞	1	adj					2025-07-28 22:37:39	2025-05-16 16:58:57
xny528nnmfx	xrrt4k3ykau	苦滷鹹	1	n					2025-07-28 22:37:39	2025-05-16 16:58:56
xv444ymeted	xqk2xxj48r4	苦𡅏氥	1	adj	味道又苦又難聞。			community contributor	2025-08-29 21:53:25	2025-08-29 21:53:25
x4d9kn64z8m	x54r58vad9p	苦凋*凋*	1	adj					2025-07-28 22:37:39	2025-05-16 16:58:56
x9zfaregqa2	xhr8g9x72xh	醋母酸	1	adj					2025-07-28 22:37:39	2025-05-16 16:58:56
xc8qbnrbptp	xj3cnhhz3et	齷齪	1	adj					2025-07-28 22:37:39	2025-05-16 16:58:56
xnhkd29kkeq	xj3cnhhz3et	齷齪	1	n					2025-07-28 22:37:39	2025-05-16 16:58:56
xncckswxqdq	xu66zyzzqjn	垃渣	1	adj	污穢，不潔			community contributor	2026-03-26 22:57:02	2026-03-26 21:37:43
xxjt7wffx6u	xu2hrpagn5r	五滷	1	adj					2025-07-28 22:37:39	2025-05-16 16:58:56
x56th2959qw	xaavtswt695	生野俊	1		長得很漂亮、俊俏。			community contributor	2025-09-22 16:24:21	2025-09-22 16:24:21
xztufet7ebc	xyn83akeqj2	作佳	1	adj					2025-07-28 22:37:39	2025-05-16 16:58:55
xmuu2awzhac	xuy62x3t9jk	惡儂	1	n					2025-07-28 22:37:39	2025-05-16 16:58:55
xuwuh2dgggy	xveggj5qtb3	惡媽	1	n					2025-07-28 22:37:39	2025-05-16 16:58:55
xxserdn4sxm	xau55p9wdqb	惡形惡狀	1	adj					2025-07-28 22:37:39	2025-05-16 16:58:55
x457urp4ftk	xrxwveps6we	粗平直	1	adj					2025-07-28 22:37:39	2025-05-16 16:58:55
xnfkrkwxvu3	xj2gk4d8fgq	女家	1	n					2025-07-28 22:37:39	2025-05-16 16:58:55
xxuq8des95a	xmq4gj3h2yw	師父徒弟兩隻	1	n					2025-07-28 22:37:39	2025-05-16 16:58:54
xy9cr77q6tm	xkdtwvhjwsn	姆嬸兩隻	1	n					2025-07-28 22:37:39	2025-05-16 16:58:54
x3jxzdgds3t	x8spnau232t	媽孫	1	n					2025-07-28 22:37:39	2025-05-16 16:58:54
xu5dm942wqf	x6yqx3husaz	汝兩隻	1	pron	你們兩個			community contributor	2026-01-11 20:44:27	2025-05-16 16:58:54
x8ma7fgv7ny	xm59xjdwpxj	汝儂	1	pron					2025-07-28 22:37:39	2025-05-16 16:58:54
xbeqkycmqy5	x8pr6342trd	有無	1		語氣詞，以徵詢的語調強調、主張。		"[""嚽（這個）福州話是告（叫做）「蟶」，～。""]"	community contributor	2025-09-24 14:30:31	2025-05-16 17:05:59
xjqwe59ydgk	xz6h8737bf8	何必	1		為什麼一定要。反問語氣，表示不必、不需要。			community contributor	2025-08-31 18:51:13	2025-08-31 18:51:13
xb5xgrgadmb	xenw7ukz7c9	許塊	1	pron					2025-07-28 22:37:39	2025-05-16 16:58:53
xdhdhzz72y2	xmfe8ammtnc	這塊	1	adv					2025-07-28 22:37:39	2025-05-16 16:58:53
x6gct6fvtmd	xzaq53hazbx	儂家	1	pron	人稱代詞，指「咱們」，即包括聽話者的「我們」。	「我各儂」不包括聽話者。	"[""這回是～齊去，伓是㑚我各儂去。（這次是咱們一起去，不是只有我們去。）""]"	community contributor	2025-10-04 12:47:24	2025-09-09 19:21:44
xme8s9g5nqh	xzaq53hazbx	儂家	2	pron	第一人稱謙詞，指「我」，但比「我」更有禮貌		"[""聽衆朋友，大家儂好，～是依榕。（聽衆朋友大家好，我是依榕。）""]"	community contributor	2025-10-04 12:47:24	2025-09-09 19:21:44
xjv7xpu3atx	x9basxudyg6	奴家	1	pron					2025-07-28 22:37:39	2025-05-16 16:58:52
xagwzw2td7e	x7u4mf86ybf	別塊	1	n					2025-07-28 22:37:39	2025-05-16 16:58:52
xg4ph3658ra	xqhkrbt2rqz	附近	1	adv					2025-07-28 22:37:39	2025-05-16 16:58:52
x7qx9qy8kjp	xywv6q8sdb9	北方	1	n					2025-07-28 22:37:39	2025-05-16 16:58:52
x56yzhdtv3f	xj2yjh37jbs	北邊	1	n					2025-07-28 22:37:39	2025-05-16 16:58:52
xerx2g9xhf8	xnu4455z75w	西洋	1	n	地名，在福州。	「洋」指廣闊的平地，閩地地名多見。		community contributor|community contributor	2025-09-28 17:14:16	2025-09-28 17:13:24
x5sc4zmrmpz	xnu4455z75w	西洋	10	n	位於西邊的海洋。西方的海洋。	在漢語書面語中，「洋」原本只有衆多以及廣大、盛大的含義（洋//漢語大詞典: 卷 5. 上海辭書出版社: 1181.）。至宋代，海洋的含義纔進入共通的漢語（李家樹, 陳遠止, 謝耀基. 漢語綜述. 香港大学出版社, 1999: 52.）。當時作爲航海中心的福建路，其民眾、官員習慣將周邊海域劃分爲數十個「洋」。「西洋」一詞此時已出現，但在不同語境下所指範圍不一。（黄纯艳. 宋元海洋知识中的“海”与“洋”. 学术月刊, 2020, 52(3): 155-166.）明以後「西洋」所指又有變化。		community contributor	2025-09-28 23:21:04	2025-09-28 17:13:24
xpb4unsjjxs	xnu4455z75w	西洋	11	n	對歐美各國的泛稱。			community contributor	2025-09-28 17:59:41	2025-09-28 17:59:41
xjzus6v5tnk	x9vpn5zar4j	以懸	1	adv					2025-07-28 22:37:39	2025-05-16 16:58:52
xejfec97vc7	xt6c4cyntee	以前	1	adv					2025-07-28 22:37:39	2025-05-16 16:58:52
xw37p7xrc7a	x9g8uz96nb2	以早	1	adv					2025-07-28 22:37:39	2025-05-16 16:58:52
xyvdqqme6hf	xbtf4nhpvy3	山後	1	n	山的後頭、後方。			community contributor|馮愛珍. 福州方言詞典[M]. 南京: 江蘇教育出版社, 1998.	2025-09-28 16:56:39	2025-09-28 16:56:39
xdxxv4fnacm	xammu78m5a2	目睭前	1	n					2025-07-28 22:37:39	2025-05-16 16:58:51
xfzxxg3rmp7	x4pa4et67ep	角角	1	n					2025-07-28 22:37:39	2025-05-16 16:58:51
xhdwqvjah47	xu3tmmse65u	椅懸頂	1	n					2025-07-28 22:37:39	2025-05-16 16:58:51
xjkf75ws6bx	xbp6ufu5h4h	椅面	1	n					2025-07-28 22:37:39	2025-05-16 16:58:51
xxxa4ffuah5	x3587wt4hr5	擔承	1	v	承擔，擔當	口語也說「擔戴」（dang53 nai21）		community contributor|馮愛珍. 福州方言詞典[M]. 南京: 江蘇教育出版社, 1998.	2026-03-26 00:38:10	2026-03-26 00:38:10
xy7ju52h3zy	x82ma529dbq	駁打	1	n					2025-07-28 22:37:39	2025-05-16 16:58:50
xaynvw2rsx9	x9m3vqzfyg2	㘈𨶯	1	on	開門聲			community contributor	2025-09-23 21:36:02	2025-09-23 21:36:02
x9eg5am7heg	x9m3vqzfyg2	㘈𨶯	1	on	口齒不清聲			community contributor	2025-09-23 21:36:02	2025-09-23 21:36:02
xxpfwj29f5u	xdv5xz78z3z	無乇講	1		沒話說。		"[""野霸～（厲害，沒治了）。""]"	community contributor	2025-09-15 13:57:40	2025-08-04 05:41:47
x9nfd2e9d49	xq5zgr4mqgc	呼喝	1	v					2025-07-28 22:37:39	2025-05-16 16:58:49
xa4r6y8h7sj	xbgghsn7fbb	唔唔呻	1	v					2025-07-28 22:37:39	2025-05-16 16:58:49
xgwaccyxvcb	xkuaa677f7e	訴念	1	v					2025-07-28 22:37:39	2025-05-16 16:58:49
xwbca3akhfk	xzjtu6typ3e	唔嚕	1	v					2025-07-28 22:37:39	2025-05-16 16:58:49
xwebvz8qrh3	xzg4vn7udya	相拍	1		代指戰爭，見於口語			community contributor	2025-05-16 17:05:58	2025-05-16 17:05:58
xtfk57w8d7f	xnnntcfs8d6	圖賴	1	v					2025-07-28 22:37:39	2025-05-16 16:58:48
x7qumqwzbr3	x8mkvmds9qw	野講	1		亂說，胡說			community contributor	2025-10-17 19:46:08	2025-10-17 19:46:08
xys5a9447ej	x6d7qzduggb	冇講	100	n	攀講，福州電視臺的福州話脫口秀節目名。			community contributor	2025-09-20 14:01:28	2025-05-16 17:05:55
x7cwqsmfchp	x79vqc3cbwp	有話頭	1		動賓短語，有的説，有話題，能與交談。			community contributor|馮愛珍. 福州方言詞典[M]. 南京: 江蘇教育出版社, 1998.	2025-08-27 13:32:18	2025-05-16 16:58:47
xtmjk4kszqg	x3rhhemj7wf	薄情	1	adj	不念情義，多用於男女愛情			馮愛珍. 福州方言詞典[M]. 南京: 江蘇教育出版社, 1998.	2025-07-28 22:37:39	2025-05-16 16:58:47
xk2eyv32tex	xxqdtmh8du2	有敢	1	adv	敢（做某事）		"[""汝～做？"", ""～講者（這）話"", ""～做者（這）事""]"	community contributor	2026-04-07 23:26:20	2026-04-07 23:25:46
xf3s52wrw89	xsr7c4j9u9s	氣死	1	v					2025-07-28 22:37:39	2025-05-16 16:58:47
xdbb2gfebwv	xkn26q9dhy5	受怪	1	adj	貧窮，缺衣少食，物質條件受限的樣子。		"[""厝（家）𡅏（裡）野（很）～。""]"	community contributor	2025-09-21 10:48:47	2025-05-16 17:05:51
x6a264ytzy7	x67m32u2pc4	醋心	1	n					2025-07-28 22:37:39	2025-05-16 16:58:46
x6w99wjkrfc	x86t59njsyy	惻心	1	n	忌恨的心			community contributor	2026-04-10 01:22:53	2025-05-16 16:58:46
xy7nwt4597a	xzwvzgarhvm	嫌棄	1	v	同普通話「嫌棄」。			community contributor	2025-09-19 17:02:39	2025-09-19 17:02:39
xd36yfpxms7	xg8nbsvr6ax	棄嫌	1	v	嫌棄。		"[""《福州歌謠甲集》：「汝聽奴(我)唱莫棄嫌，莫笑粗言共白字，閩腔曲仔(小調)愛蟬聯。」""]"	community contributor	2025-09-19 17:03:24	2025-09-19 17:03:24
xnf42zkukp7	xm8fywvpr43	褪待*	1		脫掉。			community contributor	2025-09-06 21:22:47	2025-09-06 21:22:47
xnam2hkjxsb	xht9hfnfs63	會驚	1		令人吃驚，極言程度之深。		"[""這滿価，～去。""]"	community contributor	2025-09-20 14:04:17	2025-05-16 17:05:55
xt44srfy2r9	xfmbw5df4k3	伓存	1		未料，不料。			community contributor	2025-09-06 02:34:24	2025-09-06 02:34:24
xw2m2dypg6g	xrpjkeuf33e	思量	1	v					2025-07-28 22:37:39	2025-05-16 16:58:45
x7tb3qp29m8	xaswqgfef5x	思想	1	n					2025-07-28 22:37:39	2025-05-16 16:58:45
xyfmb7tjrby	x4pmumhytz5	估量	1	v					2025-07-28 22:37:39	2025-05-16 16:58:45
xjev438yq5s	xk8ayj6x4zq	估看	1	v					2025-07-28 22:37:39	2025-05-16 16:58:45
xb3gs2ev7ae	xzrns73t896	儥好	1		不好			community contributor	2026-04-08 19:13:26	2026-04-08 19:13:26
x3tnct2d5ay	x6dfzvc8779	仈勢	1	n					2025-07-28 22:37:39	2025-05-16 16:58:44
xn5m3scpj3g	x466jefegx6	仈長	1	v	知曉。得知。			community contributor	2025-10-04 14:04:25	2025-05-16 16:58:44
xw24m29ywrc	x466jefegx6	仈長	2	v	認識		"[""我～伊。""]"	community contributor	2025-10-04 14:04:09	2025-10-04 14:04:09
xmttwsx6cge	xuztca8hrk8	仈症	1		動賓短語，懂事，懂道理。			community contributor|馮愛珍. 福州方言詞典[M]. 南京: 江蘇教育出版社, 1998.	2025-08-27 13:31:15	2025-05-16 16:58:44
xej5qykfq83	xuztca8hrk8	仈症	2		動賓短語，知趣，識看他人神色行事。			community contributor|馮愛珍. 福州方言詞典[M]. 南京: 江蘇教育出版社, 1998.	2025-08-27 13:31:15	2025-08-27 13:31:15
xtyhsez84zx	xetryjk82r7	仈事	1	adj					2025-07-28 22:37:39	2025-05-16 16:58:44
xtby8yrjr7j	x23c5b9snj6	捎勾	1	v					2025-07-28 22:37:40	2025-05-16 16:58:43
xbte88gy9qk	xwpu6rpavak	拭待*	1		擦掉，拭去。			community contributor	2025-09-06 21:23:02	2025-09-06 21:23:02
xsgf2km5sar	xk8rngmsbwc	嘟々	1	v					2025-07-28 22:37:40	2025-05-16 16:58:42
xagf5zys67h	x2nhft5yz74	滑々	1	v					2025-07-28 22:37:40	2025-05-16 16:55:57
xscvbe2a9gr	xvzzdpgvju7	拔去	1		動補短語。猶普通話“拉倒”“得了”。			community contributor	2025-08-27 13:29:57	2025-05-16 16:58:42
xkrwjubvnpr	x2952qdme67	挌待*	1		扔掉，拋去。			community contributor	2025-09-06 21:23:54	2025-09-06 21:23:54
xqv7jn7pmjd	xnexz7zp5jz	挌待*去	1		動補短語，扔掉了。			community contributor	2025-08-27 13:29:26	2025-05-16 16:58:42
xzahgy8hm9r	x3gguxr4h7e	鼻看	1	v					2025-07-28 22:37:40	2025-05-16 16:58:42
xt7qkjhb4tx	x55gnyxs8ys	浮露	1	v					2025-07-28 22:37:40	2025-05-16 16:58:41
xz72tvhv6nw	xm5xau548sv	夾尿	1		動賓短語，把尿。			community contributor	2025-08-27 13:29:07	2025-05-16 16:58:41
xdc49bsxb3a	xrwejtagf3b	夾屎	1		動賓短語，把屎。			community contributor	2025-08-27 13:28:45	2025-05-16 16:58:41
xzxxyhuuftd	xk47pd6vpa4	舉手	1		動賓短語，舉手，舉起手。			community contributor	2025-08-27 13:28:17	2025-05-16 16:58:40
x8begwtn2kj	xdxs58fgj98	看野真	1		看得很真切，很仔細。			community contributor	2025-09-22 16:47:24	2025-09-22 16:47:24
xfcfphkd4tw	xsytjqvj8z5	覷野真	1		瞧得很真切，很仔細。			community contributor	2025-09-22 16:47:11	2025-09-22 16:47:11
xmt9sn9mnew	xr9sx8d6ydq	睨野真	1		瞧得很仔細。	「睨」即仔細看，仔細鑒別（含貶義）。		community contributor	2025-09-22 16:46:55	2025-09-22 16:46:55
xjpbmwpweef	xgkr7byvkpk	碰造化	1		動賓短語，碰運氣，碰巧			community contributor	2026-04-12 18:34:03	2026-04-12 18:08:18
x8k9u86jpa3	xgg4p7fnvz2	凸頭	1		動賓短語，伸長脖子。			community contributor	2025-08-27 13:27:56	2025-05-16 16:58:40
xfcnm39r73b	xftguukrbce	扒喇	1	v					2025-07-28 22:37:40	2025-05-16 16:58:40
x4m3ytv4w4n	xkzn6xuxq3a	爬起	1	v					2025-07-28 22:37:40	2025-05-16 16:58:39
xa3xndkjten	xavtbyprhmc	𥄹々	1	v					2025-07-28 22:37:40	2025-05-16 16:58:39
xekjt7gpzgr	xbh8wa7vvpm	鼓板	1	n	打擊樂器名			community contributor	2026-03-22 19:05:31	2025-05-16 16:58:39
xcewzwu5hcn	xvxdvxmz5xm	耳鋸	1	n					2025-07-28 22:37:40	2025-05-16 16:58:39
x67hh8v2vhr	xnv5ktkqwqq	鼓槌	1	n					2025-07-28 22:37:40	2025-05-16 16:58:39
xckyyg4nmu8	xskgqjkang6	鑼鼓板	1	n	泛指打擊樂器，如大鑼、箭鼓、廊帳、大鈸、小鈸、小鑼、鑼子等	也稱「拍鼓板」		community contributor|陈琳. 剪纸、绘画、打鼓板……这个藏在侨乡的神秘村落好热闹！[EB/OL]. (2024-04-03)[2026-03-22]. https://www.fzcl.gov.cn/xjwz/zjcl/m	2026-03-22 19:09:34	2026-03-22 19:06:21
x4k6vvqnrwa	xnvnxry2sfn	𫪦咑	1	n					2025-07-28 22:37:40	2025-05-16 16:58:39
xg6gh3ugvk4	xsywwndz9w6	喇叭	1	n					2025-07-28 22:37:40	2025-05-16 16:58:39
xmwawc43tfj	x8n4drfngnq	鑔鑔	1	n					2025-07-28 22:37:40	2025-05-16 16:58:39
xtfsuf6fx8r	xjt2zg9p3rf	花旦	1	n					2025-07-28 22:37:40	2025-05-16 16:58:39
xnrt7m6aqw4	xw4943vwkvv	武旦	1	n					2025-07-28 22:37:40	2025-05-16 16:58:39
xum9gs5ec4q	xxpjsczvbdj	武生	1	n					2025-07-28 22:37:40	2025-05-16 16:58:39
x56fvxs9c2u	xaherznpv7y	花面	1	n					2025-07-28 22:37:40	2025-05-16 16:58:39
xpmecpbmg6d	xedntzwcsxr	戲頭哥	1	n					2025-07-28 22:37:40	2025-05-16 16:58:39
xdd37n8kzvb	xqgcbn25t2z	戲子	1	n					2025-07-28 22:37:40	2025-05-16 16:58:39
xv9ry7j48gg	xbd4gjak9mh	戲囝	1	n					2025-07-28 22:37:40	2025-05-16 16:58:39
xaanyb226q3	xd3v5zhr4xq	戲棚	1	n					2025-07-28 22:37:40	2025-05-16 16:58:38
xvb4d8dbsju	xwdbx3wy7rg	戲臺	1	n					2025-07-28 22:37:40	2025-05-16 16:58:38
xnjww8ncsk7	xpt5uf6aw8e	戲臺板	1	n					2025-07-28 22:37:40	2025-05-16 16:58:38
x68mp9m8z3s	xay3tacbrzj	池座	1	n					2025-07-28 22:37:40	2025-05-16 16:58:38
x3vn2cumwhn	xdmxrn5fqe4	戲榜	1	n					2025-07-28 22:37:40	2025-05-16 16:58:38
xx54gvcnrhc	xrctsjw987p	戲園	1	n					2025-07-28 22:37:40	2025-05-16 16:58:38
xmrzd7bwvas	xup8br5mg8r	戲出	1	n					2025-07-28 22:37:40	2025-05-16 16:58:38
xdubchgyyry	x3tfr84wswu	伬唱	1	n	傳統的曲藝唱曲形式，主要流行於福州市及閩侯、長樂、連江、福清等縣。由民間賣唱藝人在民歌小調的基礎上，參照民間社火活動創造發展而來。使用福州方音說唱。通常為一至二人自操二胡或三弦說唱表演，以唱為主，間有說表。節目以中篇故事為主，輔之以散曲演唱。			community contributor	2025-10-24 15:22:39	2025-05-16 16:58:38
xw5rutmzysv	xydxsr8wpgt	十番伬	1	n	指「十番」這一民間音樂形式			community contributor	2025-10-24 15:30:00	2025-05-16 16:58:38
xa3cnfc76sh	xydxsr8wpgt	十番伬	2	n	演奏「十番」的樂隊。			community contributor	2025-10-24 15:30:00	2025-10-24 15:30:00
xxg3hsgfe7n	xctbmv5w7ds	十番	1	n	福州民間傳統音樂形式。使用的樂器有笛、管（逗管）、笙、椰胡、大小鑼、大小鈸、雲鑼、狼帳（狼串）、木魚、檀板、清鼓等十三種，曲牌有《萬年歡》《千秋歲》《朝天子》《西江月》《五鳳吟》《蟠桃會》《北雲璈》《水底天》《將軍令》《美人嬌》《金索掛梧桐》《石榴花》《雁來紅》《一枝花》《柳搖金》《昇平樂》等一百多支。打擊樂曲牌有「福套」「祿套」「壽套」「喜套」及「文干」「武干」「滴水」「流水」各套。演奏形式分為坐奏、行奏、舞奏；又分為室內與室外兩種；室內還分為前後兩堂，前堂以金革為主，後堂以絲竹為主			community contributor	2025-10-24 15:28:22	2025-05-16 16:58:38
x4pr7snguvg	xktpy5dfn7w	戲本	1	n					2025-07-28 22:37:40	2025-05-16 16:58:38
xptpdnqbj9n	x67a7t7nbxb	舞龍燈	1		動賓短語，由許多人舉着龍形的燈同時舞動，用鼓鑼配合。			community contributor|馮愛珍. 福州方言詞典[M]. 南京: 江蘇教育出版社, 1998.	2025-08-27 13:27:31	2025-05-16 16:58:38
xcfjqs2j8a9	x67a7t7nbxb	舞龍燈	2	n	指「舞龍燈」這一民間舞蹈。			community contributor	2025-08-27 13:27:31	2025-05-16 16:58:38
xs3e4wga2b2	xay6c9g3f2f	舞獅	1		動賓短語，人穿上有獅子面具的服裝，模仿獅子跳舞。			community contributor|馮愛珍. 福州方言詞典[M]. 南京: 江蘇教育出版社, 1998.	2025-08-27 13:26:38	2025-05-16 16:58:38
xcxn2g9q728	xay6c9g3f2f	舞獅	2	n	指「舞獅」這一民間舞蹈。			community contributor	2025-08-27 13:26:38	2025-05-16 16:58:38
xrd62cj4x84	xgzv9946bnv	操埕	1	n	操場	也說「操坪」（cau55 wang53）		community contributor|馮愛珍. 福州方言詞典[M]. 南京: 江蘇教育出版社, 1998.	2026-03-26 01:01:28	2026-03-26 01:01:28
xecyh6hchxa	xt39b7m62aa	奪標	1	v					2025-07-28 22:37:40	2025-05-16 16:58:37
xhudn93txv7	xxj5n5q3xuf	拔河	1	n					2025-07-28 22:37:40	2025-05-16 16:58:37
x9m4wrj6sf3	xhspqyzd3w4	拔鬮	1		動賓短語，抓鬮。			community contributor	2025-08-27 13:24:50	2025-05-16 16:58:37
xz89ahpnck3	xxvsk5kx7fj	烏子	1	n					2025-07-28 22:37:40	2025-05-16 16:58:37
xqxj8fgcrg8	xg9g4tvnayz	把戲	1	n					2025-07-28 22:37:40	2025-05-16 16:58:37
xhjj5qhj96w	xhvcb7ehssk	摔炮	1	n					2025-07-28 22:37:40	2025-05-16 16:58:37
xpdrqpjjuwn	xc5mywqrp6z	賭錢	1	n					2025-07-28 22:37:40	2025-05-16 16:58:37
xb3eudd35u8	xzr5gr5snys	賭輸	1	n					2025-07-28 22:37:40	2025-05-16 16:58:37
xu4388s6n7h	x7vprraye5p	賭錢場	1	n					2025-07-28 22:37:40	2025-05-16 16:58:37
xsg9hggv2f4	xg2z6v5uvub	捭鬮	1		動賓短語，拈鬮，抓鬮。			community contributor	2025-08-27 13:24:32	2025-05-16 16:58:37
xcdtf2x77br	xr4ztp8bawt	麻雀	1	n					2025-07-28 22:37:40	2025-05-16 16:58:37
xjpanpha9pv	x2p6bn7up3f	牌九	1		「牌九」外地叫：骨牌、天九牌、鬥牌、推牌九、牙牌、木腦殼、頂牛等等；玩牌九，福州常說「拔牌九」或「捭牌九」			community contributor	2026-04-09 22:04:57	2026-04-09 21:33:13
xc84969w4ba	xbc3etff8r2	把啷鼓	1	n					2025-07-28 22:37:40	2025-05-16 16:58:37
xtuk74met5b	x3a86kqbffy	塗儂囝	1	n					2025-07-28 22:37:40	2025-05-16 16:58:36
xtn3s87zpnr	xzqpftvh49x	字覆	1	n					2025-07-28 22:37:40	2025-05-16 16:58:36
xe3kv6twf5p	xmwpmjcujwg	剋*乾巴油	1	n					2025-07-28 22:37:40	2025-05-16 16:58:36
xx4kvetd3b8	xk577fxw29w	摣龜子	1		動賓短語，抓子兒。用幾個小沙包或石子兒，扔起其一，做規定的動作後再接住。			community contributor|馮愛珍. 福州方言詞典[M]. 南京: 江蘇教育出版社, 1998.	2025-08-27 13:24:00	2025-05-16 16:58:36
xfs4gwds9ad	xk577fxw29w	摣龜子	2	n	指抓子兒這一遊戲。			community contributor	2025-08-27 13:24:00	2025-05-16 16:58:36
xgb9aze4he9	xev9sjqpp57	土爿	1	n					2025-07-28 22:37:40	2025-05-16 16:58:36
xenrhxr5gsm	xhprtfxha8w	截玉爿	1	n	斜玉旁。			community contributor|馮愛珍. 福州方言詞典[M]. 南京: 江蘇教育出版社, 1998.	2025-09-06 02:43:50	2025-05-16 16:58:36
x32382h583c	x2mdpkbqcrq	打單橫	1	adv					2025-07-28 22:37:40	2025-05-16 16:58:35
xa6twmzzr4x	x2mdpkbqcrq	打單橫	1	n					2025-07-28 22:37:40	2025-05-16 16:58:35
xr8at564dsc	xaqt746zjgd	寫賺去	1		寫錯了。			community contributor	2025-09-15 02:23:29	2025-09-15 02:23:29
xnahemahjcy	xsjfuwnv6a6	塗待*	1		動補短語。塗掉，塗去。			community contributor	2025-08-27 13:22:57	2025-05-16 16:58:35
xjm7p64cbn3	xqzers8rys3	墨寶	1	n					2025-07-28 22:37:40	2025-05-16 16:58:35
xg4f36shqq8	x3xdbn9vntf	碼子	1	n					2025-07-28 22:37:40	2025-05-16 16:58:35
x87by4p5zwk	xd4cw3pj732	默書	1		動賓短語，默寫。			community contributor	2025-08-27 13:22:26	2025-05-16 16:58:34
xhgumudnhup	xwefmgwfjg8	瓊林	1		瓊樹之林			community contributor	2025-05-16 17:06:07	2025-05-16 17:06:07
xk8y7vqufp6	xxdubtmb6j3	幼學	1		《幼學瓊林》的簡稱。是中國古代兒童的啟蒙讀物，明代西昌人程登吉（字允升）編著，本名《幼學須知》，又稱《成語考》《故事尋源》			community contributor	2025-05-16 17:06:06	2025-05-16 17:06:06
xrdpapfa39t	x8hprnq8bvq	讀書	1		動賓短語，看着書本。可以是出聲朗讀，也可以是默讀。		"[""我𡅏～（我正在看書）。""]"	community contributor|馮愛珍. 福州方言詞典[M]. 南京: 江蘇教育出版社, 1998.	2025-09-19 12:17:52	2025-05-16 16:58:34
xbecsfd6kqs	x8hprnq8bvq	讀書	2		引申爲學習、求學、做功課。獲取知識的行為。		"[""伊書讀野懸（他書讀得很高；即他學習學得很好）。"", ""伊～盡好（他學習滿好的）。""]"	community contributor|馮愛珍. 福州方言詞典[M]. 南京: 江蘇教育出版社, 1998.	2025-09-19 12:16:41	2025-08-27 13:21:52
x9wmsm87bhz	x8hprnq8bvq	讀書	3		引申爲上學，接受學校教育。		"[""伊故敆～，無工作（他還在上學，沒有工作）。""]"	community contributor|馮愛珍. 福州方言詞典[M]. 南京: 江蘇教育出版社, 1998.	2025-09-19 12:17:03	2025-08-27 13:21:52
xze96hq8f2t	xbar2ufng5q	五言雜字	1	n					2025-07-28 22:37:40	2025-05-16 16:58:34
xethxd4nyb3	x7zxnhxz67y	粗話	1	n					2025-07-28 22:37:40	2025-05-16 16:58:34
xzyd78gwhgy	xgdjd8rf3eu	土話	1	n					2025-07-28 22:37:40	2025-05-16 16:58:34
x8hy7znv9pb	x6vu3u6xten	土腔	1	n					2025-07-28 22:37:40	2025-05-16 16:58:34
xrmg9u32yuz	xvptb75zq4u	平話	1	n	福州一帶（含今寧德市）的人對於自己母語的稱呼。“平”，即“講話會平”的“平”，意爲“聽得順暢的”“可以被理解的”。“平話”的含義，即爲“聽得懂的話”。	即學界所稱的“閩東方言”，但不包括浙南的閩語。	"[""大家儂都是講～。（大家都是說平話）"", ""福州話就是蜀種～。（福州話就是一種平話）""]"	community contributor	2025-11-29 18:20:20	2025-11-29 00:56:49
xwmqwqnnfcz	xemxwvd736d	白丁	1	n					2025-07-28 22:37:40	2025-05-16 16:58:34
xaaxrenq53p	xj8zsw2trvb	八音	1	n					2025-07-28 22:37:40	2025-05-16 16:58:34
x345e9tp6q5	xddgwjbcjzg	仈字伯	1	n					2025-07-28 22:37:40	2025-05-16 16:58:34
xbdxbh6raw8	xrh8mp7xar5	仈字	1		動賓短語，識字，認字。			community contributor	2025-09-14 23:43:37	2025-05-16 16:58:34
xdrr2uvum99	x257edb6adv	讀書儂	1	n					2025-07-28 22:37:40	2025-05-16 16:58:34
xz59mhptw4x	xq9q965xfz4	書包	1	n					2025-07-28 22:37:40	2025-05-16 16:58:34
x32xj3rr4d9	x3evg8wvqt8	墨汁	1	n					2025-07-28 22:37:40	2025-05-16 16:58:33
xm2tqga8k4f	xaweqc4wxe7	墨盒	1	n					2025-07-28 22:37:40	2025-05-16 16:58:33
xx5sbs727rh	x9j6kced7na	水筆	1	n					2025-07-28 22:37:40	2025-05-16 16:58:33
x924j4knxak	xdn6kz498bb	墨筆	1	n					2025-07-28 22:37:40	2025-05-16 16:58:33
xggtwcjthsq	xrk9cugxam4	書呆	1	n					2025-07-28 22:37:40	2025-05-16 16:58:33
xqwcqjzer2e	xv5bjz28zbm	書語	1	n					2025-07-28 22:37:40	2025-05-16 16:58:33
x5hffju3cz8	xjutvdt3mk8	書皮	1	n					2025-07-28 22:37:40	2025-05-16 16:58:33
xpsex9zsfb2	x4svdh7fyp3	書硩	1	n					2025-07-28 22:37:40	2025-05-16 16:58:33
x7d7aummm32	xcv77cp9nbw	黑板𢯽	1	n					2025-07-28 22:37:40	2025-05-16 16:58:33
xpchpa76egc	x5fnngspypp	黑板	1	n					2025-07-28 22:37:40	2025-05-16 16:58:33
xbu59ja2nmj	x54wfbwndpq	暑假	1	n					2025-07-28 22:37:40	2025-05-16 16:58:33
xyt9a5s5wsq	xxgnpt9bsjx	私塾齋	1	n					2025-07-28 22:37:40	2025-05-16 16:58:32
x5n2qrg28g3	xnspymdh6c4	義校	1	n	一種學校，由私人募集款項，爲公眾而設，免收學費。			community contributor	2025-09-20 17:51:19	2025-09-20 17:49:29
x2vaqmwawyx	xc7kpc56n3w	學校	1	n					2025-07-28 22:37:40	2025-05-16 16:58:32
xcvs5k89xg6	x6h9xxysc2b	學堂	1	n					2025-07-28 22:37:40	2025-05-16 16:58:32
xryyg9k647f	xee2w39umju	書齋	1	n					2025-07-28 22:37:40	2025-05-16 16:58:32
x8v8dpzvyzr	xmqz7mue436	女齋	1	n					2025-07-28 22:37:40	2025-05-16 16:58:32
x8j6z63wkb2	xavwjhnpj67	大橋	1	n	橋名，在福州閩侯，連接尚幹與蘭圃。			community contributor	2025-09-14 23:35:21	2025-05-16 17:05:52
xwq9jsmy4xb	x559rrk46tj	浮𤃶	1	n					2025-07-28 22:37:40	2025-05-16 16:58:32
x8dgbe5rwj2	xy89jmmh7mm	渡船頭	1	n					2025-07-28 22:37:40	2025-05-16 16:58:32
xg47rdjbgrc	x89mzmzzu2s	碼頭	1	n					2025-07-28 22:37:40	2025-05-16 16:58:32
xzjxtqnteuz	xwahhnt82sv	浮堵	1	n					2025-07-28 22:37:40	2025-05-16 16:58:32
xz5h8977jaq	xbxtavdhjt7	拔笍其	1	n					2025-07-28 22:37:41	2025-05-16 16:58:32
x8g9zuutpne	xckpd9cajhe	拔笍	1		動賓短語，拉縴。			community contributor	2025-08-27 13:04:54	2025-05-16 16:58:32
x7nkz4wteb8	xahjhykkycy	堵面	1	n					2025-07-28 22:37:41	2025-05-16 16:58:32
xu6gd53g4sq	xjaxbn3fpx9	堵板	1	n					2025-07-28 22:37:41	2025-05-16 16:58:32
xduww5m428g	x7hj4hyzf6c	烏櫓	1	n					2025-07-28 22:37:41	2025-05-16 16:58:32
x9d73uyhdu9	xyks9wf6t4p	渡船	1	n					2025-07-28 22:37:41	2025-05-16 16:58:31
xv7u89a6rjs	xvfy52jq239	錨攬船	1	n					2025-07-28 22:37:41	2025-05-16 16:58:31
x44khd5gyq6	x5pps9n6nag	扒舴囝	1	n					2025-07-28 22:37:41	2025-05-16 16:58:31
xbq747me6uq	x7c76a2a25h	柴排	1	n					2025-07-28 22:37:41	2025-05-16 16:58:31
xkc4tjrff44	xgcue8ecqzc	扒舴	1	n					2025-07-28 22:37:41	2025-05-16 16:58:31
xxwjm6r72qm	xzenwtg5ab9	櫓隙	1	n					2025-07-28 22:37:41	2025-05-16 16:58:31
x45e5q3b674	xbcfvafk4ns	拔篷	1		動賓短語，昇帆。			community contributor	2025-09-14 23:42:38	2025-05-16 16:58:31
xbcvtuy9qb2	xy97u5ph5sp	家車	1	n					2025-07-28 22:37:41	2025-05-16 16:58:31
xukz3q2xw69	x52wg6rqqku	卟卟車	1	n	摩托車。模擬車發動時的聲音而得名。			community contributor	2025-09-15 14:05:37	2025-05-16 16:58:31
xwegekwaqst	x383jsytq53	包車	1	n	小轎車。	作爲名詞，「車」可以類化爲零聲母，即讀爲「ia55」。長樂等地用「小車」表示小轎車，「包車」一名有他義。		community contributor	2025-08-24 22:29:01	2025-06-15 23:13:13
xfa8ha2khxd	x383jsytq53	包車	10	n	同「麪包車」（mieng21 mau55 ia55）。	該說法見於長樂等地。作爲名詞，「車」可以類化爲零聲母，即讀爲「ia55」。		community contributor	2025-08-24 21:38:25	2025-06-15 23:13:13
xhfa4drgb6f	x383jsytq53	包車	100		動賓短語，包下整輛車。	一般讀爲「bau55 cia55」，以與表示小轎車或麵包車的名詞「包車」（bau55 ia55）區分。但是，在動賓結構中賓語也能聲母類化的地區，亦可讀作bau55 ia55。	"[""～去長樂。""]"	community contributor	2025-08-24 22:24:12	2025-06-15 23:13:13
x8was7hbths	xyrjzhgqa77	車輪	1	n					2025-07-28 22:37:41	2025-05-16 16:58:30
xtmcembjckx	x6s9b9fp4df	馬路	1	n					2025-07-28 22:37:41	2025-05-16 16:58:30
xw4vku354g7	xj5npkxvfec	行人道	1	n	人行道。			community contributor	2025-09-03 02:09:59	2025-09-03 02:09:59
xn34yyjqkem	xmrd5uk35ty	仈釐戥	1	n					2025-07-28 22:37:41	2025-05-16 16:58:30
x5v9pcyb8jx	xefamjaj4uu	蜀隻銅片	1		一個銅板			community contributor	2026-03-26 23:58:53	2026-03-26 23:58:53
xn53kz3spf5	xedeps6qhhk	角番	1	n					2025-07-28 22:37:41	2025-05-16 16:58:30
x3u367matk4	xdujcrm79eu	數單	1	n					2025-07-28 22:37:41	2025-05-16 16:58:29
xnw6eru3438	xyed8ndg8qf	數簿	1	n					2025-07-28 22:37:41	2025-05-16 16:58:29
x7m2nwugr24	xyc8yfamu2v	數簿桌	1	n					2025-07-28 22:37:41	2025-05-16 16:58:29
xsd7pbg9m37	xnzndhfy5fw	數房	1	n					2025-07-28 22:37:41	2025-05-16 16:58:29
xhzupbxjy4a	xywm32cqvva	土染	1	n					2025-07-28 22:37:41	2025-05-16 16:58:29
xh6qfpjp5cs	xx2jjt9adzg	土產	1	n					2025-07-28 22:37:41	2025-05-16 16:58:29
x882k7ts5mv	x3u7z7kk57d	撮錢	1		動賓短語，借錢。			community contributor	2025-08-27 13:02:57	2025-05-16 16:58:29
xtfjwr5b4pu	xz7zmdjr9cs	野硬	1		很硬			community contributor	2026-03-26 23:40:09	2026-03-26 23:40:09
xfnz7w8jnzx	xz7zmdjr9cs	野硬	2		很不簡單，很厲害		"[""福州！野霸！～！""]"	community contributor	2026-03-26 23:45:47	2026-03-26 23:40:09
xrv4v9v5bpb	xz7zmdjr9cs	野硬	3		（生意）難做			community contributor|馮愛珍. 福州方言詞典[M]. 南京: 江蘇教育出版社, 1998.	2026-03-26 23:40:09	2026-03-26 23:40:09
x2ev892qacf	xhuf2tqe84y	盤費	1	n	旅費。	也說「盤纏」		community contributor	2025-10-23 15:18:17	2025-10-23 15:18:17
xjaxk8zdwks	xky7hxfjrpg	摔店	1	v					2025-07-28 22:37:41	2025-05-16 16:58:28
xpktwkunwbh	xtvdtazr7cc	股錢	1	n					2025-07-28 22:37:41	2025-05-16 16:58:28
x5c2qbrtrkd	x6kncsj2k3c	抬舉	1	v	獎勵，提拔。	《榕腔註音辭典》（1929）第1618頁收此義。		教育部. 教育部重編國語辭典修訂本: 臺灣學術網路第五版[DB]. 2015.	2025-09-13 04:33:43	2025-07-11 22:50:19
xwkdtg5e6fu	x6kncsj2k3c	抬舉	2	v	照料，關照，照拂；有時特指生意上給予特殊關照。	《榕腔註音辭典》（1929）第1618頁收此義。	"[""今旦鱸魚復鮮（cieng55）復肥，～蜀兩斤。"", ""者生意～伊去做。""]"	community contributor|教育部. 教育部重編國語辭典修訂本: 臺灣學術網路第五版[DB]. 2015.	2025-09-13 04:33:43	2025-07-11 22:50:19
xt2ukqvgb5c	x6kncsj2k3c	抬舉	10	v	買主多給賣主錢或以較高的價格向賣主買東西。		"[""別儂買都是三塊（元），汝買三塊半，汝野～攤販吓。""]"	馮愛珍. 福州方言詞典[M]. 南京: 江蘇教育出版社, 1998.	2025-09-12 23:16:30	2025-05-16 16:58:28
xhesfss7wn9	xkfr52cwz6s	沰價	1		動賓短語，落價，降價			community contributor	2025-08-27 13:02:35	2025-05-16 16:58:28
xtp8kaxjz83	x9eazzj8vtf	古董店	1	n					2025-07-28 22:37:41	2025-05-16 16:58:27
xfxsfmgr2wz	xv2hjrjdmrf	古董	1	n					2025-07-28 22:37:41	2025-05-16 16:58:27
xfmnn36nhrf	xfj6xxqmc34	粗坯	1	n					2025-07-28 22:37:41	2025-05-16 16:58:27
xf2rkq29vt5	xt4jz6uysug	租厝	1		動賓短語，租房。			community contributor	2025-08-27 12:57:56	2025-05-16 16:58:27
xu5362fzb8u	xpus97wx8uk	榨袋	1	n					2025-07-28 22:37:41	2025-05-16 16:58:27
xebpfyxraqr	xtkandubqb6	豬囝牙	1	n					2025-07-28 22:37:41	2025-05-16 16:58:27
x8yy3ge9az8	x627ym7ab44	茶行	1	n					2025-07-28 22:37:41	2025-05-16 16:58:26
x2z3973mphq	xvuqesab346	茶店	1	n					2025-07-28 22:37:41	2025-05-16 16:58:26
x54vd2y9kfh	x5wpzs2td2p	茶攤	1	n					2025-07-28 22:37:41	2025-05-16 16:58:26
xawceetu24p	xz3unsuaxbu	家私	1	n					2025-07-28 22:37:41	2025-05-16 16:58:26
xmq3p98z4cd	xz3unsuaxbu	家私	1	n	隱語，引申爲男性生殖器。		"[""汝～儥好使吓。""]"	community contributor	2025-09-19 11:19:36	2025-05-16 17:06:07
xvc7t9rc6v6	xyexspwys4h	書店	1	n					2025-07-28 22:37:41	2025-05-16 16:58:26
x82e35hykpb	xykz5byafqh	柴房店	1	n					2025-07-28 22:37:41	2025-05-16 16:58:26
xm4ryzp3y8w	xarfzb2zx23	柴店	1	n					2025-07-28 22:37:41	2025-05-16 16:58:26
xwttrcy4dr7	xr7k5khrkhu	南京	1	n	城市名，地處長江下游沿岸。江蘇省省會。			community contributor|community contributor	2025-09-28 16:20:28	2025-08-25 01:25:16
xdc2k6gcnq9	x5ph639fqsn	百貨	1	n					2025-07-28 22:37:41	2025-05-16 16:58:26
xtxegxhjgtb	xtqpyff64as	蘇廣店	1	n					2025-07-28 22:37:41	2025-05-16 16:58:26
xqctw8ybxxg	xtzmv92kcwv	旅社	1	n	旅館。			community contributor	2026-03-22 18:21:30	2025-05-16 16:58:26
x6yhumyb5kd	xgqsqck92nj	馬車店	1	n					2025-07-28 22:37:41	2025-05-16 16:58:25
xwu9yty9yt3	xzdbhahww8b	八股索	1	n					2025-07-28 22:37:41	2025-05-16 16:58:25
xqt93m47vk6	xbfwg7h4hgq	把啷鼓擔	1	n					2025-07-28 22:37:41	2025-05-16 16:58:25
xbgznm6jvnx	xtyqjq5r43y	店面	1	n					2025-07-28 22:37:41	2025-05-16 16:58:25
x89zczfg6qq	xqf6389367m	店頭面	1	n					2025-07-28 22:37:41	2025-05-16 16:58:25
xb4thrzj8at	xcjurn9fzv6	店頭	1	n					2025-07-28 22:37:41	2025-05-16 16:58:25
xcnr9783ezd	xfsrv8d9gx6	店門	1	n					2025-07-28 22:37:41	2025-05-16 16:58:25
xwrpwnjjfhq	xm5gpq8pnvg	蝴蝶店	1	n					2025-07-28 22:37:41	2025-05-16 16:58:25
xyfzbvb5jjs	xxcg6mpvkgg	做命	1	adv	豁出性命，不計一切。			community contributor	2025-10-17 18:30:51	2025-10-17 18:30:51
xv6pkj4wpn4	xamncwwnk3r	得法	1		動賓短語，有辦法，得法。			community contributor	2025-09-14 23:51:11	2025-05-16 16:58:24
xawkgpahpdy	xpz2pttdbug	得訣	1		動賓短語；找到竅門，開竅，得法。			community contributor	2025-09-15 13:27:14	2025-05-16 16:58:24
x6rcqufdxy9	xgvtpxpduna	善良	1	adj					2025-07-28 22:37:41	2025-05-16 16:58:23
x855g9m283c	x7r6gtrh25u	八背	1	adj					2025-07-28 22:37:41	2025-05-16 16:58:23
xhemxxp97em	xpps27356fd	虛歲	1	n					2025-07-28 22:37:41	2025-05-16 16:58:23
xp4gy9duatz	xhnbbet8fqv	吵擾	1	v					2025-07-28 22:37:41	2025-05-16 16:58:23
xunwb9mxnbw	x57su6edwpc	十絕	1	adj					2025-07-28 22:37:41	2025-05-16 16:58:23
xtyfmk3v5uw	xmr6jpnft4d	負信	1		動賓短語；負信，背信，失信。			community contributor	2025-09-15 13:27:20	2025-05-16 16:58:23
xk8483kgdje	xpsgnrr5ny4	救火會	1	n	社區性的公益消防組織。	脫胎於福州傳統的境、社體系，成為近代福州主要的消防力量。		community contributor|羅桂林. 中國近代城市轉型的「草根」之路——以福州境社傳統的演進為中心[M]//李孝悌, 陳學然. 海客瀛洲：傳統中國沿海城市與近代東亞海上世界. 上海古籍出版社, 2017.	2026-03-22 18:26:44	2026-03-22 18:26:44
xfmr9ygpdhn	xbyaubqz2c9	六月霜	1	adj					2025-07-28 22:37:41	2025-05-16 16:58:22
x8jhawugc8f	x56ux3tkdju	虛心	1	adj					2025-07-28 22:37:41	2025-05-16 16:58:22
xc3n79m9r95	xus647ad9de	介紹	1		同漢語書面語「介紹」。			community contributor	2025-09-15 15:01:48	2025-09-15 15:01:48
xj5czk7w4qa	xrujsjq877d	巴結鏟	1	n					2025-07-28 22:37:41	2025-05-16 16:58:22
xkzqptyq8bw	xvk552hx8hd	巴結	1	v					2025-07-28 22:37:41	2025-05-16 16:58:22
x9qazp7t5tm	x8rddkafy75	名信	1	n	〈書〉名聲與信譽			community contributor	2026-03-27 13:06:07	2026-03-27 13:06:07
xt825eszzbh	xgacfdw4jv7	茶點	1	n					2025-07-28 22:37:41	2025-05-16 16:58:20
xsag8faqp9t	xa7wkxtszzf	事故	1	n					2025-07-28 22:37:41	2025-05-16 16:58:19
xg28sf3jfq5	x4vwwn9cy5m	意思	1	n					2025-07-28 22:37:41	2025-05-16 16:58:19
xxxmshjx3zw	xfq6keeqmkx	虛文	1	n					2025-07-28 22:37:41	2025-05-16 16:58:19
xwpstteqyuk	x86jy6cqas8	伺候	1	v					2025-07-28 22:37:41	2025-05-16 16:58:19
xsqsnsyxq7j	xzuv4bm8bdf	儂客	1	n	客人，賓客。指被邀請或受招待的人。			community contributor	2025-09-25 21:18:46	2025-09-25 21:18:46
xfu8fzem5j3	xzuv4bm8bdf	儂客	2	n	旅客。指投宿的旅人。			community contributor	2025-09-25 21:18:46	2025-09-25 21:18:46
xvmbtrkmmf9	xzuv4bm8bdf	儂客	3	n	顧客。指商店或服務場所的消費者。		"[""～盡価。（顧客真多。）""]"	community contributor	2025-09-25 21:18:46	2025-09-25 21:18:46
x2zzx7pdd9v	x5yktvwmq9t	北客	1	n					2025-07-28 22:37:41	2025-05-16 16:58:19
xgf8ujum4ax	xwafn64mkjm	覷儂	1		動賓短語；看望，探望人。			community contributor	2025-09-15 13:27:36	2025-05-16 16:58:19
xqq28mn4m4y	xqan4jkrq69	扼勒	1	v					2025-07-28 22:37:41	2025-05-16 16:58:19
x7e9axkejg7	x7ff43cgmpx	革退	1	v					2025-07-28 22:37:41	2025-05-16 16:58:18
x53kmz3hd2c	xgmr8w5fqj6	𦾳*去	1		動補短語，罷了，免了。			community contributor	2025-09-12 17:27:54	2025-05-16 16:58:18
xwcjcdvx9xh	xgmr8w5fqj6	𦾳*去	2		動補短語，算了，罷了。表示放棄。		"[""～，伓做了。""]"	community contributor|馮愛珍. 福州方言詞典[M]. 南京: 江蘇教育出版社, 1998.	2025-09-19 12:08:36	2025-08-04 20:10:22
xxdtndd9pp8	xgmr8w5fqj6	𦾳*去	10		動補短語，罷去、免去（職務）。		"[""伊本底班長，乞～。""]"	community contributor|馮愛珍. 福州方言詞典[M]. 南京: 江蘇教育出版社, 1998.	2025-09-19 12:09:02	2025-08-04 20:10:22
xjvxy7efc78	x6eazpvtvbt	仕宦	1	n					2025-07-28 22:37:41	2025-05-16 16:58:18
x9yds5yq7ch	xnjfrh5rg72	戳囝	1	n					2025-07-28 22:37:41	2025-05-16 16:58:18
x9aw2k6q63b	x85z5cm4rcr	拘押	1	v					2025-07-28 22:37:41	2025-05-16 16:58:18
xyv5hj5pz4u	x4gse7qtub6	𦼩㘕裏去	1		動補短語，鋃鐺入獄。			community contributor	2025-09-15 13:29:37	2025-05-16 16:58:18
x4xerxmnbnx	xx5ncpupxqf	仵倅	1	n					2025-07-28 22:37:41	2025-05-16 16:58:18
x79eruthj8t	x85vjkncyr5	刣頭	1	n					2025-07-28 22:37:41	2025-05-16 16:58:18
x72x3nn23wy	xmg3t742neq	誣賴	1	v					2025-07-28 22:37:41	2025-05-16 16:58:17
x8t25netg3b	x8qtjapd986	誣捏	1	v					2025-07-28 22:37:41	2025-05-16 16:58:17
xz2867pwj52	xeg4hkrqq3z	剝謫	1	adj					2025-07-28 22:37:41	2025-05-16 16:58:16
xacwuzfnm7e	xvkbdj2edat	搏命	1	adv	拼命，竭盡全力	口語也可以說「死命」	"[""～做""]"	community contributor	2026-04-07 23:11:21	2026-04-07 23:10:30
xars7wdncbp	xvkbdj2edat	搏命	2		動賓短語，跟人玩兒命、死磕到底			community contributor|community contributor	2026-04-07 23:10:30	2026-04-07 23:10:30
xn6uhqqs23z	xyqabrwth6f	作怪	1	v					2025-07-28 22:37:41	2025-05-16 16:58:16
xaa6vvkjsm4	xtsfdmxemqg	作疾	1	v					2025-07-28 22:37:41	2025-05-16 16:58:16
xs9unjm8uzz	xutk8zhfpp6	作忌	1	v					2025-07-28 22:37:41	2025-05-16 16:58:16
xywp5cc55pp	xsygkatw5jm	作蹋	1	v					2025-07-28 22:37:41	2025-05-16 16:58:16
xee7pn9cwqy	xy42qymkev7	色氣	1	n					2025-07-28 22:37:41	2025-05-16 16:58:16
xjmu279cx33	xzb5baua6jw	停鑼煞鼓	1		停止敲鑼打鼓，鑼鼓聲停歇。			community contributor|community contributor	2025-09-12 21:16:29	2025-09-12 21:16:29
x4f2fwf7pfk	xzb5baua6jw	停鑼煞鼓	2		◇喻指事情結束了。			community contributor|community contributor	2025-09-12 21:16:29	2025-09-12 21:16:29
xcn38w5shzz	xq9wrf3bx87	煞鼓	1		動賓短語，鼓停了，鼓聲止了。			community contributor|community contributor	2025-09-12 21:15:01	2025-09-12 21:15:01
xfgbyyj8naw	x22eub5guhq	扒裏	1		劃進來。用不正當的手段取得。			community contributor|馮愛珍. 福州方言詞典[M]. 南京: 江蘇教育出版社, 1998.	2025-09-15 13:29:44	2025-05-16 16:58:15
x8cd6ueyahe	x48m4ad6t92	扒私家	1		動賓短語，挪用公款，貪污。			community contributor|馮愛珍. 福州方言詞典[M]. 南京: 江蘇教育出版社, 1998.	2025-09-15 13:29:52	2025-05-16 16:58:15
xa9qxe5w49q	x6tq24ghqf9	扒外	1		將自己或家裏的東西往外拿。			馮愛珍. 福州方言詞典[M]. 南京: 江蘇教育出版社, 1998.	2025-09-15 13:30:49	2025-05-16 16:58:15
x6u5hjv93yc	x6tq24ghqf9	扒外	2		◇喻指關心、幫助他人。			馮愛珍. 福州方言詞典[M]. 南京: 江蘇教育出版社, 1998.	2025-09-15 13:29:58	2025-08-04 20:04:48
xj834jsavx3	xh9tkpvz88m	敆殼	1		物品拔不出，殼還卡在裏面。			community contributor	2025-09-06 21:58:57	2025-05-16 17:05:47
xajsk3jpvm6	xh9tkpvz88m	敆殼	2		做事不順，難辦。			community contributor	2025-09-06 21:58:57	2025-09-06 21:58:57
xdrm9wwv85b	xh9tkpvz88m	敆殼	3		形容人棘手，害人不淺。			community contributor	2025-09-06 21:58:57	2025-09-06 21:58:57
xf6e2nrjqrs	xb6nhtpf6df	敆垢	1		（皮膚上）積了污垢。		"[""△𤸬儂易（gie21）～。（瘦子身上容易藏污納垢。借喻人衰、不走運的時候容易惹禍。）""]"	community contributor	2025-09-23 15:41:14	2025-09-23 15:41:14
xg7z2kaxhf4	xrh8tadns5u	渣來	1	n					2025-07-28 22:37:41	2025-05-16 16:58:14
x2vn8xpay95	xj4bj4pb9yu	渣粕	1	n					2025-07-28 22:37:41	2025-05-16 16:58:14
xwx2s55bdkp	x8g3r795v22	渣烊	1	adj					2025-07-28 22:37:42	2025-05-16 16:58:14
x7eujk3kqkt	xerd6xp9jfg	私家	10	adj	不願令外人得知的			community contributor	2025-07-28 22:37:42	2025-06-10 02:16:59
xxk9e22e7kr	xerd6xp9jfg	私家	12	n	私房錢			community contributor	2025-07-28 22:37:42	2025-06-10 02:16:59
xsha28g65kr	xxe6yw44qe2	出數	1		出息		"[""無～（沒出息）。""]"	community contributor	2025-10-17 23:31:14	2025-10-17 20:08:56
xgkmkg2c9qf	xwcavpdatmj	躒街	1		動賓短語，逛街。			community contributor	2025-09-15 13:30:58	2025-05-16 16:58:14
x3erjb54cvm	xhcxwu2k479	落班	1		下班。		"[""快趕～。（趕快下班。）""]"	community contributor	2025-10-03 01:17:54	2025-10-03 01:17:54
xg357gmba4k	x2rrcefd2ym	拍更	1		動賓短語，打更。			community contributor	2025-09-06 02:16:36	2025-09-06 02:16:36
xgvmzkfku4f	xssw6sxe2s6	虯去	1		抽筋了。		"[""骹筋泅～。（游泳游得腳抽筋了。）""]"	community contributor	2025-09-26 17:11:34	2025-09-26 17:11:34
xcndax54y6m	x5bw265vcc3	偎鋪	1		天冷在牀上窩着。			community contributor	2025-10-03 01:16:14	2025-10-03 01:16:14
xk4hv29wept	xqgpcxpy83m	側𡅏睏	1		狀謂短語，側着睡，側（向一邊）睡、臥。			community contributor	2025-09-15 13:31:15	2025-05-16 16:58:13
xbf7cna2rta	xztubc5vyyy	舒被窩	1		動賓短語，鋪開被窩。			community contributor	2025-09-15 13:31:24	2025-05-16 16:58:12
xwmrdvqskr9	xjyfansbvkd	舒鋪	1		動賓短語，鋪牀，攤開被褥。			community contributor	2025-09-15 13:31:31	2025-05-16 16:58:12
xbc9czpuqwf	x4capa6jtrz	舒眠牀	1		動賓短語，鋪牀，攤開被褥。			community contributor	2025-09-15 13:31:46	2025-05-16 16:58:12
xr9ukqa4gfm	xfryf668ugv	舒席	1		動賓短語，鋪蓆子。			community contributor	2025-09-15 13:31:55	2025-05-16 16:58:12
xgfcj9gsk3n	xmdmy3a8f4f	私急	1	n					2025-07-28 22:37:42	2025-05-16 16:58:12
x96heyvenn8	xn5sedx2nwf	嗞嗞	1	v					2025-07-28 22:37:42	2025-05-16 16:58:12
xpqjx2sd7hg	xn5sedx2nwf	嗞嗞	1	n					2025-07-28 22:37:42	2025-05-16 16:58:12
xpd8qeumf6u	x8ykxe5pxyq	洗身	1		動賓短語，洗澡，洗身子。			community contributor	2025-09-15 13:32:14	2025-05-16 16:58:12
xks2s5rqvup	xc4hd3c99ej	扒㾀	1		動賓短語，搔頭皮，落下頭皮屑。			community contributor|馮愛珍. 福州方言詞典[M]. 南京: 江蘇教育出版社, 1998.	2025-09-15 13:32:29	2025-05-16 16:58:12
xpbhwsgfvdc	xguvrdunvzc	扒耳	1		動賓短語，掏耳朵，挖耳朵。			community contributor|馮愛珍. 福州方言詞典[M]. 南京: 江蘇教育出版社, 1998.	2025-09-15 13:32:40	2025-05-16 16:58:12
xyvx25nmdrz	xthsrfr5hw7	扒癢	1		動賓短語，抓癢，撓癢。			community contributor|馮愛珍. 福州方言詞典[M]. 南京: 江蘇教育出版社, 1998.	2025-09-15 13:32:48	2025-05-16 16:58:12
xfrv6m2uzmm	x44hd92yvq3	聚餐	1	v	爲慶祝、聯歡，大家在一起喫飯。			community contributor|馮愛珍. 福州方言詞典[M]. 南京: 江蘇教育出版社, 1998.	2025-09-15 13:33:55	2025-05-16 16:58:11
xhvdnxmpff6	x44hd92yvq3	聚餐	2	n	大家聚在一起喫飯的行爲。			community contributor	2025-09-15 13:33:02	2025-05-16 16:58:11
xyvmvgtbmha	xymng5advjd	飽膩	1	adj					2025-07-28 22:37:42	2025-05-16 16:58:11
x2mqzr4sdrr	xfc22evzf5q	飽厭	1	adj					2025-07-28 22:37:42	2025-05-16 16:58:11
xbf2tv4janq	x9dz38cfxxz	飽𠕆	1	adj					2025-07-28 22:37:42	2025-05-16 16:58:11
x6eryqhwf87	xhv24wzxz3h	㨳菜	1		動賓短語，搛菜			community contributor	2025-10-17 16:05:48	2025-10-17 16:05:48
xwf58sa5nkc	x949f79uhhp	扒飯	1		動賓短語，扒飯。將飯大口地塞進嘴裏。			community contributor|馮愛珍. 福州方言詞典[M]. 南京: 江蘇教育出版社, 1998.	2025-09-15 13:34:04	2025-05-16 16:58:10
xc6529dw8zd	xbs5d9hvzqr	煮湯	1		動賓短語；做湯，煮湯，燒湯。			community contributor	2025-09-15 13:34:13	2025-05-16 16:58:10
x8nnqgwmc7j	xs7hnvtx8j3	煮配	1		動賓短語；做菜，煮菜，燒菜。			community contributor|馮愛珍. 福州方言詞典[M]. 南京: 江蘇教育出版社, 1998.	2025-09-15 13:34:22	2025-05-16 16:58:10
xtgkv264gaw	xpdb7qvu9fx	拔麵	1		動賓短語，拉、抻麵條。			community contributor|馮愛珍. 福州方言詞典[M]. 南京: 江蘇教育出版社, 1998.	2025-09-15 13:34:34	2025-05-16 16:58:10
xjnu6ngmg99	xmtjxd59nga	炸々	1	v					2025-07-28 22:37:42	2025-05-16 16:58:10
x527u42nj7k	xmtjxd59nga	炸々	1	on					2025-07-28 22:37:42	2025-05-16 16:58:10
xm47cnv4zqk	x26g6metwaa	煮食	1		動賓短語，煮喫的，做喫的。			community contributor|馮愛珍. 福州方言詞典[M]. 南京: 江蘇教育出版社, 1998.	2025-09-15 13:35:19	2025-05-16 16:58:10
xn6b95a49ce	x26g6metwaa	煮食	2	n	指在廚房幫工的傭人。			馮愛珍. 福州方言詞典[M]. 南京: 江蘇教育出版社, 1998.	2025-09-15 13:34:59	2025-05-16 16:58:10
xfdvhnhjyx4	xgqfs7gwc5y	煮飯	1		動賓短語；煮米飯，做米飯。		"[""今旦～哪煮粥？（今天煮乾飯吶還是煮稀飯？）。""]"	community contributor	2025-09-15 13:36:28	2025-05-16 16:58:10
xep2n2dbkpr	xgqfs7gwc5y	煮飯	2		指烹製正餐的飲食，無論做飯、菜，皆統稱以”煮飯“。		"[""汝厝𡅏男界～哪？故是女界～？（你家裏是男的做飯吶？還是女的做飯？）""]"	community contributor|馮愛珍. 福州方言詞典[M]. 南京: 江蘇教育出版社, 1998.	2025-09-19 12:07:30	2025-08-04 19:33:53
xgd6u43htx4	x5spu3h4cqn	煮打	1	n					2025-07-28 22:37:42	2025-05-16 16:58:10
xjekb5nhwd3	xjvnyt5bmmx	夾子牙	1	n					2025-07-28 22:37:42	2025-05-16 16:58:09
xcu6b2rmvwz	xmsbcwt8arz	貼邊	1		動賓短語，貼邊。衣服的布不夠時，邊緣處另加一塊窄布條。			community contributor|馮愛珍. 福州方言詞典[M]. 南京: 江蘇教育出版社, 1998.	2025-09-15 13:36:57	2025-05-16 16:58:09
xpw742jevta	xmsbcwt8arz	貼邊	2	n	縫在衣服裹子邊上的窄布條，一般跟面兒用同樣的料子。			馮愛珍. 福州方言詞典[M]. 南京: 江蘇教育出版社, 1998.	2025-09-15 13:37:17	2025-05-16 16:58:09
xddcvdpc85r	xpcxerswzjf	耶穌教	1	n					2025-07-28 22:37:42	2025-05-16 16:58:08
xx4a9p2m95k	xafwdbxc4hs	花樹	1	n					2025-07-28 22:37:42	2025-05-16 16:58:08
xerjxmmp8kz	xwfssfcaart	居載	1	adv					2025-07-28 22:37:42	2025-05-16 16:58:08
xabxfuy37yd	x5edxus3hw5	捨施	1	v					2025-07-28 22:37:42	2025-05-16 16:58:08
xy7h7g8uh3f	xaggne3d44h	捨命	1		動賓短語，捨棄生命。			community contributor	2025-09-15 13:37:25	2025-05-16 16:58:08
xdzpb9m6gxy	x9292esz9es	捨身	1		動賓短語，捨身，犧牲肉體。			community contributor	2025-09-15 13:38:14	2025-05-16 16:58:08
x6wmxrfu9yt	x9292esz9es	捨身	2		佛教徒用犧牲肉體來表達虔誠。		"[""禁止～燃指。""]"	community contributor|馮愛珍. 福州方言詞典[M]. 南京: 江蘇教育出版社, 1998.	2025-09-19 12:05:01	2025-08-04 19:31:14
xxrbscxexc4	xu2x8x2ftju	吉時有	1	n	店名，系嘉慶元年（1796年）在茶亭街由許榮富創辦的擇日館。「吉時有」現由家族第九代許梁、許志宏、許必魁等人傳承。			community contributor	2025-09-15 20:36:56	2025-09-14 12:37:04
xs64czj4yhz	xu2x8x2ftju	吉時有	100	n	泛指擇日館，即根據陰陽五行、天干地支、黃道吉日等原理，為客戶選擇適合進行重要活動的良辰吉日的店鋪。			community contributor	2025-09-15 20:35:25	2025-09-14 12:37:04
xf2bmgpyxge	xbvk7ayngqs	替身	1	n					2025-07-28 22:37:42	2025-05-16 16:58:08
xt5zmc5whwx	xapyzrunuxh	邪鬼	1	n					2025-07-28 22:37:42	2025-05-16 16:58:08
xm4txskfpsn	xs5fkrurtk5	符咒	1	n					2025-07-28 22:37:42	2025-05-16 16:58:08
x7zctx44t5z	x7ee96qq7mj	簸箕神	1	n					2025-07-28 22:37:42	2025-05-16 16:58:07
xd5d49w3sd3	xmcx6n75q6s	報折	1	n					2025-07-28 22:37:42	2025-05-16 16:58:07
x2qak53uwzj	xjywha2abdn	做半段	1		福州民俗。由來眾說紛紜，可能是由祭祀祖先神靈、慶祝豐收而來；延續至今衍變為鄉慶、鄉宴，甚至流水席。盛行地區大約在今福州郊區到閩侯縣一帶（原閩縣侯官縣遠郊地區）。具體時間，各個村莊可能有所不同，大約都在農歷七月之後。	“一年中之半段也”，故名“半段”。		community contributor	2026-03-31 20:25:17	2026-03-31 20:24:21
x4mvvz6frus	x8cdmx8z9wx	邪婆	1	n					2025-07-28 22:37:42	2025-05-16 16:58:07
xnevc8hhw7z	xcbvfbxpcby	苦命	1	n					2025-07-28 22:37:42	2025-05-16 16:58:07
x96f65mjrh6	x65hsnc75vs	地理先生	1	n					2025-07-28 22:37:42	2025-05-16 16:58:07
x52qp22cqdq	xsd2pwkfke5	地理	1	n					2025-07-28 22:37:42	2025-05-16 16:58:07
x8g4eu55j26	x2jp2pgshex	測字	1		動賓短語；將漢字之偏旁筆畫，或拆開，或合併，而作出解說，以卜測吉凶。			community contributor|馮愛珍. 福州方言詞典[M]. 南京: 江蘇教育出版社, 1998.	2025-09-15 13:32:05	2025-05-16 16:58:07
x7gvd4sjqnp	xub266rmuuv	祭文	1	n					2025-07-28 22:37:42	2025-05-16 16:58:07
xh6etm22nzn	xxbrdwt73tu	度命	1	n					2025-07-28 22:37:42	2025-05-16 16:58:07
xc8gyjh7r3j	x4w7tu37dvh	道場	1	n	同漢語書面語「道場」。			community contributor	2025-09-03 02:09:00	2025-09-03 02:09:00
xweyzn95yec	xqshpm22w6a	乩筆	1	n					2025-07-28 22:37:42	2025-05-16 16:58:06
xnwtfc7kjbp	xxserhmyysc	乩盤	1	n					2025-07-28 22:37:42	2025-05-16 16:58:06
x9qgemza8q5	xdgct5dfnj5	乩堂	1	n					2025-07-28 22:37:42	2025-05-16 16:58:06
xy3seppkjcn	xkgm7ej3zxg	寶杯	1	n					2025-07-28 22:37:42	2025-05-16 16:58:06
xr2mfvfdrf4	xer38seyt49	珓杯	1	n					2025-07-28 22:37:42	2025-05-16 16:58:06
xz85qrs9t62	xt8myhbeaby	衣食	1	n	人情往來中隨禮返還的份額			community contributor	2026-03-31 20:14:42	2025-05-16 16:58:06
xv7rcsq636f	xt8myhbeaby	衣食	2	n	泛指福氣、吉祥、好事等			community contributor	2026-03-31 20:14:42	2026-03-31 20:14:42
xsawz3aeqau	xn2qt6g2785	卦爻	1	n					2025-07-28 22:37:42	2025-05-16 16:58:06
xvcev4sb5n6	xrveu2yp7qz	字運	1	n					2025-07-28 22:37:42	2025-05-16 16:58:06
xbnsvn8m4kk	xan3fb76ex8	時道	1	n					2025-07-28 22:37:42	2025-05-16 16:58:06
xtj55hneb4f	xpch69622um	卦資	1	n					2025-07-28 22:37:42	2025-05-16 16:58:06
xfe9psqubnw	xk777gfxau4	有衣食	1		動賓短語，有福氣，希望好事、吉祥的事發生			community contributor	2026-03-31 20:12:15	2026-03-31 20:12:15
xsmkg6bm6vp	x4zdf3egjx6	無衣食	1		動賓短語，形容事物不好、不吉祥，話難聽，等等			community contributor	2026-04-07 22:48:38	2026-03-31 20:27:11
xrrejntgzpv	x9p9cnqp3mq	時運	1	n					2025-07-28 22:37:42	2025-05-16 16:58:06
xr3bjgd3pd8	xsvkgygjbve	卜僮	1	v					2025-07-28 22:37:42	2025-05-16 16:54:20
xuwuuwuyvng	xtsx7cevsew	八卦	1	n					2025-07-28 22:37:42	2025-05-16 16:58:06
xvj4v9aetyw	xhp4vrn6p27	卜卦	1		動賓短語，占卜問卦。			community contributor	2025-09-15 14:20:50	2025-05-16 16:54:20
x6dydvcy3e6	xw83u5wj5jd	䟉籤	1		動賓短語，搖籤。抽籤之前，將裝有籤條的罐子握在手裏，使勁晃動，以打亂籤條。			community contributor|馮愛珍. 福州方言詞典[M]. 南京: 江蘇教育出版社, 1998.	2025-09-15 13:40:12	2025-05-16 16:58:06
xxmcj4dhupv	xuda8ra7c9s	掛長燈	1		動賓短語，點長明燈。在神像、佛像、靈位前，點晝夜不滅的大油燈。			community contributor|馮愛珍. 福州方言詞典[M]. 南京: 江蘇教育出版社, 1998.	2025-09-15 13:40:56	2025-05-16 16:58:06
xvmkcfjeqx6	xhnmnmgc665	灰料	1	n					2025-07-28 22:37:42	2025-05-16 16:58:06
xa6p28j45cq	x7swdj54mqx	北燭	1	n					2025-07-28 22:37:42	2025-05-16 16:58:06
xkfax7rnfn7	x5wsfxbjz38	素珠	1	n					2025-07-28 22:37:42	2025-05-16 16:58:05
xg2rpsbmn3p	xe9de2h6bvr	菩薩龕	1	n	佛龕。			community contributor	2025-09-12 21:44:00	2025-05-16 16:58:05
xf4z3zah4hc	xu5tpzeuczc	祭祠	1	n					2025-07-28 22:37:42	2025-05-16 16:58:05
xe5n3nay8ke	xxmksc3esrf	祠堂	1	n					2025-07-28 22:37:42	2025-05-16 16:58:05
xf438uwn2c7	x4vatrcsb25	地澗	1	n					2025-07-28 22:37:42	2025-05-16 16:58:05
xw62z9q3wx2	xk7569bakja	儥搦	1		不拿，不拿取；不抓，不捕捉			community contributor	2026-04-08 19:10:15	2026-04-08 19:10:15
x9rcvhqf555	xzdaezhbqu5	五帝	1	n					2025-07-28 22:37:42	2025-05-16 16:58:05
xncwqtvfuef	xvfp45pf3ec	牛頭馬面	1	n					2025-07-28 22:37:42	2025-05-16 16:58:05
x9h5z6arqr2	xxb2gsmvycq	馬面	1	n					2025-07-28 22:37:42	2025-05-16 16:58:05
xfgb27487sv	xfwh66kxpww	矮八	1	n					2025-07-28 22:37:42	2025-05-16 16:58:05
xythe3ppuat	xf44y3z3ymg	下八洞	1	n					2025-07-28 22:37:42	2025-05-16 16:58:05
x66u6w4j8hp	xbusftupdtc	下界	1	n					2025-07-28 22:37:42	2025-05-16 16:58:05
xte2ewrbrvn	x4ztxant3rw	矮八鬼	1	n					2025-07-28 22:37:42	2025-05-16 16:58:05
xkf9q3khj7r	x53q4uah73f	下界爺	1	n					2025-07-28 22:37:42	2025-05-16 16:58:05
xw8d5d9sms4	xz5zhczqbtk	尼姑庵	1	n					2025-07-28 22:37:42	2025-05-16 16:58:05
xbpcjkm6nwb	xtkdpg69n2p	呂祖	1	n					2025-07-28 22:37:42	2025-05-16 16:58:05
xgqa4xars83	xv34h8bybzy	老爺	1	n	對有一定身份的男子的尊稱			community contributor	2026-04-12 04:09:15	2026-04-12 04:09:15
x4rj6rxq9km	xv34h8bybzy	老爺	2	n	對神明的尊稱		"[""天～"", ""關～""]"	community contributor	2026-04-12 04:09:15	2026-04-12 04:09:15
xrkaj3jecvp	xh23mqdwr8f	武聖	1	n					2025-07-28 22:37:42	2025-05-16 16:58:05
xytbvkv5hwp	xuda6jgrsgn	土地公	1	n					2025-07-28 22:37:42	2025-05-16 16:58:05
xnsxxy9rh7n	xur3p224ghm	土地廟	1	n					2025-07-28 22:37:42	2025-05-16 16:58:05
xvym8msjhjc	xkcrktu7snf	土地亭	1	n					2025-07-28 22:37:42	2025-05-16 16:58:05
xnsqkgjkbbc	xc5kwyhedx5	夫人奶	1	n					2025-07-28 22:37:42	2025-05-16 16:58:04
x7puhgfvg7s	xyr4x3j3gwm	媽祖婆婆	1	n					2025-07-28 22:37:42	2025-05-16 16:58:04
xtp3rvn7epq	x8evpwsvycw	媽祖	1	n					2025-07-28 22:37:42	2025-05-16 16:58:04
xff69q66vr8	xpt8d6y5r5x	菩薩	1	n					2025-07-28 22:37:42	2025-05-16 16:58:04
xw3vy5hukyf	xxe3z7s9y4b	袈裟	1	n					2025-07-28 22:37:42	2025-05-16 16:58:04
xkt8z3cgncx	xhdwwzs73vg	彌勒佛	1	n					2025-07-28 22:37:42	2025-05-16 16:58:04
xhbrnn4wppe	xg6ae8hg7sb	菩薩事	1	n					2025-07-28 22:37:42	2025-05-16 16:58:04
xarakpg99r3	xm5tk4u57cr	菩薩壽	1	n					2025-07-28 22:37:43	2025-05-16 16:58:04
xnhwed7qcwg	xzmgqesnnen	塑佛	1	n					2025-07-28 22:37:43	2025-05-16 16:58:04
xgjj6rt5sd7	xba8avcqv9q	竈公龕	1	n					2025-07-28 22:37:43	2025-05-16 16:58:04
xcjmwtdd3ny	xhvypfrhyrd	竈公	1	n					2025-07-28 22:37:43	2025-05-16 16:58:04
xcth4egkj5e	xf7vyms7y89	迷信乇	1	n					2025-07-28 22:37:43	2025-05-16 16:58:04
x5axpjqxedu	xvd7yz8283c	骨灰	1	n	人火葬後骨骼燒成的灰。			community contributor	2026-04-05 15:53:44	2025-05-16 16:58:04
xdmwc4es4z3	xx8ndybwbry	棋盤	1	n					2025-07-28 22:37:43	2025-05-16 16:58:03
xwp49f2avzn	x6qcr49cepc	棋盤箔	1	n					2025-07-28 22:37:43	2025-05-16 16:58:03
xqnx5aqwpzf	xr2gknr99cp	紙衣	1	n					2025-07-28 22:37:43	2025-05-16 16:58:03
xfpw5uar2xf	xjz7g5j2upw	孝杖	1	n					2025-07-28 22:37:43	2025-05-16 16:58:03
x2h8zp2wvbm	xwdrshz82md	齊眉杖	1	n					2025-07-28 22:37:43	2025-05-16 16:58:03
x6phxs664g2	xn687xksdju	麻衣	1	n					2025-07-28 22:37:43	2025-05-16 16:58:03
x79yysc9rh8	xd9h9qtb6yr	孝滿	1	n					2025-07-28 22:37:43	2025-05-16 16:58:03
x49wscwn7r4	xe64myxw946	素帽	1	n					2025-07-28 22:37:43	2025-05-16 16:58:03
xy22eyryz95	xtg92jskbk2	孝服	1	n					2025-07-28 22:37:43	2025-05-16 16:58:03
xbjtq7feww4	xarbz46xsa6	家堂祭	1	n					2025-07-28 22:37:43	2025-05-16 16:58:03
xxhaxn7aq44	xqwzrsmkj6x	六旬	1	num					2025-07-28 22:37:43	2025-05-16 16:58:03
xe4ekh58g5w	xqwzrsmkj6x	六旬	1	n					2025-07-28 22:37:43	2025-05-16 16:58:03
x2y5nny7zh4	xafejjzpav5	忌辰	1	n					2025-07-28 22:37:43	2025-05-16 16:58:03
xpbw6dqdfwa	x7ynckchhye	七七	1	n					2025-07-28 22:37:43	2025-05-16 16:58:03
xha2aea5ex4	xctygrs3b88	禮生	1	n					2025-07-28 22:37:43	2025-05-16 16:58:02
xaheppxzg2k	xmvx9ayyf58	禮生依俤	1	n					2025-07-28 22:37:43	2025-05-16 16:58:02
xgf4kjet3k6	x8b78drrvdh	禮伯	1	n					2025-07-28 22:37:43	2025-05-16 16:58:02
xg8r474u4s6	xsh9weeqezt	靈前	1	n	靈前。靈牀前。			community contributor	2025-09-22 16:42:06	2025-09-22 16:42:06
x8235ez867t	xk55b5t3f67	地板	1	n					2025-07-28 22:37:43	2025-05-16 16:58:02
xq8um73pga9	x5s64gcwdan	孝簾	1	n					2025-07-28 22:37:43	2025-05-16 16:58:02
xt7mfhs3xcv	xdhxy7wqfgr	伺牀	1	n					2025-07-28 22:37:43	2025-05-16 16:58:02
xnb2s2u7skb	x9spmfu4hd5	拔直去	1		動補短語，挺直了。			community contributor	2025-09-15 13:41:15	2025-05-16 16:58:02
xkny27j6zzw	x9spmfu4hd5	拔直去	10		死了。語氣戲謔。			community contributor|馮愛珍. 福州方言詞典[M]. 南京: 江蘇教育出版社, 1998.	2025-09-19 12:02:56	2025-08-04 19:19:16
xpe7z482r75	xra523dhtqn	嗚呼哀哉	1	int					2025-07-28 22:37:43	2025-05-16 16:58:02
xafs84c9fwq	xcnncz9rgty	米數	1	n	米粒的數目，米粒的數量。	△去算～（謔稱死）。		community contributor	2025-09-16 15:28:22	2025-09-16 15:28:22
xm4jnjy2a2w	x78vd3hnhc8	禮儀	1	n					2025-07-28 22:37:43	2025-05-16 16:58:01
x9sh6adt2z6	xr34hy7vg64	訃音帖	1	n					2025-07-28 22:37:43	2025-05-16 16:58:01
xdfvvt6ygt5	xjgycqtvpa3	做十	1		動賓短語，過逢十的生日			community contributor	2026-04-10 19:29:29	2026-04-10 19:28:54
xxzhzxtz7dj	xvqxw8pyv9z	嗚婗	1	on					2025-07-28 22:37:43	2025-05-16 16:58:01
xpjr59sdtd6	xdyszttyvp6	摣晬	1	n	民俗，父母於兒女週歲時，陳列各種物品，聽任抓取，認爲能預測其將來的志向愛好，叫“摣睟”。北京話叫“抓週”。			community contributor|馮愛珍. 福州方言詞典[M]. 南京: 江蘇教育出版社, 1998.	2025-09-15 13:41:51	2025-05-16 16:58:01
x5wyjrb3sbh	x8s227fkkhk	十粒	1	n					2025-07-28 22:37:43	2025-05-16 16:58:00
xzrk4u85c8g	x8yvvrn8qaf	撮食	1		動賓短語；指回門時女方親友向新郎索要酒席。			community contributor|馮愛珍. 福州方言詞典[M]. 南京: 江蘇教育出版社, 1998.	2025-09-15 13:42:04	2025-05-16 16:58:00
xfg7xnas5gw	xxefwjfy99p	姑爺	1	n					2025-07-28 22:37:43	2025-05-16 16:58:00
xjcpuumrfvy	x757amthybj	茶錢	1	n					2025-07-28 22:37:43	2025-05-16 16:58:00
xyp5bgnnrb4	xdgmsprkycg	奪親	1	v					2025-07-28 22:37:43	2025-05-16 16:57:59
xyhwrfmk9r3	xbpsz94kmzk	子女	1	n					2025-07-28 22:37:43	2025-05-16 16:57:59
xgms96yypn4	xmygt8hgtwh	子弟	1	n					2025-07-28 22:37:43	2025-05-16 16:57:59
x4x2zcfsqqg	xk2uga6m9ux	千一	1	num	一千零一。			community contributor	2025-09-15 02:12:20	2025-05-16 16:57:59
xna2zmsc2s9	xxyty8bhets	撮親	1		動賓短語，撮合婚事。			community contributor	2025-09-15 13:42:12	2025-05-16 16:57:59
xckkphc485m	x3cn796ycnc	五加皮	1	n					2025-07-28 22:37:43	2025-05-16 16:57:59
xvwccyytjjj	xvzbe5vb7nw	茶粕	1	n					2025-07-28 22:37:43	2025-05-16 16:57:58
x2vrkymu3vb	xkqcvt78awy	開水	1		燒開的水	現多指可以喝的白開水；非供飲用的，說「滾湯」		community contributor	2026-04-08 00:36:10	2026-04-08 00:14:40
x2hw6mcetpe	xn9g9z5maqp	烏熏	1	n					2025-07-28 22:37:43	2025-05-16 16:57:58
xhthkpd3ger	xjycp69wmwc	牛乳油	1	n					2025-07-28 22:37:43	2025-05-16 16:57:58
xs6cy9xk3p6	xymdng62ymu	胡西西	1		胡說八道，亂說話			community contributor	2025-10-23 01:26:53	2025-10-23 01:26:53
xc4ys7xpjhg	xk7uzfu6bjw	味素	1	n					2025-07-28 22:37:43	2025-05-16 16:57:58
xfnwmsxv9gv	xc6y6vprd6c	八角	1	n					2025-07-28 22:37:43	2025-05-16 16:57:57
xpvxxtyfcyr	xtf5bqjkj2p	五香	1	n					2025-07-28 22:37:43	2025-05-16 16:57:57
xzq2ph998f8	xehxm337qq9	烰花生	1		動賓短語，炸花生米。			community contributor	2025-09-15 13:42:22	2025-05-16 16:57:57
x5k67zrbkjh	xehxm337qq9	烰花生	2	n	油炸花生米。			馮愛珍. 福州方言詞典[M]. 南京: 江蘇教育出版社, 1998.	2025-09-15 13:42:57	2025-05-16 16:57:57
xp84bxshtz8	xm7epkmuwqc	茶油	1	n					2025-07-28 22:37:43	2025-05-16 16:57:57
xzf7fwvj5xf	xfkjh94pvdg	豬油板	1	n					2025-07-28 22:37:43	2025-05-16 16:57:57
xapydqsw5pd	xtczakwwkua	䖳骹	1	n					2025-07-28 22:37:43	2025-05-16 16:57:57
xjr2cddffgd	x8m5xyxbfgb	䖳皮	1	n					2025-07-28 22:37:43	2025-05-16 16:57:57
xnpdeszjedf	xxvd8n4ssjj	卵燕	1	n	蛋燕。		"[""閩清其～野好食。（閩清的卵燕很好喫。）""]"	community contributor	2025-10-03 01:22:16	2025-10-03 01:20:38
xnsep37e8rp	xq7u3hp5u5t	臭豆乳	1	n					2025-07-28 22:37:43	2025-05-16 16:57:56
x9smwsbj5hs	xwrptjsqehj	豆腐漿	1	n					2025-07-28 22:37:43	2025-05-16 16:57:56
xwbfhaxvtrg	x6w942vxurk	豆花	1	n					2025-07-28 22:37:43	2025-05-16 16:57:56
x3dm36tzysa	xvzp6kww89y	豆腐囝	1	n					2025-07-28 22:37:43	2025-05-16 16:57:56
xun8gxqy6nx	xbuwqchgvrk	烰豆乾	1	n					2025-07-28 22:37:43	2025-05-16 16:57:56
xwe4q5q3quu	xxkrevbd4tm	腐箸	1	n					2025-07-28 22:37:43	2025-05-16 16:57:56
xkez8kedqmt	xw68yfu785g	豆腐箸	1	n					2025-07-28 22:37:43	2025-05-16 16:57:56
xy8r547s874	xz4v98dqv5s	豆腐蠣	1	n					2025-07-28 22:37:43	2025-05-16 16:57:56
x6xjbc9jky9	xcs5ww4a6e6	豆腐皮	1	n					2025-07-28 22:37:43	2025-05-16 16:57:56
xmzz4a9kjcb	xdxhbujznvg	豆腐棗	1	n					2025-07-28 22:37:43	2025-05-16 16:57:56
x9zf76tanax	xfsvpgshc7u	豆腐	1	n					2025-07-28 22:37:43	2025-05-16 16:57:56
xq2dnqw5zkx	x2w52ybty5c	垃渣膏	1	n					2025-07-28 22:37:43	2025-05-16 16:57:56
xzra2rgj5z5	xev2fe2v8v7	素燴	1	n					2025-07-28 22:37:43	2025-05-16 16:57:56
xr6pqjn2teh	xegbqheqcg2	素菜	1	n					2025-07-28 22:37:43	2025-05-16 16:57:56
xjs7hznre7q	x8b8sqkk3zk	抱卵	1		動賓短語。裹著雞蛋液煎製食物			community contributor	2026-01-13 13:59:02	2026-01-13 13:59:02
xhdjdsuzppr	x8b8sqkk3zk	抱卵	2	n	裹著雞蛋液煎製而成的食物		"[""蠘～"", ""蟶～""]"	community contributor	2026-01-13 13:59:02	2026-01-13 13:59:02
xpudfhe4hjh	x7utw4udmr4	蟶流蜞	1	n	將去殼後的新蟶（當年蟶）與打散的雞、鴨蛋混合後炒製而得。“流蜞”（lau55 ki53，學名疣吻沙蠶）是一種軟體動物，在福州見於閩江入海口，捕捉時機極短，常配蛋類蒸或炒，被視爲珍品。在沒有流蜞的季節或地方，人們用新蟶來替代流蜞進行烹飪，故名“蟶流蜞”（唐希. 闽海有蛏子[N]. 福州晚报, 2025-05-13(4).）。	又稱“蟶抱卵”（teing21 bo53 looung242，蟶抱蛋）		community contributor	2026-01-13 13:02:29	2025-05-16 16:57:56
xw6uvfkp2du	xmhk5wcbee4	滷汁	1	n					2025-07-28 22:37:43	2025-05-16 16:57:56
xq7xukdu4eu	xfgxbvqtpn4	香腸	1	n					2025-07-28 22:37:43	2025-05-16 16:57:56
xkfaxgmj72t	xkaabnuqpnz	滷卵	1	n					2025-07-28 22:37:43	2025-05-16 16:57:56
xb5pwd2ba98	xfwnkxepyjq	鹽卵	1	n					2025-07-28 22:37:43	2025-05-16 16:57:56
xsrc9upuhn6	x8vgxrw4scv	鹹卵	1	n					2025-07-28 22:37:43	2025-05-16 16:57:56
x38a6f7g4qh	x4zwmvefj6z	皮卵	1	n					2025-07-28 22:37:43	2025-05-16 16:57:56
xyj3x9smua4	xvb62ryvexc	乾貝卵	1	n					2025-07-28 22:37:43	2025-05-16 16:57:56
xmtxhctk73k	xbwksuhbk8a	太平	1	n					2025-07-28 22:37:43	2025-05-16 16:57:56
xswjbckd7wt	x7c2jfy5fyd	烰卵包	1	n					2025-07-28 22:37:43	2025-05-16 16:57:55
x9c9wkdntft	x8njaxp3hjp	牛腸馬肚	1	n					2025-07-28 22:37:43	2025-05-16 16:57:55
xsrw62cuqhr	x9cczq65p2x	牛肚	1	n					2025-07-28 22:37:43	2025-05-16 16:57:55
xe3byqxw7yv	xxm5c7b822g	牛乳膏	1	n					2025-07-28 22:37:43	2025-05-16 16:57:55
xb3ykhe39dy	x3nfgmvdjnq	牛乳	1	n					2025-07-28 22:37:43	2025-05-16 16:57:55
xh3z36pyfem	xzp25uev5tx	牛胮肚	1	n					2025-07-28 22:37:43	2025-05-16 16:57:55
xmk95q3jmf5	x2t3y9d5qys	牛喙舌	1	n					2025-07-28 22:37:43	2025-05-16 16:57:55
x3wz6j6kb6g	xsq6xcumn7e	牛舌	1	n					2025-07-28 22:37:43	2025-05-16 16:57:55
x7rbtznfen6	xcc6rmsf89x	龍骨	5	n	船隻底部中線處連接船首柱與船尾柱的縱向連續構件			community contributor	2025-10-22 21:17:19	2025-10-22 21:17:19
x5aqzdtzstf	xcc6rmsf89x	龍骨	10	n	（可供食用的豬、牛、羊的）脊骨。			community contributor	2025-10-22 21:16:14	2025-10-22 21:16:14
x3k8udcq7br	x7w8ynt9kgx	豬腸	1	n					2025-07-28 22:37:43	2025-05-16 16:57:55
xx7jh5wxjjb	xkv2k3rekff	豬尺	1	n					2025-07-28 22:37:43	2025-05-16 16:57:55
xbgbxhrpe5u	x5t6bfuhu9r	豬肉	1	n					2025-07-28 22:37:43	2025-05-16 16:57:55
xhc5tavqtft	x27er6g328a	豬趁	1	n					2025-07-28 22:37:43	2025-05-16 16:57:55
xk5xp5s7nty	xye35cezqht	豬條	1	n					2025-07-28 22:37:43	2025-05-16 16:57:55
xxz8dkxphdj	x64ay4kbdjq	豬空	1	n					2025-07-28 22:37:43	2025-05-16 16:57:55
xyuupk3pvd6	xwmwyhfcg3j	豬蹄	1	n					2025-07-28 22:37:43	2025-05-16 16:57:55
xavzapxsn64	xyhav92eyv8	豬喙舌	1	n					2025-07-28 22:37:43	2025-05-16 16:57:55
xeuwspkvsgw	xqw6fq3py6b	豬脬	1	n					2025-07-28 22:37:43	2025-05-16 16:57:55
xyauw4ekfm4	x5my5ankf6h	豬肚	1	n					2025-07-28 22:37:44	2025-05-16 16:57:55
x3k8gwtdgpk	xkcc4re5xcj	中秋餅	1	n	指代中秋節喫的餅類食品，如福州禮餅、廣式月餅等。			community contributor	2025-10-17 18:39:05	2025-10-17 18:39:05
xan8cygztu6	x3rqjavnpru	馬耳	1	n					2025-07-28 22:37:44	2025-05-16 16:57:54
xuyqgw54rtp	xbp22j6z33p	馬卵	1	n					2025-07-28 22:37:44	2025-05-16 16:57:54
x7hf45hkb3h	x5jqcksjjkf	八果包	1	n					2025-07-28 22:37:44	2025-05-16 16:57:54
xgeygsusby5	xar8dyykbwf	茶食	1	n					2025-07-28 22:37:44	2025-05-16 16:57:54
x6y6eu7wu2n	x6jegu4g7a9	煮麵	1		動賓短語，煮麵條。			community contributor	2025-09-15 13:43:07	2025-05-16 16:57:54
xqsjuy22d8u	x6jegu4g7a9	煮麵	3	n	帶葷湯的麵條。			馮愛珍. 福州方言詞典[M]. 南京: 江蘇教育出版社, 1998.	2025-09-15 13:43:23	2025-05-16 16:57:54
xwgts9s4xjp	xxfmntb7k42	拌麵	1	n	小喫名。			community contributor	2025-10-03 21:51:29	2025-10-03 21:51:29
xsjudxfvhrv	xpsh2hfab2b	油炸粿	1	n					2025-07-28 22:37:44	2025-05-16 16:57:54
xfs3pwdessx	xqkqfp9zsmx	烰粿	1	n					2025-07-28 22:37:44	2025-05-16 16:57:53
xetvm3zhypr	x6xg7ujtyxt	牛頭粽	1	n					2025-07-28 22:37:44	2025-05-16 16:57:53
xbu4qt73shw	xs9879b7e4g	角黍	1	n					2025-07-28 22:37:44	2025-05-16 16:57:53
xrwep2z2vk7	xnjj4e6dnnk	炒米花	1	n					2025-07-28 22:37:44	2025-05-16 16:57:53
x8d969sz4nm	x6qgcmqnh35	炒米	1	n					2025-07-28 22:37:44	2025-05-16 16:57:53
xauegc2sh89	x84rkv9xac2	八果飯	1	n					2025-07-28 22:37:44	2025-05-16 16:57:53
xttf3bb3sw8	xj7q3rfetvv	漉其飯	1	n					2025-07-28 22:37:44	2025-05-16 16:57:53
xxr6jmjvx8y	xzggtry48bw	漉飯	1		動賓短語，（用笊籬）撈米飯。			community contributor|馮愛珍. 福州方言詞典[M]. 南京: 江蘇教育出版社, 1998.	2025-09-15 13:43:14	2025-05-16 16:57:53
xt66eu42vcp	xnevx983483	殕花	1	n					2025-07-28 22:37:44	2025-05-16 16:57:53
xsnt4jrs7ua	x5tjzfksb3c	殕味	1	n					2025-07-28 22:37:44	2025-05-16 16:57:53
xaqjcn94jw8	x9k4ujd56qp	土布	1	n					2025-07-28 22:37:44	2025-05-16 16:57:52
xknec7wmbgf	xcsgnzbqujk	雨布	1	n					2025-07-28 22:37:44	2025-05-16 16:57:52
xhu35cg745q	x9enadwjrdy	糙纃	1	n					2025-07-28 22:37:44	2025-05-16 16:57:52
xuga9g225pq	xxq3xsp4x8q	紗羅	1	n					2025-07-28 22:37:44	2025-05-16 16:57:52
xcatzcsym3t	xajrrs788ux	雨遮	1	n					2025-07-28 22:37:44	2025-05-16 16:57:52
xvfpn6pevvf	xydusmn5atz	馬布	1	n					2025-07-28 22:37:44	2025-05-16 16:57:52
xs3vs2qaj3r	xac9gt28xks	肚爿環	1	n					2025-07-28 22:37:44	2025-05-16 16:57:52
xrpn3k4ssqs	xf73fckddcd	肚爿帶	1	n					2025-07-28 22:37:44	2025-05-16 16:57:52
xgaf89y3z6r	xnx7q4cb6tc	肚爿囝	1	n					2025-07-28 22:37:44	2025-05-16 16:57:52
x7tf3t2kf5d	xhjnzx4e4ek	肚爿	1	n					2025-07-28 22:37:44	2025-05-16 16:57:51
x9k7cec3g6h	x884easp4yq	肚爿袋	1	n					2025-07-28 22:37:44	2025-05-16 16:57:51
xxdxf3sajek	x3cbvt53bcg	肚袋	1	n					2025-07-28 22:37:44	2025-05-16 16:57:51
xz72akncmvt	xfvwqzta3qx	迫迫	1	n					2025-07-28 22:37:44	2025-05-16 16:57:51
x94dkve5ars	xnakyxj74m3	骨簪	1	n					2025-07-28 22:37:44	2025-05-16 16:57:51
xwdrkj9ebmr	xh8s2nga8d7	紗帽	1	n					2025-07-28 22:37:44	2025-05-16 16:57:51
xk6zhkmp3bg	xxnw6daex8e	輪鞋	1	n					2025-07-28 22:37:44	2025-05-16 16:54:19
x63ykuu6a8v	xf4xsfbxuma	柴屐	1	n					2025-07-28 22:37:44	2025-05-16 16:57:51
xu9uazk9t5f	xj9qm9tz7b2	馬鞋	1	n					2025-07-28 22:37:44	2025-05-16 16:57:50
xvpfuqvhkeb	xw3kr48sytu	貓鞋	1	n					2025-07-28 22:37:44	2025-05-16 16:57:50
xqbtj3j39a3	xqh8txvs2py	牛筋帶	1	n					2025-07-28 22:37:44	2025-05-16 16:57:50
xas4d94z4zz	xx556h8267e	結縲	1	n	結，疙瘩。條狀物交纏打成的球狀突起。		"[""拍～（打繩結）。""]"	community contributor	2025-10-17 16:57:50	2025-05-16 16:57:50
x6s8x697t2n	x8bchadrakb	核桃扣	1	n					2025-07-28 22:37:44	2025-05-16 16:57:50
x4xfqxbypwy	xsh46et659v	褲襱	1	n					2025-07-28 22:37:44	2025-05-16 16:57:50
xc2kpvssvx9	xcvtbj73ktt	褲骹	1	n					2025-07-28 22:37:44	2025-05-16 16:57:50
xtz3k2wmq2g	xapvjddubh2	褲頭帶	1	n					2025-07-28 22:37:44	2025-05-16 16:57:50
xphmt3uwbt8	x9gwpy376hp	褲環	1	n					2025-07-28 22:37:44	2025-05-16 16:57:50
x3u79seb5c9	xm6mz6gvc3a	褲頭	1	n					2025-07-28 22:37:44	2025-05-16 16:57:50
xdtutgshh3m	x5qbhe9uxd5	褲斗底	1	n					2025-07-28 22:37:44	2025-05-16 16:57:50
xauf48avcr6	xz6u53gbzyt	褲斗	1	n					2025-07-28 22:37:44	2025-05-16 16:57:50
xye2jw3wfx7	xfzcuzs84qd	密斗	1	n					2025-07-28 22:37:44	2025-05-16 16:57:50
xhzd8yej7vm	xq9pru2zyvq	褲長	1	n					2025-07-28 22:37:44	2025-05-16 16:57:50
xfs32smzmx3	xk4wevm82ku	褲長蒂	1	n					2025-07-28 22:37:44	2025-05-16 16:57:50
xpbr67pee54	x9sdryrcnsv	褲囝	1	n					2025-07-28 22:37:44	2025-05-16 16:57:50
xqn6jvd3zj3	xwz87nsrtna	馬褂	1	n					2025-07-28 22:37:44	2025-05-16 16:57:49
xzxpcstyqy3	xyp2pq58yye	老虎衣	1	n					2025-07-28 22:37:44	2025-05-16 16:57:49
x65ht3yus77	xzkkz8asn7d	古老套	1	n					2025-07-28 22:37:44	2025-05-16 16:57:49
x9eward8mvb	x3qgbq4aaeq	觸眼	1	n					2025-07-28 22:37:44	2025-05-16 16:57:49
x47zcdavt58	x3qgbq4aaeq	觸眼	1	v					2025-07-28 22:37:44	2025-05-16 16:57:49
xsneydyyurx	xc92qahqwx8	死目	1	adj					2025-07-28 22:37:44	2025-05-16 16:57:49
x4tug2n9ce8	xyzb5d6avew	水泡眼	1	n					2025-07-28 22:37:44	2025-05-16 16:57:49
xmr34a93zc9	xgrktmamu3f	十一指	1	n					2025-07-28 22:37:44	2025-05-16 16:57:48
x8kwv4muva9	xsubuhqma4n	女相	1	n					2025-07-28 22:37:44	2025-05-16 16:57:48
xp4h9252yen	xyrr5zzvc7q	麻面	1	n					2025-07-28 22:37:44	2025-05-16 16:57:48
x6fyydnwkec	xz2dm5bj6mw	歞馬	1	adj	愚笨魯莽	引申爲花錢不識精打細算	"[""復使這滿価錢，野～（又花這麼多錢，好蠢）。""]"	community contributor	2026-01-31 13:14:49	2025-05-16 17:06:07
xgmf5y7pvce	x9cxrztsxgv	癲狀	1		瘋癲的樣子	見「癲形癲狀」		community contributor	2025-10-23 02:08:13	2025-10-23 02:08:13
x2ujk8upmaw	xzcbk4pjd64	癲形	1		瘋癲的樣貌	見「癲形癲狀」		community contributor	2025-10-23 02:07:35	2025-10-23 02:07:35
xj5wmvvkujb	xduvk6hukm2	㾹痹	1	adj					2025-07-28 22:37:44	2025-05-16 16:57:48
xhrq8cpgv6n	xpkhvbpqm9q	㾹硬	1	n					2025-07-28 22:37:44	2025-05-16 16:57:48
xs8faakcc5p	x8nsdkwtbvg	蚨蠅屎	1	n					2025-07-28 22:37:44	2025-05-16 16:57:47
x2sgdypzjmf	xtaxntt2udt	蚨蠅斑	1	n					2025-07-28 22:37:44	2025-05-16 16:57:47
x6u3es28wjg	xakqz7vt356	痼𤶁	1	n					2025-07-28 22:37:44	2025-05-16 16:57:47
xzw9qy7ycc2	xbgpq27z28f	包袱疿	1	n					2025-07-28 22:37:44	2025-05-16 16:57:47
xvugpykvtva	xsmg59wujc7	豬頭面	1	n					2025-07-28 22:37:44	2025-05-16 16:57:47
xj22de5njjm	xk3excpckxj	豬頭瘴	1	n					2025-07-28 22:37:44	2025-05-16 16:57:47
xgfb8ppv4ye	xf3zthyhuvm	疤痕	1	n					2025-07-28 22:37:44	2025-05-16 16:57:47
xx6u3uhnhmm	xsers9qtfzn	疤紐	1	n					2025-07-28 22:37:44	2025-05-16 16:57:47
xbqbh9p2jtx	xzgbv277k8a	瘀血	1	n	血液凝滯不通的狀態，或凝聚不流通的血。			community contributor|教育部. 教育部重編國語辭典修訂本: 臺灣學術網路第五版[DB]. 2015.	2026-04-10 15:56:36	2025-05-16 16:57:47
x9b38624m4v	xn79wmm8xf7	呋*凇*凍	1	v					2025-07-28 22:37:44	2025-05-16 16:57:46
xyzun7hq5kf	xn79wmm8xf7	呋*凇*凍	1		身体不適，感到噁心。		"[""許蜀日買其羊肉食去就～。""]"	community contributor	2025-09-24 21:07:10	2025-05-16 17:06:07
xruvysgbepm	x3hauswdnpj	牛皮痘	1	n					2025-07-28 22:37:44	2025-05-16 16:57:46
xjj7xwxetym	xxupr2hs9zh	吐瀉	1	n					2025-07-28 22:37:44	2025-05-16 16:57:46
xhzkqufh97u	xvb69nhk5c4	沰腸	1		動賓短語，脫肛。			community contributor|馮愛珍. 福州方言詞典[M]. 南京: 江蘇教育出版社, 1998.	2025-09-15 13:45:40	2025-05-16 16:57:46
xvy5g99gd7m	xkjvvk8wuvj	苦船	1		動賓短語，暈船。			community contributor|馮愛珍. 福州方言詞典[M]. 南京: 江蘇教育出版社, 1998.	2025-09-15 13:45:49	2025-05-16 16:57:46
xhfvgteyv96	xth87tcw6zz	豬肺	1	n					2025-07-28 22:37:44	2025-05-16 16:57:46
x5vyr2cxsx6	xsknee3bmue	痧疾	1	n					2025-07-28 22:37:44	2025-05-16 16:57:45
xcyx8ck4r3n	xwe7958zf3w	䞦疲蜱	1	adj	氣喘吁吁。			community contributor|馮愛珍. 福州方言詞典[M]. 南京: 江蘇教育出版社, 1998.	2025-09-06 02:42:21	2025-05-16 16:57:45
x8mygu5jvrz	xq6fzyjvg88	塗藥	1		動賓短語，敷藥，上藥。			community contributor|馮愛珍. 福州方言詞典[M]. 南京: 江蘇教育出版社, 1998.	2025-09-15 13:45:57	2025-05-16 16:57:44
xu4f6bukcgy	xpyan8dgd3y	藥粉	1	n					2025-07-28 22:37:44	2025-05-16 16:57:44
xxx45xb3get	xut2795eprw	藥丸	1	n					2025-07-28 22:37:44	2025-05-16 16:57:44
xkyjaqtmvs7	xp5ny74mfj3	藥罐	1	n					2025-07-28 22:37:44	2025-05-16 16:57:44
x744k9csqj4	xjq59yzuuzj	藥材店	1	n					2025-07-28 22:37:44	2025-05-16 16:57:44
x9qfh9p9kue	xkbnrskkbxb	藥店	1	n					2025-07-28 22:37:44	2025-05-16 16:57:44
xzkr2hm4m8b	xrayydt3hj2	撮藥	1		動賓短語；抓中藥，買中藥。			community contributor|馮愛珍. 福州方言詞典[M]. 南京: 江蘇教育出版社, 1998.	2025-09-15 13:46:18	2025-05-16 16:57:44
xmt639ywupg	x4pafj5ggdq	土藥	1	n					2025-07-28 22:37:44	2025-05-16 16:57:44
x6akj4yap6q	x2rp26279f6	覷病	1		動賓短語，（醫生爲人）看病，治病。			community contributor|馮愛珍. 福州方言詞典[M]. 南京: 江蘇教育出版社, 1998.	2025-09-15 13:49:09	2025-05-16 16:57:44
xsmy4w8p65r	x2rp26279f6	覷病	2		動賓短語，（找醫生）看病，就診。			community contributor|馮愛珍. 福州方言詞典[M]. 南京: 江蘇教育出版社, 1998.	2025-09-15 13:48:37	2025-08-04 18:24:24
xv7pdky3w5e	xss8v2dn8u5	痼病	1	n					2025-07-28 22:37:44	2025-05-16 16:57:44
xty5acc3d6k	xmc3xfacsxp	得疾儂	1	n					2025-07-28 22:37:44	2025-05-16 16:57:44
x2vd75zdubw	xghqydfhh9c	野舒暢	1		很舒服。			community contributor	2025-09-22 16:43:58	2025-09-22 16:43:58
xrkwvqd3yb4	xywnjurejcc	脾土	1	n					2025-07-28 22:37:44	2025-05-16 16:57:43
x89nbxa4xkt	xm97npadbqw	脾花	1	n	心情，情緒狀態。		"[""～開（kui55）。（心情舒暢，心氣兒順。）"", ""～儥開。（心情不暢快，愁苦。）""]"	community contributor	2025-09-21 10:27:30	2025-05-16 16:57:43
xycbjt45tsj	xm97npadbqw	脾花	2	n	念頭，心思，主意。		"[""～拈邊。（那鬼主意快打消。）""]"	community contributor	2025-09-21 10:27:30	2025-09-21 10:27:30
x3grcfrr2hj	x8c9cnrmbnu	脾胃	1	n					2025-07-28 22:37:44	2025-05-16 16:57:43
xceya746xhk	x98v4yr5eke	苦膽	1	n					2025-07-28 22:37:44	2025-05-16 16:57:43
x8ez2qu7ty2	xkm754yy8w6	五臟	1	n					2025-07-28 22:37:44	2025-05-16 16:57:43
xj8wexschjn	xe2vafyep34	六脈不調和	1	adj					2025-07-28 22:37:44	2025-05-16 16:57:43
xpqxbcaa5hd	xcwhe3ptwh8	六脈	1	n					2025-07-28 22:37:44	2025-05-16 16:57:43
xykn24pavnz	xhewhe8j5b7	血母	1	n					2025-07-28 22:37:44	2025-05-16 16:57:43
x3t6fdjtwce	x2jfuxhg8wr	血路	1	n					2025-07-28 22:37:44	2025-05-16 16:57:43
xcmhepa6qmb	xbxtmgqjjn7	血水	1	n					2025-07-28 22:37:44	2025-05-16 16:57:43
xhvkd3gy4kd	xamvutabbfk	垃渣乇	1	n					2025-07-28 22:37:44	2025-05-16 16:57:43
xkuxbfe6tur	x3eemxfwyd6	烏點	1	n					2025-07-28 22:37:44	2025-05-16 16:57:43
xde2awuj7fc	xhhuqfw5z3q	烏痣	1	n					2025-07-28 22:37:44	2025-05-16 16:57:43
xvcqbfpbhdg	x55ykhcwvft	體氣	1	n					2025-07-28 22:37:45	2025-05-16 16:57:43
xb4v7eb8uva	xgbr33bf75p	衣架	1	n					2025-07-28 22:37:45	2025-05-16 16:57:43
xhqq9mfwwet	x2p699yanz4	肋條骨	1	n	肋骨。胸廓中的枝狀骨，呈細長呈弓形的扁骨。在背部與相應的胸椎相連，由後上方向前下方傾斜。在人體有十二對。			community contributor|馮愛珍. 福州方言詞典[M]. 南京: 江蘇教育出版社, 1998.	2025-08-27 12:30:28	2025-05-16 16:57:42
x5bv99dm6sy	xevubsrte7d	舊*舊*	1	n	女陰			community contributor	2025-12-30 22:21:08	2025-05-16 16:57:42
xzwegr6w445	xkr9npsgzp4	霸*霸*	1	n	舊稱八哥，音譯詞。	今爲避「男陽」義，說爲「𩾹𩾹（hua21 ua21或ua21 ua21）」		community contributor	2026-02-21 16:02:16	2025-05-16 16:57:42
xfe6uxrfsgr	xkr9npsgzp4	霸*霸*	2	n	男子陽部。	八哥的延伸義，以禽鳥指代生殖器。		community contributor	2025-10-01 00:40:56	2025-09-14 18:28:02
xt7prt8ffgy	xkr9npsgzp4	霸*霸*	3	int	詈詞，類似於普通話的「𣬠𣬶」。		"[""汝復出世*乇～式？（你又來什麼𣬠𣬶花樣？）""]"	community contributor	2025-10-01 00:40:56	2025-09-14 18:28:02
xt7pyezhsmf	xcdfapwqtvd	舊*舊*囝	1	n	女陰			community contributor	2025-12-30 22:22:50	2025-05-16 16:57:42
xc6knw2pwzz	xr9xev2rczu	霸*霸*囝	1	n	男子陽部			community contributor	2025-09-14 18:17:30	2025-05-16 16:57:42
xfct2unktvt	xzvmrtqhbxb	股川夾	1	n					2025-07-28 22:37:45	2025-05-16 16:57:42
x6d6f5p9twv	xpws9bpctdx	股川空	1	n					2025-07-28 22:37:45	2025-05-16 16:57:42
x7juufk5ekr	x7hgc8gn42r	股川䫌	1	n					2025-07-28 22:37:45	2025-05-16 16:57:42
x62jfq2jty5	xhn6r3733j4	股川	1	n					2025-07-28 22:37:45	2025-05-16 16:57:42
xd8suqfn5rj	xw5gda82bqz	巴掌	1	n					2025-07-28 22:37:45	2025-05-16 16:57:41
xzppq3dycxm	xkxb4637zb8	沰肩	1		動賓短語，溜肩。			community contributor	2025-09-15 13:49:41	2025-05-16 16:57:41
xyh9btzghfq	xswgppm96gb	沰形	1		動賓短語，（人瘦得）變形、脫相。			community contributor|馮愛珍. 福州方言詞典[M]. 南京: 江蘇教育出版社, 1998.	2025-09-15 13:40:32	2025-05-16 16:57:41
xkjupsv5crb	xw259cmkxpb	血池骨	1	n					2025-07-28 22:37:45	2025-05-16 16:57:41
xwbdfaxwvry	x5j5cwp54nt	血池	1	n					2025-07-28 22:37:45	2025-05-16 16:57:41
xkjvf7xd5gc	xkqaajpjjnu	喙䫌	1	n					2025-07-28 22:37:45	2025-05-16 16:57:41
xbkqhs84g24	xmtvesxydgf	八字骹	1	n					2025-07-28 22:37:45	2025-05-16 16:57:41
xk8pdsxc2nj	xweb4naqzpp	八字鬍	1	n					2025-07-28 22:37:45	2025-05-16 16:57:41
xj3xdgezt3u	xxgda3aws8w	鬍鬚	1	n	鬍鬚。		"[""叔公其鬍鬚野白（叔公的鬍鬚很白）。""]"	community contributor	2025-09-04 15:50:59	2025-09-04 15:50:59
xunky5wgmgu	xkr64drf4bv	喙鬚芽	1	n					2025-07-28 22:37:45	2025-05-16 16:57:40
xgh9gthqz83	xtej69zp6qh	喙鬚	1	n					2025-07-28 22:37:45	2025-05-16 16:57:40
x4zmn3h2vhn	x7a4yxkzuh2	沰頦	1		動賓短語，下巴骨脫落。			community contributor|馮愛珍. 福州方言詞典[M]. 南京: 江蘇教育出版社, 1998.	2025-09-15 13:49:56	2025-05-16 16:57:40
xf43rspdpv2	x7a4yxkzuh2	沰頦	10		◇喻指胡說，亂講（罵人話）。			community contributor|馮愛珍. 福州方言詞典[M]. 南京: 江蘇教育出版社, 1998.	2025-09-15 13:49:50	2025-08-04 18:21:50
x5mntppcz79	xq24jw5xuea	虎牙齒	1	n					2025-07-28 22:37:45	2025-05-16 16:57:40
xkbrh3ppvrh	xzvq674795v	老虎牙齒	1	n					2025-07-28 22:37:45	2025-05-16 16:57:40
x6c2v8a6h7m	xhku3hbuex6	取牙齒	1		動賓短語，拔牙。			community contributor	2025-09-15 13:50:01	2025-05-16 16:57:40
xsy4hhnu2ys	xhqj9pvruqj	喙舌囝	1	n					2025-07-28 22:37:45	2025-05-16 16:57:40
x5kfpvt8m99	x7w2p5b7fwq	喙舌	1	n					2025-07-28 22:37:45	2025-05-16 16:57:40
xccdwqc39fv	x284btfkw3d	喙舌尾	1	n					2025-07-28 22:37:45	2025-05-16 16:57:40
xqfzhvt8j2m	xfpuuwmpf8s	喙皮	1	n	嘴脣。		"[""依嬸其～野焦（嬸嬸的嘴唇很乾）。""]"	community contributor	2025-09-19 17:11:08	2025-09-04 15:49:21
xterdhcxdk7	xenyvwwsjg5	嘟々喙	1		動賓短語；(因生氣等)嘴向前突出，噘嘴。		"[""～，野受氣（噘着嘴，好生氣）。""]"	community contributor|馮愛珍. 福州方言詞典[M]. 南京: 江蘇教育出版社, 1998.	2025-09-15 13:50:20	2025-05-16 16:57:40
xs46kubxtt7	xenyvwwsjg5	嘟々喙	2	n	因齙牙而突起的嘴。			community contributor|馮愛珍. 福州方言詞典[M]. 南京: 江蘇教育出版社, 1998.	2025-09-15 13:50:06	2025-08-04 18:18:23
xxcteayjuvh	xcnk8w4j2wa	鼻野靈	1		鼻子很靈敏。即嗅覺很靈敏。			community contributor|馮愛珍. 福州方言詞典[M]. 南京: 江蘇教育出版社, 1998.	2025-09-22 16:40:31	2025-09-22 16:40:31
xkmramq3t97	xahckpgeuhb	苦頭	1	n					2025-07-28 22:37:45	2025-05-16 16:57:39
x3vnrpgvbz7	xd2dmuv79xj	烏仁	1	n					2025-07-28 22:37:45	2025-05-16 16:57:39
xk868mf4vu2	x876v998skg	目眨	1	n					2025-07-28 22:37:45	2025-05-16 16:57:39
xc5d6sdhy72	xtgerkpxq24	目皮	1	n					2025-07-28 22:37:45	2025-05-16 16:57:39
x7rmv2jpgzy	x2s2fhxpx2m	目桃	1	n					2025-07-28 22:37:45	2025-05-16 16:57:39
xycawh9n549	xey2stcmrzh	目糊	1	n					2025-07-28 22:37:45	2025-05-16 16:57:39
xyrrweffqe8	xfwp9bgqcsz	目屎	1	n					2025-07-28 22:37:45	2025-05-16 16:57:39
xxw24darxuh	xe7dq6yebun	目滓	1	n					2025-07-28 22:37:45	2025-05-16 16:57:39
xjkgxsdygg8	xqarfrhrzdy	目胛	1	n					2025-07-28 22:37:45	2025-05-16 16:57:39
xg73vfgxp9h	xwth8pf45wf	目墘	1	n					2025-07-28 22:37:45	2025-05-16 16:57:39
xjbmw3wahtu	xda5s9v49y4	目眶	1	n					2025-07-28 22:37:45	2025-05-16 16:57:39
xa7b9uy2cyf	xep9tyvwsgn	目水	1	n					2025-07-28 22:37:45	2025-05-16 16:57:39
x2tmyyxmgdv	xknbfw6srt7	目淚	1	n					2025-07-28 22:37:45	2025-05-16 16:57:39
x5bqhrexp72	xrq8rhtcsyz	目油	1	n					2025-07-28 22:37:45	2025-05-16 16:57:39
xusg98t5kws	x6hss7gtp4j	目頭	1	n					2025-07-28 22:37:45	2025-05-16 16:57:39
xcpyf33c5nr	xg5g88v8gwb	目尾	1	n					2025-07-28 22:37:45	2025-05-16 16:57:39
x3cncn73x62	xacgrcpfwhz	目睭子	1	n					2025-07-28 22:37:45	2025-05-16 16:57:39
xfnua32cu4z	xecwpu7jfr9	目睭	1	n	眼睛。			community contributor	2025-09-14 23:41:30	2025-05-16 16:57:39
xbqjyehncre	x2g6ubjm57a	目屎	1	n					2025-07-28 22:37:45	2025-05-16 16:57:39
xsxgy2w533h	x5pbgzmv4mf	目滓	1	n					2025-07-28 22:37:45	2025-05-16 16:57:39
xk9mfphkh8z	x7xqgxgz7wm	目睭尾	1	n					2025-07-28 22:37:45	2025-05-16 16:57:39
xe6fgk37u7g	xbee2tuur43	目睭仁	1	n					2025-07-28 22:37:45	2025-05-16 16:57:39
xe596u4j4ht	x5p9xukfa6f	目睭眶	1	n					2025-07-28 22:37:45	2025-05-16 16:57:39
x8g2cj9pk56	xwb56uawnkr	目睭子	1	n					2025-07-28 22:37:45	2025-05-16 16:57:39
xj4rz3pvsx3	x9srwdtft7w	土眼	1	n					2025-07-28 22:37:45	2025-05-16 16:57:39
xw7zenu62v2	xapmf585a99	匏蒂	1	n					2025-07-28 22:37:45	2025-05-16 16:57:39
x8d24t8k8nx	x7mpkg4betk	和尚頭	1	n					2025-07-28 22:37:45	2025-05-16 16:57:38
xfq2hbnk68k	xxm4kneauab	六斤四	1	n					2025-07-28 22:37:45	2025-05-16 16:57:38
xdwwbkrhk2d	xxm4kneauab	六斤四	1	num					2025-07-28 22:37:45	2025-05-16 16:57:38
x7dbwgh5txx	xnxa4gsxhcx	姆嬸	1	n					2025-07-28 22:37:45	2025-05-16 16:57:37
xkbcx4e8r2x	xxrzy62m9jt	諸娘孫	1	n					2025-07-28 22:37:45	2025-05-16 16:57:37
xxhaz8dwrej	xa5cbhew6gc	姨娘	1	n					2025-07-28 22:37:45	2025-05-16 16:57:36
xng352f9nqr	xhffurmbhue	姑娘	1	n					2025-07-28 22:37:45	2025-05-16 16:57:36
xw7eneu4h3r	xep8xz7xs8d	姨太	1	n					2025-07-28 22:37:45	2025-05-16 16:57:36
xyh8egdnck9	xrg7uh45xt4	老公	1	n					2025-07-28 22:37:45	2025-05-16 16:57:35
xsa9qy9bguw	xf27jrj7xkw	老公媽	1	n					2025-07-28 22:37:45	2025-05-16 16:57:35
xa8zr6y4d88	xvg52msj4qw	族譜	1	n	同漢語書面語「族譜」。			community contributor	2025-09-28 02:49:12	2025-05-16 16:57:35
xpceh6btuut	xyzpbwmh9aq	族長	1	n					2025-07-28 22:37:45	2025-05-16 16:57:35
xzczcwuhsdy	xze4nkfdwth	姨媽	1	n					2025-07-28 22:37:45	2025-05-16 16:57:35
x5nk4pmxnxz	xtwa8vcphdd	姑婆	1	n					2025-07-28 22:37:45	2025-05-16 16:57:35
x396q32qfpp	xmx8us4xe3v	姑婆公	1	n					2025-07-28 22:37:45	2025-05-16 16:57:35
xx2nbmf8wvk	xevbw3vpq6x	姨夫	1	n					2025-07-28 22:37:45	2025-05-16 16:57:35
xqwfmy8hjmm	xmuf23c3max	姑爹	1	n					2025-07-28 22:37:45	2025-05-16 16:57:35
xmavpt7m4df	xpk8kyc3hmu	姑夫	1	n					2025-07-28 22:37:45	2025-05-16 16:57:35
x93fww7edx6	x9m472xbgqv	姑丈	1	n					2025-07-28 22:37:45	2025-05-16 16:57:35
x9bp37uuryw	xehhwryepzy	姑嬤	1		姑媽。		"[""哀吓（哎呀），汝（你）～，我遘（到）五十幾歲了都無（沒）聽講（聽說）野（很）虯*（窮），汝嚽（這）是俤所（哪裏）聽其（的）。""]"	community contributor	2025-09-14 23:27:17	2025-05-16 17:05:51
x5bm7zqc67n	xehhwryepzy	姑嬤	1	n					2025-07-28 22:37:45	2025-05-16 16:57:35
xkjjnzksabe	x67qxsy5smr	家家	1	n	叔父			community contributor	2025-12-26 21:19:40	2025-05-16 16:57:35
xtpjr932zp8	x7y9ftp24ts	姆姆	1	n					2025-07-28 22:37:45	2025-05-16 16:57:35
xam74vhdnmz	x26hsg4dqfv	伯伯	1		稱朋友祖父、外祖父。			community contributor	2025-09-14 23:22:52	2025-05-16 17:05:50
xgq2cff63ye	xcm7z9jhjg5	嬤嬤	1	n					2025-07-28 22:37:45	2025-05-16 16:57:34
xmy3nbw6erk	xsvq7jqxavd	伊娘奶	1		他的媽媽，他媽。			community contributor	2025-10-20 02:39:11	2025-10-20 02:39:11
xu6f2ebsu7u	xn8zmb6f25c	伊郎罷*	1		他的爸爸，他爸。			community contributor	2025-10-20 02:40:57	2025-10-20 02:40:57
xfhkjnkyqps	xeufe996cc4	罷*奶	1	n	父母			community contributor	2026-02-09 22:27:30	2025-05-16 16:57:34
xusx7gtd62b	xaassx6n4ej	姆婆	1	n					2025-07-28 22:37:45	2025-05-16 16:57:34
xkrs7mhby4n	xc98xrrztnm	媽媽	1	n					2025-07-28 22:37:45	2025-05-16 16:57:34
xu97qhrka7w	x7nxtxmkhyh	姨公	1	n					2025-07-28 22:37:45	2025-05-16 16:57:34
xe6rxh5ar5s	xt8spbxdqgt	修道女	1	n	修女。			community contributor	2025-09-03 02:15:05	2025-09-03 02:12:38
xetsakpjsxc	xnkekqfgrps	和尚	1	n					2025-07-28 22:37:45	2025-05-16 16:57:34
xcyjfdwjunk	xczxpsfknjf	煮食其	1	n	稱做飯的傭人。			community contributor|馮愛珍. 福州方言詞典[M]. 南京: 江蘇教育出版社, 1998.	2025-09-15 13:35:11	2025-05-16 16:57:34
xb6p5drjvu8	xthwze37bvf	女工	1	n					2025-07-28 22:37:45	2025-05-16 16:57:34
xwa2zfwpw48	x4ycm4qnfne	撮做	1	n					2025-07-28 22:37:45	2025-05-16 16:57:33
xm2z5n5wdjw	x5jvgwyz2ef	扒糞掃其	1	n	掏垃圾的。俗稱清潔工。			community contributor	2025-09-15 13:54:55	2025-05-16 16:57:33
x3zatcsx8yc	xbgjh6j54pk	數簿桌先生	1	n					2025-07-28 22:37:45	2025-05-16 16:57:33
x985rehrqvf	x26rwts9fdm	覷牛囝	1	n					2025-07-28 22:37:45	2025-05-16 16:57:33
x7e352xvr2x	x3p3cb8kvmu	夫頭	1	n					2025-07-28 22:37:45	2025-05-16 16:57:33
xyh7b8q9k4f	xy82sbph82c	柴客	1	n					2025-07-28 22:37:45	2025-05-16 16:57:33
xkhxqhhqsh9	x66fgdrmke8	塗師父	1	n					2025-07-28 22:37:45	2025-05-16 16:57:33
x4hdybgszee	x8d3d28qg6j	度繩師父	1	n					2025-07-28 22:37:45	2025-05-16 16:57:32
xv4mxtbtzw3	xy2guzbpmh2	土醫生	1	n					2025-07-28 22:37:45	2025-05-16 16:57:32
xvuaka5u3a3	xruqwpxxepm	舊時儂	1	n					2025-07-28 22:37:45	2025-05-16 16:57:32
xga6h497bsd	xp6fpquuwvn	學生哥	1	n					2025-07-28 22:37:45	2025-05-16 16:57:32
x2wjm6z4wqb	xbbf2h6736a	學生	1	n					2025-07-28 22:37:45	2025-05-16 16:57:32
xr953f3bjjn	xpjkj5q9tyb	學堂女	1	n					2025-07-28 22:37:45	2025-05-16 16:57:32
xfmqfd6x8d2	xxdu42zsyxk	學堂生	1	n					2025-07-28 22:37:45	2025-05-16 16:57:32
xu8ewcrtcht	x2h5337v389	讀書哥	1	n					2025-07-28 22:37:45	2025-05-16 16:57:32
x9rxzzb7rkd	x3trpfwraqv	書生	1	n					2025-07-28 22:37:45	2025-05-16 16:57:32
xb6hgw6929j	xpfeuhum4zx	書友	1	n					2025-07-28 22:37:45	2025-05-16 16:57:32
xw4kpywdwmb	x3jtzekztyw	舊主客	1	n					2025-07-28 22:37:46	2025-05-16 16:57:32
xgjxhhgpya6	x238u48qyab	師兄	1	n					2025-07-28 22:37:46	2025-05-16 16:57:31
xxjmru7z76c	xakaykcymeh	徒弟	1	n					2025-07-28 22:37:46	2025-05-16 16:57:31
x86u3d3dhbq	xhd2j8698tv	師父	1	n					2025-07-28 22:37:46	2025-05-16 16:57:31
x5sa6qe43ck	xc8jtex86kx	粗做儂	1	n					2025-07-28 22:37:46	2025-05-16 16:57:31
x8c8xm8c7aa	xez7p6az87s	頭家	1		第一家。			community contributor	2025-09-19 00:42:03	2025-09-19 00:42:03
xshgvuy3g33	xumyy8spkxd	賭棍	1	n					2025-07-28 22:37:46	2025-05-16 16:57:30
xrnth3bf3b7	xe72phqdb9z	柴頭腳	1	n					2025-07-28 22:37:46	2025-05-16 16:57:30
xcqjr3ge874	xskqtpnkzw5	賭錢鬼	1	n					2025-07-28 22:37:46	2025-05-16 16:57:30
xgje2xxavab	xbq4vzk36jz	烏猴	1	n					2025-07-28 22:37:46	2025-05-16 16:57:30
xuquyxjew9x	xw7tjxd6nbu	烏黜鬼	1	n					2025-07-28 22:37:46	2025-05-16 16:57:30
xpe5pk8yygp	xfg92ywpkv8	富儂	1	n					2025-07-28 22:37:46	2025-05-16 16:57:30
xsmh7utysvq	xgg3w3j3z29	柴魚	1	n					2025-07-28 22:37:46	2025-05-16 16:57:30
xvqkcr7gdzj	xrxq6jvw8at	居民	1	n					2025-07-28 22:37:46	2025-05-16 16:57:30
xhcmx5f6phq	x23ufbb72h2	古老儂	1	n					2025-07-28 22:37:46	2025-05-16 16:57:30
xemwkcxehpq	xauvcb9m3ss	土豹	1	n					2025-07-28 22:37:46	2025-05-16 16:57:29
x842xtjhcd8	xdf5vz9qtty	垃渣婆	1	n					2025-07-28 22:37:46	2025-05-16 16:57:29
xhe7vdwkahw	x2mmg7h8saq	賊心	1	n					2025-07-28 22:37:46	2025-05-16 16:57:29
xe57abdawux	xnjfemdnzkz	賊囝	1	n					2025-07-28 22:37:46	2025-05-16 16:57:29
x8txadmgjmd	xdp9edgchha	土匪	1	n					2025-07-28 22:37:46	2025-05-16 16:57:29
x3r8zf6yyh7	x4z7v8fyxx2	豬囝頭	1	n					2025-07-28 22:37:46	2025-05-16 16:57:29
x37h6rvy6fv	x9umpksagcr	痿街乞食	1	n					2025-07-28 22:37:46	2025-05-16 16:57:29
xh88zzkzf5k	xgcz5msbjax	貽順哥	1	n					2025-07-28 22:37:46	2025-05-16 16:57:29
xt85n4p5vpf	xdguwbamk3g	貽順	1	adj					2025-07-28 22:37:46	2025-05-16 16:57:29
x97ye9zc33e	xdguwbamk3g	貽順	1	n					2025-07-28 22:37:46	2025-05-16 16:57:29
xr74aqpdbgx	xb2exey4yah	十絕哥	1	n					2025-07-28 22:37:46	2025-05-16 16:57:29
xd79egyvd3j	xj7ge8wgw5e	私生子	1	n					2025-07-28 22:37:46	2025-05-16 16:57:28
x55g64fwh4b	xkv2ae3nav3	豬哥	1	n					2025-07-28 22:37:46	2025-05-16 16:57:28
xus84rtrqk7	x5pn72xegs9	別儂	1	n	別人。			community contributor	2025-09-25 21:41:09	2025-05-16 17:06:04
x67rxf5gf3g	xn36devgnmq	斯文儂	1	n					2025-07-28 22:37:46	2025-05-16 16:57:28
xdgdj8f4adm	x6jvxtsg9k6	腐儒哥	1	n					2025-07-28 22:37:46	2025-05-16 16:57:28
xgefjreuxd8	xc44wfc95df	腐儒	1	n					2025-07-28 22:37:46	2025-05-16 16:57:28
x4x9jknjzpq	xwyea76jwyr	地頭神	1	n	一個「境份」（境）內的主神			community contributor	2026-03-26 21:05:09	2026-03-26 21:05:09
xs75b9jmvm4	xwyea76jwyr	地頭神	10	n	鄉里間領首的人			community contributor|馮愛珍. 福州方言詞典[M]. 南京: 江蘇教育出版社, 1998.	2026-03-26 21:05:09	2026-03-26 21:05:09
xzk4y278gub	xzs8p2rezu5	婆婆	1		稱朋友祖母、外祖母。			community contributor	2025-09-14 23:22:56	2025-05-16 17:05:50
xxpv8n2wrym	x6aj7y9zar5	諸娘囝	1	n					2025-07-28 22:37:46	2025-05-16 16:57:27
x3df6wsk6pw	x8xa8g9eydq	女囝	1	n					2025-07-28 22:37:46	2025-05-16 16:57:27
xxf5ps3qvtz	x6y3gqcp2v6	女界	1	n					2025-07-28 22:37:46	2025-05-16 16:57:27
xgca3yt83y3	xyfz5qcsytt	諸娘	1	n					2025-07-28 22:37:46	2025-05-16 16:57:27
xnhp7rpudre	x8yeevn9afj	諸娘儂	1	n					2025-07-28 22:37:46	2025-05-16 16:57:27
xyaus4cy5en	xaum4rbs4w3	脫胎	1	v					2025-07-28 22:37:46	2025-05-16 16:57:26
xbcj3s7hcgj	xu5n66dth39	卟卟管	1	n	竹管，梆子；打更用。	口語亦說「卟卟」。		community contributor|馮愛珍. 福州方言詞典[M]. 南京: 江蘇教育出版社, 1998.	2025-09-15 14:06:23	2025-09-15 14:06:23
x8ub3crtr6g	xb4373gyzzf	卟卟	1	on	類似普通話的「噗噗」。		"[""～車（摩托車）。""]"	community contributor	2025-09-15 14:04:24	2025-05-16 16:57:26
xfmby976q7w	xb4373gyzzf	卟卟	10	n	即「卟卟管」（pouk33 pouk5 guang33）；打更用的竹管，梆子。			community contributor|馮愛珍. 福州方言詞典[M]. 南京: 江蘇教育出版社, 1998.	2025-09-15 14:07:29	2025-05-16 16:57:26
xf5ckcmfn7n	xmmx8zc2fup	搭搭好	1		恰好			community contributor	2025-10-17 18:33:28	2025-10-17 18:33:28
x9458ctwd4s	xkb9g4d92ub	拉機	1	n					2025-07-28 22:37:46	2025-05-16 16:57:26
x5g4zjhgftq	xzwacsrby6s	豬母鏈	1	n					2025-07-28 22:37:46	2025-05-16 16:57:26
xfjz2g87uhj	xayg95ky9qv	浮花	1	n					2025-07-28 22:37:46	2025-05-16 16:57:26
xn5kaj3z8ea	xhhewmahmmr	粗紙	1	n					2025-07-28 22:37:46	2025-05-16 16:57:26
x94s4ppqd69	xd4d7c2nnvk	蒲包	1	n					2025-07-28 22:37:46	2025-05-16 16:57:26
xtzz8jpzwxe	xe925jk9avq	具具	1	n					2025-07-28 22:37:46	2025-05-16 16:57:26
xvfnrw2h939	xygbqw882xt	具杖	1	n					2025-07-28 22:37:46	2025-05-16 16:57:26
xe2yyeevrgq	xf79a5zsj5b	蒲扇	1	n					2025-07-28 22:37:46	2025-05-16 16:57:26
xa6hacdxeuj	xqpnvszz3et	豬母針	1	n					2025-07-28 22:37:46	2025-05-16 16:57:26
xuya5b9c5ng	xjeknpcq389	針喙	1	n	針尖			community contributor	2026-02-12 01:56:22	2026-02-12 01:56:22
xgpcb2p74t8	xntumfxnve9	車子紗	1	n					2025-07-28 22:37:46	2025-05-16 16:57:26
xj6dnkbbrgx	xjrrngrbeu8	刮舌	1	n					2025-07-28 22:37:46	2025-05-16 16:57:25
x6u39m5vgv9	xxmhf67v2vd	塗錢帽	1	n					2025-07-28 22:37:46	2025-05-16 16:57:25
x224tu9t3r3	x6zd7enwmnt	包袱	1	n					2025-07-28 22:37:46	2025-05-16 16:57:25
xk8568sfs9d	xve95eugrcb	紗燈	1	n					2025-07-28 22:37:46	2025-05-16 16:57:25
xefbsr3yz5z	xbyzg7jb45k	浮馬	1	n					2025-07-28 22:37:46	2025-05-16 16:57:25
x6dssf8qksu	xsmra5m3h8u	水月燈	1	n					2025-07-28 22:37:46	2025-05-16 16:57:25
xemxmw5bq2r	xy4ak6nhe3r	胰皂	1	n					2025-07-28 22:37:46	2025-05-16 16:57:25
xqhscnqtqye	xnzae773cf6	塗托	1	n					2025-07-28 22:37:46	2025-05-16 16:57:24
x8hhbs59h4w	x39a4vwsqzs	馬鉋	1	n					2025-07-28 22:37:46	2025-05-16 16:57:24
xkafczsuxt5	xqpf893n48d	老虎鉗	1	n					2025-07-28 22:37:46	2025-05-16 16:56:13
xz4q23m97nn	x9v6zky2jdg	墨斗名	1	n					2025-07-28 22:37:46	2025-05-16 16:57:24
xnm4zkx6g7a	xnd9jvqgfa3	墨斗	1	n					2025-07-28 22:37:46	2025-05-16 16:57:24
xuv52a644wq	x23hny2gnz2	鑿囝	1	n					2025-07-28 22:37:46	2025-05-16 16:57:24
xkutm94qr4b	xvwny8c8cdn	蝴蝶鑢	1	n					2025-07-28 22:37:46	2025-05-16 16:57:24
xuptcss8g5v	x6ntb228fgg	鋸鑢	1	n					2025-07-28 22:37:46	2025-05-16 16:57:24
xjt9yw9fkac	xarvraj7rqk	鋸鋸	1	n					2025-07-28 22:37:46	2025-05-16 16:57:24
xuwtekfj275	xyuz678g5fw	鋸齒	1	n					2025-07-28 22:37:46	2025-05-16 16:57:24
xjm5g5486hb	xs8rvfvuyzp	刷刷	1	n					2025-07-28 22:37:46	2025-05-16 16:57:23
xcnte3x3av8	xmadr8psbym	刷刷囝	1	n					2025-07-28 22:37:46	2025-05-16 16:57:23
xqfkwfuqy3d	xrzbj3gba9m	箅箅	1	n	箅子。			community contributor	2025-09-22 12:33:15	2025-05-16 16:57:23
xwamf6372af	xrzbj3gba9m	箅箅	2	n	蒸鍋箅子。蒸架，蒸盤。			community contributor	2025-09-22 12:39:18	2025-09-22 12:39:18
x9ev9uwrctv	xn9m6rz6jt5	水桶索	1	n					2025-07-28 22:37:46	2025-05-16 16:57:23
xh7nvn4y734	xkquhxjskej	漉瓢	1	n					2025-07-28 22:37:46	2025-05-16 16:57:23
xk85rv5gbj6	xm32tvzfpte	匏桸	1	n	匏製水瓢			community contributor	2025-10-23 20:46:51	2025-05-16 16:57:23
xpn89z295nk	xhb6a7wypca	水管	1	n	竹製舀水器具			community contributor	2025-10-25 01:33:39	2025-05-16 16:57:23
xhk6sab3r79	xv48f2abkvp	茶甖	1	n					2025-07-28 22:37:46	2025-05-16 16:57:23
xjnvqx7s8h3	x2qvz4j8jb9	管管	1	n	竹管。			community contributor|馮愛珍. 福州方言詞典[M]. 南京: 江蘇教育出版社, 1998.	2025-09-19 17:50:04	2025-09-19 17:50:04
x5q6h7spaxd	x2qvz4j8jb9	管管	2	n	管狀物。			community contributor|community contributor	2025-09-19 17:50:04	2025-09-19 17:50:04
x2hu99dkatn	xgv8nwufyw6	茶甌	1	n					2025-07-28 22:37:46	2025-05-16 16:57:22
xpjxx7d5rec	xjphv9kwwvw	茶托	1	n					2025-07-28 22:37:46	2025-05-16 16:57:22
xwsjkybu338	xqyygsga52c	茶船	1	n					2025-07-28 22:37:46	2025-05-16 16:57:22
x3j3wrrk6jn	xvrvm62ytjw	茶盤	1	n					2025-07-28 22:37:46	2025-05-16 16:57:22
xk27nwgj3tu	xcpdfme8nk4	箸籠	1	n					2025-07-28 22:37:46	2025-05-16 16:57:22
xdjfedh827p	xytq75xfw9q	瓢羹	1	cl					2025-07-28 22:37:46	2025-05-16 16:57:22
xyuupgfpq7h	xjz65wn4bew	茶囝	1	n					2025-07-28 22:37:46	2025-05-16 16:57:22
x2n3tufckty	xqh5nn6q22h	柴碗	1	n					2025-07-28 22:37:46	2025-05-16 16:57:22
xxe8kp44yga	xr4f82fzhde	茶䀇	1	n					2025-07-28 22:37:46	2025-05-16 16:57:22
xbp9bgy6mdc	xmupaeg2gs6	䀇囝	1	n					2025-07-28 22:37:46	2025-05-16 16:57:22
xazzyu49qxc	xdqkqhwrgxu	炒鼎	1	n					2025-07-28 22:37:46	2025-05-16 16:57:22
x5685vf2qqe	xz3bjchwme4	刮鼎	1		動賓短語，刮鍋（底）。用鐵鏟等刮去鐵鍋底的黑垢，能讓導熱更有效率。			community contributor|馮愛珍. 福州方言詞典[M]. 南京: 江蘇教育出版社, 1998.	2025-09-15 13:40:24	2025-05-16 16:57:21
x6cwtpja52x	xe46mcug96j	烏煙	1	n					2025-07-28 22:37:46	2025-05-16 16:57:21
xxg8jfh36ft	xj3pxcac6wv	自來火	1	n					2025-07-28 22:37:46	2025-05-16 16:57:21
xc42z5sy3jd	xesd69u2ndg	柴櫼	1	n					2025-07-28 22:37:46	2025-05-16 16:57:21
xpsqexe2rtj	xx93mtzqz7q	柴楞	1	n					2025-07-28 22:37:46	2025-05-16 16:57:21
xgwmu4a4r2u	x5zwwpdzfmu	柴杮	1	n					2025-07-28 22:37:46	2025-05-16 16:57:21
x77ra6ybwdc	x96hy663k8t	鋸糠	1	n	鋸下來的木頭、竹子粉末。			community contributor	2025-08-31 19:30:04	2025-05-16 16:57:21
xhz9cxt7afv	xcdefrttpcr	柴把	1	n					2025-07-28 22:37:46	2025-05-16 16:57:21
x6fpts5wrjc	x7gudtkpq4t	柴㷮	1	n					2025-07-28 22:37:46	2025-05-16 16:57:21
x4etv894ubq	x84c2b3yt8u	柴擔	1	n					2025-07-28 22:37:46	2025-05-16 16:57:21
xnpvy8wsj7m	xbq96quz9k4	柴棟	1	n					2025-07-28 22:37:46	2025-05-16 16:57:21
x7ss94dd22z	x5ujrxukn8p	𠕆柴	1	n					2025-07-28 22:37:46	2025-05-16 16:57:21
xtrr2a83sqj	xtst6esm2rw	柴頭	1	n					2025-07-28 22:37:46	2025-05-16 16:57:21
xrz46fjvegt	xd7tw9a6c4c	柴堆	1	n					2025-07-28 22:37:46	2025-05-16 16:57:21
xeq8eh9j7mr	xmcyhgyhvn8	柴塊	1	n					2025-07-28 22:37:46	2025-05-16 16:57:21
x87hqwhdjjm	x6egxdjd4kg	火管	1	n	吹火棍。			community contributor	2025-09-19 17:53:29	2025-09-19 17:53:29
x4f6wbjugtd	xjf5cbnnwvf	爐囝喙	1	n					2025-07-28 22:37:46	2025-05-16 16:57:21
xn3u4es9nr9	x6v4222c8hm	爐囝	1	n					2025-07-28 22:37:46	2025-05-16 16:57:21
xhz2ujqfze5	xhynznxy5q2	爐承	1	n					2025-07-28 22:37:46	2025-05-16 16:57:21
xvprchpvhaj	xtrc5mrukgs	茶婆	1	n					2025-07-28 22:37:46	2025-05-16 16:57:21
xak9fzeh8ev	xfutdudaeaq	茶婆桶	1	n					2025-07-28 22:37:46	2025-05-16 16:57:21
xgf8ra8q3we	x3hd6vxnxwd	馬桶	1	n					2025-07-28 22:37:46	2025-05-16 16:57:21
xm4uwh8nr9a	xa94rt5y574	馬桶囝	1	n					2025-07-28 22:37:47	2025-05-16 16:57:21
xwpxbg53rt7	xr3ww6z3bhu	柴箱	1	n					2025-07-28 22:37:47	2025-05-16 16:57:20
x99mpexgs4k	x5dqyjz7waa	蘆草席	1	n					2025-07-28 22:37:47	2025-05-16 16:57:20
xbekru93r4p	xvcdtzmy457	豬囝氈	1	n					2025-07-28 22:37:47	2025-05-16 16:57:20
xxrn7fav3h4	xk2v2gy8ack	椅𨎩	1	n					2025-07-28 22:37:47	2025-05-16 16:57:19
xv49prd3eg9	xr8nmsw6yvk	椅靠	1	n					2025-07-28 22:37:47	2025-05-16 16:57:19
x8jyf7k76jx	xkeg8z6ftuv	椅罩	1	n					2025-07-28 22:37:47	2025-05-16 16:57:19
xany23nbyu5	xzh5afdx24p	椅褥	1	n					2025-07-28 22:37:47	2025-05-16 16:57:19
x2t4vyhmfqj	x6mc3q6sdaz	椅條	1	n					2025-07-28 22:37:47	2025-05-16 16:57:19
x5w69v6rb8j	xuz4bucjzub	椅墊	1	n					2025-07-28 22:37:47	2025-05-16 16:57:19
x8kpdxcbxch	x4ygz5asujc	鼓椅	1	n					2025-07-28 22:37:47	2025-05-16 16:57:19
xxkj7n2v7z8	xcpfayumh4u	椅囝條	1	n					2025-07-28 22:37:47	2025-05-16 16:57:19
xe3d7jpec55	x2e68p6svcg	椅囝	1	n					2025-07-28 22:37:47	2025-05-16 16:57:19
xsdjvpbz62u	xgfv6t2hr7u	椅頭	1	n					2025-07-28 22:37:47	2025-05-16 16:57:19
xh3sxsk8dyf	x7vjqj966r8	馬扎椅	1	n					2025-07-28 22:37:47	2025-05-16 16:57:19
xbabqktk487	x2uu2jbv2de	虎交椅	1	n					2025-07-28 22:37:47	2025-05-16 16:57:19
xz2u54t5nv9	xf4bx4z77sf	馬腹椅	1	n					2025-07-28 22:37:47	2025-05-16 16:57:19
x6g9g24hq9a	x9x82m8s95x	屜拔	1	n					2025-07-28 22:37:47	2025-05-16 16:57:19
x65g7ecpsky	xrqyutvz7fa	柴排桌	1	n					2025-07-28 22:37:47	2025-05-16 16:57:19
xe9sebd6hmm	xhqye8qjv8s	柴桌	1	n					2025-07-28 22:37:47	2025-05-16 16:57:19
xewg7p47uzt	xfnfb2uczkm	麻雀桌	1	n					2025-07-28 22:37:47	2025-05-16 16:57:19
xetckfrp4y5	x295dcejg3b	六仙	1	n					2025-07-28 22:37:47	2025-05-16 16:57:19
xx8fcvj5zz2	xy58yhf9z6e	八仙桌	1	n					2025-07-28 22:37:47	2025-05-16 16:57:19
xkannbfsj5q	xnzbg2gcf7r	茶桌	1	n					2025-07-28 22:37:47	2025-05-16 16:57:19
xc9b52dqvfb	xhwe64ck94n	舊家私	1	n					2025-07-28 22:37:47	2025-05-16 16:57:18
xmkna4f6hxk	x5jshrfqnfu	豬槽	1	n					2025-07-28 22:37:47	2025-05-16 16:57:18
x9wetgw58c5	xtg5mmbznm3	豬宿	1	n					2025-07-28 22:37:47	2025-05-16 16:57:18
xjqg2nvh9bd	xkbpjmsq3js	豬欄	1	n					2025-07-28 22:37:47	2025-05-16 16:57:18
xffxmxnjubs	xaavnrh7zra	牛欄	1	n					2025-07-28 22:37:47	2025-05-16 16:57:18
xumgacbb7vs	xgkjby679cx	馬房	1	n					2025-07-28 22:37:47	2025-05-16 16:57:18
xgfvcckfa3a	xy9kgu64zxt	廁所	1	n	廁所，洗手間。			community contributor	2025-09-20 13:51:31	2025-05-16 16:57:18
xfxxffv6gpm	xrfadmxpj9n	六扇	1	adj					2025-07-28 22:37:47	2025-05-16 16:57:18
xchv55q7qmb	xrfadmxpj9n	六扇	1	num					2025-07-28 22:37:47	2025-05-16 16:57:18
x5kvz5pj49m	xqvrqeaacqz	閨閣	1	n	同漢語書面語“閨閣”			community contributor	2025-10-23 21:54:10	2025-10-23 21:54:10
xnv63674x97	x7ecvbmsghv	截門	1	n					2025-07-28 22:37:47	2025-05-16 16:57:17
xs9dz5m7nc2	xprgkax89uw	柴屏門	1	n					2025-07-28 22:37:47	2025-05-16 16:57:17
x97s853awmx	xdwtuqgbt58	塗貓	1	n					2025-07-28 22:37:47	2025-05-16 16:57:17
xjajyxktukp	xdmdaw46348	水槽	1	n					2025-07-28 22:37:47	2025-05-16 16:57:17
x6q8sbw7dsv	xyd6gcgpaxv	間壁厝	1	n	隔壁房，鄰居			community contributor	2025-10-25 01:24:47	2025-10-25 01:24:47
xy7497eezqd	xzxu3n65fh8	露臺	1	n					2025-07-28 22:37:47	2025-05-16 16:57:16
x2g2efze7fk	xpd4gawkqtx	截堵	1	n					2025-07-28 22:37:47	2025-05-16 16:57:16
xhpmguj5795	x3umdkchzkr	馬鞍牆	1	n	封火牆的一種。墻體隨木屋架呈流線型，輪廓線起伏多變。翹角多飾灰雕紋樣；外伸形似馬鞍，故名。材質多為土築或磚砌。兼具分割空間、御風防火、祈福鎮邪之功能。			community contributor	2025-09-12 16:38:32	2025-09-12 16:38:32
xjc9vfzkfh2	xrdmq4857z2	火牆包	1	n	院宅四週的防火高牆，見於福州傳統建築。			community contributor|馮愛珍. 福州方言詞典[M]. 南京: 江蘇教育出版社, 1998.	2025-09-19 17:57:21	2025-08-30 21:43:15
xcxfpz2yyec	xrdmq4857z2	火牆包	2	n	由風火高牆包住的宅院。			community contributor	2025-09-19 17:57:21	2025-09-19 17:57:21
xxaq2vhj9gu	xpkt8pmpaca	塗壁	1	n					2025-07-28 22:37:47	2025-05-16 16:57:16
x25greet7zz	x58n9zwphky	祖厝	1	n					2025-07-28 22:37:47	2025-05-16 16:57:16
xycbfxxnpm6	xp3dpnb2e7d	舊厝	1	n					2025-07-28 22:37:47	2025-05-16 16:57:16
xpeykncbjsn	xva7mtw24pr	柴欄厝	1	n					2025-07-28 22:37:47	2025-05-16 16:57:16
xv7fvv49nfe	xrantgybgjp	住宅	1	n					2025-07-28 22:37:47	2025-05-16 16:57:16
xd78cnkrd3a	xg422k9mshg	鱟殼扇	1	n					2025-07-28 22:37:47	2025-05-16 16:57:16
x7vxx6stdfg	x7vfhjus2qn	鱟桸	1	n	鱟勺或形似鱟勺的工具	鱟今爲保護動物，故「鱟勺」已不用鱟製作。今「鱟勺」多指以塑料等其他材質製成，形似「鱟勺」的工具。		community contributor	2025-10-23 20:23:30	2025-05-16 16:57:15
xxwc5c4xkjc	x67vcbqkxzj	西施舌	1	n					2025-07-28 22:37:47	2025-05-16 16:57:15
x3we8a65aey	xsr6gyzqf8c	蠣柎	1	n					2025-07-28 22:37:47	2025-05-16 16:57:15
xqn6tqqj892	xsarcgebgev	蠣餅	1	n					2025-07-28 22:37:47	2025-05-16 16:57:15
xs5sxmnu5v6	xsjsxp59xxm	蚶爿	1	n					2025-07-28 22:37:47	2025-05-16 16:57:15
xjmcqzznrxe	xvrf282svrf	乾貝	1	n					2025-07-28 22:37:47	2025-05-16 16:57:15
xn8a92u47t6	xa55kwy3cj2	蟶乾	1	n					2025-07-28 22:37:47	2025-05-16 16:57:15
xbuer43nakr	xcz9ytc4ch7	青螯	1	n					2025-07-28 22:37:47	2025-05-16 16:57:15
xgrmsayns83	xx7csjw4z5y	蜆囝	1	n					2025-07-28 22:37:47	2025-05-16 16:57:15
xhc8j653nvj	xwdyw2sdk8g	淡菜	1	n					2025-07-28 22:37:47	2025-05-16 16:57:15
xkhd4kh6m9p	xu3ry3gx9kh	文蛤	1	n					2025-07-28 22:37:47	2025-05-16 16:57:15
xk2wqcjb3c2	x549uefx97s	花蛤	1	n					2025-07-28 22:37:47	2025-05-16 16:57:15
xmjfhrtmuxt	xq5cvgsvnt8	流蜞	1	n					2025-07-28 22:37:47	2025-05-16 16:57:15
xa2w25xqk2w	xzefv47js5j	蛼螯	1	n					2025-07-28 22:37:47	2025-05-16 16:57:15
xjy8t8z6qnt	xdfy6n5jcr8	塗苗	1	n					2025-07-28 22:37:47	2025-05-16 16:57:15
xtpkv7u8swe	xgvy8s2sfdp	塗鮭	1	n					2025-07-28 22:37:47	2025-05-16 16:57:15
xa3nhp83xd8	xug56hnky37	烏𬠖	1	n					2025-07-28 22:37:47	2025-05-16 16:57:15
xnruphckarz	x9z7m5sbbpe	塗螺	1	n					2025-07-28 22:37:47	2025-05-16 16:57:15
xbgdccgft7r	xrb2gn2k3e7	池螺	1	n					2025-07-28 22:37:47	2025-05-16 16:57:15
x6ckt2jusjk	xvknf7qt29b	酥螺	1	n					2025-07-28 22:37:47	2025-05-16 16:57:15
xbzvme6pqj7	xrxe4p4gqfd	吊螺	1	n					2025-07-28 22:37:47	2025-05-16 16:57:15
x7wrdem7fgq	xgev7v7bc44	香螺	1	n					2025-07-28 22:37:47	2025-05-16 16:57:15
xajx8tp6wgc	xcv64f8c4g4	黃螺	1	n					2025-07-28 22:37:47	2025-05-16 16:57:15
xdr7caqyjj2	xy9ww4gdsxx	田螺	1	n					2025-07-28 22:37:47	2025-05-16 16:57:15
xseb9jbwnaa	xjmw42xa89x	蛤乾	1	n					2025-07-28 22:37:47	2025-05-16 16:57:15
xrrdkj4v4nu	x9aaawjdhq8	蛤蜊	1	n					2025-07-28 22:37:47	2025-05-16 16:57:15
x8nqjx6y9wj	x66q2kya4e7	雨蜞	1	n					2025-07-28 22:37:47	2025-05-16 16:57:15
x2eesv7ycmf	xnv94x2yn4e	水蜞	1	n					2025-07-28 22:37:47	2025-05-16 16:57:15
x6mu8rvzrhz	x4snmtwwb5j	螞蜞	1	n					2025-07-28 22:37:47	2025-05-16 16:57:15
x9t4nztbrzw	x36bj3xt4zg	青蛤	1	n					2025-07-28 22:37:47	2025-05-16 16:57:15
xnc6ufxrjnq	xgzcwuy9swe	蝦蟆婆	1	n					2025-07-28 22:37:47	2025-05-16 16:57:15
xqjp8gdgjwh	xm8jsf37m99	蝦蟆	1	n					2025-07-28 22:37:47	2025-05-16 16:57:15
xsyqsyz8ka9	xnwcj86gpnw	風蚊婆	1	n					2025-07-28 22:37:47	2025-05-16 16:57:15
x5kjvk67yza	xgycv5fhx9j	蝌蚪	1	n					2025-07-28 22:37:47	2025-05-16 16:57:15
xr9hz9zuhek	xta8xcxbmft	水雞	1	n	青蛙。兩棲類。腳有蹼，擅長跳躍、游泳。多棲息在水畔，常於夜間活動。			community contributor	2025-09-19 13:11:30	2025-08-29 21:54:41
xp7qrhrgtvr	xemhxhzuc8p	蛒蝀	1	n					2025-07-28 22:37:47	2025-05-16 16:57:15
xjwvbg5t7w6	x6ankqwag2r	黃䱝	1	n	一種小蛤蟆			community contributor	2026-02-10 12:00:37	2025-05-16 16:57:15
xg6urgq7jpm	xgqsw69xqnq	蠘鰓	1	n					2025-07-28 22:37:47	2025-05-16 16:57:15
xcce4rupaxn	x846jrnyjcb	蠘壤*	1	n					2025-07-28 22:37:47	2025-05-16 16:57:15
x4ngwumkp9k	xcy757zxg9b	蠘膏	1	n					2025-07-28 22:37:47	2025-05-16 16:57:15
xxpvja4vf9g	xgzrk8m9zdc	大母骹	1	n					2025-07-28 22:37:47	2025-05-16 16:57:15
xaa6jc2mvwq	xehfn53kpj3	蟛海	1	n					2025-07-28 22:37:47	2025-05-16 16:57:15
x8r4m69yhuj	x3ue9d6p2ws	毛蟹	1	n	大閘蟹			community contributor	2025-09-20 12:37:16	2025-05-16 16:57:15
xy7yf76utfa	x8njbx4a58y	海毛蟹	1	n					2025-07-28 22:37:47	2025-05-16 16:57:15
xvredpzfxjq	x29wtj2ukx9	蝦精鱉怪	1	n					2025-07-28 22:37:47	2025-05-16 16:57:15
xmy6atm8z84	xy3ah9fdm9y	蟶爿	1	n					2025-07-28 22:37:47	2025-05-16 16:57:15
xruxd43yjdm	xyym43c32az	蟶埕	1	n					2025-07-28 22:37:47	2025-05-16 16:57:15
xnw49sxsr9y	xpdvm2p2fxk	龜板	1	n					2025-07-28 22:37:47	2025-05-16 16:57:15
xugknz7hnua	xhu29cp8zez	䘋乾	1	n					2025-07-28 22:37:47	2025-05-16 16:57:15
xphg2bwx8f7	xhstdr6axqz	蝦滷	1	n					2025-07-28 22:37:47	2025-05-16 16:57:15
xmpq56fbqjq	x3eq2g643jx	蝦糠	1	n					2025-07-28 22:37:47	2025-05-16 16:57:15
x9jcj6ddmuc	x5b8f3dtedk	蝦子	1	n					2025-07-28 22:37:47	2025-05-16 16:57:15
xrzrcptfpaf	xuznmb3ewnw	蝦卵	1	n					2025-07-28 22:37:47	2025-05-16 16:57:15
x8scew4ed9p	x559nhjhygh	蝦乾	1	n					2025-07-28 22:37:47	2025-05-16 16:57:15
x48t3p94gzd	xb9aw34w4d6	蝦仁	1	n					2025-07-28 22:37:47	2025-05-16 16:57:15
xb2465hh5cq	xgujeay5fp8	蝦米	1	n					2025-07-28 22:37:47	2025-05-16 16:57:15
xx5ekc3phah	xx8mjb4k9ru	蝦蛄	1	n					2025-07-28 22:37:47	2025-05-16 16:57:15
xuuggh289v5	xrqrnhafzne	蝦飯	1	n					2025-07-28 22:37:47	2025-05-16 16:57:14
xgvcxvves36	x32cndyvkgx	魚𦁧	1	n					2025-07-28 22:37:47	2025-05-16 16:57:14
xbxapzfmqs4	xcjdfmd46pc	魚簍	1	n					2025-07-28 22:37:47	2025-05-16 16:57:14
xc64er94qq7	x4wx5sdexxz	魚竿	1	n					2025-07-28 22:37:47	2025-05-16 16:57:14
xra47pbx3jm	x7u7x5e4ve8	釣魚竿	1	n					2025-07-28 22:37:47	2025-05-16 16:57:14
xx3wmmqqp9y	xyjeyseydm2	釣餌	1	n					2025-07-28 22:37:47	2025-05-16 16:57:14
xktfba8v5w9	xjzhycpax9x	釣魚鉤	1	n					2025-07-28 22:37:48	2025-05-16 16:57:14
xkydjvw3ugc	xyf548phzym	魚鉤	1	n					2025-07-28 22:37:48	2025-05-16 16:57:14
x6zy6j9wgnq	x9n4u3cc38d	釣魚	1		動賓短語，釣魚。			community contributor	2025-08-24 22:20:08	2025-05-16 16:57:14
x5qzbeq2v4g	x9n4u3cc38d	釣魚	100	n	一種紙牌游戲，紙牌分將、士、相、車、馬、炮等。	同“釣風扛”（diu213 hung55 ngoung55）。		community contributor|馮愛珍. 福州方言詞典[M]. 南京: 江蘇教育出版社, 1998.	2025-08-24 22:20:08	2025-05-16 16:57:14
xgxkxwxxsn6	xu2e7u8mf6b	鮑魚	1	n					2025-07-28 22:37:48	2025-05-16 16:57:14
x75t28368sj	x8gm5fv9fbt	魚鮝	1	n					2025-07-28 22:37:48	2025-05-16 16:57:14
xhakmwpwpam	x57u9c7a4ua	魚囝	1	n					2025-07-28 22:37:48	2025-05-16 16:57:14
xxwappsm2ky	x4juebfak9f	魚種	1	n					2025-07-28 22:37:48	2025-05-16 16:57:14
xg8p28vjg2j	x4evnrc4qyd	魚苗	1	n					2025-07-28 22:37:48	2025-05-16 16:57:14
xcg6y9pdjfn	x9qv8rkh2y2	魚丸	1	n					2025-07-28 22:37:48	2025-05-16 16:57:14
xejq3asxck2	xr6g4ks2drg	魚子	1	n					2025-07-28 22:37:48	2025-05-16 16:57:14
xdsdmun3mgp	xk2yekexd8c	魚㞞	1	n	魚白，魚製造和儲存精子的器官			community contributor	2025-12-26 22:14:33	2025-05-16 16:57:14
xrv45d5bkcz	x46qa4h99rz	魚鰓	1	n					2025-07-28 22:37:48	2025-05-16 16:57:14
xj84d5fm6qm	xf3uyznawv5	背鰓	1	n					2025-07-28 22:37:48	2025-05-16 16:57:14
x68gajh757y	xrqemxxmxpj	尾鰓	1	n					2025-07-28 22:37:48	2025-05-16 16:57:14
xcr4nd2nujr	xq79pfmc23n	魚脣	1	n					2025-07-28 22:37:48	2025-05-16 16:57:14
x52pb783gbk	xknjpadea2x	魚肚	1	n					2025-07-28 22:37:48	2025-05-16 16:57:14
xa5d33ntjy8	xvqveu2g7g8	魚膠	1	n					2025-07-28 22:37:48	2025-05-16 16:57:14
xbuysxc3vhw	xbdemdknqsk	魚刺	1	n					2025-07-28 22:37:48	2025-05-16 16:57:14
xed3gynaq67	xgw5t4gfkvx	魚骨	1	n					2025-07-28 22:37:48	2025-05-16 16:57:14
xa7ex27ccmt	x6nq2q6ww7y	魚鱗	1	n					2025-07-28 22:37:48	2025-05-16 16:57:14
xvw6pkk3khe	x453hqjgdv8	湖鰍	1	n					2025-07-28 22:37:48	2025-05-16 16:57:14
xu4x56xrb2f	xcxnjnpsr6h	海鰍	1	n					2025-07-28 22:37:48	2025-05-16 16:57:14
x376fbkv8su	xh9tv5383pf	鮐鰸	1	n					2025-07-28 22:37:48	2025-05-16 16:57:14
xkjp3e54r77	xs34trexzjc	魷魚	1	n	（大的）魷魚。	小魷魚稱「鮹管」。魷魚的袋子是尖的；至於袋子是半圓形的，福州話稱「冬鮭」（烏賊、墨魚）。		community contributor|community contributor	2026-03-22 19:32:19	2025-05-16 16:57:14
x7shyhfqe6e	xhxkj7pyjz2	鮹管	1	n	（小的）魷魚。	魷魚較大者，即稱之「魷魚」（iu55 ngy53）。		community contributor|community contributor	2026-03-22 19:32:42	2025-05-16 16:57:14
xr46tw592ye	xmkjfvtbxh8	墨魚	1	n	（大的）烏賊、墨魚。多指曬乾後製成的墨魚乾。	也說「墨魚乾」。鮮的烏賊、墨魚，口語稱之「冬鮭」。		community contributor|community contributor	2026-03-22 19:35:00	2025-05-16 16:57:14
x8bj9w7jwgd	x7nj99qwgh9	墨束	1	n					2025-07-28 22:37:48	2025-05-16 16:57:14
xqwcbkj2fa9	xp354cqydaz	冬鮭	1	n	（新鮮的）烏賊、墨魚。	烏賊、墨魚的袋子是半圓形的；至於袋子尖尖的，則是「魷魚」。福州話的「墨魚」，特指墨魚乾。		community contributor|community contributor	2026-03-22 19:32:06	2025-05-16 16:57:14
xvv4t2v3cab	x34g7wnwbsa	青魚	1	n					2025-07-28 22:37:48	2025-05-16 16:57:14
xstuh2asp4c	xgum7hb28rg	白切	1	n					2025-07-28 22:37:48	2025-05-16 16:57:14
xae4n6gbpvb	xfhtm48bdec	鹹尾鮐	1	n					2025-07-28 22:37:48	2025-05-16 16:57:14
xr6czh22asf	xtgcrevhvuj	白鰳	1	n					2025-07-28 22:37:48	2025-05-16 16:57:14
xtztr79fxgg	xn8xd4s6t2a	鱈魚	1	n					2025-07-28 22:37:48	2025-05-16 16:57:14
xum9er73etu	xwbrtgzdmjg	白鰷	1	n					2025-07-28 22:37:48	2025-05-16 16:57:14
xnk75rbnkd6	xn4f6gkbpt7	鱏貼	1	n					2025-07-28 22:37:48	2025-05-16 16:57:14
xn2uxuapqus	x2mt6ngpvkj	丁香魺	1	n					2025-07-28 22:37:48	2025-05-16 16:57:14
xa97fugfvur	xysk9rr5n2w	魚魺	1	n					2025-07-28 22:37:48	2025-05-16 16:57:14
xdxhv6bg2wf	xp7gmhsa7by	魺囝	1	n					2025-07-28 22:37:48	2025-05-16 16:57:14
xmb8f9g6tjb	xeewyn8n9bh	鰣魚	1	n					2025-07-28 22:37:48	2025-05-16 16:57:14
xecunsr7btn	xq8mqp3vqx4	剝皮魚	1	n					2025-07-28 22:37:48	2025-05-16 16:57:14
xq7esbkrq4y	xfvjchx5xs6	黃蛤	1	n					2025-07-28 22:37:48	2025-05-16 16:57:14
xumhedebbcw	xy3b3ehhfc9	橫三	1	n					2025-07-28 22:37:48	2025-05-16 16:57:14
x9zevfjy2av	xm7ca72tm3r	黃梅星	1	n					2025-07-28 22:37:48	2025-05-16 16:57:14
xgwtfbxhmk2	xpvvkqdqrmk	瓜魚	1	n					2025-07-28 22:37:48	2025-05-16 16:57:14
xhettzhvvve	xjkhuppqzs8	黃韌魺	1	n					2025-07-28 22:37:48	2025-05-16 16:57:14
xg3247r8yd2	xt3a3mc6z8q	魟魚鮝	1	n					2025-07-28 22:37:48	2025-05-16 16:57:14
xtemt5pz9jb	xv7nns8macw	油筒	1	n					2025-07-28 22:37:48	2025-05-16 16:57:14
xsbx8r5fp6c	xa8r69jjtgw	馬鮫鯧	1	n					2025-07-28 22:37:48	2025-05-16 16:57:14
x6wrxercwe5	xaaugr54smj	馬鮫	1	n					2025-07-28 22:37:48	2025-05-16 16:57:14
xhxe6bh4xxt	xzhrxpqdk69	鱸魚	1	n					2025-07-28 22:37:48	2025-05-16 16:57:13
x5qyxpk24pw	x8t39fpjvcg	帶魚	1	n					2025-07-28 22:37:48	2025-05-16 16:57:13
xyfas9r2rgp	xucgg9hm9hc	鱒鰻	1	n					2025-07-28 22:37:48	2025-05-16 16:57:13
xyvycu6atdv	xp599zuyfpr	鰻糠	1	n					2025-07-28 22:37:48	2025-05-16 16:57:13
xtxa87cqgjk	xrhze27fwk8	鰻魚	1	n					2025-07-28 22:37:48	2025-05-16 16:57:13
xrqmrsa5rek	xc26n2pcvdu	溪滑	1	n					2025-07-28 22:37:48	2025-05-16 16:57:13
xreywbukkcu	xahxb8whtrx	䱵鮐𩸞	1	n					2025-07-28 22:37:48	2025-05-16 16:57:13
xww453c22y4	xqbbw6wnw5n	䱵鮐	1	n					2025-07-28 22:37:48	2025-05-16 16:57:13
xgaqw2vxzyt	xb74bdaa7ew	鱖鮝	1	n					2025-07-28 22:37:48	2025-05-16 16:57:13
x9g4r4tughp	xe8kwfej2gv	鱖魚	1	n					2025-07-28 22:37:48	2025-05-16 16:57:13
xyf87jauxxu	xkqyt9vg28n	半爿魚	1	n					2025-07-28 22:37:48	2025-05-16 16:57:13
xysmt6dzq8p	xq7wn2c5zdm	鰨鯊	1	n					2025-07-28 22:37:48	2025-05-16 16:57:13
x634mpa57z9	xfhwzsf8nhx	糊鯊	1	n					2025-07-28 22:37:48	2025-05-16 16:57:13
xhr9smfpx2v	xf8gs5zjg35	虎頭鯊	1	n					2025-07-28 22:37:48	2025-05-16 16:57:13
x7gnkk67y3p	x2rwb8mnqty	犁頭鯊	1	n					2025-07-28 22:37:48	2025-05-16 16:57:13
x2f3d98rnsy	xxsfc33my24	鯊囝	1	n					2025-07-28 22:37:48	2025-05-16 16:57:13
xgc6p2kk5br	x7fqe7egatp	鯊魚	1	n					2025-07-28 22:37:48	2025-05-16 16:57:13
x96v3s3ff22	xh9dab68ajt	鰆子	1	n					2025-07-28 22:37:48	2025-05-16 16:57:13
xj274ewjs2n	xgxh52czrqq	草魚	1	n					2025-07-28 22:37:48	2025-05-16 16:57:13
xeaf5ndt6d8	xdmz3zhz7k9	鯽魚	1	n					2025-07-28 22:37:48	2025-05-16 16:57:13
xvq3ekfyxfg	xuuwdv7pn63	海鯽	1	n					2025-07-28 22:37:48	2025-05-16 16:57:13
x75ead82tg3	xua2eynzsg9	鯉魚	1	n					2025-07-28 22:37:48	2025-05-16 16:57:13
xtdsum7sbyh	x7wdpkntck3	螞蝴	1	n					2025-07-28 22:37:48	2025-05-16 16:57:13
x2g9hhcrhcc	xc3ybt99gth	蝴蝶	1	n					2025-07-28 22:37:48	2025-05-16 16:57:13
x2jkshw555j	x9hwqnhrrzk	火蛾	1	n					2025-07-28 22:37:48	2025-05-16 16:57:13
xpxvmn3e5aq	xhq2upkwr45	石櫃	1	n					2025-07-28 22:37:48	2025-05-16 16:57:13
xq4sgf5gccf	x38a9jvmq8f	藍*尾星	1	n	螢火蟲			community contributor	2025-10-19 15:35:33	2025-05-16 16:57:13
x3edvkfxpwe	xza5v5nqjma	蜂宿	1	n					2025-07-28 22:37:48	2025-05-16 16:57:13
xkc675grhmm	x5nqv6razc8	蜂櫥	1	n					2025-07-28 22:37:48	2025-05-16 16:57:13
xsans648f8p	xrgwpwftqq2	牛頭蜂	1	n					2025-07-28 22:37:48	2025-05-16 16:57:13
xtymu4g65bp	xbb5c5ujr8z	黃蜂	1	n					2025-07-28 22:37:48	2025-05-16 16:57:13
xhqvajrw83q	xa9dfub5hzb	馬蜂	1	n					2025-07-28 22:37:48	2025-05-16 16:57:13
x32t7z74ngd	x8ca92kd3rt	蜂針	1	n					2025-07-28 22:37:48	2025-05-16 16:57:13
xw82v8x5nau	xrfwem4vds6	蜂窩	1	n					2025-07-28 22:37:48	2025-05-16 16:57:13
xebga3pat7h	x3uqz9597n4	阿蛦母	1	n	指多話婆			community contributor	2025-10-07 16:33:28	2025-10-07 16:33:28
x7mdx9tp7ad	x3uqz9597n4	阿蛦母	1	n	大知了			community contributor	2025-10-07 16:33:28	2025-05-16 16:57:13
x9zvmvcjgnq	xa9mz29xhfc	阿蛦殼	1	n	蟬蛻			community contributor	2025-10-07 16:32:23	2025-05-16 16:57:13
xxsz6vafa27	xxf3k845ms9	阿蛦	1	n	知了，蟬			community contributor	2025-10-07 16:27:50	2025-05-16 16:57:13
xhenfg2yqv9	x5nnm4us4jc	𧔢甲	1	n					2025-07-28 22:37:48	2025-05-16 16:57:13
x32h4xb6phf	xdpw4qjrgqa	水𧏫	1	n					2025-07-28 22:37:48	2025-05-16 16:57:13
xjmakqxq92d	xpahaaudkna	咬*𧏫	1	n	蟑螂。			community contributor	2025-09-14 23:38:28	2025-05-16 16:57:13
xhn2hdgaske	xdag5p3jwtc	竈雞	1	n					2025-07-28 22:37:48	2025-05-16 16:57:13
xkx3uzrbqn4	xg4wewr8yxx	草蜢	1	n					2025-07-28 22:37:48	2025-05-16 16:57:13
xcdbwu9gzmw	xn5yvjyxfnh	蟋蟀	1	n					2025-07-28 22:37:48	2025-05-16 16:57:13
x6hfjsu4m5y	xz96fc2rc2t	牛蚨蠅	1	n					2025-07-28 22:37:48	2025-05-16 16:57:13
x5dvgv8x6nt	xkc2qvuknkf	牛虻虰	1	n					2025-07-28 22:37:48	2025-05-16 16:57:13
x2xexhfkz3q	xg9ht2ppyum	牛螕	1	n					2025-07-28 22:37:48	2025-05-16 16:57:13
xddyu2z38vt	x5ge8anqyqx	蠹魚	1	n					2025-07-28 22:37:48	2025-05-16 16:57:13
x6kyvn6vm5m	xf26vp3pqmc	塗虼蚤	1	n					2025-07-28 22:37:48	2025-05-16 16:57:12
x679uhra2s8	xjdeyt5pn6b	虼蚤	1	n					2025-07-28 22:37:48	2025-05-16 16:57:12
xcme2wzhr6j	x5v3hmpw6sv	毒蠓	1	n	小飛蟲。人被它叮咬後，皮膚會大塊腫起。「毒」言其性質。			community contributor	2025-10-17 19:21:47	2025-05-16 16:57:12
xb84ptfmjsj	xuchwy9zzd6	青蠓	1	n					2025-07-28 22:37:48	2025-05-16 16:57:12
x9vwn9m8bc6	xawjxq9unet	蠓囝	1	n	蠓蟲			community contributor	2025-10-17 19:19:22	2025-05-16 16:57:12
xg7jk72dvcn	xtkqgw9zrfx	木蝨	1	n					2025-07-28 22:37:49	2025-05-16 16:57:12
xzxvf9yvm2r	x6u76fje959	蝨母	1	n					2025-07-28 22:37:49	2025-05-16 16:57:12
xwzkeztfx9q	xjq3yea6hqx	把啷鼓硾*	1	n					2025-07-28 22:37:49	2025-05-16 16:57:12
x3x3bsmuvun	xfeck24t5qy	風蚊摔	1	n					2025-07-28 22:37:49	2025-05-16 16:57:12
xeyzxnefqpk	xaeeyzwwb5r	風蚊香	1	n					2025-07-28 22:37:49	2025-05-16 16:57:12
xsu28ec5kkn	x654wyh26u5	風蚊	1	n					2025-07-28 22:37:49	2025-05-16 16:57:12
xub7a34q99t	xkrh9k58wg6	蚨蠅鼻	1	n					2025-07-28 22:37:49	2025-05-16 16:57:12
xnn5zku635x	xy9zhbbrbpv	蚨蠅虎	1	n					2025-07-28 22:37:49	2025-05-16 16:57:12
xhcz8u9em6n	x2z5jbbq5rd	金蚨蠅	1	n					2025-07-28 22:37:49	2025-05-16 16:57:12
xjh8wcdzy7p	x5msj55bng3	蚨蠅	1	n					2025-07-28 22:37:49	2025-05-16 16:57:12
xdu9fk9jqq7	x35ca6m762f	蚜蟲	1	n					2025-07-28 22:37:49	2025-05-16 16:57:12
xqxcernxmca	xcunuwhkfzj	蒜蠓囝	1	n					2025-07-28 22:37:49	2025-05-16 16:57:12
xtgk5swnq7p	xxktsfn7em9	麥蟲	1	n					2025-07-28 22:37:49	2025-05-16 16:57:12
x9yapumzj6x	x6hjddttvke	豆蟲	1	n					2025-07-28 22:37:49	2025-05-16 16:57:12
xyxjnc4fezm	xqqmsstvc52	米蟲	1	n					2025-07-28 22:37:49	2025-05-16 16:57:12
x3uc9ad4qg5	xqtbkuw8kzz	刺麻帶	1	n	毛毛蟲。			community contributor	2025-09-21 16:14:29	2025-05-16 16:57:12
xjktdjpfp9k	xtmdb2bbp4h	蟲卵	1	n					2025-07-28 22:37:49	2025-05-16 16:57:12
xbhhzuhffcf	xs32nwyhcfp	蟲蟻	1	n					2025-07-28 22:37:49	2025-05-16 16:57:12
xwedqcp5jba	xvjjn9664gm	蠍囝	1	n					2025-07-28 22:37:49	2025-05-16 16:57:12
x9gvwdmpaek	x3apbnhnmnp	蠍母	1	n					2025-07-28 22:37:49	2025-05-16 16:57:12
xgsehhs5xd4	xhhb2ag4jrn	蠍雄	1	n					2025-07-28 22:37:49	2025-05-16 16:57:12
x57qku89539	xrvyebrehya	紅蚣	1	n					2025-07-28 22:37:49	2025-05-16 16:57:12
xwrmm9q5vkf	xatw7yhzec7	牛屎龜	1	n					2025-07-28 22:37:49	2025-05-16 16:57:12
xtpxhpbbdf8	xyyy4n59hjx	金龜	1	n					2025-07-28 22:37:49	2025-05-16 16:57:12
xjfp9ehq9pz	xfjazvajqbk	水牛	1	n					2025-07-28 22:37:49	2025-05-16 16:57:12
xa3qn8jey5t	x3vjfry6a9d	黐黐	1	n					2025-07-28 22:37:49	2025-05-16 16:57:12
xby3s4zrchx	xtqc49kpj4m	牛母牛囝	1	n					2025-07-28 22:37:49	2025-05-16 16:57:12
xmmmy9bfyxq	xe3da9ugrz3	蚯蚓	1	n					2025-07-28 22:37:49	2025-05-16 16:57:12
xahz6veuk9f	x4mcbxj9n33	蠅蠅蟲	1	n					2025-07-28 22:37:49	2025-05-16 16:57:12
xna2h3fwt8d	xgfxvus7uvx	塗犬	1	n					2025-07-28 22:37:49	2025-05-16 16:57:12
xhs7ypc25k4	xpjmmkk634f	紅蟻宿	1	n					2025-07-28 22:37:49	2025-05-16 16:57:12
xbhz2r9vz67	xyh8b6mzk8t	紅蟻	1	n					2025-07-28 22:37:49	2025-05-16 16:57:12
x4c3z5s9eae	xeruqyjx8s4	馬蟧䗁	1	n					2025-07-28 22:37:49	2025-05-16 16:57:12
xdgwgu3pr7m	x8xadas6rxt	蜘蛛鞔	1	n					2025-07-28 22:37:49	2025-05-16 16:57:12
xdk5edmpewy	xnh83p8pthe	蜘蛛	1	n					2025-07-28 22:37:49	2025-05-16 16:57:12
x4axse22k6t	x957vdv7tzg	拍子	1		動賓短語，（魚類等）產卵。			community contributor|馮愛珍. 福州方言詞典[M]. 南京: 江蘇教育出版社, 1998.	2025-09-15 13:52:19	2025-05-16 16:57:12
x3snf7mgeha	xen8x4a5wyc	蠶繭屎	1	n					2025-07-28 22:37:49	2025-05-16 16:57:12
xbqf9m8cemn	x5mvfj5e3s2	老虎囝	1	n					2025-07-28 22:37:49	2025-05-16 16:56:13
x62nskjx6xz	x8rpnkw3xpv	蠶繭絲	1	n					2025-07-28 22:37:49	2025-05-16 16:57:12
xah7fgb4p2h	xhes53ppy4e	蠶繭囝	1	n					2025-07-28 22:37:49	2025-05-16 16:57:12
xdjqr6hatgn	x5wqhen5k9e	蠶繭卵	1	n					2025-07-28 22:37:49	2025-05-16 16:57:12
xjuzfnead3x	xvufepn7afw	蠶繭	1	n					2025-07-28 22:37:49	2025-05-16 16:57:12
xmk9bqe3fyf	xcdvkgzgz6h	鳥宿	1	n	鳥巢			community contributor	2025-10-15 21:11:58	2025-10-15 21:11:58
xcdnv3d4uuy	xte5up6ednv	鳥窩	1	n					2025-07-28 22:37:49	2025-05-16 16:57:12
xnnwf4uxccj	xjejgcyw3ap	挧々	1	n					2025-07-28 22:37:49	2025-05-16 16:57:12
xwyv7p246t9	xk9su82ymnr	琵*琶*兜*壁*	1	n					2025-07-28 22:37:49	2025-05-16 16:57:12
x7az4xw2g3w	xmderzahq2v	真鳥囝	1	n	一種鳥。			community contributor	2025-08-29 22:30:54	2025-08-29 22:30:54
x32pksatb6m	x2yfjpvgz3m	翠毛鳥	1	n					2025-07-28 22:37:49	2025-05-16 16:57:12
xxx326q6xhj	xzx3s9c8wh9	鷺鷥	1	n					2025-07-28 22:37:49	2025-05-16 16:57:11
xz5vzn3zmcu	xkjbu7fd5ay	爬壩鳥	1	n					2025-07-28 22:37:49	2025-05-16 16:57:11
x7sj4xdrk3a	x79u23fxyzf	魯鷝	1	n					2025-07-28 22:37:49	2025-05-16 16:57:11
xezb9quyym6	xqtgqf2rn2p	鸕鷀	1	n					2025-07-28 22:37:49	2025-05-16 16:57:11
x5nfm9ee5z8	xpmmd4z5kqd	水鴨母	1	n					2025-07-28 22:37:49	2025-05-16 16:57:11
xtu8d2ahept	xceqq44shcp	水鴨	1	n					2025-07-28 22:37:49	2025-05-16 16:57:11
x8kysq4xhrx	xs82rqp5u3e	野雞	1	n					2025-07-28 22:37:49	2025-05-16 16:57:11
xp4gjnqnnx4	x9f6z2gu5jz	老鷂	1	n	老鷹			community contributor|馮愛珍. 福州方言詞典[M]. 南京: 江蘇教育出版社, 1998.	2025-07-28 22:37:49	2025-05-16 16:56:13
xjbwd727ak6	xxf7q4a2xk2	仙鶴	1	n					2025-07-28 22:37:49	2025-05-16 16:57:11
xametvzf54h	xtabrr5abr5	𩾹𩾹	1	n	八哥			community contributor	2025-07-28 22:37:49	2025-05-16 16:57:11
xaa7z9e78mt	x6vcfgaswk7	烏䲯	1	n					2025-07-28 22:37:49	2025-05-16 16:57:11
xdq2m89xta7	x57z9juehpj	鸚哥	1	n					2025-07-28 22:37:49	2025-05-16 16:57:11
x6f6j7vvqxh	xuf37qe8ras	貓萑	1	n	貓頭鷹			community contributor	2025-09-14 11:48:24	2025-05-16 16:57:11
xpzh739wwr3	xafd5fvunct	貓萑鳥	1	n	貓頭鷹			community contributor	2025-09-14 11:48:40	2025-05-16 16:57:11
xtsajeeha2j	xaxedy8bq6h	布榖	1	n					2025-07-28 22:37:49	2025-05-16 16:57:11
xw2v8b3wzb6	xy422kudcyn	鷓鴣	1	n					2025-07-28 22:37:49	2025-05-16 16:57:11
xfxdfm9c82t	xcpr8ruafjx	鵪鶉	1	n					2025-07-28 22:37:49	2025-05-16 16:57:11
x74jm8t5fwz	xqp8twef7pe	白鴿	1	n					2025-07-28 22:37:49	2025-05-16 16:57:11
xbp5mdkj26v	xq3agp76yhx	鴣隹	1	n					2025-07-28 22:37:49	2025-05-16 16:57:11
x5ve4uppxms	xsd9ft6yjb9	野燕	1	n					2025-07-28 22:37:49	2025-05-16 16:57:11
xdy8vzqp2z3	xstdu3a2ymp	白燕	1	n					2025-07-28 22:37:49	2025-05-16 16:57:11
xe343ysaeqh	xjmqcd58xsa	雀雀	1	n	麻雀			community contributor	2025-10-21 23:13:17	2025-05-16 16:57:11
xh3gqqw29uh	xnygw89nb77	雀囝	1	n	麻雀			community contributor	2025-10-21 23:13:36	2025-05-16 16:57:11
xtbsyncp65r	xy8hpngfsww	鷓鴣	1	n					2025-07-28 22:37:49	2025-05-16 16:57:11
xnwaf4wfc4y	x2a9h4vaztv	客鵲	1	n					2025-07-28 22:37:49	2025-05-16 16:57:11
xvzvet4t53q	xacwerrbng3	老鴰	1	n					2025-07-28 22:37:49	2025-05-16 16:56:13
xwq263bemsu	x5ken4z9wwe	鳥雄	1	n					2025-07-28 22:37:49	2025-05-16 16:57:11
x2kkfefz84g	x856c9pebz8	鳥鳥囝	1	n					2025-07-28 22:37:49	2025-05-16 16:57:11
xxuntpcrxbk	x6ydcag9bqc	鳥囝	1	n					2025-07-28 22:37:49	2025-05-16 16:57:11
xvdb77h3pc4	xgawhxw767b	鳥母	1	n					2025-07-28 22:37:49	2025-05-16 16:57:11
x7x2kgfgpve	x5kwkwxcz75	蛟龍	1	n					2025-07-28 22:37:49	2025-05-16 16:57:11
xtd57vh7x5y	xy3a7rkw7t5	杜*墊*	1	n					2025-07-28 22:37:49	2025-05-16 16:57:11
xbr5z2gg96s	xc2ta3x7tqh	五毒蛇	1	n					2025-07-28 22:37:49	2025-05-16 16:57:11
xgns5q7stf6	x8m6qpupcyh	老蛇囝	1	n					2025-07-28 22:37:49	2025-05-16 16:56:13
xj4twaegtzq	xt7tc3ynw86	老蛇	1	n					2025-07-28 22:37:49	2025-05-16 16:56:13
xc2g3juagfd	x7jjabtdb3k	老鼠𢩅	1	n					2025-07-28 22:37:49	2025-05-16 16:56:13
xgpx2zknmtw	xnm95rxxtxn	田鼠	1	n					2025-07-28 22:37:49	2025-05-16 16:57:11
xtqkcp7m8nr	xztggb2ph5k	老鼠	1	n	同普通話「老鼠」。			community contributor	2025-08-29 22:28:57	2025-08-29 22:28:57
xxhxtnb2dwz	xf92pb8pfmw	潛鼠	1	n					2025-07-28 22:37:49	2025-05-16 16:57:11
x64u86x7w93	xyaq39hm8sa	黃鼠	1	n					2025-07-28 22:37:49	2025-05-16 16:57:11
x4fb7kkxtgf	xmwut27qsve	水獺	1	n					2025-07-28 22:37:49	2025-05-16 16:57:11
xfkdv5r6k9d	xfht73mzuzj	山獺	1	n					2025-07-28 22:37:49	2025-05-16 16:57:11
xe3ujs5sqgk	xsd66ygwp2x	鯪鯉	1	n					2025-07-28 22:37:49	2025-05-16 16:57:11
xaaenhuvey7	xyky78c8hxm	狸貓	1	n					2025-07-28 22:37:49	2025-05-16 16:57:11
x4ud7yjwwzs	xdk5g9sk85f	野貓	1	n					2025-07-28 22:37:49	2025-05-16 16:57:11
xfp6hjrgbt8	xverayndzjt	牛尾狸	1	n					2025-07-28 22:37:49	2025-05-16 16:57:11
xckhm4wh2mv	xh2zz39zr8q	狐狸貓	1	n					2025-07-28 22:37:49	2025-05-16 16:57:11
xm8t4exrxuj	xz7tjajwxkp	麂鹿獐	1	n					2025-07-28 22:37:49	2025-05-16 16:57:11
xmq7qxte6vd	xxs259qzmaq	𤢌母	1	n					2025-07-28 22:37:49	2025-05-16 16:57:11
xuj2usjs626	xhd426pw5fq	豪豬	1	n					2025-07-28 22:37:50	2025-05-16 16:57:11
xkkjv8js8kz	xrzazjshr69	猴性	1	n					2025-07-28 22:37:50	2025-05-16 16:57:11
xgk4vzfumn2	xhe64xcdgr7	老虎母	1	n					2025-07-28 22:37:50	2025-05-16 16:56:13
xfanauz36fp	xujpuy8a9xv	老虎	1	n					2025-07-28 22:37:50	2025-05-16 16:56:13
xxpzy4f3era	x6gdy5gdzu9	野獸	1	n					2025-07-28 22:37:50	2025-05-16 16:57:11
xb6wm7bkm47	xb5xjcb8y4s	鵝囝	1	n					2025-07-28 22:37:50	2025-05-16 16:57:11
xcfnqkeewfv	x3xksu4kee8	野鵝	1	n					2025-07-28 22:37:50	2025-05-16 16:57:11
xfub9avcndd	xsq8e2rwngc	鵝母	1	n					2025-07-28 22:37:50	2025-05-16 16:57:11
x8x6umjfy8e	xbt9kff4amx	鵝角	1	n					2025-07-28 22:37:50	2025-05-16 16:57:11
xfbfq82y4em	xn6hwug6tdm	鴨羶	1	n					2025-07-28 22:37:50	2025-05-16 16:57:11
xqnbgxkwmvv	xneyqsbmcch	鴨卵	1	n					2025-07-28 22:37:50	2025-05-16 16:57:11
xbb7qw3zg65	xk6523xrtq2	鴨豚囝	1	n					2025-07-28 22:37:50	2025-05-16 16:57:11
xw27jgu2hk4	xwdw2tpcwge	鴨囝囝	1	n					2025-07-28 22:37:50	2025-05-16 16:57:11
xc6jrtvmhct	x4fjen4uttf	鴨囝	1	n					2025-07-28 22:37:50	2025-05-16 16:57:11
xvkztq346wh	xz2fvdnz7f2	菜鴨	1	n					2025-07-28 22:37:50	2025-05-16 16:57:11
xj6wjuwnjsw	xmn2nvbvjah	番鴨	1	n					2025-07-28 22:37:50	2025-05-16 16:57:11
x5cd4zbmnuc	xmeu84jdu2p	半番	1	n					2025-07-28 22:37:50	2025-05-16 16:57:10
x62zfak63am	xfnhsp96rn2	全番	1	n					2025-07-28 22:37:50	2025-05-16 16:57:10
xwpn24ya99r	xjxuv5wuvcn	鴨母	1	n					2025-07-28 22:37:50	2025-05-16 16:57:10
xh2dqdrxq8n	xtgnuga7q7s	鴨雄	1	n					2025-07-28 22:37:50	2025-05-16 16:57:10
xke3u4qpka5	x2gyf729jut	鴨角	1	n					2025-07-28 22:37:50	2025-05-16 16:57:10
x7enbyyajd9	x3pycp9d8ud	雞氣	1	n					2025-07-28 22:37:50	2025-05-16 16:57:10
xeh6n8ff2y4	x95nfw96qj8	雞胲	1	n					2025-07-28 22:37:50	2025-05-16 16:57:10
xz9xqtkdqta	x44ycarmsy4	雞骹	1	n					2025-07-28 22:37:50	2025-05-16 16:57:10
xxmry98cz3x	xhmbzzdskcu	雞髻	1	n	雞冠，公雞頭上高起的紅色肉冠。			community contributor	2025-09-18 13:36:39	2025-05-16 16:57:10
xv4eqwb27eg	x5q5fvpddv2	出伏	1	n					2025-07-28 22:37:50	2025-05-16 16:57:10
xg4rthu9ynq	x22evgkerhm	伏雞囝	1		動賓短語，孵小雞。			community contributor	2025-09-15 13:53:03	2025-05-16 16:57:10
x9tf7bfetjk	xj95yv3mdnt	伏卵	1		動賓短語，孵蛋。			community contributor	2025-09-15 13:53:09	2025-05-16 16:57:10
x4w7x97ke5m	xtne32drbb5	生卵	1		動賓短語，下蛋。			community contributor	2025-09-15 13:53:14	2025-05-16 16:57:10
xkzth4q3css	x8x7jsx85f2	卵魂	1	n					2025-07-28 22:37:50	2025-05-16 16:57:10
xrs8qqxfs95	xa5k4zxr8gk	卵脾	1	n					2025-07-28 22:37:50	2025-05-16 16:57:10
xkhr78pnftp	xue756wr2nr	卵膜	1	n					2025-07-28 22:37:50	2025-05-16 16:57:10
xtjutvm5c8r	xv9tx6ph3p3	卵清	1	n					2025-07-28 22:37:50	2025-05-16 16:57:10
xtvg5crxj4m	xeh9djjj9dk	枉卵	1	n					2025-07-28 22:37:50	2025-05-16 16:57:10
xmrnrhdtkez	xjp4a9g8dyn	卵黃	1	n					2025-07-28 22:37:50	2025-05-16 16:57:10
x6m86wy8862	xmcw5qsytvt	雞卵	1	n					2025-07-28 22:37:50	2025-05-16 16:57:10
xrb5ym2g7jw	xtu6n6m7zg5	殂雞囝	1	n					2025-07-28 22:37:50	2025-05-16 16:57:10
xdsq5jeth72	xbsze54ztm4	雞囝囝	1	n					2025-07-28 22:37:50	2025-05-16 16:57:10
xznmswnmbg9	x2j6vykex48	雞囝	1	n					2025-07-28 22:37:50	2025-05-16 16:57:10
x3k3ybmtshe	xnpc266vkz5	賴伏雞母	1	n					2025-07-28 22:37:50	2025-05-16 16:57:10
xy8cttxax5a	xdtdy3xbvg3	賴伏雞	1	n					2025-07-28 22:37:50	2025-05-16 16:57:10
xkzgnhdcym5	xb4pugfmrcm	賴伏	1	n					2025-07-28 22:37:50	2025-05-16 16:57:10
xctp8k6uckh	xs6yz39thbc	雞母囝	1	n					2025-07-28 22:37:50	2025-05-16 16:57:10
xdm5uve88my	xg7tjbt2mnw	雞母	1	n					2025-07-28 22:37:50	2025-05-16 16:57:10
xpy58bsjftk	xyp4wxdw9t5	雞豚囝	1	n					2025-07-28 22:37:50	2025-05-16 16:57:10
xy54hm4bshw	xn482md8uv9	秋雞角	1	n					2025-07-28 22:37:50	2025-05-16 16:57:10
xszbmu6gu5d	xjffec68yre	雞角囝	1	n					2025-07-28 22:37:50	2025-05-16 16:57:10
x5zqaj629w6	xnpyms3f7p3	雞角	1	n					2025-07-28 22:37:50	2025-05-16 16:57:10
xd8uufp74ae	xq3fverdh5v	兔囝	1	n					2025-07-28 22:37:50	2025-05-16 16:57:10
xtasgrvp8kz	x5tnewem5cb	兔公	1	n					2025-07-28 22:37:50	2025-05-16 16:57:10
xtvvvhyk7mh	xj4fduyzv7b	兔母	1	n					2025-07-28 22:37:50	2025-05-16 16:57:10
xp6f2b422gr	xh8drxkcaym	豬鬃	1	n					2025-07-28 22:37:50	2025-05-16 16:57:10
xxufzq8r2ug	x7g7jfa4yej	發瘴豬	1	n					2025-07-28 22:37:50	2025-05-16 16:57:10
x2pnggn93c2	x4sn947t2t5	發瘴	1	n					2025-07-28 22:37:50	2025-05-16 16:57:10
xdd83ppcv3q	xdst3p2yct2	肥豬	1	n					2025-07-28 22:37:50	2025-05-16 16:57:10
x2eyt9y28f2	xvdh9bnm9pg	菜豬	1	n					2025-07-28 22:37:50	2025-05-16 16:57:10
xrbh9sm43tc	xbetdgarmsa	豬苗	1	n					2025-07-28 22:37:50	2025-05-16 16:57:10
x8gcg2sqmx4	xzygeu4f87v	花豬	1	n					2025-07-28 22:37:50	2025-05-16 16:57:10
xaaga788gpa	xzz3sjpqk8k	豬母	1	n					2025-07-28 22:37:50	2025-05-16 16:57:10
x2mm25pp7b7	x6h72jkkumd	豬角	1	n					2025-07-28 22:37:50	2025-05-16 16:57:10
x5eh57n28rb	x74zz3azrj8	豬豚囝	1	n					2025-07-28 22:37:50	2025-05-16 16:57:10
x6mwespe6rc	x86f98vznkr	豬囝	1	n					2025-07-28 22:37:50	2025-05-16 16:57:10
xbkwk5q838p	xhq2x68pwca	老貓	1	n					2025-07-28 22:37:50	2025-05-16 16:56:13
xzpn6dh9yxz	x28bpp97syf	貓狸	1	n					2025-07-28 22:37:50	2025-05-16 16:57:10
xadqpejd5v2	xfhahqpk6xy	貓母	1	n					2025-07-28 22:37:50	2025-05-16 16:57:10
xuzgmnj9ab9	x96tjajv5cj	咪囝	1	n					2025-07-28 22:37:50	2025-05-16 16:57:10
x9ep7k7hzzb	xg7pbw2anxv	咪咪	1	n					2025-07-28 22:37:50	2025-05-16 16:57:10
xnre4g8psxg	xg7pbw2anxv	咪咪	1	on					2025-07-28 22:37:50	2025-05-16 16:57:10
xzmmx6k5c6x	xju4au29ttt	貓雄	1	n					2025-07-28 22:37:50	2025-05-16 16:57:10
xadyh3raqmk	xmqcqtvzh9e	貓角	1	n					2025-07-28 22:37:50	2025-05-16 16:57:10
xswyb63cmfc	xezbwgj9dmf	貓囝囝	1	n					2025-07-28 22:37:50	2025-05-16 16:57:10
x27b87syxmx	xb2hm6e45mx	貓囝	1	n	「貓」「貓囝」除了表示動物貓的意思外，還可以表示福州撲克牌遊戲「拔點」（也叫「拔餅」）和牌九（天九牌，骨牌）的一種牌型：即兩張牌加起來個位數為零，也是最小的牌，說「貓囝」或「貓」（牌九這種情況也可以說「邦脹」）；可能由此引申出來的口語中感歎詞「做貓囝」有：不好了，完蛋了，糟了的意思			community contributor	2026-04-09 22:09:24	2025-05-16 16:57:09
xh2k7qh49cz	x6sgabmzd46	野吠	1	n					2025-07-28 22:37:50	2025-05-16 16:57:09
xbwytktuxgt	x6sgabmzd46	野吠	1	v					2025-07-28 22:37:50	2025-05-16 16:57:09
xuaz6y29anh	xevz6pf87sv	獅犬	1	n					2025-07-28 22:37:50	2025-05-16 16:57:09
xbhc5e38nwq	xj5fphude9j	哈巴犬	1	n					2025-07-28 22:37:50	2025-05-16 16:57:09
xxxapvkz7cm	xup2d4cgwe6	癲犬	1	n					2025-07-28 22:37:50	2025-05-16 16:57:09
xpnby6g65kc	xk8yzdyfbej	犬囝囝	1	n					2025-07-28 22:37:50	2025-05-16 16:57:09
xyq3u6med8u	xhznsrjv8bt	犬囝	1	n					2025-07-28 22:37:50	2025-05-16 16:57:09
xsjkdac42cy	xrtw9jspxuz	犬豚囝	1	n					2025-07-28 22:37:50	2025-05-16 16:57:09
xax2gjretfh	xsaxtsrfdcr	犬母	1	n					2025-07-28 22:37:50	2025-05-16 16:57:09
x7nb3gfwjfn	xhubak6ks36	犬角	1	n					2025-07-28 22:37:51	2025-05-16 16:57:09
xtxe78bxmtt	x74h57gudu6	犬雄	1	n					2025-07-28 22:37:51	2025-05-16 16:57:09
x5yj89h5p7b	xcky2d9yge7	山羊	1	n					2025-07-28 22:37:51	2025-05-16 16:57:09
xkkjqd4tkq7	x56hd56qfdc	綿羊	1	n					2025-07-28 22:37:51	2025-05-16 16:57:09
xtw8rff8ep3	xr7r722sa6m	羊囝	1	n					2025-07-28 22:37:51	2025-05-16 16:57:09
xj8bqhydms6	x32xbs4vhzs	驢母	1	n					2025-07-28 22:37:51	2025-05-16 16:57:09
x364tpnjnvm	xn8evjkv4nw	驢囝	1	n					2025-07-28 22:37:51	2025-05-16 16:57:09
xdgap9et3q9	xuybdnbanhu	驢角	1	n					2025-07-28 22:37:51	2025-05-16 16:57:09
xv9bnsqpzzd	xtpph242m83	驢公	1	n					2025-07-28 22:37:51	2025-05-16 16:57:09
xkdhkh59z3n	xsqkv98rvpg	牛筋	1	n					2025-07-28 22:37:51	2025-05-16 16:57:09
xwg6qds8nxt	xy4x8g3fqu9	牛囝	1	n					2025-07-28 22:37:51	2025-05-16 16:57:09
x3aqzm8n953	x6ts6sfh562	黃牛	1	n	一種牛， 毛短，全身呈褐黃色。		"[""△～悗*𤸬三箂骨。（黃牛即便再瘦，身上也還有三籮筐的骨頭。猶言「瘦死的駱駝比馬大」。）""]"	community contributor|馮愛珍. 福州方言詞典[M]. 南京: 江蘇教育出版社, 1998.	2025-09-13 13:38:38	2025-05-16 16:57:09
xjbdcpt3xv7	xmbh45cgwf3	牛母	1	n					2025-07-28 22:37:51	2025-05-16 16:57:09
xjx9qm5abaj	xtrbxyxmcfp	牛哞	1	n					2025-07-28 22:37:51	2025-05-16 16:57:09
xvqp4ua4pq9	x7nbdj3fg2n	馬索	1	n					2025-07-28 22:37:51	2025-05-16 16:57:09
xe6tatwfdke	xbhz34qwrbd	馬骹掌	1	n					2025-07-28 22:37:51	2025-05-16 16:57:09
x85b3uy8qy7	xw4st9yrfrb	馬母	1	n					2025-07-28 22:37:51	2025-05-16 16:57:09
x85mmmstzwj	xavxuqukqev	馬公	1	n					2025-07-28 22:37:51	2025-05-16 16:57:09
xuqfc696au5	xyr2fr6dvxr	馬雄	1	n					2025-07-28 22:37:51	2025-05-16 16:57:09
xmjcx2dmps2	xg4n4k8k2be	豚囝	1	n					2025-07-28 22:37:51	2025-05-16 16:57:09
xpenkg6na3t	xajb84fk74v	四骹爬	1	n					2025-07-28 22:37:51	2025-05-16 16:57:09
xncwavg5wsn	xajb84fk74v	四骹爬	1	v					2025-07-28 22:37:51	2025-05-16 16:57:09
xh3436j9v4v	xpwac3hrcb7	頭牲	1	n					2025-07-28 22:37:51	2025-05-16 16:57:09
x7ztsf7aqqv	xzysbbf2u27	衆牲	1	n					2025-07-28 22:37:51	2025-05-16 16:57:09
x9jj6vtj6ch	x69d5w8gdmb	子子	1	n	魚子，魚的卵。			community contributor	2025-09-19 11:18:23	2025-05-16 16:57:09
xhqzvyphwbd	x6brstqj246	蒂蒂	1	n	瓜、果等跟莖、枝相連的部分。	亦可說「蒂」（dei21）。		community contributor	2025-08-29 21:55:46	2025-08-29 21:55:46
xy8v4scxxce	x78c9cfca7q	茅根	1	n					2025-07-28 22:37:51	2025-05-16 16:57:09
xrfv3qb8v3b	x5wmq4fhnua	乏力草	1	n					2025-07-28 22:37:51	2025-05-16 16:57:09
xqr92zwurtt	xkepj955nmv	青苔	1	n					2025-07-28 22:37:51	2025-05-16 16:57:09
xmc9y5t7x8k	xeahvtrurac	青草	1	n					2025-07-28 22:37:51	2025-05-16 16:57:09
xeecf3p2etd	xnu74wkudrj	青藻	1	n					2025-07-28 22:37:51	2025-05-16 16:57:09
xgquycazxbm	x6un8ss48sv	蒲草	1	n					2025-07-28 22:37:51	2025-05-16 16:57:09
xs9urdvsxa6	xvmceehr4x9	薸母	1	n					2025-07-28 22:37:51	2025-05-16 16:57:09
x3jvqucw45h	xdn3wsqrvgy	薸囝	1	n					2025-07-28 22:37:51	2025-05-16 16:57:09
x97tpw4jwwf	xz48a78yvcv	厚菇	1	n					2025-07-28 22:37:51	2025-05-16 16:57:09
xsdez7sudwv	xhdrxf5ey56	蘑菇	1	n					2025-07-28 22:37:51	2025-05-16 16:57:09
xuhv7ccxyr5	xwtgh7pzvv9	花菇	1	n					2025-07-28 22:37:51	2025-05-16 16:57:09
x43tw7mfsb4	xxr3x9vnngg	香菇	1	n					2025-07-28 22:37:51	2025-05-16 16:57:09
x7wvcpaj5z3	xg7j3zrdgz8	菅菁	1	n					2025-07-28 22:37:51	2025-05-16 16:57:09
x2pqsvzaajs	xhqhb935rhm	蕢草	1	n					2025-07-28 22:37:51	2025-05-16 16:57:09
xsepueexhh8	xdwg9xtt3e6	薏米	1	n					2025-07-28 22:37:51	2025-05-16 16:57:09
x4vr7rp3tp3	xpjre8wsc2b	發蕾	1	n					2025-07-28 22:37:51	2025-05-16 16:57:09
x7y87q9bdnd	xryfsx3q3gw	花心	1	n					2025-07-28 22:37:51	2025-05-16 16:57:09
xdrgtkpftyp	xdpqtdwfn36	花蕊	1	n					2025-07-28 22:37:51	2025-05-16 16:57:09
x3sebneynnv	xwuge8et3rr	花片	1	n					2025-07-28 22:37:51	2025-05-16 16:57:09
xban8sywt5p	xtfnr7kud6n	水梔花	1	n					2025-07-28 22:37:51	2025-05-16 16:57:08
xnubf7xc53g	x5yr8x7zzfx	犬尾草	1	n					2025-07-28 22:37:51	2025-05-16 16:57:08
xaejc8ybcuq	xha7jaq272q	黃䱝精草	1	n					2025-07-28 22:37:51	2025-05-16 16:57:08
xxewy2t8e7t	xgj88v4tma4	白芍	1	n					2025-07-28 22:37:51	2025-05-16 16:57:08
xpremtfj7p7	xn9jdsfbfq6	番薯花	1	n					2025-07-28 22:37:51	2025-05-16 16:57:08
x5ywkjx9ty4	xzc7nt3zk9m	菖蒲	1	n					2025-07-28 22:37:51	2025-05-16 16:57:08
x9mrdhcc8n4	x5hnwjtyn7s	金銀花	1	n					2025-07-28 22:37:51	2025-05-16 16:57:08
xbq7apfm5dp	xkdgumdbnuz	鉤草	1	n					2025-07-28 22:37:51	2025-05-16 16:57:08
xmtzqpkdp8g	xcnwvvyhgg9	大黃	1	n					2025-07-28 22:37:51	2025-05-16 16:57:08
xm333ndqd7k	xsqc4tujzr6	雞髻花	1	n					2025-07-28 22:37:51	2025-05-16 16:57:08
xmj42xruc2u	xnzpsuq7g2e	仙人球	1	n					2025-07-28 22:37:51	2025-05-16 16:57:08
xkp9fp2a87n	xkuf9vc3d2y	仙人掌	1	n					2025-07-28 22:37:51	2025-05-16 16:57:08
x6yn3jtrwfm	xr3skehd6ka	蝦蟆草	1	n					2025-07-28 22:37:51	2025-05-16 16:57:08
xmxsctr24vw	xkb69jakfh4	鼠麴草	1	n					2025-07-28 22:37:51	2025-05-16 16:57:08
xums8snyjqq	xy4naudetxk	馬草刀	1	n					2025-07-28 22:37:51	2025-05-16 16:57:08
xjy3gg86xa2	x8brbsjqrna	芙蓉	1	n					2025-07-28 22:37:51	2025-05-16 16:57:08
x2g73hhvcqr	xy88devbcsp	少禮花	1	n					2025-07-28 22:37:51	2025-05-16 16:57:08
x68vvax5rg8	x2c9g6wmehd	箬下珠	1	n					2025-07-28 22:37:51	2025-05-16 16:57:08
xyv3ugdgs8u	xqudcd4utgy	茉莉	1	n	木犀科，灌木植物。以其清香的白色花朵聞名。可製成香精、香水或用於窨製茉莉花茶，在藥用上亦有理氣止痛、疏肝解郁等功效。			community contributor	2026-01-12 23:08:27	2025-05-16 16:57:08
x6nvmsv4m9e	xjsa6udzrbd	水仙花	1	n					2025-07-28 22:37:51	2025-05-16 16:57:08
xk89nuyhave	x4fywn2e4s2	蓮蓬	1	n					2025-07-28 22:37:51	2025-05-16 16:57:08
xqb28k5wr7t	xn7ee2b6tmp	蓮蓬箬	1	n					2025-07-28 22:37:51	2025-05-16 16:57:08
x4fj824payg	xfpy3j9bmup	荷箬	1	n					2025-07-28 22:37:51	2025-05-16 16:57:08
xbr9xh8n9jd	x6w35fv7qme	蓮花	1	n					2025-07-28 22:37:51	2025-05-16 16:57:08
xhw5gmb3anj	x8fuh4kb4a4	荷花	1	n					2025-07-28 22:37:51	2025-05-16 16:57:08
xmn3wk67esw	xs3f355au6f	掌甲花	1	n					2025-07-28 22:37:51	2025-05-16 16:57:08
x9zpf5e3vby	xv9gnpx3tek	菊花	1	n					2025-07-28 22:37:51	2025-05-16 16:57:08
xysmc34whe8	xxqu39ghcgv	桂花	1	n					2025-07-28 22:37:51	2025-05-16 16:57:08
xmm5qnsjxj8	xd84kcuun6v	野花	1	n					2025-07-28 22:37:51	2025-05-16 16:57:08
xm92ct8r9ca	x8efz55jqgr	花生膜	1	n					2025-07-28 22:37:51	2025-05-16 16:57:08
xtrwg2hf8v9	xbtkn3ayx88	花生殼	1	n					2025-07-28 22:37:51	2025-05-16 16:57:08
xjdjgq2mw3j	xqaq4ecn4kg	發初	1	n					2025-07-28 22:37:51	2025-05-16 16:57:08
x6fdjh4e2qv	x7rxg6fzq8u	花生仁	1	n					2025-07-28 22:37:51	2025-05-16 16:57:08
xe5qd774qv6	xmkuetbecqg	花生	1	n					2025-07-28 22:37:51	2025-05-16 16:57:08
xt89ew675qz	xhwf2k79yfa	甘蔗	1	n					2025-07-28 22:37:51	2025-05-16 16:57:08
xdq8397fbn6	xrjk4cqxffn	糖蔗	1	n					2025-07-28 22:37:51	2025-05-16 16:57:08
xtmbh2fanty	x6rq2sngcq7	蔗粕	1	n					2025-07-28 22:37:51	2025-05-16 16:57:08
x6rf4vbfrp4	xphj8ma5k8q	蔗車	1	n					2025-07-28 22:37:51	2025-05-16 16:57:08
x4u5qu4va2g	xqn8gdhquy9	莓蒔	1	n					2025-07-28 22:37:51	2025-05-16 16:57:08
xxzxnch43uf	x2t2djeptcq	甜瓜	1	n					2025-07-28 22:37:51	2025-05-16 16:57:08
x39ed2nh2y6	xq56fr3wtab	香瓜	1	n					2025-07-28 22:37:51	2025-05-16 16:57:08
xz57rwewzau	x7ekwq9t5fh	瓜肉	1	n					2025-07-28 22:37:51	2025-05-16 16:57:08
x3vsf8zrt55	x6wrujh6ka2	瓜子	1	n					2025-07-28 22:37:51	2025-05-16 16:57:08
xcxekfmz5be	xdctga6njqs	子瓜	1	n					2025-07-28 22:37:51	2025-05-16 16:57:08
xugx3tkesg8	x9h2rq3tq9t	榛子	1	n					2025-07-28 22:37:51	2025-05-16 16:57:08
xdnz38rek49	x8zgjr2rzra	核桃	1	n					2025-07-28 22:37:51	2025-05-16 16:57:08
xccg92aswh9	xhgmzqg2xad	栗子	1	n					2025-07-28 22:37:51	2025-05-16 16:57:08
xxpqzy8sa9h	x9d6trmxb87	白果	1	n					2025-07-28 22:37:51	2025-05-16 16:57:08
xcm3v6kxkm6	xw24u3ckuag	青果	1	n					2025-07-28 22:37:51	2025-05-16 16:57:08
xqa3qxqbjb5	xyk4tn3qtvd	橄欖鹽	1	n					2025-07-28 22:37:51	2025-05-16 16:57:08
xgqyhx2t4uc	xpaxa6zwwux	橄欖鹹	1	n					2025-07-28 22:37:51	2025-05-16 16:57:08
xedakh2fpeb	xgmcyckv2n3	橄欖	1	n					2025-07-28 22:37:51	2025-05-16 16:57:08
x89s6h7yyrg	xtnj2ra22hw	黃蘿	1	n					2025-07-28 22:37:51	2025-05-16 16:57:08
xmh9aa2bj6g	xnnjhc794rv	番檨	1	n					2025-07-28 22:37:51	2025-05-16 16:57:08
xm4g7ucqqfe	x5nfjxvndp2	黃彈	1	n					2025-07-28 22:37:51	2025-05-16 16:57:07
x6s76abqmqg	xmw94rbbjwj	葡萄	1	n					2025-07-28 22:37:51	2025-05-16 16:57:07
xjyy2w3835m	xwqu54pm4qy	荔枝乾	1	n	荔枝乾。			community contributor	2025-08-27 09:58:33	2025-05-16 16:57:07
xj6xv87nj7w	xpgtcfz984j	荔枝	1	n	荔枝，水果名。			community contributor	2025-08-26 09:37:40	2025-05-16 16:57:07
xbtzze95zry	x7ket6r93v7	寶圓	1	n					2025-07-28 22:37:51	2025-05-16 16:57:07
xvmvgysss52	xeeztv5b6dy	龍眼乾	1	n					2025-07-28 22:37:51	2025-05-16 16:57:07
xjrh86grqxk	xspdbrbsuz7	龍眼肉	1	n					2025-07-28 22:37:51	2025-05-16 16:57:07
x4kqc5ttvxu	xqrv7uqm3zq	楊梅	1	n	照字讀“楊梅”，口語極少說			community contributor	2025-09-06 11:29:01	2025-05-16 16:57:07
xxs6m5vm3y3	xmw48tjnemj	楊桃	1	n					2025-07-28 22:37:52	2025-05-16 16:57:07
x2jxs79gq9x	xcaur6etd43	芭蕉	1	n					2025-07-28 22:37:52	2025-05-16 16:57:07
xmhf2azmkgh	xntv33k9n82	印柑	1	n					2025-07-28 22:37:52	2025-05-16 16:57:07
xxjew6jwsvf	x3f9w8rs6hc	蕉柑	1	n					2025-07-28 22:37:52	2025-05-16 16:57:07
xjqt7e3ee3g	xneyak4c4jk	雪柑	1	n					2025-07-28 22:37:52	2025-05-16 16:57:07
xve87azhbs2	xzsjk52anem	蜜橘	1	n					2025-07-28 22:37:52	2025-05-16 16:57:07
x92kmxnuf3s	xrm9qkmteey	汕頭橘	1	n					2025-07-28 22:37:52	2025-05-16 16:57:07
x9u84cnepr6	xz4vt6j7re4	福橘	1	n					2025-07-28 22:37:52	2025-05-16 16:57:07
xvn3rprzw5v	xfgwpzrqmag	橘瓣	1	n					2025-07-28 22:37:52	2025-05-16 16:57:07
xrdsk297hnf	xht92ghtgnq	白柚	1	n					2025-07-28 22:37:52	2025-05-16 16:57:07
xhsu45wccp7	xt6fvrdrbrc	紅柚	1	n					2025-07-28 22:37:52	2025-05-16 16:57:07
xutsvmmru9c	xj7ypxn6hzp	青囝	1	n					2025-07-28 22:37:52	2025-05-16 16:57:07
x42w97wedec	xr96bzrw2h5	酸梅	1	n					2025-07-28 22:37:52	2025-05-16 16:57:07
xukfmd6ga9j	xrpyg3ysq9p	石榴	1	n					2025-07-28 22:37:52	2025-05-16 16:57:07
xbupfqft6m2	xzbt8x8xjhj	番石榴	1	n	桃金孃科番石榴屬的常綠灌木或小喬木植物。因多籽類似石榴而得名。			community contributor	2026-03-22 19:42:44	2025-05-16 16:57:07
x92rhcy78tu	xta529pe4cy	蜜餞	1	n					2025-07-28 22:37:52	2025-05-16 16:57:07
xuybd4jdgda	x3gbsj3azjv	柿餅	1	n					2025-07-28 22:37:52	2025-05-16 16:57:07
x7epwpyf7gw	xkef4n3dn9j	柿軟	1	n					2025-07-28 22:37:52	2025-05-16 16:57:07
xvthr96bzkz	xq658ya7cyh	柿霜餅	1	n					2025-07-28 22:37:52	2025-05-16 16:57:07
xwetttqpt7s	xhvvpp3ad2s	柿丸	1	n					2025-07-28 22:37:52	2025-05-16 16:57:07
xqrn8d3uxj5	xf33y5rd7r2	柿棗	1	n					2025-07-28 22:37:52	2025-05-16 16:57:07
xntugnupxcf	xnght5584ax	枇杷	1	n					2025-07-28 22:37:52	2025-05-16 16:57:07
xgjbntmjjup	xqgksehs5xa	蜜梨	1	n					2025-07-28 22:37:52	2025-05-16 16:57:07
xmssmuxsmck	x7svvpb22ay	犬頭梨	1	n					2025-07-28 22:37:52	2025-05-16 16:57:07
xjssukgx8h5	xagcypbgn6d	糖梨	1	n					2025-07-28 22:37:52	2025-05-16 16:57:07
xtk8dnjx2pa	x3hpk4d9uev	天水梨	1	n					2025-07-28 22:37:52	2025-05-16 16:57:07
x8e9gf8m2nj	xwbxaqx2vyw	烏棗	1	n					2025-07-28 22:37:52	2025-05-16 16:57:07
xunj2jyj4kv	xsk93vt73xz	白棗	1	n					2025-07-28 22:37:52	2025-05-16 16:57:07
xa5dyxs6377	xxjkfahfw7e	蜜棗	1	n	蜜棗			community contributor	2025-12-30 22:34:35	2025-05-16 16:57:07
xqvdy8wvk69	xe7wevj28vj	紅棗	1	n					2025-07-28 22:37:52	2025-05-16 16:57:07
xxbbbfg3c6y	xw4fg2erf6b	蘭棗	1	n					2025-07-28 22:37:52	2025-05-16 16:57:07
xsvbw5qnbzu	xas9wnxebyt	酸棗	1	n					2025-07-28 22:37:52	2025-05-16 16:57:07
xz9dy45kjst	x787n2awqfa	山楂	1	n					2025-07-28 22:37:52	2025-05-16 16:57:07
xae2u5e6m9q	x9z6727dkb3	栱斗	1	n					2025-07-28 22:37:52	2025-05-16 16:57:07
xc5fjrevqz2	xjdee6m79pc	蘋果	1	n					2025-07-28 22:37:52	2025-05-16 16:57:07
x6uuaec24nx	x8etcbgyzxx	李杮	1	n					2025-07-28 22:37:52	2025-05-16 16:57:07
xbkh2q645bt	xbb98kdj9zg	李歸	1	n					2025-07-28 22:37:52	2025-05-16 16:57:07
xucbhjf4uqg	x6z2mpvq5db	李鹹	1	n					2025-07-28 22:37:52	2025-05-16 16:57:07
xzvraxva5eu	xhbhznqnpzv	胭脂李	1	n					2025-07-28 22:37:52	2025-05-16 16:57:07
x7jh84yt5nu	xnpqtbyhcre	夫人李	1	n					2025-07-28 22:37:52	2025-05-16 16:57:07
xhkkspgyyrv	xanvgmpdtqu	杏仁	1	n					2025-07-28 22:37:52	2025-05-16 16:57:06
x2mctkr5y8b	xhass6hsqd9	櫻桃	1	n					2025-07-28 22:37:52	2025-05-16 16:57:06
xszy223t3ge	xv29jcz3unu	水蜜桃	1	n					2025-07-28 22:37:52	2025-05-16 16:57:06
xpk3bhn9kbv	x9vkzcbhu6u	絳桃	1	n					2025-07-28 22:37:52	2025-05-16 16:57:06
xse6awc4ww9	xwcgf3uzkx9	苦桃囝	1	n					2025-07-28 22:37:52	2025-05-16 16:57:06
xgg2ce7u8us	xprj8sgc5cf	苦桃	1	n					2025-07-28 22:37:52	2025-05-16 16:57:06
xu6azugzc7k	x6wjn2m66b3	榆甘	1	n					2025-07-28 22:37:52	2025-05-16 16:57:06
xrb2tcvdmn9	xjb66354938	朱櫻	1	n					2025-07-28 22:37:52	2025-05-16 16:57:06
x3trx4pgxqw	x9phsjetspj	糖薑	1	n					2025-07-28 22:37:52	2025-05-16 16:57:06
xdg6u2q5xk9	xpdqwszxrqm	乾果	1	n					2025-07-28 22:37:52	2025-05-16 16:57:06
xy2xcbvpm44	x78g8swgkmj	果子	1	n					2025-07-28 22:37:52	2025-05-16 16:57:06
xkztdd6gpbb	xncfwdbeeje	果子攤	1	n					2025-07-28 22:37:52	2025-05-16 16:57:06
xvnw9afrtj8	x6mhbz85c9s	果子樹	1	n					2025-07-28 22:37:52	2025-05-16 16:57:06
xbwg5sc9yt7	xs7b5cfnjms	水果	1	n					2025-07-28 22:37:52	2025-05-16 16:57:06
xs32vadhwr7	xw2t5k4my2k	𥳳籜	1	n					2025-07-28 22:37:52	2025-05-16 16:57:06
xyvebw44aud	xusnzsj5cdq	𥳳箬	1	n					2025-07-28 22:37:52	2025-05-16 16:57:06
xu3p3r7errt	xz6mn5nbuyk	箠梢	1	n					2025-07-28 22:37:52	2025-05-16 16:57:06
xmc6g5q9jh3	x6j8hzph2rp	箠批	1	n					2025-07-28 22:37:52	2025-05-16 16:57:06
xk3bfwk5j9q	xkegy8k59as	拔節	1		動賓短語，竹等作物到一定階段時，主莖的各節長得快，稱“拔節”。			community contributor|馮愛珍. 福州方言詞典[M]. 南京: 江蘇教育出版社, 1998.	2025-09-15 13:53:20	2025-05-16 16:57:06
xaxawuvudav	xkegy8k59as	拔節	10		◇比喻兒童在長個子的時候長得很快。			community contributor|馮愛珍. 福州方言詞典[M]. 南京: 江蘇教育出版社, 1998.	2025-09-15 13:51:19	2025-08-04 18:01:27
xxe7mebndhm	xkky4hqcuws	竹椏椏	1	n					2025-07-28 22:37:52	2025-05-16 16:57:06
xxpm8c5q9ng	x5y8qw2jq5z	竹絲	1	n					2025-07-28 22:37:52	2025-05-16 16:57:06
xt326fvxvd5	xzbagqjmdb8	竹𥮕	1	n					2025-07-28 22:37:52	2025-05-16 16:57:06
xy9mqwmjn6u	xeb796n5e54	竹批	1	n					2025-07-28 22:37:52	2025-05-16 16:57:06
x7bp3nw58mk	x3mw8sn8web	竹篾	1	n					2025-07-28 22:37:52	2025-05-16 16:57:06
x7sr8dkyh3z	x7nug3zgfqw	竹箬	1	n					2025-07-28 22:37:52	2025-05-16 16:57:06
xdejgcw4mqz	xtabqsgxszw	竹根	1	n					2025-07-28 22:37:52	2025-05-16 16:57:06
x9w7y7fmubu	x6auq6khhsg	竹竿	1	n					2025-07-28 22:37:52	2025-05-16 16:57:06
xtfskyqt2tf	x8u9qg7cnph	竹囝	1	n					2025-07-28 22:37:52	2025-05-16 16:57:06
xcbjmcg6fqq	xvfcrcm3jpw	竹殼	1	n					2025-07-28 22:37:52	2025-05-16 16:57:06
xhjahvbevzu	xu9yv8jkpv5	筍乾	1	n					2025-07-28 22:37:52	2025-05-16 16:57:06
xgxpqa54ptj	xuvrse7fccb	筍殼	1	n					2025-07-28 22:37:52	2025-05-16 16:57:06
x2t2euct7nk	xfjnpvcert5	苦筍	1	n					2025-07-28 22:37:52	2025-05-16 16:57:06
xsd4jn5sp4q	xdhyktssy5g	春筍	1	n					2025-07-28 22:37:52	2025-05-16 16:57:06
xdqs2ea2ehy	xe6qgj8yrzb	六月麻	1	n	六月麻筍。			community contributor	2025-10-17 15:17:14	2025-05-16 16:57:06
x73efy9r8sy	xwmd5jqhs26	冬筍	1	n					2025-07-28 22:37:52	2025-05-16 16:57:06
xdbfwrtukjc	x2wstvefwvs	竹筍	1	n					2025-07-28 22:37:52	2025-05-16 16:57:06
x6749wxuznr	x9bw7w5tbxs	麻竹	1	n	植物名，竹類。具備經濟價值，可供建築用，製作工藝品，作爲造紙原料，以及制作填塞龍舟接縫的竹絲等。即普通話的「毛竹」。	表示毛竹，又有meoy21 leoyk24一詞，見諸閩侯。		community contributor	2025-10-17 15:14:20	2025-05-16 16:57:06
xwz2t269txx	xwe2bwrkkea	苦竹	1	n					2025-07-28 22:37:52	2025-05-16 16:57:06
xhe479ajtpp	x923292btrf	楠木	1	n					2025-07-28 22:37:52	2025-05-16 16:57:06
xufzsdx7zye	xuhj3kgbqhy	相思樹	1	n					2025-07-28 22:37:52	2025-05-16 16:57:06
x74fmf7q434	xqv99r2n99u	紅木	1	n					2025-07-28 22:37:52	2025-05-16 16:57:06
xnc3pcmk2zq	xm2gqtbmmf9	桕油	1	n					2025-07-28 22:37:52	2025-05-16 16:57:06
xxmujw63rgf	xuuqrux39f5	肥豬	1	n					2025-07-28 22:37:52	2025-05-16 16:57:06
x9c7up76pq8	xnf4y22gv6c	桕子	1	n					2025-07-28 22:37:52	2025-05-16 16:57:06
x967f8nsfe4	xgjnmchshca	桕樹	1	n					2025-07-28 22:37:52	2025-05-16 16:57:06
xvstxqarnsb	xeex3gnh3ng	肥豬丸	1	n					2025-07-28 22:37:52	2025-05-16 16:57:06
xujxefw4r5b	xv5np9w6rn7	沉香	1	n					2025-07-28 22:37:52	2025-05-16 16:57:06
xksk8qcbk7e	xbj9a47ytj8	苦楝	1	n					2025-07-28 22:37:52	2025-05-16 16:57:06
xrqadeyda8u	xhftfqq7w3b	苦楝子	1	n					2025-07-28 22:37:52	2025-05-16 16:57:06
xy3amd3kbdn	xuwjddnw8xj	生漆	1	n					2025-07-28 22:37:52	2025-05-16 16:57:06
xguza42e8gs	xcnvettrzs4	桐油	1	n					2025-07-28 22:37:53	2025-05-16 16:57:06
xbpk6psp2tm	xdzv7su76cu	梧桐子	1	n					2025-07-28 22:37:53	2025-05-16 16:57:06
x9ac34bzfmh	x8e72tkthd2	桐樹	1	n					2025-07-28 22:37:53	2025-05-16 16:57:06
xkvzreka38j	x2dge3trt59	茶子	1	n					2025-07-28 22:37:53	2025-05-16 16:57:06
xbumw4mm7zv	xwkpxhefp2r	茶𣗺	1	n					2025-07-28 22:37:53	2025-05-16 16:57:05
xye645jn2rk	xk3g7ypuxzc	油桐	1	n					2025-07-28 22:37:53	2025-05-16 16:57:05
xu8n6zuqr4n	xc5xc9jv6h3	柳絮	1	n					2025-07-28 22:37:53	2025-05-16 16:57:05
x6nuukhkkaz	xuac3rzr9hw	柳管	1	n					2025-07-28 22:37:53	2025-05-16 16:57:05
x2pxkq42s99	xfjppzg2ar4	柳椏	1	n					2025-07-28 22:37:53	2025-05-16 16:57:05
xt9prkr2r62	xgzscsqup3c	柳樹	1	n					2025-07-28 22:37:53	2025-05-16 16:57:05
xtg6bqamtwb	xxsny2m8wuk	棕樹	1	n					2025-07-28 22:37:53	2025-05-16 16:57:05
x3ggj58r4rf	xadqgs4vu3t	楊柳	1	n					2025-07-28 22:37:53	2025-05-16 16:57:05
xe3abjbf5jj	xpp5fabuqg7	楊樹	1	n					2025-07-28 22:37:53	2025-05-16 16:57:05
xzyay98pu7y	x365ypyxhk4	蠶繭箬	1	n					2025-07-28 22:37:53	2025-05-16 16:57:05
xtbtedx9wmn	xq6rgmh9ygw	桑箬	1	n					2025-07-28 22:37:53	2025-05-16 16:57:05
xhdysj438kp	x626tmc9jec	桑白	1	n					2025-07-28 22:37:53	2025-05-16 16:57:05
xbwbpf8rv7u	xkvxdzuf7yx	桑皮紙	1	n					2025-07-28 22:37:53	2025-05-16 16:57:05
xufgbagzknx	xt8z59fd48j	桑芽茶	1	n					2025-07-28 22:37:53	2025-05-16 16:57:05
xtrcv5j2aj4	xqxu2jn86cp	桑芽箬	1	n					2025-07-28 22:37:53	2025-05-16 16:57:05
x2gaehumsb4	xedz3h4nxkf	桑頭子	1	n					2025-07-28 22:37:53	2025-05-16 16:57:05
xquud7sd9gb	xkw4nc7pdrb	桑樹	1	n					2025-07-28 22:37:53	2025-05-16 16:57:05
xz48e7yv86z	x9dudbyynuy	蠶繭樹	1	n					2025-07-28 22:37:53	2025-05-16 16:57:05
xxvc5amxs82	xjmcj9degwp	胰皂子	1	n					2025-07-28 22:37:53	2025-05-16 16:57:05
xqas72g6qrf	xq78a8pxypp	胰皂子樹	1	n					2025-07-28 22:37:53	2025-05-16 16:57:05
xxa3syuuatw	xtnmc3my7rc	杉柴	1	n					2025-07-28 22:37:53	2025-05-16 16:57:05
xjspdtmyn7b	xe6wwc56ngd	樟柴	1	n					2025-07-28 22:37:53	2025-05-16 16:57:05
xc4uhbfkxks	xzvq2gb3puz	白膠	1	n					2025-07-28 22:37:53	2025-05-16 16:57:05
xvmtbhbfarc	xkuxenxp82u	松柏	1	n					2025-07-28 22:37:53	2025-05-16 16:57:05
xt3yn7rn5f2	xzcakjvcr6u	松柏子	1	n					2025-07-28 22:37:53	2025-05-16 16:57:05
xtm7aazef6a	xv382cqvsgg	松子	1	n					2025-07-28 22:37:53	2025-05-16 16:57:05
x4kdpd6b4r8	xv7vbyxm5bb	松毛卵	1	n					2025-07-28 22:37:53	2025-05-16 16:57:05
xwk7r4rhdmk	xdvq9h73krs	松毛鬚	1	n					2025-07-28 22:37:53	2025-05-16 16:57:05
xm6u2wcke5j	xr7wxsxp6uy	松明	1	n					2025-07-28 22:37:53	2025-05-16 16:57:05
x7r8rq7bznn	xsrf8xn233n	松樹	1	n					2025-07-28 22:37:53	2025-05-16 16:57:05
xykmbtp3th3	x7zp54xjuxz	砍樹	1		動賓短語，（以刀、斧猛力）砍斷樹。			community contributor|馮愛珍. 福州方言詞典[M]. 南京: 江蘇教育出版社, 1998.	2025-09-15 13:50:50	2025-05-16 16:57:05
xawz5g9qvs4	x7whtf6qqb6	樹皮	1	n					2025-07-28 22:37:53	2025-05-16 16:57:05
xg8frcu6ada	x74kdxm5hz9	樹兜	1	n					2025-07-28 22:37:53	2025-05-16 16:57:05
x88jqnbsuua	xppe5p6edj3	樹橛	1	n	樹段			community contributor	2025-10-17 16:37:02	2025-05-16 16:57:05
xpxu79h8arr	xkpwh7wpzxg	樹箬	1	n					2025-07-28 22:37:53	2025-05-16 16:57:05
xhrfbkvdsa2	x8cway93hgk	樹根	1	n					2025-07-28 22:37:53	2025-05-16 16:57:05
xnz4t4admny	x3heqkxp62b	樹尾	1	n					2025-07-28 22:37:53	2025-05-16 16:57:05
x4qzs4aj9pk	xwqe9qb6y6v	尾梢	1	n					2025-07-28 22:37:53	2025-05-16 16:57:05
xud5v455euu	xk5kggnwaw7	椏垂	1	n					2025-07-28 22:37:53	2025-05-16 16:57:05
xszbgz46mxt	xp9gv6w58tp	樹栽	1	n					2025-07-28 22:37:53	2025-05-16 16:57:05
xn4thpr6mev	xmy49qqxgsx	樹身	1	n					2025-07-28 22:37:53	2025-05-16 16:57:05
x3fhfkv7bzb	xtbebejpma9	掃帚栽	1	n					2025-07-28 22:37:53	2025-05-16 16:57:05
xvm3qerrwkq	xcaer6mfgq6	菜裨*	1	n	白菜一類的蔬菜，其外層葉子離根近而較厚的部分。		"[""韭～。"", ""白～。"", ""芥～。""]"	community contributor	2025-09-12 17:24:21	2025-05-16 16:57:05
x34thx3ttay	xsmmbufau49	菠菠	1	n					2025-07-28 22:37:53	2025-05-16 16:57:05
xkm63ppj8b9	xscrvq48tue	菠菠草	1	n					2025-07-28 22:37:53	2025-05-16 16:57:05
xs2kkguga7e	xcefqey4d6c	菜種	1	n					2025-07-28 22:37:53	2025-05-16 16:57:05
xrvhhft2baw	xeek44mpkfg	菜栽	1	n					2025-07-28 22:37:53	2025-05-16 16:57:05
x3jp23ve22x	x9jx4f43g99	菜管	1	n					2025-07-28 22:37:53	2025-05-16 16:57:05
xn3x7h8jzh8	xrqhwjy6tjt	菜蕨	1	n					2025-07-28 22:37:53	2025-05-16 16:57:05
xbbqehx2thd	x6g9cdq96j4	懿旨菜	1	n					2025-07-28 22:37:53	2025-05-16 16:57:05
x73hmjtxmtc	x5572uwxap6	花瓶菜	1	n					2025-07-28 22:37:53	2025-05-16 16:57:04
x8v7h43r98m	x2ecwhcnxej	葵菜	1	n					2025-07-28 22:37:53	2025-05-16 16:57:04
xdfn7m728b8	xgm4zsu3k8x	花菜	1	n					2025-07-28 22:37:53	2025-05-16 16:57:04
x69ef4fem2b	x99gf6rvdu9	旱蕹	1	n					2025-07-28 22:37:53	2025-05-16 16:57:04
xsbgm92rrbw	xfta8raa8ur	水蕹	1	n					2025-07-28 22:37:53	2025-05-16 16:57:04
x46qw7xg57t	xg28fn6ez7r	蕹菜	1	n					2025-07-28 22:37:53	2025-05-16 16:57:04
xz2mpnjw9tj	xh4ee8rbwqt	油菜籽	1	n					2025-07-28 22:37:53	2025-05-16 16:57:04
x2rywjj93zb	xp6xqe5q3zg	油菜心	1	n					2025-07-28 22:37:53	2025-05-16 16:57:04
xvq8u8fpt8h	xkf7b288tks	油菜	1	n					2025-07-28 22:37:53	2025-05-16 16:57:04
xhyd543umq6	xsnhn8ys224	油白菜	1	n					2025-07-28 22:37:53	2025-05-16 16:57:04
xsjv925rga5	xf9tqsz9je3	茭筍	1	n					2025-07-28 22:37:53	2025-05-16 16:57:04
xctfgsutsjf	xgmhg6dd2ta	榨菜	1	n					2025-07-28 22:37:53	2025-05-16 16:57:04
xyc7yy5bjxz	xyy7umbcvsh	大頭菜	1	n					2025-07-28 22:37:53	2025-05-16 16:57:04
xdjr54qg2w5	xe8h2cvmad4	蔓菁骹	1	n					2025-07-28 22:37:53	2025-05-16 16:57:04
xm9m2qcgmx9	xkhhbuem9up	蔓菁	1	n					2025-07-28 22:37:53	2025-05-16 16:57:04
xdew66rbwyk	x9qdbn5qxhj	紅花草	1	n					2025-07-28 22:37:53	2025-05-16 16:57:04
xddbup56a2a	xxgesbr6cee	蘿蔔	1	n					2025-07-28 22:37:53	2025-05-16 16:57:04
xqdvdd78stg	x8ctfee4k44	菜脯醬⿱艹越	1	n					2025-07-28 22:37:53	2025-05-16 16:57:04
xqyuzhunqwm	xfqg3nzrcg4	菜脯囝	1	n					2025-07-28 22:37:53	2025-05-16 16:57:04
xeg8x3m2m6s	xkwyge9k2pw	菜脯	1	n					2025-07-28 22:37:53	2025-05-16 16:57:04
x4kfymamqdy	xwjnzxy3mhr	菜頭箬	1	n					2025-07-28 22:37:53	2025-05-16 16:57:04
xb5egudkd9w	x7j7fnd9b8y	硼*芒*	1	n					2025-07-28 22:37:53	2025-05-16 16:57:04
xhkhydmcfas	xwcpftqhas8	菜頭配	1	n					2025-07-28 22:37:53	2025-05-16 16:57:04
xsjuutzrp7r	xkezk5htvfk	菜頭	1	n					2025-07-28 22:37:53	2025-05-16 16:57:04
xxm6m5dk8e4	xmvnu3vsv75	香菜	1	n					2025-07-28 22:37:53	2025-05-16 16:57:04
xjef32jqsuv	xpw7nyaey84	芹菜蒜	1	n					2025-07-28 22:37:53	2025-05-16 16:57:04
xb2xv986snh	xx536k6xd7c	芹菜	1	n					2025-07-28 22:37:53	2025-05-16 16:57:04
xwm2kn7qw8g	xa3ywurmb22	豬母菜	1	n					2025-07-28 22:37:53	2025-05-16 16:57:04
xsx85956dgf	x4kst86ea98	牛皮菜	1	n					2025-07-28 22:37:53	2025-05-16 16:57:04
xpdkmnandte	xhh4jzpnp3n	春菜	1	n					2025-07-28 22:37:53	2025-05-16 16:57:04
xmuzq74bxqj	xcx3rwucfpz	萵筍	1	n					2025-07-28 22:37:53	2025-05-16 16:57:04
xjpfk4te5dq	xsfdrqcadtv	筍門菜	1	n					2025-07-28 22:37:53	2025-05-16 16:57:04
x6sqqtxtj57	xnf3byzumru	包菜	1	n					2025-07-28 22:37:53	2025-05-16 16:57:04
xksszfga29a	xmkneetgyze	白菜囝	1	n					2025-07-28 22:37:53	2025-05-16 16:57:04
xe66akg4xjq	xeuqujyv7a8	白菜	1	n					2025-07-28 22:37:53	2025-05-16 16:57:04
xzkxhyzmth4	xdvyx5jepd5	山東白	1	n					2025-07-28 22:37:53	2025-05-16 16:57:04
xg7rxsdvqm4	xydygzm3ur2	菠薐菜	1	n					2025-07-28 22:37:53	2025-05-16 16:57:04
x2m8jvf56a2	xdng44y3tue	菠薐	1	n					2025-07-28 22:37:53	2025-05-16 16:57:04
xfbhj8b9wam	xenc2gjcm8h	芥辣	1	n					2025-07-28 22:37:53	2025-05-16 16:57:04
xuezv7e8pmf	xynw489xvms	芥菜	1	n	葉大，多皺紋，可食用，是常用蔬菜。			community contributor	2025-09-12 18:57:43	2025-05-16 16:57:04
x8567njsx4w	xmwwhfkvtdw	芥藍球	1	n					2025-07-28 22:37:53	2025-05-16 16:57:04
xud4xjngu77	xuuj2uwzq76	芥藍菜	1	n					2025-07-28 22:37:53	2025-05-16 16:57:04
xw7f7c25xwn	xe9uas6x4ej	胡椒	1	n					2025-07-28 22:37:53	2025-05-16 16:57:04
xm8nkqsh8fx	xqj6j399qgb	辣椒粉	1	n					2025-07-28 22:37:54	2025-05-16 16:57:04
xx4xtg57hyc	xhf7mpn2z4m	番椒	1	n					2025-07-28 22:37:54	2025-05-16 16:57:04
x983xwgrtfw	xeyakbjd2ff	菜椒	1	n					2025-07-28 22:37:54	2025-05-16 16:57:04
x77csq2dhb3	xy43utasajp	青椒	1	n					2025-07-28 22:37:54	2025-05-16 16:57:03
xua5jshfrhz	xk8eptps7yv	薑碎	1	n					2025-07-28 22:37:54	2025-05-16 16:57:03
xaawvp4ywx8	xwfxtrjex7u	薑母	1	n					2025-07-28 22:37:54	2025-05-16 16:57:03
xyrw3nbvu39	x6tre3dkjxy	生薑	1	n					2025-07-28 22:37:54	2025-05-16 16:57:03
x7jtf4r5hby	xffjf7rfkka	番柿	1	n					2025-07-28 22:37:54	2025-05-16 16:57:03
xp4cr2d8yqk	xj22676pakf	艾菜	1	n					2025-07-28 22:37:54	2025-05-16 16:57:03
xqqkmukdcez	x2escp87ep7	莧菜	1	n					2025-07-28 22:37:54	2025-05-16 16:57:03
xbdf6yvshpt	x89wkvekmjr	蓼藠	1	n					2025-07-28 22:37:54	2025-05-16 16:57:03
xca759dvtw4	xwhyz8hc44f	黃芽韭	1	n					2025-07-28 22:37:54	2025-05-16 16:57:03
xgpvdzaphp3	xaw67kcpyk2	韭菜心	1	n					2025-07-28 22:37:54	2025-05-16 16:57:03
x4anqmjxgnw	x4ebfyhc2g4	韭菜	1	n					2025-07-28 22:37:54	2025-05-16 16:57:03
xb5fmtf8hur	xs4vcp6t24d	韭菜裨*	1	n	韭菜幫子。			community contributor	2025-09-12 17:14:09	2025-05-16 16:57:03
xzguh7zmwu3	x8rawx87wvz	蒜頭醬	1	n					2025-07-28 22:37:54	2025-05-16 16:57:03
xj77af5yybm	xf57wtcwqbm	蒜苗	1	n					2025-07-28 22:37:54	2025-05-16 16:57:03
xss66rmjj6n	xz9fqn33a39	蒜頭	1	n					2025-07-28 22:37:54	2025-05-16 16:57:03
xk29tq5xy2d	xjvprj4wcga	葫蒜	1	n					2025-07-28 22:37:54	2025-05-16 16:57:03
xg8sdwjnz99	xmbr8jvepb2	蒜瓣	1	n	蒜瓣。			community contributor|馮愛珍. 福州方言詞典[M]. 南京: 江蘇教育出版社, 1998.	2025-09-27 16:25:43	2025-05-16 16:57:03
xhjgn35b5e8	xh5zh3a5gpe	蔥白	1	n					2025-07-28 22:37:54	2025-05-16 16:57:03
xtr9tmevt55	xqumk9h884b	山東蔥	1	n					2025-07-28 22:37:54	2025-05-16 16:57:03
xhr5h3xq68q	xrmg9zzqwwb	洋蔥	1	n					2025-07-28 22:37:54	2025-05-16 16:57:03
x4zet94pnat	xm5v4ueg9za	蔥頭	1	n					2025-07-28 22:37:54	2025-05-16 16:57:03
xbadgm7ntt9	xmf799s72es	蔥珠	1	n					2025-07-28 22:37:54	2025-05-16 16:57:03
xe7zd63r934	xx4jcysrpk6	香櫞	1	n					2025-07-28 22:37:54	2025-05-16 16:57:03
xzhns5kug2b	xg8gz6hnj24	菜箬	1	n					2025-07-28 22:37:54	2025-05-16 16:57:03
xj63247fe3j	x7yuy9sbpq4	青菜	1	n					2025-07-28 22:37:54	2025-05-16 16:57:03
xgy9pps5nur	x7yuy9sbpq4	青菜	1	n	綠色的蔬菜。			community contributor	2025-09-14 23:32:33	2025-05-16 17:05:51
xzz6ke66m5h	xkqyaf9v47j	倭匏	1	n					2025-07-28 22:37:54	2025-05-16 16:57:03
xnprn5a2vz6	x9wevcvgwqn	匏棚	1	n					2025-07-28 22:37:54	2025-05-16 16:57:03
xrtuah5hm5u	xbkdgz8u86s	葫蘆匏	1	n					2025-07-28 22:37:54	2025-05-16 16:57:03
xbg2fsu6hun	xh64pja6zvk	冬瓜	1	n					2025-07-28 22:37:54	2025-05-16 16:57:03
xeu33h7vqnv	xd8b797px7y	廣瓜	1	n	冬瓜			community contributor	2025-07-28 22:37:54	2025-05-16 16:57:03
xaq9dvevhkv	xaq7vjtbqhs	金瓜	1	n					2025-07-28 22:37:54	2025-05-16 16:57:03
xwg8q8p6mvw	xse9bnyx5tc	苦瓜	1	n					2025-07-28 22:37:54	2025-05-16 16:57:03
xdr27bsbtd7	xv565z4vcmp	萌瓜	1	n					2025-07-28 22:37:54	2025-05-16 16:57:03
xzcmvuc4wkx	xcwuebns84b	梢瓜	1	n					2025-07-28 22:37:54	2025-05-16 16:57:03
xqacwmwyfsu	x2qmkwwhs9x	黃瓜	1	n					2025-07-28 22:37:54	2025-05-16 16:57:03
xkgzzs9j3uk	x39pbyebrza	菜瓜	1	n					2025-07-28 22:37:54	2025-05-16 16:57:03
xs75sj94sv3	x697pahpexr	紫菜	1	n					2025-07-28 22:37:54	2025-05-16 16:57:03
xc3zss3nw6m	x82ykfwyj8m	蠶豆花	1	n					2025-07-28 22:37:54	2025-05-16 16:57:03
xp7hffax8mb	xhqfywh6qj5	蠶豆	1	n					2025-07-28 22:37:54	2025-05-16 16:57:03
xc7g9fpvnqg	xbbgdjq6s73	豬囝豆	1	n					2025-07-28 22:37:54	2025-05-16 16:57:03
x4pc64279st	xnwrtq6wp96	湖鰍豆	1	n					2025-07-28 22:37:54	2025-05-16 16:57:03
x7sf9t2ey75	xgj25nbc88c	四季豆	1	n					2025-07-28 22:37:54	2025-05-16 16:57:03
x3hq23tteb8	xzc8azdfsuf	豇豆	1	n					2025-07-28 22:37:54	2025-05-16 16:57:03
x4h2t6z9m75	xexqs9dbb44	豆角	1	n					2025-07-28 22:37:54	2025-05-16 16:57:03
x49ckp6zbgz	x2v37v3ebna	金豆	1	n					2025-07-28 22:37:54	2025-05-16 16:57:03
xgnr68asg23	x4rra874b5k	紅豆	1	n					2025-07-28 22:37:54	2025-05-16 16:57:03
x8kxtrqgsu4	xtzhbb9zjxe	烏豆	1	n					2025-07-28 22:37:54	2025-05-16 16:57:03
xjmrqx9dfze	xaxxnmayy7s	綠豆	1	n					2025-07-28 22:37:54	2025-05-16 16:57:03
x5m9sy33qvy	xvzdthxtugd	青豆	1	n					2025-07-28 22:37:54	2025-05-16 16:57:03
x8ts83u3r6j	x8sagcggs2b	黃豆	1	n					2025-07-28 22:37:54	2025-05-16 16:57:03
x4pecz2vth4	xc9q2mywf8r	豆莢	1	n					2025-07-28 22:37:54	2025-05-16 16:57:03
x96rs6bnvqq	xe6abuztzxw	豆青	1	n					2025-07-28 22:37:54	2025-05-16 16:57:02
x33wtnbcyxx	x9q9azqmxw9	豆囝	1	n					2025-07-28 22:37:54	2025-05-16 16:57:02
xzdhv3yd36a	xr8hkzcabjx	菜豆	1	n					2025-07-28 22:37:54	2025-05-16 16:57:02
x8mkk634kwd	xzvuk8dn3db	豆根	1	n					2025-07-28 22:37:54	2025-05-16 16:57:02
xundtetfxvq	xqsn2a6jchk	蓮子	1	n					2025-07-28 22:37:54	2025-05-16 16:57:02
xs5v69k2nbe	xzm84prg87x	蓮角	1	n					2025-07-28 22:37:54	2025-05-16 16:57:02
xtnpnwtabb9	xtkhkxu8ar5	藕纇	1	n					2025-07-28 22:37:54	2025-05-16 16:57:02
xrzqdstx76r	xt6p89h4y9z	藕空	1	n					2025-07-28 22:37:54	2025-05-16 16:57:02
xutbg77mjr3	xvahh3u7vsg	檳榔芋	1	n					2025-07-28 22:37:54	2025-05-16 16:57:02
xtghrzjy5jr	xmapw727hwg	芋卵	1	n					2025-07-28 22:37:54	2025-05-16 16:57:02
x36wgwmzyej	xvbj3jckwxa	芋粿	1	n					2025-07-28 22:37:54	2025-05-16 16:57:02
xxf29dkeeh4	x4n9trbbb2b	芋泥	1	n					2025-07-28 22:37:54	2025-05-16 16:57:02
xpt8vums4dn	xu88nnksz47	番囝薯	1	n					2025-07-28 22:37:54	2025-05-16 16:57:02
xu8tm49hevx	xczy68cpema	番薯歞	1	n					2025-07-28 22:37:54	2025-05-16 16:57:02
xhu595k26mn	xhs2jmjcs2w	番薯韌	1	n					2025-07-28 22:37:54	2025-05-16 16:57:02
xur37keb5hg	xzfmvjqcmec	番薯粿	1	n					2025-07-28 22:37:54	2025-05-16 16:57:02
xvmmwvmaxnn	xg4pv7jfg5w	番薯屎	1	n					2025-07-28 22:37:54	2025-05-16 16:57:02
xbf38g978zh	xwpe7ec2w5e	番薯米	1	n					2025-07-28 22:37:54	2025-05-16 16:57:02
xkcruxmn54m	xwws7p6czdy	番薯飯	1	n					2025-07-28 22:37:54	2025-05-16 16:57:02
xpdextuqry5	xm9a54t3d5b	番薯粉	1	n					2025-07-28 22:37:54	2025-05-16 16:57:02
x7g6edsnhpr	x8wfsp76zue	番薯錢	1	n					2025-07-28 22:37:54	2025-05-16 16:57:02
x3fge9qqz7s	xz9nykdz89x	番薯	1	n					2025-07-28 22:37:54	2025-05-16 16:57:02
x2877b6632z	xhzp2bdch87	葵花	1	n					2025-07-28 22:37:54	2025-05-16 16:57:02
xnj9snwb2bk	x3e942aautz	葵花子	1	n					2025-07-28 22:37:54	2025-05-16 16:57:02
xg5978masqz	xs6fwcpbp2r	向日葵子	1	n					2025-07-28 22:37:54	2025-05-16 16:57:02
xk687jce4cg	x79s3baaptb	向日葵	1	n					2025-07-28 22:37:54	2025-05-16 16:57:02
x7arvhrzhk5	xch3st2w2rk	芝麻	1	n					2025-07-28 22:37:54	2025-05-16 16:57:02
xqqew456289	xsyzwn9hdta	苧線	1	n					2025-07-28 22:37:54	2025-05-16 16:57:02
xgkbn385nbx	xa4rsf99642	苧絲	1	n					2025-07-28 22:37:54	2025-05-16 16:57:02
xrwrz57xnya	xrjj8te5332	棉桃	1	n					2025-07-28 22:37:55	2025-05-16 16:57:02
x232xp2gavz	xvwbgncnm42	棉花	1	n					2025-07-28 22:37:55	2025-05-16 16:57:02
xsatbdkjksu	xvb5k9s5x9d	稗草	1	n					2025-07-28 22:37:55	2025-05-16 16:57:02
xnh6kxb8jew	x4j3tspytrv	米心	1	n					2025-07-28 22:37:55	2025-05-16 16:57:02
xx24fwrwqka	xzdux2tqtsu	白米	1	n					2025-07-28 22:37:55	2025-05-16 16:57:02
x8r6ar34jby	xag7jbfyctw	米糠	1	n					2025-07-28 22:37:55	2025-05-16 16:57:02
xqqgwzarvab	xxxhpwxpdcc	臺米	1	n					2025-07-28 22:37:55	2025-05-16 16:57:02
x3ab4wf5bue	xthzbkb83hm	糙米	1	n					2025-07-28 22:37:55	2025-05-16 16:57:02
xhrmqq6m537	xm86kkveq89	晚米	1	n					2025-07-28 22:37:55	2025-05-16 16:57:02
xbcc9drkfnr	xqbpena66h2	早米	1	n					2025-07-28 22:37:55	2025-05-16 16:57:02
xh8w45vs2ev	xq6c4avcf98	黃占	1	n					2025-07-28 22:37:55	2025-05-16 16:57:02
xvrkudhv4dk	x7r4m6k6axh	粳米	1	n					2025-07-28 22:37:55	2025-05-16 16:57:02
xxbhws3neem	xs3fd5wpcw4	秫米	1	n					2025-07-28 22:37:55	2025-05-16 16:57:02
xupag9nfgbr	x5gdxsvjtha	粟殼	1	n					2025-07-28 22:37:55	2025-05-16 16:57:02
xt8tbexwfds	xjx3s6aq6sr	冇粟	1	n					2025-07-28 22:37:55	2025-05-16 16:57:02
x3dupy4n5rz	x43hwmrt3dk	黃占粙	1	n					2025-07-28 22:37:55	2025-05-16 16:57:02
xauc5nhemjn	xexyam4ntbq	六月早	1	n					2025-07-28 22:37:55	2025-05-16 16:57:02
xf4b5wyyv6d	x3a5ngb4wq4	粙頭	1	n					2025-07-28 22:37:55	2025-05-16 16:57:02
xhx54agd26x	xd5gm3grnwa	粙穗	1	n					2025-07-28 22:37:55	2025-05-16 16:57:02
xhghpejzxc9	x67dr7bbgeb	穄黍	1	n					2025-07-28 22:37:55	2025-05-16 16:57:02
x55mhxs4euh	x2gv5usxz27	穄米	1	n					2025-07-28 22:37:55	2025-05-16 16:57:02
xazhy5m8e64	xuc7wn3cntj	油天炮	1	n					2025-07-28 22:37:55	2025-05-16 16:57:02
xynyrs3segh	x3vx5f3gmd3	小米	1	n					2025-07-28 22:37:55	2025-05-16 16:57:02
xkq9h2rvjnm	xzw4f629xdf	大秮	1	n					2025-07-28 22:37:55	2025-05-16 16:57:02
xdxdb4wt9ya	x7ndey2adpp	鴨骹秮	1	n					2025-07-28 22:37:55	2025-05-16 16:57:02
xwmc5uvtgn5	xwb6r884bmx	犬尾秮	1	n					2025-07-28 22:37:55	2025-05-16 16:57:01
xas3j7abf3a	xvgpdhvgh5w	黃秮	1	n					2025-07-28 22:37:55	2025-05-16 16:57:01
xzrhc7zqdng	xs9ft3b8arr	稿頭蒂	1	n					2025-07-28 22:37:55	2025-05-16 16:57:01
xz44pc7puhp	xnv7wgyfxz6	麥根	1	n					2025-07-28 22:37:55	2025-05-16 16:57:01
xsjng3f64he	xucyp3hcjzy	麥穗	1	n					2025-07-28 22:37:55	2025-05-16 16:57:01
x8n6dfpvz8x	xzd4u4gb3tm	麥針	1	n					2025-07-28 22:37:55	2025-05-16 16:57:01
xdaz6jwv6ug	xfh6m3cwg4q	小麥	1	n					2025-07-28 22:37:55	2025-05-16 16:57:01
xkqcm52wsvf	xcq82cbgksp	發芽	1	n					2025-07-28 22:37:55	2025-05-16 16:57:01
xmddkbp88je	xbref6f2ka2	五穀	1	n					2025-07-28 22:37:55	2025-05-16 16:57:01
xrspqjt3pyn	xc4qx9h36xj	掃帚	1	n					2025-07-28 22:37:55	2025-05-16 16:57:01
x2hnapumf74	xfbaxtap2gq	叉𥮕	1	n					2025-07-28 22:37:55	2025-05-16 16:57:01
xjy92fczqjj	x8mjs4bxbzz	叉杖	1	n					2025-07-28 22:37:55	2025-05-16 16:57:01
xfrvkkxjhq3	xzfrtxv9s9u	扒糞掃	1		動賓短語，掏垃圾，翻垃圾。			community contributor	2025-09-15 13:53:52	2025-05-16 16:57:01
xgteaa8vxkb	x8aujs7k6vd	糞掃	1	n	不需要或者無用的固體或者流體物質。廢棄物。			community contributor	2026-03-26 21:23:54	2026-03-26 21:23:54
x2h5bgdx7qh	xk2cte9phfk	糞桸	1	n	糞勺			community contributor	2025-10-23 20:21:07	2025-10-23 20:21:07
xvxm9zg9qyg	xg3pvjuw9ns	塗箕	1	n					2025-07-28 22:37:55	2025-05-16 16:57:01
xb5x2rt3b77	xyebsxcu6ha	柴刀	1	n					2025-07-28 22:37:55	2025-05-16 16:57:01
xfdfva4us4e	xddqjftfut5	鍥刀	1	n					2025-07-28 22:37:55	2025-05-16 16:57:01
x25pjfghbr8	xtrybv6fuvp	鍘刀	1	n					2025-07-28 22:37:55	2025-05-16 16:57:01
x3pu6rzt889	xc3asj9g984	鋤頭	1	n					2025-07-28 22:37:55	2025-05-16 16:57:01
xg4db2ksugg	xuumbadv4a9	鶴喙	1	n					2025-07-28 22:37:55	2025-05-16 16:57:01
xgfhznfvmu6	x5fy4u7s8ga	耙耙	1	n					2025-07-28 22:37:55	2025-05-16 16:57:01
xpf9knfp7cy	xbyhmkv4txx	臼槌	1	n					2025-07-28 22:37:55	2025-05-16 16:57:01
x8ct8huwcpm	xqywm9tcgju	籧篨	1	n					2025-07-28 22:37:55	2025-05-16 16:57:00
xptamjzzrm3	xdr35c4zt8e	耙杈	1	n					2025-07-28 22:37:55	2025-05-16 16:57:00
xuxany75wsp	xtsveuqxr8s	耙鎝	1	n					2025-07-28 22:37:55	2025-05-16 16:57:00
x8dh6244yfm	x4msjsz9eyn	牛犁	1	n					2025-07-28 22:37:55	2025-05-16 16:57:00
xx9p99dyqzv	x76uu6yndcq	牛鼻桊	1	n					2025-07-28 22:37:55	2025-05-16 16:57:00
xfu3zgza3m5	xyj8drap7mh	牛喙罩	1	n					2025-07-28 22:37:55	2025-05-16 16:57:00
x6khn8zdh2k	xe826m2fk4k	牛車	1	n					2025-07-28 22:37:55	2025-05-16 16:57:00
xecf9qjx2nc	xy68rs7scmm	馬車	1	n					2025-07-28 22:37:55	2025-05-16 16:57:00
x9pstn4g4ds	xanpshcdsrn	伐*桶	1	n	吊水桶。			community contributor	2025-08-27 13:00:18	2025-08-27 13:00:18
xuerwfw4bjh	x59z4t9ptv4	尿桸	1	n	澆水瓢			community contributor	2025-10-23 20:20:48	2025-10-23 20:20:48
xhq24bug6yu	x47u45un6ke	䁐牛	1		動賓短語，看牛，放牛。			community contributor	2025-09-24 13:04:11	2025-09-24 13:04:11
xuk4xq8zsth	x47u45un6ke	䁐牛	2		◇指在較差的學校中，教師不須管理教學，只要看住學生，俾使一個不少。			community contributor	2025-09-24 13:04:11	2025-05-16 17:05:58
xwcnfn4v9hm	xwrdyaengpr	居水	1		動賓短語；（乾旱的時候）蓄水，儲水。			community contributor|馮愛珍. 福州方言詞典[M]. 南京: 江蘇教育出版社, 1998.	2025-09-15 13:51:39	2025-05-16 16:57:00
xp65ffmrs52	xq4jn69ub5t	漉蟆	1		動賓短語，撈水裏的寄生物、孑孓等（用來喂金魚等）。			community contributor|馮愛珍. 福州方言詞典[M]. 南京: 江蘇教育出版社, 1998.	2025-09-15 13:53:42	2025-05-16 16:57:00
xczd9h52c28	xfmjavthwgj	漉薸	1		動賓短語，撈浮萍。			community contributor	2025-09-15 13:54:00	2025-05-16 16:57:00
x7mxda4ejh2	xk97s68q2g5	戽斗	1	n					2025-07-28 22:37:55	2025-05-16 16:57:00
x5gzdmkdfxs	xwaabk9h3zr	戽浦	1		動賓短語，排乾魚塘裏的水(以便捕魚等)。			community contributor	2025-09-15 13:54:11	2025-05-16 16:57:00
xzchthbv3xh	x97ecbu7xft	戽水	1		動賓短語，用戽斗汲水(灌田)。			community contributor	2025-09-15 13:54:19	2025-05-16 16:57:00
x8kresx6f3k	xwdc62n64tt	牛屎巴	1	n					2025-07-28 22:37:55	2025-05-16 16:57:00
x5e4kvqdqc4	x48t5hgcmn9	拾豬屎	1		動賓短語，撿豬屎，拾豬糞。			community contributor	2025-09-15 13:54:25	2025-08-04 05:54:02
xr9gzf7xsxh	x9pfp2uw27s	扒豬屎	1		動賓短語，撿豬屎，拾豬糞。			community contributor	2025-09-15 13:54:30	2025-05-16 16:57:00
xsfr45ny7dr	x739bdvw632	鋤園	1		動賓短語，用鋤頭翻整旱地。			community contributor	2025-09-15 13:55:06	2025-05-16 16:56:59
xk5qurtj6sp	xmatvwdhq3c	鋤草	1		動賓短語，鋤草。			community contributor	2025-09-15 13:55:12	2025-05-16 16:56:59
x452x8u6w5g	x9pzehzhasb	摔麥	1		動賓短語，摔打麥子，俾之脫粒。			community contributor	2025-09-15 13:55:00	2025-05-16 16:56:59
xb5k7492e7j	xbjcpzdtsfm	摔粙	1		動賓短語，摔打稻穀，俾之脫粒。			community contributor	2025-09-15 13:54:47	2025-05-16 16:56:59
xaxmxsnvbv4	x4guy7hx8rw	耙田	1		動賓短語，水田裏除草。			community contributor	2025-09-15 13:54:38	2025-05-16 16:56:59
xba9r5eb7kn	x4guy7hx8rw	耙田	10		動賓短語，（春耕時用犁）耙水田。			community contributor	2025-09-15 13:50:33	2025-08-04 05:52:55
xvm27qgw6yw	xuqu848985x	除草	1		動賓短語，除草。			community contributor	2025-09-15 13:55:18	2025-05-16 16:56:59
xsn9spg3kdk	xspv63bqm4g	早冬	1	n					2025-07-28 22:37:55	2025-05-16 16:56:59
x6yh5svmss2	xyab7fzpj75	早番	1	n					2025-07-28 22:37:55	2025-05-16 16:56:59
xwuct9pbbyz	xqwcpdcwa6u	粗做	1	n					2025-07-28 22:37:55	2025-05-16 16:56:59
xdf6hpyqzpw	x7bskwcmtnf	古早	1	n					2025-07-28 22:37:55	2025-05-16 16:56:59
xk6juhbdyps	x9ghue9rsmk	永久	1	adj	〈書〉同普通話「永久」。			community contributor	2025-09-15 00:27:27	2025-09-15 00:27:27
xw3chrkcrq2	xqapuepkx29	閒時下	1		空閒的時候。			community contributor	2025-10-17 21:30:26	2025-10-17 21:30:26
xhrs2cjg54z	xrgq7yrvcna	閒時晏	1		空閒的時候			community contributor	2025-10-17 21:31:30	2025-10-17 21:31:30
xp76r7fg6sc	xnn8v85zwgy	頭幫	1		第一次，頭一回。			community contributor	2025-09-19 01:03:22	2025-09-19 01:03:22
xrcqwxrhkq7	xubybbac2xr	前後	1	n	指時間的前後，義同普通話“時候”		"[""我轉厝～有觸着伊郎罷（我回家時候有遇到他父親）。""]"	community contributor	2026-01-31 13:00:53	2026-01-31 13:00:53
xasghjrmbrx	xubybbac2xr	前後	1	n	指地點的前後		"[""伊厝就是敆虎頭山～（他家就是在五虎山前後）。""]"	community contributor	2026-01-31 13:00:53	2026-01-31 13:00:53
xr8huh7e59a	xqcnnvn2b6u	舊底底	1	adv					2025-07-28 22:37:55	2025-05-16 16:56:58
x5bqjkrafzw	xsazazabff5	舊底	1	adv					2025-07-28 22:37:55	2025-05-16 16:56:58
x6gs6k77uuu	xg4evpbcseh	此番	1	adv					2025-07-28 22:37:55	2025-05-16 16:56:58
xq36t7ffrfn	xdpmfqwjfrc	此辰此刻	1	adv					2025-07-28 22:37:55	2025-05-16 16:56:58
xj4jx57cthf	xtm8pwzkjb4	日日暝晡	1		每晚，每日晚上			community contributor	2026-02-12 01:49:33	2026-02-12 01:49:33
x87wtsnshsm	x3ca3jkrmb2	早起頭	1	n	早晨。			community contributor	2025-09-15 20:03:53	2025-05-16 16:56:57
xxr9twenu4b	xzhbam34mqe	早起	1	n					2025-07-28 22:37:55	2025-05-16 16:56:57
xmbgz88vwsw	x8gbwdarj9u	早市	1	n					2025-07-28 22:37:55	2025-05-16 16:56:57
x64zkum8nmw	xfek8uc3mcs	五更早	1	adj					2025-07-28 22:37:55	2025-05-16 16:56:57
xd8ycue4hkv	x4ybxen743g	蜀禮拜	1	num					2025-07-28 22:37:55	2025-05-16 16:56:56
xc66thx7xq8	x5wmux3zktw	十上日	1	num					2025-07-28 22:37:55	2025-05-16 16:56:56
xebdfrcnxbh	xh9c7w6w4az	十把日	1	num					2025-07-28 22:37:55	2025-05-16 16:56:56
xat2drjh7dh	xw7d22h29gr	十幾日	1	num					2025-07-28 22:37:55	2025-05-16 16:56:56
xywaxb3r22v	xgm2w3v2jxn	蜀個月日	1	num					2025-07-28 22:37:55	2025-05-16 16:56:56
x9hhvbuaepk	xuj7zgc7jy8	十二月	1	n					2025-07-28 22:37:55	2025-05-16 16:56:56
xmzk2rp399j	xgtt3y2tj79	十把廿年	1	num					2025-07-28 22:37:55	2025-05-16 16:56:55
xybbxjpgrfr	xanwn2ng43d	十把年	1	num					2025-07-28 22:37:55	2025-05-16 16:56:55
xtap3w22yvj	xppx3wawu4s	早年	1	adv					2025-07-28 22:37:55	2025-05-16 16:56:55
x7ke73pmgru	xmc8kk6v3ax	八月中秋	1	n					2025-07-28 22:37:55	2025-05-16 16:56:55
x9bgjw7qzvy	xpbby3spjtv	中秋節	1	n	節日，在農曆八月十五。			community contributor	2025-09-29 09:49:57	2025-09-29 09:49:57
x4qedmdc7tq	x8vc2ncn2wj	中秋	1	n	中秋節，在農曆八月十五。			community contributor	2025-09-29 09:49:33	2025-09-29 09:49:33
xug6u7kvxs4	x83txx7mq9p	扒龍船	1		動賓短語，划龍舟。			community contributor	2025-09-15 13:55:25	2025-05-16 16:56:55
xy87x4xat59	xpc2v67bupg	五月節	1	n					2025-07-28 22:37:55	2025-05-16 16:56:55
xbvj9rd9662	x73cv6hx3w9	拗九粥	1	n					2025-07-28 22:37:55	2025-05-16 16:56:55
x65utvwfud9	xrvzwc6sccq	拗九節	1	n					2025-07-28 22:37:55	2025-05-16 16:56:55
x65gztzzfrv	xs4p5c5qtas	拗九	1	n					2025-07-28 22:37:55	2025-05-16 16:56:55
xtwf82es2hj	xrhfvkkc8gv	節兜	1	n					2025-07-28 22:37:55	2025-05-16 16:56:54
xpqcyyjjhph	xyf3hggest3	行時	1	adj					2025-07-28 22:37:55	2025-05-16 16:56:54
xf3yv3xknw2	xyfq2rmxucp	黃曆	1	n					2025-07-28 22:37:55	2025-05-16 16:56:54
x55cneum8ya	xgdrmy6xwhf	憲書	1	n					2025-07-28 22:37:55	2025-05-16 16:56:54
xem29eha6u2	xfgwr3chg5f	通書	1	n					2025-07-28 22:37:55	2025-05-16 16:56:54
xfjd49hw4av	xn22qukxrea	日曆	1	n					2025-07-28 22:37:55	2025-05-16 16:56:54
xbgpap869ab	xnnnu6g6as2	大寒	1	n					2025-07-28 22:37:55	2025-05-16 16:56:54
x7et89vnh25	xjp5nw7gevd	小寒	1	n					2025-07-28 22:37:55	2025-05-16 16:56:54
xtteymewjdm	xmeu6v3b3ua	冬至	1	n					2025-07-28 22:37:56	2025-05-16 16:56:54
xm7g3rrug53	xjwjzfgaeuq	冬節	1	n					2025-07-28 22:37:56	2025-05-16 16:56:54
xeawxxkrrr7	xdxkt74cnx7	大雪	1	n					2025-07-28 22:37:56	2025-05-16 16:56:54
xacwb98rwq9	xrb8q42hen5	小雪	1	n					2025-07-28 22:37:56	2025-05-16 16:56:54
xdnastm88wg	x3z5e8pkpwe	霜降	1	n					2025-07-28 22:37:56	2025-05-16 16:56:54
xbj7srmdwgk	xregkdkb8zc	寒露	1	n					2025-07-28 22:37:56	2025-05-16 16:56:54
xhajna9e62s	xgpfu8wghy6	秋分	1	n					2025-07-28 22:37:56	2025-05-16 16:56:54
xcf4tgnyejg	xswy6bkytkb	白露	1	n					2025-07-28 22:37:56	2025-05-16 16:56:54
xc8bd8ph8xt	xccsqtqg9kd	處暑	1	n					2025-07-28 22:37:56	2025-05-16 16:56:54
x9s7mr8bkt5	xe3cxg72ssc	立冬	1	n					2025-07-28 22:37:56	2025-05-16 16:56:54
x7fzuutn8jw	xekhu76ubqk	立秋	1	n					2025-07-28 22:37:56	2025-05-16 16:56:54
x7ygvhxy8f3	xfq3j48emt2	大暑	1	n					2025-07-28 22:37:56	2025-05-16 16:56:54
xns4v3jjyyg	xmctfjerbt9	小暑	1	n					2025-07-28 22:37:56	2025-05-16 16:56:54
x2fknnj9amv	xg8q4efbarh	夏至	1	n					2025-07-28 22:37:56	2025-05-16 16:56:54
xemvamqh8ns	xcubkhsg7ff	芒種	1	n					2025-07-28 22:37:56	2025-05-16 16:56:54
xtb8db4agjk	xwdvw3s5fcm	小滿	1	n					2025-07-28 22:37:56	2025-05-16 16:56:54
xgm4a7fg5g3	xueyvny5gpq	立夏	1	n					2025-07-28 22:37:56	2025-05-16 16:56:54
xwa4fc9vun7	xdb2hczkmzf	穀雨	1	n					2025-07-28 22:37:56	2025-05-16 16:56:54
xhgdw3fnwrr	xsne9mm5u62	清明	1	n					2025-07-28 22:37:56	2025-05-16 16:56:54
x8emt7sy2xf	x7xkuffd2tb	春分	1	n					2025-07-28 22:37:56	2025-05-16 16:56:54
xckqgf4r7k8	xdqr6whww98	驚蟄	1	n					2025-07-28 22:37:56	2025-05-16 16:56:54
xp8p8napv2k	xc7vyvf34sf	雨水	1	n					2025-07-28 22:37:56	2025-05-16 16:56:54
xxx46ejuj57	xjaj37w259u	立春	1	n					2025-07-28 22:37:56	2025-05-16 16:56:54
x7d7fyyfa5c	xftwr4qy5tk	節氣	1	n					2025-07-28 22:37:56	2025-05-16 16:56:54
xubg7suztru	xkm4wrwmnfn	六月天	1	n					2025-07-28 22:37:56	2025-05-16 16:56:54
xfzjcyp35nj	xn2nmch5etq	二八	1	n					2025-07-28 22:37:56	2025-05-16 16:56:54
xbam3tzkjj2	x6dhxnp938j	凊天	1	n					2025-07-28 22:37:56	2025-05-16 16:56:54
x5rksnj9zsz	xfm8xz7ppyp	二八天	1	n					2025-07-28 22:37:56	2025-05-16 16:56:54
x9a8s7ssh36	x5a9xynqck2	落冬	1		動賓短語，入冬。			community contributor	2025-09-15 13:55:32	2025-05-16 16:56:54
xqet65x9qkv	xcn77fsaz2x	秋涼	1	n					2025-07-28 22:37:56	2025-05-16 16:56:54
xmwv5ws3tsh	xtf2ztyewtt	秋後	1	n					2025-07-28 22:37:56	2025-05-16 16:56:54
xjnwk3yzvqt	xv5xpn9gwhe	秋天	1	n					2025-07-28 22:37:56	2025-05-16 16:56:54
xg8f6e2dtq2	x37kwjk6xbu	熱氣	1	n					2025-07-28 22:37:56	2025-05-16 16:56:54
xpaby7re84j	x29ka6d5udc	熱天頭	1	adv					2025-07-28 22:37:56	2025-05-16 16:56:54
xwkc5am2dsw	xyug3z29qnb	熱天	1	n					2025-07-28 22:37:56	2025-05-16 16:56:53
x34tph3m6pa	xcfnv7h9f9v	春天	1	n					2025-07-28 22:37:56	2025-05-16 16:56:53
xjjqn4d699d	xe7xqqyxpkw	四季	1	n					2025-07-28 22:37:56	2025-05-16 16:56:53
xjchbzh39tb	x4z8fcjzydk	馬臘加	1	n					2025-07-28 22:37:56	2025-05-16 16:56:53
xkeuyu85hhf	xbwhsdgbznp	古田	1	n					2025-07-28 22:37:56	2025-05-16 16:56:53
xdnjnhmnjtt	xp4j5y58x8d	邵武	1	n	縣名，屬南平市管轄。			community contributor	2025-09-24 01:29:37	2025-05-16 16:56:53
xhc6eaynhca	xr62kqfgszd	下路	1	n					2025-07-28 22:37:56	2025-05-16 16:56:53
xt4en4wmm4x	x5a58twbtzy	下南	1	n	福建南部的統稱，即今天的泉州、廈門、漳州三地。普通話多稱爲“閩南”。	傳統上，福建地區分爲“上路”和“下路”（或稱“上四府”與“下四府”）。“下南”即指“下路南部”。		community contributor	2025-09-24 20:29:27	2025-05-16 16:56:53
xxv2te2d2d2	x9ms45htjxn	下門	1	n	廈門的舊稱。	現今廈門一名猶讀作「a55 muong53」，而非憑字讀爲「ha55 muong53」。簡稱該地名時，廈讀爲ha242，例如「廈航」（ha55 houng53，廈門航空）。		community contributor	2025-09-28 14:30:16	2025-09-28 14:30:16
xe5st28ekkt	xmkvnh43eps	廈門	1	n	地名，在福建南部。			community contributor	2025-09-28 14:34:00	2025-05-16 16:56:53
x8dnhkc798r	x3xqaf54dx6	峽兜	1	n					2025-07-28 22:37:56	2025-05-16 16:56:53
x4e5rk5h372	xjpn4fcm4vb	烏山	1	n	福州名勝之一，在城西南隅，唐天寶年間改稱閩山。北宋熙寧年間，郡守程師孟曾謂此山可比道家蓬萊、方丈、瀛洲，故又稱作道山，全稱烏石山。	參見「三山」。		community contributor	2025-09-12 16:31:25	2025-05-16 17:05:48
x3z5j5n7928	x98f8kaskxd	烏石山	1	n					2025-07-28 22:37:56	2025-05-16 16:56:53
x7xdrjamezw	xa2pzrdksm7	冶山	1	n					2025-07-28 22:37:56	2025-05-16 16:56:53
xp8aff2r9qt	xd4ejrpnfx2	于山	1	n					2025-07-28 22:37:56	2025-05-16 16:56:53
xq69r3vate9	xzcb4ec8zxa	西湖	1	n					2025-07-28 22:37:56	2025-05-16 16:56:53
xnrfjbw6sq2	xhc3pd2c5vw	七巷	1	n	楊橋巷、郎官巷、塔巷、黃巷、安民巷、宮巷、吉庇巷的合稱。在今福州鼓樓區。		"[""三坊～。""]"	community contributor	2025-09-26 19:27:00	2025-09-26 19:27:00
xwywdfk7tng	xg7x57j52zx	三坊	1	n	衣錦坊、文儒坊、光祿坊的合稱。在今福州鼓樓區。		"[""～七巷。""]"	community contributor	2025-09-26 19:25:56	2025-09-26 19:25:48
xhwyt6w4e49	xw4cq3pd6j8	馬江	1	n					2025-07-28 22:37:56	2025-05-16 16:56:53
xz3rf649q5s	x7jn2kgdw39	茶亭	1	n					2025-07-28 22:37:56	2025-05-16 16:56:53
xmkkdxhagd9	x8qnpgjrp47	鼓嶺	1	n					2025-07-28 22:37:56	2025-05-16 16:56:53
xtn8xu26wq6	x8ddrkscy5j	鼓山	1	n					2025-07-28 22:37:56	2025-05-16 16:56:53
x8ngu8zfsn2	xqw5dmmsdc8	路中	1	n	路上。			community contributor	2025-09-03 01:57:32	2025-09-03 01:57:32
x64q2e8t2a8	x83q3tywduu	祖媽	1	n					2025-07-28 22:37:56	2025-05-16 16:56:53
x549e4c9rqu	x396v24ttkj	祖家	1	n					2025-07-28 22:37:56	2025-05-16 16:56:53
xascg58tneu	x2uzeant4x9	晉安河	1		河名，在福州			community contributor	2025-05-16 17:05:52	2025-05-16 17:05:52
xudqybunq9d	x7yvhmp5kfz	護城河	1	n					2025-07-28 22:37:56	2025-05-16 16:56:53
xbfp8hqxuzw	xpqndj3a9t4	街頭巷角	1	n					2025-07-28 22:37:56	2025-05-16 16:56:52
xhptpgjt833	xhcqcath595	地場	1	n					2025-07-28 22:37:56	2025-05-16 16:56:52
xsq5nc545qq	xbvrvgnrcur	所在	1	n	位置，處所。	口語也說「位處」（ui55 eoy21）、「位址」（ui53 zi33）。		community contributor	2025-10-17 20:23:53	2025-05-16 16:56:52
xu3nbrsypdu	xkd8s6dzu95	殼灰	1	n					2025-07-28 22:37:56	2025-05-16 16:56:52
xutkfnvn6de	xeadz8v6uwf	石灰	1	n					2025-07-28 22:37:56	2025-05-16 16:56:52
xy2cma7wkkj	xdysq6p4gvu	吸石	1	n					2025-07-28 22:37:56	2025-05-16 16:56:52
xwzfnt4kewq	xarrgfy57bk	鐵鋼	1	n					2025-07-28 22:37:56	2025-05-16 16:56:52
xq2wb88s247	xuug4ct4m5b	拍金	1		動賓短語，打製金器。			community contributor	2025-09-15 13:55:42	2025-05-16 16:56:52
xdcc44k6gdf	xfn2c975eqm	冇炭	1	n					2025-07-28 22:37:56	2025-05-16 16:56:52
xzz87q5aty2	xvcsrde5ej9	𠕆炭	1	n					2025-07-28 22:37:56	2025-05-16 16:56:52
xqjr6p5szn9	xab245rfn2h	鉛子	1	n					2025-07-28 22:37:56	2025-05-16 16:56:52
xzubs2mynzx	xtuajqysmaj	鉛字	1	n					2025-07-28 22:37:56	2025-05-16 16:56:52
xk3rmrr8h6n	xxsev2gnk32	洋油	1	n					2025-07-28 22:37:56	2025-05-16 16:56:52
x2t2u6er25n	x9eyn8834z5	洋灰	1	n					2025-07-28 22:37:57	2025-05-16 16:56:52
xksdqptm7ky	xgy4usgw6w4	黃塗	1	n					2025-07-28 22:37:57	2025-05-16 16:56:52
xqpff9gbqaz	xy6urmmff9c	官白灰	1	n					2025-07-28 22:37:57	2025-05-16 16:56:52
xc2a6969wet	xv9jfja7f6p	成色	1	n					2025-07-28 22:37:57	2025-05-16 16:56:52
x885uxnxdh5	xvcwfrkfg8k	爛泥	1	n					2025-07-28 22:37:57	2025-05-16 16:56:52
xfzw8r84r3h	x6aexvqmcas	炭甕	1	n					2025-07-28 22:37:57	2025-05-16 16:56:52
xtnfntd8574	xgys6zxs2un	塕塵	1	n					2025-07-28 22:37:57	2025-05-16 16:56:52
xcregvky8zp	xqyg536nyxv	粉粉	1	n					2025-07-28 22:37:57	2025-05-16 16:56:52
xyremdx3asn	xscbfg8kwsh	金塊	1	n					2025-07-28 22:37:57	2025-05-16 16:56:52
xjcc46d533g	x7epfu7rkwn	灰灰	1	n	物質經燃燒後剩下的粉末狀的東西。			community contributor	2026-03-25 23:24:28	2025-05-16 16:56:52
xp6wwnqgamm	xhgqv8agefc	池塗	1	n					2025-07-28 22:37:57	2025-05-16 16:56:52
xd47kxagx7c	xk24eg3nrh6	水銀	1	n					2025-07-28 22:37:57	2025-05-16 16:56:52
xfc9tntr39n	xag2sh3cr97	田塗	1	n					2025-07-28 22:37:57	2025-05-16 16:56:52
xadajcvn38n	xh83tch8uxt	塗肉	1	n					2025-07-28 22:37:57	2025-05-16 16:56:52
x5eycj9uh27	xnrdfpx5e2u	塗地	1	n					2025-07-28 22:37:57	2025-05-16 16:56:52
x5y85z8mtv2	x797rps8pj8	塗堆	1	n					2025-07-28 22:37:57	2025-05-16 16:56:52
xscrrqyygd6	xyxxxsqf2at	塗糜漿	1	n					2025-07-28 22:37:57	2025-05-16 16:56:52
x853b57g6jy	xp28cpuptsp	塗粉	1	n					2025-07-28 22:37:57	2025-05-16 16:56:52
xtuz3b5zvru	xeqdqskdgzu	瓦刀	1	n					2025-07-28 22:37:57	2025-05-16 16:56:52
xzdc6ngc9ej	xsrqxjewc6d	瓦頂	1	n					2025-07-28 22:37:57	2025-05-16 16:56:52
xh7v9xbgfpd	x9j95qgt9yz	瓦片	1	n					2025-07-28 22:37:57	2025-05-16 16:56:52
xpzx92y3mtc	xf7vp7ctapr	垘爿	1	n					2025-07-28 22:37:57	2025-05-16 16:56:52
xdbbpjr6h6w	xxjfw3wreqk	厝瓦	1	n					2025-07-28 22:37:57	2025-05-16 16:56:52
x4c8867bz66	xg5dmnn4qgc	瓦槽	1	n					2025-07-28 22:37:57	2025-05-16 16:56:52
x2j38n2d6dj	xrc25zfgjwv	瓦筒	1	n					2025-07-28 22:37:57	2025-05-16 16:56:51
xud4nfcfxgm	xz2mkcdz5yk	鬥底磚	1	n					2025-07-28 22:37:57	2025-05-16 16:56:51
xr7xzbvdrfv	xtxhk9dzyfx	青磚	1	n					2025-07-28 22:37:57	2025-05-16 16:56:51
x3a2fjcshhj	xrqnfk2337w	紅磚	1	n					2025-07-28 22:37:57	2025-05-16 16:56:51
x8fkwjjd2ap	xakwzp5x84w	空心磚	1	n					2025-07-28 22:37:57	2025-05-16 16:56:51
xu7utymu4yj	xwsw3w5t4aq	磚坯	1	n					2025-07-28 22:37:57	2025-05-16 16:56:51
xsvemgscp9a	xd6fxgg68bu	沙坡	1	n					2025-07-28 22:37:57	2025-05-16 16:56:51
xrzbmc2hmrv	x68k9ru2ba7	沙壀	1	n					2025-07-28 22:37:57	2025-05-16 16:56:51
xeeq7b94r3p	xkn3sxx98pv	塗沙	1	n					2025-07-28 22:37:57	2025-05-16 16:56:51
xmqyu7yq2yx	x9vt69kj5qk	沙楻	1	n					2025-07-28 22:37:57	2025-05-16 16:56:51
xrcs2n35tjx	xse9h6d599u	石囝	1	n					2025-07-28 22:37:57	2025-05-16 16:56:51
xkhft2dtxfs	xxtwth6bykt	石板	1	n					2025-07-28 22:37:57	2025-05-16 16:56:51
x9e3kueu4p5	xss6q5dskgg	石砧	1	n					2025-07-28 22:37:57	2025-05-16 16:56:51
x7cgvv6k62m	xk6x3tkhum4	石頭卵	1	n					2025-07-28 22:37:57	2025-05-16 16:56:51
xdxmvw4tj4s	xsfbdsfamsw	石頭囝	1	n					2025-07-28 22:37:57	2025-05-16 16:56:51
xcfgbb6vz3s	x4k3nygb69g	石頭母	1	n					2025-07-28 22:37:57	2025-05-16 16:56:51
x4kpahr76gm	xzy2wunvgym	石頭子	1	n	加工過的小碎石。斷面光潔，常用於建築表層，做裝飾材料。			community contributor	2025-10-20 01:40:39	2025-10-20 01:40:39
x6zzkjskyxj	xd2gmrtf5v4	石子	1	n					2025-07-28 22:37:57	2025-05-16 16:56:51
x5rzavwpvd2	x6rakysknwz	滾湯	1	n	燒開的水	「滾湯」現多指沸騰燒開的非飲用水；可飲用的燒開的水，說「開水」		community contributor	2026-04-08 00:34:08	2025-05-16 16:56:51
xy44ve8nmr3	xpbbmnzvkak	水泡	1	n					2025-07-28 22:37:58	2025-05-16 16:56:51
x9m7hsxdaeu	xrd23v29syq	和和湯	1	n					2025-07-28 22:37:58	2025-05-16 16:56:51
xpu7cqq2qwq	x5685v9mpmt	和和熱	1	adj					2025-07-28 22:37:58	2025-05-16 16:56:51
xwrfdrne558	xh5xcu3b32s	湯頭	1	n					2025-07-28 22:37:58	2025-05-16 16:56:51
x8p4p8g8t46	xgzwx7y4gpy	湯池	1	n					2025-07-28 22:37:58	2025-05-16 16:56:51
xccrju3tfxq	xuwp5t37n8e	湯房裏	1	n					2025-07-28 22:37:58	2025-05-16 16:56:51
xg5q4nqyadn	xxea2zczept	湯池店	1	n					2025-07-28 22:37:58	2025-05-16 16:56:51
xc4v83uk3m3	xdwhe769vac	湯房店	1	n					2025-07-28 22:37:58	2025-05-16 16:56:51
x4phkcz75gz	xfvs8rd48bf	溫泉	1	n					2025-07-28 22:37:58	2025-05-16 16:56:51
xdz5j35szk3	xqfduubdp3c	上水	1	n	水的上游。			community contributor	2025-09-15 13:56:10	2025-05-16 16:56:51
xq6pk6gynwa	xqfduubdp3c	上水	10		動賓短語，逆水而行。			community contributor	2025-09-15 13:55:53	2025-05-16 16:56:51
x7ay7sepe5r	xpdjj55qdn4	井水	1	n					2025-07-28 22:37:58	2025-05-16 16:56:51
xmacwdprwaq	xe9t6ft6sbg	凍水	1	n					2025-07-28 22:37:58	2025-05-16 16:56:51
xg5n7ym4x6g	x3fb2nrm3mh	出蛟	1		動賓短語，發大水、洪水。				2025-09-15 13:53:31	2025-05-16 16:56:51
xkxhuspya7z	xbv6z2cn89k	漲大水	1		動賓短語，發大水、洪水。			community contributor	2025-09-15 13:53:25	2025-05-16 16:56:51
x54yct6s9pu	xfqwur53gyr	大水	1	n					2025-07-28 22:37:58	2025-05-16 16:56:51
xsd4e8cxy27	xmvzn9767vn	水頭	1	n	河川洪峰的勢頭。	也讀爲zy21 lau53。		community contributor|馮愛珍. 福州方言詞典[M]. 南京: 江蘇教育出版社, 1998.	2025-09-28 17:09:59	2025-05-16 16:56:51
xj8zqrkur33	x6frh4895y7	水字	1	n					2025-07-28 22:37:58	2025-05-16 16:56:51
x5b53q7dnqm	xz2xgc6zsvq	潨水	1		動賓短語，沖涼。			community contributor	2025-09-15 13:56:17	2025-05-16 16:56:51
xzrfrd4b5nh	xmdept52d4b	水脱	1	n					2025-07-28 22:37:58	2025-05-16 16:56:51
xutqrwqpey7	xbpyprx55kn	水漲水汐	1	n					2025-07-28 22:37:58	2025-05-16 16:56:51
xbrd3gtfyk5	x7vbawb2x3t	水漲	1	n					2025-07-28 22:37:58	2025-05-16 16:56:51
xeyrmr6c4j2	xhrxkyj73fs	垃渣水	1	n					2025-07-28 22:37:58	2025-05-16 16:56:51
xwt3z52vuuv	xhf5527kjcp	洲田	1	n					2025-07-28 22:37:58	2025-05-16 16:56:51
xgwu272wdbz	xs5btwgpsmv	崖岸	1	n					2025-07-28 22:37:58	2025-05-16 16:56:50
xkhqbbtd439	xavt6ssq5rm	珊瑚	1	n					2025-07-28 22:37:58	2025-05-16 16:56:50
xepsgr4urex	xfhbzdjshuf	珊瑚嶼	1	n	珊瑚島，主要由珊瑚蟲的骨骼堆積而成的島嶼			community contributor	2025-07-28 22:37:58	2025-05-16 16:56:50
x23c9zubdqj	xvvu4uj32vj	堤壩	1	n					2025-07-28 22:37:58	2025-05-16 16:56:50
xb3hrfbtym7	xxwhd25mm62	海灘	1	n					2025-07-28 22:37:58	2025-05-16 16:56:50
xg3ym4442cn	xwvxxshxsqn	海墘	1	n					2025-07-28 22:37:58	2025-05-16 16:56:50
x6jn6wshyph	xdyy3vrs66n	蜆埕	1	n					2025-07-28 22:37:58	2025-05-16 16:56:50
x3ep77ptuza	xp9hnnpa2kq	海塗	1	n					2025-07-28 22:37:58	2025-05-16 16:56:50
xnmwzbva2qb	x53jc8kpcy5	海角	1	n					2025-07-28 22:37:58	2025-05-16 16:56:50
xvm732sky3x	xe4prv7qpc7	海壀	1	n	海灘			community contributor	2025-07-28 22:37:58	2025-05-16 16:56:50
xx2xwehwudv	xumzap4bknd	空空	1	n					2025-07-28 22:37:58	2025-05-16 16:56:50
xkkbcygubr8	x4s5txq4pjr	水窟	1	n	人造水坑。田地邊用來蓄水灌溉的坑。			community contributor|馮愛珍. 福州方言詞典[M]. 南京: 江蘇教育出版社, 1998.	2025-09-23 01:08:34	2025-05-16 16:56:50
xq434rft545	x4s5txq4pjr	水窟	2	n	天然水坑。自然形成而非人工挖掘的積水坑。			community contributor|馮愛珍. 福州方言詞典[M]. 南京: 江蘇教育出版社, 1998.	2025-09-23 01:08:34	2025-09-23 01:08:34
xr3dju6vyd3	xn5tfan4syh	水池	1	n					2025-07-28 22:37:58	2025-05-16 16:56:50
x3vxugszw9h	xas3wg2w9g3	水庫	1	n					2025-07-28 22:37:58	2025-05-16 16:56:50
xahvnzh27j8	xwfurefxtpa	水溝	1	n					2025-07-28 22:37:58	2025-05-16 16:56:50
xk7ay25ukbd	xgvhamy8g9b	水圳	1	n	人工開鑿之水道。			community contributor|馮愛珍. 福州方言詞典[M]. 南京: 江蘇教育出版社, 1998.	2025-09-14 01:14:35	2025-05-16 16:56:50
xyx24s5x757	x3ny7peh5mm	江墘頭	1	n					2025-07-28 22:37:58	2025-05-16 16:56:50
x23hnu63enw	x7bg6v5kyzm	江墘	1	n					2025-07-28 22:37:58	2025-05-16 16:56:50
x378t3zznk5	xd5dyzr5nu8	河灘	1	n					2025-07-28 22:37:58	2025-05-16 16:56:50
xfrtqwjmfmg	xf6kanqaru5	河堤	1	n					2025-07-28 22:37:58	2025-05-16 16:56:50
x6kkmj7fpus	x2pwdbp3ymz	河墘	1	n					2025-07-28 22:37:58	2025-05-16 16:56:50
xgduga86uyp	xnhq4gtckfj	河邊	1	n					2025-07-28 22:37:58	2025-05-16 16:56:50
xpxhvf4tr2x	x5maskqrvuf	溪河	1	n					2025-07-28 22:37:58	2025-05-16 16:56:50
x9xhv9k2p9m	x2d7qrrspas	溪邊	1	n					2025-07-28 22:37:58	2025-05-16 16:56:50
xpkurjzpc4m	xkf2ubbd7ds	溪墘	1	n					2025-07-28 22:37:58	2025-05-16 16:56:50
xyxeeqa2vx9	xt74uubwsh6	水土	1	n					2025-07-28 22:37:58	2025-05-16 16:56:50
xp9xcd8k8ky	x59nvcdr24a	山坡	1	n					2025-07-28 22:37:58	2025-05-16 16:56:50
xzxzuz58jrb	x3gjnqqrkf3	山頭嶺尾	1	n					2025-07-28 22:37:58	2025-05-16 16:56:50
xqb6ag2btjw	xxpbd9t3nhn	懸下層	1	n					2025-07-28 22:37:58	2025-05-16 16:56:50
xxcswbjtztf	xyjt4cb4kmb	山壟田	1	n					2025-07-28 22:37:58	2025-05-16 16:56:50
x2nmvh3f5gb	xsasdbmfbev	山豅	1	n					2025-07-28 22:37:58	2025-05-16 16:56:50
xnth9966rvm	xcyessndyu2	窿窿	1	n					2025-07-28 22:37:58	2025-05-16 16:56:50
xkkdq5dvq5m	xv3jkbznubx	山溝撈	1	n					2025-07-28 22:37:58	2025-05-16 16:56:50
x9sqdnkqzdy	xjt6heue6h5	山坑	1	n					2025-07-28 22:37:58	2025-05-16 16:56:50
xr2bvhksdht	xmgtp82x32q	山骹	1	n					2025-07-28 22:37:58	2025-05-16 16:56:50
xc5wpbmcwc6	xgvqnbd5huc	半山腰	1	n	半山上。			community contributor	2025-08-29 22:33:01	2025-08-29 22:33:01
xh2gspzdrcd	xkzja3n8w2n	山裏	1	n					2025-07-28 22:37:58	2025-05-16 16:56:50
xtyvpwkkwkg	xeqybymm4zr	山懸頂	1	n					2025-07-28 22:37:58	2025-05-16 16:56:50
x433ktd2x35	xpymn7gj69s	山隙	1	n					2025-07-28 22:37:58	2025-05-16 16:56:50
xfjk8dxqntq	x5x8uztrx5u	山氣	1	n					2025-07-28 22:37:58	2025-05-16 16:56:50
x3n3cpe6vm2	xyan4gt2wbt	山峰	1	n					2025-07-28 22:37:58	2025-05-16 16:56:50
xeds8fq334s	x8z5742bxph	平洋	1	n					2025-07-28 22:37:58	2025-05-16 16:56:50
x9zyu54rfps	xwfy3jjg79x	田隙	1	n					2025-07-28 22:37:58	2025-05-16 16:56:50
xp9h2fd6bzb	xz3b9cawrwu	荒田	1	n					2025-07-28 22:37:58	2025-05-16 16:56:50
xmb78c7zzbg	x4pc9km3xkd	梯田	1	n					2025-07-28 22:37:58	2025-05-16 16:56:50
xbkbjzvcr9x	x3e7x8bu6j2	田園	1	n					2025-07-28 22:37:58	2025-05-16 16:56:50
xr8eqw5wt8v	xg8m84924dz	田塍	1	n					2025-07-28 22:37:58	2025-05-16 16:56:50
xr2nrp8c63m	xyz3wv2854z	山田	1	n					2025-07-28 22:37:58	2025-05-16 16:56:50
x9frg39se6h	x69s64zsg2b	菜園	1	n					2025-07-28 22:37:58	2025-05-16 16:56:50
xuyttr5y8bj	xyf6bugupha	園地	1	n					2025-07-28 22:37:58	2025-05-16 16:56:49
x24mn54dgeh	x3esuz97ybs	花圃	1	n					2025-07-28 22:37:58	2025-05-16 16:56:49
xtjv7gqv7pa	xnazme9a486	園圃	1	n					2025-07-28 22:37:58	2025-05-16 16:56:49
x6kp3feadbb	xbu8zqgq2hn	通野	1	n					2025-07-28 22:37:58	2025-05-16 16:56:49
xuz7zruxbka	x32e2asmaks	曠野	1	n					2025-07-28 22:37:58	2025-05-16 16:56:49
xgtbwhc6mnw	xk2ksgfeufu	空野	1	n					2025-07-28 22:37:58	2025-05-16 16:56:49
x7jgfhykxq7	x3ezej8d8ba	灘塗	1	n					2025-07-28 22:37:58	2025-05-16 16:56:49
x83v4qg94j3	xaaxemkzrt3	沙包地	1	n					2025-07-28 22:37:58	2025-05-16 16:56:49
x7y3jeqj6yv	xakw83j9pf4	坡地	1	n					2025-07-28 22:37:58	2025-05-16 16:56:49
xdqveyk3bhd	xyz92bnx5mv	空地	1	n					2025-07-28 22:37:58	2025-05-16 16:56:49
xxryxzm7v9c	x8ny2xuvf6f	山地	1	n					2025-07-28 22:37:58	2025-05-16 16:56:49
xq9y7rnkc88	xhn7f8h2n4v	荒地	1	n					2025-07-28 22:37:58	2025-05-16 16:56:49
xsv7ht7mrsp	x8vyaqudek4	暑氣	1	n					2025-07-28 22:37:58	2025-05-16 16:56:49
x864xrqfpc4	xf6pp54jseh	暑邪	1	n					2025-07-28 22:37:58	2025-05-16 16:56:49
xefzu6hmvfc	xca3ndu5bns	拍濫	1		變濕了。			community contributor	2025-09-15 13:56:24	2025-05-16 16:56:49
x37ppsrmt9h	xdz5x7pc8ts	潤氣	1	n					2025-07-28 22:37:58	2025-05-16 16:56:49
xunw2gzt338	xk5yr6ep52f	秋烘	1	n					2025-07-28 22:37:58	2025-05-16 16:56:49
xubdta2h82j	xfbs37m4656	末伏	1	n					2025-07-28 22:37:58	2025-05-16 16:56:49
x8ctgy5jhcq	xyc45xhdfsw	中伏	1	n					2025-07-28 22:37:58	2025-05-16 16:56:49
xcmg5wcv4ym	x92aavgcddj	初伏	1	n					2025-07-28 22:37:58	2025-05-16 16:56:49
xrtc7cua3ys	xzj7dzxrtpj	入伏	1		動賓短語，入伏。			community contributor	2025-09-15 13:56:30	2025-05-16 16:56:49
xynnyc5razb	xqc762hb7ab	三伏	1	n					2025-07-28 22:37:59	2025-05-16 16:56:49
xwabnscqxds	xb27u8xt83u	半寒不暖	1	n					2025-07-28 22:37:59	2025-05-16 16:56:49
xjr7775k6by	xzjgu43yk8w	濫潤	1	adj					2025-07-28 22:37:59	2025-05-16 16:56:49
x6kg4vsybx4	x8yyjw336r7	濫潤天	1	n					2025-07-28 22:37:59	2025-05-16 16:56:49
xx33hkn9jed	xmgathmg6h5	陰烏天	1	n					2025-07-28 22:37:59	2025-05-16 16:56:49
xcbdawpt267	x9w6r6knmg8	烏暗	1	adj					2025-07-28 22:37:59	2025-05-16 16:56:49
xr969y5a8z9	xhs8kf5xp2e	呆天	1	n					2025-07-28 22:37:59	2025-05-16 16:56:49
x6vqznr4jqp	xx2wk985jdc	南風天	1	n					2025-07-28 22:37:59	2025-05-16 16:56:49
xwp2byubgpp	xwbfmqwxr83	好天	1	n					2025-07-28 22:37:59	2025-05-16 16:56:49
x2waav8zqkv	xa2dbnedpu8	天中	1	n					2025-07-28 22:37:59	2025-05-16 16:56:49
xgx7sftqjne	xjczyq3nr5g	天地	1	int					2025-07-28 22:37:59	2025-05-16 16:56:49
xy4suyes5mx	xjczyq3nr5g	天地	1	n					2025-07-28 22:37:59	2025-05-16 16:56:49
xww7926rna5	xbepmv4zfs7	天下	1	n					2025-07-28 22:37:59	2025-05-16 16:56:49
xfpdx69z2eh	xt6nzvhfp8w	天色	1	n					2025-07-28 22:37:59	2025-05-16 16:56:49
xkcepkz2btt	xdftfn6rzba	落𩄻	1		動賓短語，下霧。			community contributor	2025-09-15 13:56:37	2025-05-16 16:56:49
xtk73my5c8s	xxwkn4yh78p	落霜	1		動賓短語，下霜，落霜。			community contributor	2025-09-15 13:56:44	2025-05-16 16:56:49
xbt65tpgcsa	xhwht3phfm9	落露	1		動賓短語，下露，落露。			community contributor	2025-09-15 13:56:53	2025-05-16 16:56:49
xuwmp3nv9k4	xp8f97qwuqf	露水	1	n					2025-07-28 22:37:59	2025-05-16 16:56:49
x5jwzxs3u52	xdkwyp4vjkm	雨夾雪	1	n					2025-07-28 22:37:59	2025-05-16 16:56:48
xfrt94b3tpf	xy83tc5q4td	米雪	1	n					2025-07-28 22:37:59	2025-05-16 16:56:48
xsf4aaqsd4k	xtakwrwd8zs	鵝毛雪	1	n					2025-07-28 22:37:59	2025-05-16 16:56:48
xzm7yyzdxa7	xedbmnbhenf	逿雪	1		動賓短語，下雪。			community contributor	2025-09-15 13:57:01	2025-05-16 16:56:48
xtezyzqt6d6	x48kzryu8s4	落雪	1		動賓短語，下雪。			community contributor	2025-09-15 13:57:07	2025-05-16 16:56:48
xh98gzrfgbs	xj9mbfhmfvu	逿雹	1		動賓短語，下冰雹，打冰雹。			community contributor	2025-09-15 13:57:18	2025-05-16 16:56:48
xx4m97u4tuu	x4nde33a3ay	冰雹	1	n	同普通話「冰雹」。			community contributor|community contributor	2025-09-14 23:47:19	2025-05-16 16:56:48
x29xxg76hd8	xc7xjc8brjs	結冰	1		動賓短語，結冰。			community contributor	2025-09-15 13:57:24	2025-05-16 16:56:48
xvskfkyswrd	xscrhhecn43	冰箸	1	n					2025-07-28 22:37:59	2025-05-16 16:56:48
xsvnmxmvxfp	xef2psh4cs7	出虹	1		動賓短語，出彩虹。			community contributor	2025-09-15 13:57:49	2025-05-16 16:56:48
xhkwxcr4wzd	xm536c79dmq	沃雨	1		動賓短語，淋雨。			community contributor	2025-09-15 14:07:46	2025-05-16 16:56:48
xv7hax3u3uz	xmhezv5ag2c	久雨	1	n					2025-07-28 22:37:59	2025-05-16 16:56:48
xkkfgsqupfs	xhg2cxs464z	生不蜀時	1	adv	突然，一下子。			community contributor|community contributor	2025-09-15 13:27:04	2025-05-16 16:56:48
x2tvjcx8srz	xyhqwvfmwwv	大雨	1	n					2025-07-28 22:37:59	2025-05-16 16:56:48
xny3hpxwwm4	xw3hu6nrvhf	澤澤落	1	adj					2025-07-28 22:37:59	2025-05-16 16:56:48
xss9q2p2sew	x8uhrt7bqpj	雨漏滴	1	n					2025-07-28 22:37:59	2025-05-16 16:56:48
x5zgn7kyprg	xzt8ae33dgg	雨漏	1	n					2025-07-28 22:37:59	2025-05-16 16:56:48
xhz3mz9a3jf	xsm32q4e4uy	雨濛	1	n					2025-07-28 22:37:59	2025-05-16 16:56:48
xsqfutt7u8a	x8p595ph2p9	霾霾雨	1	n					2025-07-28 22:37:59	2025-05-16 16:56:48
xc2xrftua9s	x9kfp3h6s4c	雨毛西	1	n					2025-07-28 22:37:59	2025-05-16 16:56:48
xaaggmvna28	xtwunvxdrje	雨囝	1	n					2025-07-28 22:37:59	2025-05-16 16:56:48
xgt7yhp93yb	x7npqgcdmwc	過雲雨	1	n					2025-07-28 22:37:59	2025-05-16 16:56:48
xewt7prx9qy	xmxrn3d2ae8	晡時雨	1	n					2025-07-28 22:37:59	2025-05-16 16:56:48
xwq88ynpuuz	xnd9wwca8hw	晡時	1	n					2025-07-28 22:37:59	2025-05-16 16:56:48
xfyrxj6vucr	xmrye9xttbx	逿雨囝	1		動賓短語，下小雨。			community contributor	2025-09-15 14:12:06	2025-05-16 16:56:48
xvtc9vc3pg4	xsqr9bejuwb	逿晡時	1		動賓短語，下雷陣雨。			community contributor	2025-09-15 14:11:56	2025-05-16 16:56:48
xpmd3wsbvtz	xwh6j4bnm7b	逿雨濛	1		動賓短語，下濛濛細雨。			community contributor	2025-09-15 16:27:00	2025-09-15 16:27:00
xp7nmbjydua	xy5aqrs63j6	逿雨	1		動賓短語，下雨，降雨。			community contributor	2025-09-15 14:14:21	2025-05-16 16:56:48
xgfkn3b3cpw	xt88uu2vfsj	拍𥍉𥍉	1		動賓短語，打閃電。			community contributor	2025-09-15 14:14:29	2025-05-16 16:56:48
xccbrcny6rf	xey3bd6fqcz	雷公	1	n					2025-07-28 22:37:59	2025-05-16 16:56:48
xsv6mn2byzr	xjnezzfmh7y	雷鞭	1	n					2025-07-28 22:37:59	2025-05-16 16:56:48
xud79yu5und	x94r4begzqg	烏雲	1	n					2025-07-28 22:37:59	2025-05-16 16:56:47
xxt35ynapay	xjcakzt9wbu	對面風	1	n					2025-07-28 22:37:59	2025-05-16 16:56:47
xjnck6n7f7s	xpkejyznjju	對衝	1		動賓短語，逆風。			community contributor	2025-09-15 14:15:27	2025-08-04 05:30:45
x93jhswmqd8	xvc94zusehn	逆風	1		動賓短語；（駛船時）逆風，頂風，戧風，迎風。			community contributor	2025-09-15 13:51:59	2025-05-16 16:56:47
x75zbyue4h9	xc45ktjspjs	捲螺風	1	n					2025-07-28 22:37:59	2025-05-16 16:56:47
xey7a6xs5vm	xa5sq2j2u8n	龍捲風	1	n					2025-07-28 22:37:59	2025-05-16 16:56:47
x57puf29sxu	xx68898stea	俥螺風	1	n					2025-07-28 22:37:59	2025-05-16 16:56:47
xgjap7rwzte	xgbn6e7hab5	俥螺紋	1	n					2025-07-28 22:37:59	2025-05-16 16:56:47
x536a6cutkr	xefwu9pete9	南風	1	adj					2025-07-28 22:37:59	2025-05-16 16:56:47
xdvm34pjadr	xvkbnygpr6j	風颱囝	1	n					2025-07-28 22:37:59	2025-05-16 16:56:47
xq4a7u28sm8	x2ggma56s59	風颱	1	n					2025-07-28 22:37:59	2025-05-16 16:56:47
xsghkvmu5ur	xmu7ymq7d6n	起暴	1		動賓短語，天氣突變，氣溫驟升抑或驟降；風雨交加的天氣多將隨之而來。			community contributor	2025-09-15 14:14:58	2025-08-04 05:29:38
xewzrcf8gqy	xp43yaccu5c	發暴	1		動賓短語，驟起大風，來寒流，起寒害。			community contributor	2025-09-15 14:15:19	2025-05-16 16:56:47
xkasen8d4te	xztr3qmgv8k	拍暴	1		動賓短語，颳大風，來寒流，起寒害。			community contributor	2025-09-15 14:15:08	2025-05-16 16:56:47
x6rufdgnfy7	xjbr58aytpe	拍風	1		動賓短語，充氣。		"[""骹踏車去拍風拍囇（自行車去打一打氣）。"", ""箂球無風去，着～了（籃球沒氣了，要打氣了）。""]"	community contributor|馮愛珍. 福州方言詞典[M]. 南京: 江蘇教育出版社, 1998.	2025-09-15 14:19:05	2025-05-16 16:56:47
x6k2qp2ftfw	xjbr58aytpe	拍風	2		動賓短語，颳風。		"[""～逿(下)雨。""]"	community contributor|馮愛珍. 福州方言詞典[M]. 南京: 江蘇教育出版社, 1998.	2025-09-15 14:18:09	2025-08-03 23:29:55
x2wjkzh8ypf	x77264a4hey	小風	1	n					2025-07-28 22:37:59	2025-05-16 16:56:47
xja87ay3cpu	x29h2w7a6vj	大風	1	n					2025-07-28 22:37:59	2025-05-16 16:56:47
xubak9tdau7	xhgk9jgsdze	風囝	1	n					2025-07-28 22:37:59	2025-05-16 16:56:47
xnmuckdkrpc	xg726frceux	風向	1	n					2025-07-28 22:37:59	2025-05-16 16:56:47
x492yvnqesy	xgynwt75guc	風煞	1	n					2025-07-28 22:37:59	2025-05-16 16:56:47
x5mqrre4mjt	xafppx7m5uj	風時雷雨	1	n					2025-07-28 22:37:59	2025-05-16 16:56:47
x5d9jpewds8	xk9xw5cqct3	風時	1	n					2025-07-28 22:37:59	2025-05-16 16:56:47
xkcape37eym	xd2m3bx4vhf	河溪	1	n					2025-07-28 22:37:59	2025-05-16 16:56:47
xqph9agneaq	xz5n9tmrzv8	天河	1	n					2025-07-28 22:37:59	2025-05-16 16:56:47
xsxu9jvu5e4	xg5k44wqdzw	筅帚星	1	n					2025-07-28 22:37:59	2025-05-16 16:56:47
xtvdf5wux7f	xzg7jtquhvb	掃帚星	1	n					2025-07-28 22:37:59	2025-05-16 16:56:46
xmwdk4r7d7w	xey7r4zfvca	流星	1	n					2025-07-28 22:37:59	2025-05-16 16:56:46
xvdhmjuuuq6	x27jp9zg4p9	帝星	1	n					2025-07-28 22:37:59	2025-05-16 16:56:46
xek2ja6qxtj	xwq8qaw2bn2	皇帝星	1	n					2025-07-28 22:37:59	2025-05-16 16:56:46
xaz255zkv8b	xw66yxcs4sq	月暈	1	n					2025-07-28 22:37:59	2025-05-16 16:56:46
xugwjdxt7dw	x5axm2zzr78	月蝕	1	n					2025-07-28 22:37:59	2025-05-16 16:56:46
xrnvbv3vxc6	x9mpzbhs3f2	月照其地方	1	n					2025-07-28 22:37:59	2025-05-16 16:56:46
x3et73nw6du	xc7cbn5qqb5	月華	1	n	〈書〉月光。			community contributor	2025-10-17 19:13:24	2025-05-16 16:56:46
xegb9ttsghw	xc7cbn5qqb5	月華	2	n	〈書〉光學衍射現象。月暈時，四周鮮瑩的彩色雲氣。			community contributor	2025-10-17 19:13:24	2025-10-17 19:13:24
xcwhffcncuw	xc7cbn5qqb5	月華	3	n	（特指中秋時分的）月亮			community contributor	2025-10-17 19:17:18	2025-10-17 19:13:24
xfqwf59yrbe	xc7cbn5qqb5	月華	4	n	福州傳說中月亮裏的寶物，會在農曆八月十五時降落人間。榕俗，每逢中秋，童稚會在月光普照的大地上，競相找尋掉落的月華，稱之「拾月華」。			community contributor	2025-10-17 19:18:01	2025-10-17 19:13:24
xkrb7p99hku	xc9y2nc2cwn	半爿月	1	n					2025-07-28 22:37:59	2025-05-16 16:56:46
xamvuxts3yw	x3d6tvzzcg5	眉毛月	1	n					2025-07-28 22:37:59	2025-05-16 16:56:46
xumzexfxt8v	xdemuhzy442	日暈	1	n					2025-07-28 22:37:59	2025-05-16 16:56:46
x436mzubbjp	xsfrwq6qneq	日蝕	1	n					2025-07-28 22:37:59	2025-05-16 16:56:46
xa2u35tth76	xkr64v2grxe	彈影	1		動賓短語，投射陰影，背光。		"[""這邊～。""]"	community contributor	2025-09-15 14:19:17	2025-05-16 16:56:46
x9pyuxssznk	xz4drn3gcyu	背影	1	n					2025-07-28 22:37:59	2025-05-16 16:56:46
x8kmn2tes53	xfsgatvydh9	朝陽	1	n					2025-07-28 22:37:59	2025-05-16 16:56:46
x4awc42de75	xxfq6yk6rmu	向日	1		動賓短語，對着太陽，向着太陽。		"[""葵花傒勢復號𡅏“向日葵”，就是因爲這種花都是～其（葵花爲何又稱“向日葵”，就是因爲這種花都是向日的）。""]"	community contributor	2025-09-15 14:19:34	2025-05-16 16:56:46
x2837wtwpzd	xgksngwqb5m	日頭彈着其地方	1	n					2025-07-28 22:37:59	2025-05-16 16:56:46
xq2b9cbey4y	xaq4929zcvc	彈光	1		動賓短語，放射光線，放出光。			community contributor	2025-09-15 14:19:46	2025-05-16 16:56:46
xdp57jw76cg	xz45bk438cg	日頭影	1	n					2025-07-28 22:37:59	2025-05-16 16:56:46
xp7jascp8uf	x2wvrw7pw9s	日頭花	1	n					2025-07-28 22:37:59	2025-05-16 16:56:46
xt5epxuwe6p	xa5dfx2w36p	半爿日	1	n					2025-07-28 22:37:59	2025-05-16 16:56:46
xsdajym22kj	xnn4xhq9uy7	日頭	1	n					2025-07-28 22:37:59	2025-05-16 16:56:46
xnqrr3tcucr	xy48ey3uzc7	種	1	n					2025-07-28 22:37:59	2025-05-16 16:55:52
x6j5ad636ej	xy48ey3uzc7	種	1	cl					2025-07-28 22:37:59	2025-05-16 16:55:52
xsxusyg26s2	xyn7j2fr74p	子	1	n					2025-07-28 22:37:59	2025-05-16 16:55:21
xwwsqfgzshk	xxmphsgec9h	主	1	n					2025-07-28 22:37:59	2025-05-16 16:55:21
x5bdd7r2wt3	x87vj6s32eb	煮	1	v					2025-07-28 22:37:59	2025-05-16 16:55:21
xs8dhbuj76e	xxnprvc69ks	慈	1	n					2025-07-28 22:37:59	2025-05-16 16:55:21
xcn7sd8zzbe	x62awwhkj5f	疽	1	n					2025-07-28 22:37:59	2025-05-16 16:55:21
xdsz66f9eu9	x7cxbmz58gs	書	1	n					2025-07-28 22:37:59	2025-05-16 16:55:21
x3p8anamd9c	xkfv7qdh799	蔣*無	1		難道。	口語也說「難道」。	"[""～汝有意見？（難道你有意見？）""]"	community contributor	2025-09-26 23:45:00	2025-09-20 20:49:05
xra4d7gm767	xykc7s2x3pk	蔣	100	n	姓		"[""～士銓（清代人物）""]"	community contributor	2025-09-27 17:03:16	2025-05-16 17:06:00
xxuzrmxuwsn	x6mcyfb8fqm	全	100	n	姓。		"[""～祖望（清代人物）。""]"	community contributor	2025-09-25 21:20:48	2025-05-16 17:06:05
xgz9jqrb3gv	xbfhnasddbt	章	100	n	姓		"[""～明（漢代人物）""]"	community contributor	2025-09-26 18:49:02	2025-05-16 17:06:03
xns7z4sxv6q	xmbtnd6xqgj	註	1	v	用文字解釋字句的意義。			community contributor|教育部. 教育部重編國語辭典修訂本: 臺灣學術網路第五版[DB]. 2015.	2025-09-24 01:09:42	2025-09-24 01:09:42
x5jpb8jb9m6	xmbtnd6xqgj	註	2	v	記載，登記，標記。		"[""者瓶瓶裏勢世*乇藥？汝都無～，俤儂會仈嚽世*乇藥！（這個瓶子裏面什麼藥？你都沒有標記，誰會知道這是什麼藥！）""]"	community contributor|教育部. 教育部重編國語辭典修訂本: 臺灣學術網路第五版[DB]. 2015.	2025-09-24 01:09:42	2025-09-24 01:09:42
xm94zesaeb9	xnd5n4m6fns	主	1	cl					2025-07-28 22:37:59	2025-05-16 16:56:19
x2fphbven5e	xnd5n4m6fns	主	1	n					2025-07-28 22:37:59	2025-05-16 16:56:19
xt3my9fgnk8	xze3shyh85y	朱	100	n	姓		"[""明太祖～元璋""]"	community contributor	2025-09-27 17:09:43	2025-05-16 17:05:59
x3dj33vpqhs	xw6dra4uvar	啜	1	v	〈書〉嚐，喫，食；飲食，喫喝。	《說文解字·口部》：「啜，嘗也。」口語說「食」（sieh5）。	"[""～飲（小口吸飲）。"", ""～茶（喫茶）。"", ""～粥（喫粥）。"", ""〔宋〕陸游《睡鄉》詩：「有酒君勿～，入腸作戈矛。」""]"	community contributor|教育部. 教育部重編國語辭典修訂本: 臺灣學術網路第五版[DB]. 2015.	2026-04-12 15:37:10	2025-08-22 22:42:34
xajkkprr4vx	xw6dra4uvar	啜	2	v	〈書〉哭泣。通「涰」。	口語說「啼」（tie53）、「啼嘛」（tie55 ma53）。	"[""〔南朝·梁〕江淹《齊太祖高皇帝誄》：「睇千乘之共～，盼萬騎之相泫。」""]"	community contributor|教育部. 教育部重編國語辭典修訂本: 臺灣學術網路第五版[DB]. 2015.	2025-08-29 21:51:18	2025-08-22 22:42:34
xzng9wsd3qh	xkv7napxpfm	沝	1	n	二水。	〔漢〕許慎《說文解字》：「二水也。闕。凡沝之屬皆从沝。」〔清〕段玉裁《註》：「『二水也。』卽形而義在焉。『闕。』此謂闕其聲也。其讀若不傳。今『之壘切』者，以意爲之。」〔遼〕釋行《龍龕手鑑·水部》：「沝，二水流合也。」		community contributor	2025-09-22 22:42:33	2025-09-22 22:08:53
xmuj95cmwsz	xkv7napxpfm	沝	10		同「水」（zui33）。	〔宋〕丁度等編《集韻·上聲·旨韻》：「沝，閩人謂水曰沝。」〔宋〕司馬光等編《類篇》：「主繠切。又之壘切。閩人謂水曰沝。」〔宋〕鄭樵《通志·六書略》：「沝，之壘切。閩人謂水曰沝。从二水。」		community contributor	2025-09-22 22:40:35	2025-09-22 22:08:53
xd7b5xqax3m	xphjzefkdqn	水平	1		指與鉛垂線垂直的；跟水平面平行的。			community contributor	2025-08-31 20:13:17	2025-05-16 17:05:46
xjhjsxwd9hb	xphjzefkdqn	水平	2	n	在某一方面達到的高度。			community contributor	2025-08-31 20:13:39	2025-08-31 20:13:17
xp6bhw3smun	xhkepxbxykm	水	1	n	無機化合物，在常溫且無雜質中是無色無味不導電的透明液體，也會通過蒸發產生氣態的水蒸氣。		"[""食～（喝水）。""]"	community contributor	2025-08-29 22:14:20	2025-08-29 22:14:20
xjtbspgnqvg	xhkepxbxykm	水	2	n	特指涼水，冷的水。	與「湯」（熱水）相對。	"[""洗～（用涼水洗澡）。"", ""潨～（沖涼）。""]"	community contributor|馮愛珍. 福州方言詞典[M]. 南京: 江蘇教育出版社, 1998.	2025-09-19 13:03:05	2025-08-29 22:14:20
x6gmtztw84b	xhkepxbxykm	水	3	n	江、河、湖、海、洋等水域之謂。		"[""～路。""]"	community contributor|馮愛珍. 福州方言詞典[M]. 南京: 江蘇教育出版社, 1998.	2025-09-19 13:03:41	2025-08-29 22:14:20
xxvayupwdvp	xhkepxbxykm	水	4	cl	洗濯的次數。		"[""洗三～了（洗三遍了）。""]"	community contributor|馮愛珍. 福州方言詞典[M]. 南京: 江蘇教育出版社, 1998.	2025-09-19 13:00:20	2025-08-29 22:14:20
xjywfz4tfw6	xhkepxbxykm	水	5	n	額外的收入、外快。		"[""外～（外快）。""]"	community contributor|馮愛珍. 福州方言詞典[M]. 南京: 江蘇教育出版社, 1998.	2025-09-19 13:07:16	2025-08-29 22:14:20
x2wqwbzapgc	xhkepxbxykm	水	6	cl	茬，回。農作物收穫的次數或批次。		"[""頭～（頭一茬）。"", ""者茶箬摘蜀～了（這茶葉摘了一茬了）。"", ""食花茶着食頭～。——起動去，這滿講究。（喝茉莉花茶要喝頭一茬的。——得了吧，這麼講究。）""]"	community contributor|馮愛珍. 福州方言詞典[M]. 南京: 江蘇教育出版社, 1998.	2025-09-19 13:07:16	2025-08-29 22:14:20
x74pz4ev5hr	xhkepxbxykm	水	100		出現在合成詞的前字位置，表明其性質。	較年長的使用者傾向於讀zy33，而年輕一代多讀作zui33。這兩種讀音常常並存，區分界限不甚明顯。	"[""～雞（綠色青蛙）。"", ""～果。"", ""～碓。""]"	community contributor|馮愛珍. 福州方言詞典[M]. 南京: 江蘇教育出版社, 1998.	2025-09-19 13:09:43	2025-09-19 13:09:03
xrs83b5mjhm	xyq3zxep7gg	嚽	1	pron	近指指示代詞，可單說。		"[""～是世乇？（這是什麼？）""]"	community contributor	2025-09-21 12:34:34	2025-05-16 16:55:26
xena9m98s5g	xsx5m7gq8ud	叢	100	n	姓		"[""～鐇（南唐人物）""]"	community contributor	2025-09-26 16:38:15	2025-05-16 17:06:03
x22etgahfuk	xwymsr6n82t	宗	100	n	姓。		"[""～澤（宋代人物）。""]"	community contributor	2025-09-25 21:07:04	2025-05-16 17:06:06
xns2whyt2y8	xawx7ky2xpn	組	1	n					2025-07-28 22:37:59	2025-05-16 16:55:30
x3nb4p2x2hc	xawx7ky2xpn	組	1	cl					2025-07-28 22:37:59	2025-05-16 16:55:30
x8uxqnbfjbu	xauqmn99dux	阻	1	v					2025-07-28 22:37:59	2025-05-16 16:55:30
xw8kesuhjks	xauqmn99dux	阻	1	n					2025-07-28 22:38:00	2025-05-16 16:55:30
xrf4y42r4w4	x9s2s3z78wp	祖	1	n					2025-07-28 22:38:00	2025-05-16 16:55:30
xmrartdna8f	xuufpp7wnws	殂	1	v					2025-07-28 22:38:00	2025-05-16 16:55:30
xqwkbpxu9fd	xhnqt8nwv4s	雛	1	adj					2025-07-28 22:38:00	2025-05-16 16:55:30
xmnu3gkd3ve	xgxdd7bbmtr	租	1	n					2025-07-28 22:38:00	2025-05-16 16:55:30
xbrvvwayr82	xgxdd7bbmtr	租	1	v					2025-07-28 22:38:00	2025-05-16 16:55:30
x43a5hkdhgj	x5tq2kbx2cp	且	1	adj	〈書〉很多的樣子	《康熙》：「多貌。」	"[""《詩·大雅》：「籩豆有～。」""]"	community contributor	2025-10-21 19:03:19	2025-10-21 19:03:19
xmdk6fcfpvx	x68ay2hrnmh	存在	1		同漢語書面語「存在」。			community contributor	2025-10-17 20:20:48	2025-10-17 20:20:48
xq9vz4q6nrk	xc9jxv5y9se	裝	1	n	〈書〉行李、行囊。		"[""行～。""]"	community contributor|教育部. 教育部重編國語辭典修訂本: 臺灣學術網路第五版[DB]. 2015.	2025-09-22 19:39:41	2025-09-22 19:39:41
xgcmngsg6t6	xc9jxv5y9se	裝	2	n	衣服、服飾。		"[""中山～。"", ""西～。""]"	community contributor|教育部. 教育部重編國語辭典修訂本: 臺灣學術網路第五版[DB]. 2015.	2025-09-22 19:39:41	2025-09-22 19:39:41
xacy9j5chyg	xc9jxv5y9se	裝	3	v	〈書〉着（裝），穿（衣服）。	《榕腔註音詞典》（1929）第260頁收此義。口語說「頌」（seoyng242）。	"[""～束。""]"	community contributor	2025-09-22 19:46:25	2025-09-22 19:45:44
x3h5t3zj7z3	xc9jxv5y9se	裝	5	v	包裹，裹束。	《榕腔註音詞典》（1929）第260頁收此義。現今口語多說「包」（bau55）。	"[""包～。"", ""～箱。"", ""～罐頭。"", ""～裏（包進去。）""]"	community contributor|教育部. 教育部重編國語辭典修訂本: 臺灣學術網路第五版[DB]. 2015.	2025-09-22 19:39:41	2025-09-22 19:39:41
x99jqqdbpeh	xc9jxv5y9se	裝	6	v	裝載。裝填。	《榕腔註音詞典》（1929）第260頁收此義。盛放到袋中，口語稱之「貯」（duo33）。	"[""～貨。"", ""～運。"", ""～子彈。"", ""～滿。""]"	community contributor|馮愛珍. 福州方言詞典[M]. 南京: 江蘇教育出版社, 1998.	2025-09-22 19:45:44	2025-09-22 19:39:41
xyn9h6jm8dx	xc9jxv5y9se	裝	7	n	物品包裹、盛放的方式。		"[""散～。"", ""瓶～。"", ""袋～。"", ""罐～。""]"	community contributor|教育部. 教育部重編國語辭典修訂本: 臺灣學術網路第五版[DB]. 2015.	2025-09-22 19:39:41	2025-09-22 19:39:41
xxw57unk3qe	xc9jxv5y9se	裝	10	v	裝飾，打扮。			community contributor|馮愛珍. 福州方言詞典[M]. 南京: 江蘇教育出版社, 1998.	2025-09-22 19:39:41	2025-09-22 19:39:41
x2mwm8dd3ks	xc9jxv5y9se	裝	11	v	假裝，扮演。假作。		"[""～腔。""]"	community contributor|馮愛珍. 福州方言詞典[M]. 南京: 江蘇教育出版社, 1998.	2025-09-22 19:49:41	2025-09-22 19:39:41
xpexvdywcgb	xc9jxv5y9se	裝	20	v	裝配，安裝。	配置、設置器物，口語傳統上說「張」（duong55）。	"[""安～。"", ""～空調。"", ""～電梯。"", ""～軟件。"", ""～應用。""]"	community contributor	2025-09-22 19:39:41	2025-09-22 19:39:41
xqwgza7uzba	xc9jxv5y9se	裝	30	v	裝訂。裝裱。		"[""畫～起去（將畫裝裱起來）。""]"	community contributor	2025-09-22 19:39:41	2025-09-22 19:39:41
xv44w8w3y7r	xh78rfvf3xs	樁	1	cl	樁，件。		"[""這～事。"", ""這～其事。"", ""這蜀～事。"", ""這蜀～其事。""]"	community contributor	2025-08-27 21:09:00	2025-05-16 16:55:59
xbnag357v23	xe7mdra4bn3	莊	100	n	姓		"[""～周（戰國宋人物）""]"	community contributor	2025-09-26 15:58:47	2025-05-16 17:06:03
x8t7mes5fkj	x4vwzsagw5s	助	1	v					2025-07-28 22:38:00	2025-05-16 16:55:30
xxf38kaskjn	x5jxrpmbr5g	詛	1	v					2025-07-28 22:38:00	2025-05-16 16:55:30
xhf7r9jeb9j	xebxjwdaggw	座	1	n					2025-07-28 22:38:00	2025-05-16 16:55:16
x65ypu9zycv	xebxjwdaggw	座	1	v					2025-07-28 22:38:00	2025-05-16 16:55:16
xep7ygvne4s	xebxjwdaggw	座	1	cl					2025-07-28 22:38:00	2025-05-16 16:55:16
xnaesrqyxfz	xu5q74ajgts	造反	1		同普通話「造反」			community contributor	2026-04-12 17:51:08	2026-04-12 17:51:08
x2aqrhuw9ky	xjpja7n5ksz	造	1		「造」（zoo242）的破讀			community contributor|李如龍. 戚林八音校注[M]. 福州: 福建人民出版社, 2001.	2026-04-12 17:51:45	2026-04-12 17:51:45
xhjpj8pmd89	xzhcs2spych	做污	1		動補短語，弄髒			community contributor	2026-04-10 20:18:06	2026-04-10 20:18:06
xpj4hzat76a	x95xgez7gvr	左	100	n	姓		"[""～思（晉代人物）""]"	community contributor	2025-09-26 15:57:44	2025-05-16 17:06:03
xg7y6y45u7t	xm5prfeyw3k	漕	100	n	姓		"[""～中叔（漢代人物）""]"	community contributor	2025-09-27 13:56:17	2025-05-16 17:06:02
xnwv8g3wjha	xayurpfmj4w	曹	100	n	姓		"[""～植（三國魏人物）""]"	community contributor	2025-09-27 17:06:18	2025-05-16 17:06:00
x59459wzrc9	x93ftt2f8g8	周	100	n	姓		"[""～順昌（明代人物）""]"	community contributor	2025-09-27 17:10:42	2025-05-16 17:05:59
x4nq52exwdn	x68t2tatfr9	照樣	1		動賓短語，同普通話「照樣」			community contributor	2025-10-18 02:03:44	2025-10-18 02:03:44
xz4e954pc2k	x358wkc43ba	焦	100	n	姓		"[""～延壽（漢代人物）""]"	community contributor	2025-09-26 16:37:41	2025-05-16 17:06:03
xqzp7hgzkaa	xcje4vwwh82	占	1	v	〈書〉口授由他人記錄。		"[""口～。"", ""《後漢書·袁敬傳》：「俊自獄中～獄吏上書自訟。」""]"	community contributor|王力, 岑麒祥, 林焘. 古汉语常用字字典: 第4版[M]. 北京: 商务印书馆, 2005.	2025-09-18 18:14:19	2025-09-18 18:14:19
xjxpc3em2mp	xcje4vwwh82	占	2	v	〈書〉估計上報。		"[""《漢書·宣帝紀》：「流民自～八萬餘口。」""]"	community contributor|王力, 岑麒祥, 林焘. 古汉语常用字字典: 第4版[M]. 北京: 商务印书馆, 2005.	2025-09-18 18:14:19	2025-09-18 18:14:19
xjxjpsg42bz	xcje4vwwh82	占	3	v	有、具有。據有。	這個意義後來寫作「佔」，簡化字作「占」。	"[""《晉書·食貨志》：「男子一人，～田七十畝。」"", ""〔唐〕方干《于秀才小池》詩：「～地未過四五尺，浸天唯入兩三星。」"", ""〔唐〕韓愈《進學解》：「～小善者率以錄，名一藝者無不庸。」""]"	community contributor|王力, 岑麒祥, 林焘. 古汉语常用字字典: 第4版[M]. 北京: 商务印书馆, 2005.|教育部. 教育部重編國語辭典修訂本: 臺灣學術網路第五版[DB]. 2015.	2025-09-18 18:19:59	2025-09-18 18:14:19
xj7hseffwj8	xcje4vwwh82	占	100	n	「占城」的簡稱。中南半島古國，現今越南中南部。		"[""黃～（籼米）。"", ""黃～米（籼米）。"", ""黃～粙（籼稻）。""]"	community contributor	2025-09-18 18:24:53	2025-09-18 18:14:19
x2txzq4pp2w	x4je9h9qxvh	錢	100	n	姓		"[""～大昕（清代人物）""]"	community contributor	2025-09-27 13:56:06	2025-05-16 17:06:02
xybv9ug9g89	xyg2r7uzfs8	佔	1	adj	〈書〉看得見的、表面的。		"[""《禮記·學記》：「今之教者，呻其～畢，多其訊。」""]"	community contributor|教育部. 教育部重編國語辭典修訂本: 臺灣學術網路第五版[DB]. 2015.	2025-09-18 17:53:38	2025-09-18 17:40:48
x6tvqatuqgc	xyg2r7uzfs8	佔	100	v	〈書〉窺視。同「覘」。	《集韻·平聲·鹽韻》：「覘，闚也。或作佔。」		community contributor|教育部. 教育部重編國語辭典修訂本: 臺灣學術網路第五版[DB]. 2015.	2025-09-18 17:53:38	2025-09-18 17:40:48
xr63f6quf44	x5zjujp4vvy	占	1	v	〈書〉據徵兆以推知吉凶。		"[""～卜。""]"	community contributor|教育部. 教育部重編國語辭典修訂本: 臺灣學術網路第五版[DB]. 2015.	2025-09-18 17:44:41	2025-09-18 17:44:41
xwpbmmfxfq2	x5zjujp4vvy	占	2	v	〈書〉視察、配合。		"[""《後漢書·卷六五·段熲傳》：「臣動兵涉夏，連獲甘澍，歲時豐稔，人無疵疫，上～天心，不為災傷。」""]"	community contributor|教育部. 教育部重編國語辭典修訂本: 臺灣學術網路第五版[DB]. 2015.	2025-09-18 17:44:41	2025-09-18 17:44:41
xs9khjvu9rh	xn6rchjz9cd	隻	1	cl	用於某些成對的東西的一個。	《八音》戚、林兩書皆釋爲「單也」。		community contributor|馮愛珍. 福州方言詞典[M]. 南京: 江蘇教育出版社, 1998.	2025-08-29 22:18:22	2025-08-29 22:18:22
xr359dhdy5h	xn6rchjz9cd	隻	2	cl	用於某些器具物品。	也可以說「芘」（biek5、bik5）		community contributor|馮愛珍. 福州方言詞典[M]. 南京: 江蘇教育出版社, 1998.	2025-08-29 22:18:22	2025-08-29 22:18:22
xyawnvkryy6	xn6rchjz9cd	隻	3	cl	用於人。			community contributor|馮愛珍. 福州方言詞典[M]. 南京: 江蘇教育出版社, 1998.	2025-08-29 22:18:22	2025-08-29 22:18:22
xt5uh97t4qt	x3vzu4fqnhf	支	1	v					2025-07-28 22:38:00	2025-05-16 16:56:26
xtk6vffcjca	x3vzu4fqnhf	支	1	cl					2025-07-28 22:38:00	2025-05-16 16:56:26
xejbw8tu2tt	xj3wmsh53z4	泎	1		（液体）滿溢出來，濺出。			community contributor|馮愛珍. 福州方言詞典[M]. 南京: 江蘇教育出版社, 1998.	2025-09-19 11:22:39	2025-06-16 20:42:01
xzqr9ys9kdq	xj3wmsh53z4	泎	3		（稱女性）舉止輕佻。含貶義。			community contributor|馮愛珍. 福州方言詞典[M]. 南京: 江蘇教育出版社, 1998.	2025-09-19 11:23:50	2025-06-16 20:42:01
x9jddcjsjyh	xskfskhvvgu	者*前後	1	n	這時候			community contributor	2026-01-31 13:07:14	2026-01-31 13:07:14
xeeffspqng5	xxenfqgwnxu	者	1	pron					2025-07-28 22:38:00	2025-05-16 16:56:40
xvjfg96sy4r	xxenfqgwnxu	者	1	part					2025-07-28 22:38:00	2025-05-16 16:56:40
x4rtmmnzeay	xttzgux2cug	嗟	1	int	〈書〉表達感傷、哀痛。		"[""〔唐〕韓愈《祭田橫墓文》：「死者不復生，～余去此其從誰！」""]"	community contributor|教育部. 教育部重編國語辭典修訂本: 臺灣學術網路第五版[DB]. 2015.	2026-03-22 14:28:50	2025-05-16 17:05:46
x2k4hce3y22	xttzgux2cug	嗟	2	int	〈書〉表達讚美。		"[""《史記．卷五七．絳侯周勃世家》：「～乎！此真將軍矣！」""]"	community contributor|教育部. 教育部重編國語辭典修訂本: 臺灣學術網路第五版[DB]. 2015.	2026-03-22 14:34:12	2026-03-22 14:34:12
xu5b5uzfguf	xttzgux2cug	嗟	3	int	發語詞，用於給別人東西等引起他人注意的場合。		"[""～，來食（喏，來吃）。"", ""～，掏*去（喏，拿走）。"", ""～，汝看者*死囝嘛（喏，你看這死小孩嘛）。""]"	community contributor	2026-03-22 14:34:12	2025-12-26 21:22:38
xrwzheq6men	xns7sn4smap	井	100	n	姓		"[""～源（明代人物）""]"	community contributor	2025-09-25 21:31:35	2025-05-16 17:06:04
xfdcz948u3j	x7ch45sbkha	秦	100	n	姓		"[""～觀（宋代人物）""]"	community contributor	2025-09-27 16:50:14	2025-05-16 17:06:01
xfwat689wej	x2hk357gkcn	升	1	n					2025-07-28 22:38:00	2025-05-16 16:55:01
xeyehh7vye9	x2hk357gkcn	升	1	cl					2025-07-28 22:38:00	2025-05-16 16:55:01
x56ekupqatp	x8zw24ywtj4	汓	1	v					2025-07-28 22:38:00	2025-05-16 16:56:07
xj6y5fawxs3	xjk3ewvt7m7	子	1	cl					2025-07-28 22:38:00	2025-05-16 16:56:07
xkzzrgp836m	xjk3ewvt7m7	子	1	n					2025-07-28 22:38:00	2025-05-16 16:56:07
x6vq6t22f23	xnsb5saxj7h	焠	1	v					2025-07-28 22:38:00	2025-05-16 16:56:07
xasrb22qk3s	xzjwz45gshx	膣䫌	1	n	女子陰部			community contributor	2025-09-14 17:13:42	2025-09-14 17:13:42
xqr6x9r4fd2	xzjwz45gshx	膣䫌	1	int	詈詞，類似北京話「媽屄」。		"[""汝復做世*乇～事際？（你又做什麼屄事？）""]"	community contributor	2025-09-19 18:07:49	2025-09-14 17:13:42
xa25mc6wxtd	xsy8hrt9t37	膣	1	n	女子陰部			community contributor	2025-09-14 17:07:24	2025-05-16 16:56:07
xxdfjnfht76	xtqmcpzbjcu	這	1	pron	指示代詞，這。			community contributor|馮愛珍. 福州方言詞典[M]. 南京: 江蘇教育出版社, 1998.	2025-09-23 13:27:47	2025-05-16 16:56:07
xsyyeasstra	xtqmcpzbjcu	這	2	adv	這麼。			community contributor|馮愛珍. 福州方言詞典[M]. 南京: 江蘇教育出版社, 1998.	2025-09-23 13:27:47	2025-05-16 16:56:07
x32v2bbn28j	x3w4qhqabny	叔	1		叔父。			community contributor	2025-09-14 23:22:38	2025-05-16 17:05:50
xybyhre5wwf	x3w4qhqabny	叔	2		朋友父親。			community contributor	2025-09-14 23:22:38	2025-09-14 23:22:38
xcvgf3k6yur	xnnzgqm6ywf	祝	100	n	姓		"[""～侘（春秋魏人物）""]"	community contributor	2025-09-26 15:57:55	2025-05-16 17:06:03
xg57yq366aa	xvxmex9vvze	炷	1	cl					2025-07-28 22:38:00	2025-05-16 16:55:21
xtxcaxcam92	x27qzvfnjhb	鄒	100	n	姓		"[""～允隆（明代人物）""]"	community contributor	2025-09-27 16:52:19	2025-05-16 17:06:01
xhe9nbcreu9	x6ceeyvtr38	晉安	1	n	地名，在福州。			community contributor	2025-09-14 23:49:40	2025-05-16 17:05:52
xhb7tyykp9g	xg88j2a9y4x	晉	100	n	姓		"[""～鄙（戰國魏人物）""]"	community contributor	2025-09-27 16:06:38	2025-05-16 17:06:02
xnaxyz5zjf3	xecvks3gux9	層	1	cl					2025-07-28 22:38:00	2025-05-16 16:55:37
x75f77v5rjn	xc8hz8qywdu	曾	100	n	姓		"[""～參（春秋魯人物）""]"	community contributor	2025-09-27 17:04:17	2025-05-16 17:06:00
x2ukd5ysw5s	xvhq95w5qae	截	1	cl					2025-07-28 22:38:00	2025-05-16 16:55:37
xxzq96z6xry	xvhq95w5qae	截	1	v					2025-07-28 22:38:00	2025-05-16 16:55:37
xjqfnyqhtr6	xrfj2t4ymdx	字	1	cl					2025-07-28 22:38:00	2025-05-16 16:56:07
x3kxrgeev63	xgnz3hq95n7	痣	1	n					2025-07-28 22:38:00	2025-05-16 16:56:07
xqr5ewyr63s	xxwc5d5vkte	齊	100	n	姓		"[""～德成（明代人物）""]"	community contributor	2025-09-26 15:59:58	2025-05-16 17:06:03
x8pbd32ex5t	x8k2natvjka	㔌	1	v					2025-07-28 22:38:00	2025-05-16 16:55:59
xxqut5x96q8	xajtbqg6kjg	作	1	v					2025-07-28 22:38:00	2025-05-16 16:55:59
xekw6hjru3v	x9bnhz8fmva	爪	1	cl	表示一長串物品。		"[""鑼盆（盆）裡勢（裡）有五～粽。""]"	community contributor	2025-09-06 21:49:48	2025-05-16 17:05:46
xxt5sag7926	x7qwk2sugxv	節	1	n					2025-07-28 22:38:00	2025-05-16 16:55:37
xutsgz9xh46	xpjpmebpkym	汁	1	n					2025-07-28 22:38:00	2025-05-16 16:55:37
x33grr8zf3y	xhfzc9tbuwj	再	1	adv	〈書〉第二次、又一次、兩次。	現代語體中基本不用。表示第二次，口語說「第二回」，正規場合也憑字說「第二次」。表示又一次，口語說「復蜀回」。兩次，口語說「兩回」。	"[""～見（第二次見）。"", ""～拜（第二拜、拜兩拜）。""]"	community contributor|李如龍. 戚林八音校注[M]. 福州: 福建人民出版社, 2001.	2025-09-15 14:50:11	2025-09-15 14:50:11
x8x6dnzyfuq	xhfzc9tbuwj	再	2	adv	〈書〉表示動作繼續重複。	口語說「世落」「世來」「接下」「接落來」「繼續」等等。	"[""～版。""]"	community contributor|馮愛珍. 福州方言詞典[M]. 南京: 江蘇教育出版社, 1998.|李如龍. 戚林八音校注[M]. 福州: 福建人民出版社, 2001.	2025-09-15 14:50:11	2025-09-15 14:50:11
xhwbj5u52me	xhfzc9tbuwj	再	3	adv	表示一個動作接在別的動作或狀態結束之後。	口語亦說「介*」（gai21）。	"[""～見（下回見）。"", ""～叮蜀句（再叮囑一句）。"", ""食完～行（喫完飯再走）！""]"	community contributor|馮愛珍. 福州方言詞典[M]. 南京: 江蘇教育出版社, 1998.	2025-09-15 14:50:11	2025-09-15 14:50:11
xhrr2dzxdbu	xhfzc9tbuwj	再	4	adv	表示另有補充。	口語亦說「介*」（gai21）。	"[""～講本底就是伓是總*款（再說本來就不是這樣）。""]"	community contributor|教育部. 教育部重編國語辭典修訂本: 臺灣學術網路第五版[DB]. 2015.	2025-09-15 14:58:26	2025-09-15 14:50:11
xr3stp7s4xy	xaeka9s238m	崽	1	n	〈書〉子，兒子。小兒，孩子。	〔漢〕揚雄《方言·卷一〇》：「崽者，子也。湘沅之會，凡言是子者，謂之崽；若東齊言子矣。」〔明〕焦竑《俗書刊誤·俗用雜字》：「江、湘、吳、越呼子曰崽。音宰。」《榕腔註音詞典》（1929）第134頁收此義。	"[""《水經注·卷十一·滱水》：「至若孌婉丱童，及弱年～子。」《廣東新語》：「謂子曰崽，《水經注》『弱年崽子』是也。」""]"	community contributor	2025-10-17 01:40:21	2025-10-09 02:16:55
xfauscewrct	xaeka9s238m	崽	5	n	〈書〉侮辱人的稱呼。	《廣韻》：「自高而侮人也。」〔清〕《談徵·名部上·崽囝仔》：「粵人稱凶惡人亦曰爛崽。」章炳麟《新方言·釋親屬》：「成都、安慶罵人，則冠以崽字。」		community contributor	2025-10-17 01:41:29	2025-10-09 13:23:01
xwbaust457p	xaeka9s238m	崽	10	n	〈書〉僕從。	"《榕腔註音詞典》（1929）第134頁，在「a child」（孩兒）之外，又釋之爲「a servant」（僕從）。
按，1870年的《榕腔註音字典》未收崽字。而與1929年《榕註》相同的釋義文本，可在翟理斯《華英字典》（1892）尋到（《華英》在該字條下收有表示僕人的語例「細崽」）。"		community contributor	2025-10-17 21:59:11	2025-10-09 02:20:42
xygxk7hsdth	xaeka9s238m	崽	20	n	〈書〉幼小的動物。			community contributor	2025-10-09 02:49:28	2025-10-09 02:20:42
x7auvnfraku	xeutube25bq	盞	1	n					2025-07-28 22:38:00	2025-05-16 16:54:42
x9k7nhr5uw3	xeutube25bq	盞	1	cl					2025-07-28 22:38:00	2025-05-16 16:54:42
xynv585wqfv	x7a377p9xhb	匝	1	cl					2025-07-28 22:38:00	2025-05-16 16:54:42
x6t2mwh7cf6	xs5v5nhmhga	詐	1	adj					2025-07-28 22:38:00	2025-05-16 16:54:53
xc2n6mbjfkk	xysg6p4nckr	榨	1	v					2025-07-28 22:38:00	2025-05-16 16:54:53
x9vuaz9hjqx	xdxsc2pw44v	早	1	n					2025-07-28 22:38:00	2025-05-16 16:54:53
xfj2f2sdme2	xdxsc2pw44v	早	1	adj					2025-07-28 22:38:00	2025-05-16 16:54:53
xm8xe9gta75	xdxsc2pw44v	早	1	adv					2025-07-28 22:38:00	2025-05-16 16:54:53
x9qvezt46ja	xdxj26eanrz	炸	1	v					2025-07-28 22:38:00	2025-05-16 16:54:53
xqfvh8fa8u2	xkhwzset9cn	嘈	1	v					2025-07-28 22:38:00	2025-05-16 16:54:53
xkz426yc3av	xkhwzset9cn	嘈	1	adj					2025-07-28 22:38:00	2025-05-16 16:54:53
xjjgmv2zhdh	x65yz4gt6yy	渣	1	n					2025-07-28 22:38:00	2025-05-16 16:54:53
xe2dudc6apg	xhbjdygbue2	件	1	cl					2025-07-28 22:38:00	2025-05-16 16:54:33
xbemnf2hksr	xk5j682hudm	陽	100	n	姓。		"[""～昌朝（宋代人物）。""]"	community contributor	2025-09-25 21:06:39	2025-05-16 17:06:05
x39xdbdxhe3	xktehe6qbsn	楊	100	n	姓		"[""～朱（戰國魏人物）""]"	community contributor	2025-09-27 17:11:17	2025-05-16 17:05:59
xxeryx5fu9z	x8cqxjtgbv9	揚	100	n	姓。		"[""～雄（漢代人物）。""]"	community contributor	2025-09-25 21:07:53	2025-05-16 17:06:05
xa83r6xukpq	xhhprrbcwzn	沿	100	n	姓			community contributor	2025-09-26 16:38:02	2025-05-16 17:06:03
xcxyhjkqw62	xt9ghyuxk6h	央	1	v					2025-07-28 22:38:00	2025-05-16 16:54:32
xh6hhzzbzkm	xkxb8abf7rg	尹	100	n	姓		"[""～洙（宋代人物）""]"	community contributor	2025-09-27 13:51:27	2025-05-16 17:06:02
x8sbu3fj93a	x3xsnjsgeqf	勇	1	adj	有膽量，無所畏懼	口語中較少這麼說。表達一個人勇敢、有種，可以說「膽野大」「伓驚死」「儥驚死」		community contributor	2026-04-07 23:05:16	2026-04-05 15:12:38
x3y4u45ad8a	x3xsnjsgeqf	勇	2	adj	指秋冬不怕冷、衣服穿得少，有時也指夏天不怕熱		"[""野（很）～""]"	community contributor	2026-04-07 23:05:16	2026-04-07 23:05:16
xtv485cpr68	xdbt52w92uf	榕城	1	n	福州的別稱。			community contributor	2025-09-30 22:37:12	2025-09-30 22:37:12
xje3h36d26t	xmz3nujsm3v	殷	100	n	姓		"[""～令名（唐代人物）""]"	community contributor	2025-09-27 13:45:08	2025-05-16 17:06:02
xjcrfdsq8ct	xdec9f8q6se	宇	100	n	姓。		"[""～賓（明代人物）。""]"	community contributor	2025-09-25 21:05:40	2025-05-16 17:06:05
x76cewzx3hf	xg8wga24eea	雨	1	n					2025-07-28 22:38:00	2025-05-16 16:55:23
x3qzqhd86ar	xgj34vfass7	俞	100	n	姓。		"[""～連（漢代人物）。""]"	community contributor	2025-09-26 19:29:45	2025-05-16 17:06:03
xj9nb3crnja	xq4srgjcfnj	苑	100	n	姓		"[""～何忌（春秋齊人物）""]"	community contributor	2025-09-27 16:06:24	2025-05-16 17:06:02
x7t22vqd2de	xr4kfevecp3	萑	1		不成詞語素，指貓頭鷹，見於「貓萑」			community contributor	2025-09-14 12:00:34	2025-09-14 12:00:34
xtndeb8gthb	x3fm4urtn3u	袁	100	n	姓		"[""～紹（漢代人物）""]"	community contributor	2025-09-27 17:06:09	2025-05-16 17:06:00
xvugefnbpnn	xcw63xcqacy	王	100	n	姓		"[""閩王～審知""]"	community contributor	2025-09-27 17:11:51	2025-05-16 17:05:59
xvdk3xhysfa	x6e5qphvrre	黃	100	n	姓		"[""～庭堅（宋代人物）""]"	community contributor	2025-09-27 17:10:57	2025-05-16 17:05:59
x2a9pu563gn	x9npkjeqrb6	汪	100	n	姓		"[""～踦（春秋魯人物）""]"	community contributor	2025-09-27 16:54:33	2025-05-16 17:06:00
xjqn6x7bqfu	xv2s36hduuw	位	100	n	姓。		"[""～安（明代人物）。""]"	community contributor	2025-09-25 21:09:52	2025-05-16 17:06:05
xxnz4nngpq8	xh445bmgtgk	韋	100	n	姓		"[""～應物（唐代人物）""]"	community contributor	2025-09-26 17:29:09	2025-05-16 17:06:03
xm652su8j4v	xkt2bnp7pz9	衛	100	n	姓。		"[""～青（漢代人物）。""]"	community contributor	2025-09-25 21:19:18	2025-05-16 17:06:05
xg4qntufuts	xhf8n58yy28	萬	100	n	姓		"[""～斯同（清代人物）""]"	community contributor	2025-09-27 16:03:55	2025-05-16 17:06:02
xzsu39zabfb	xehy6xjnnme	碗	1	n					2025-07-28 22:38:00	2025-05-16 16:55:10
xnx3j7np6tn	xehy6xjnnme	碗	1	cl					2025-07-28 22:38:00	2025-05-16 16:55:10
xfjy4cbfxrp	xvrybtmd643	文	1	adj					2025-07-28 22:38:00	2025-05-16 16:54:26
xry5axtut6u	xvrybtmd643	文	1	cl					2025-07-28 22:38:00	2025-05-16 16:54:26
xkey49dez2j	xvrybtmd643	文	100	n	姓		"[""～彥博（宋代人物）""]"	community contributor	2025-09-27 17:09:54	2025-05-16 17:05:59
x35et9jgqzs	x3depr3uerr	翁	100	n	姓。		"[""～伯（漢代人物）。""]"	community contributor	2025-09-25 21:09:10	2025-05-16 17:06:05
xjzfmsdcxzv	xut9aqpetpz	溫	100	n	姓		"[""～疥（漢代人物）""]"	community contributor	2025-09-26 19:36:04	2025-05-16 17:06:03
x9gx65sznv8	x9jz62r8btk	舞	1	n					2025-07-28 22:38:00	2025-05-16 16:55:31
x8ddh9u52dp	x9jz62r8btk	舞	1	v					2025-07-28 22:38:00	2025-05-16 16:55:31
x34d73mqc44	xwwgvm2bmee	武	100	n	姓		"[""～臣（漢代人物）""]"	community contributor	2025-09-27 13:46:15	2025-05-16 17:06:02
xpgbpzhsnky	xqxt88nsgtr	巫	100	n	姓。		"[""～咸（商代人物）。""]"	community contributor	2025-09-25 21:08:56	2025-05-16 17:06:05
xjdsme3294n	x8md9me4x9d	烏	1	n					2025-07-28 22:38:00	2025-05-16 16:55:31
xnjw8c7c8xa	x8md9me4x9d	烏	1	adj					2025-07-28 22:38:00	2025-05-16 16:55:31
x9pg3nppjay	xnvu57tzmw6	重	1	cl					2025-07-28 22:38:00	2025-05-16 16:55:52
xqcnc8wcs8n	x3xnt6hbg5n	銖	1	cl					2025-07-28 22:38:00	2025-05-16 16:55:21
xw7yxj8aybg	xp3ty6zzakf	杖	1	n					2025-07-28 22:38:00	2025-05-16 16:54:31
xqpg4xeb3ys	xp3ty6zzakf	杖	1	cl					2025-07-28 22:38:00	2025-05-16 16:54:31
xvrnd3f99yf	xj8sss4zszt	暢	100	n	姓		"[""～璀（唐代人物）""]"	community contributor	2025-09-25 21:37:47	2025-05-16 17:06:04
xbkmdh2d8mt	xwaznw8kuwc	張	1	cl					2025-07-28 22:38:00	2025-05-16 16:54:31
xpgve2fntpt	x6nagffyacn	土	1	adj					2025-07-28 22:38:00	2025-05-16 16:55:30
xk3fbc5tygj	x9aw686af9h	塗	1	n					2025-07-28 22:38:00	2025-05-16 16:55:30
xywegampzpd	xwu6h6ypux3	湯	100	n	姓		"[""～顯祖（明代人物）""]"	community contributor	2025-09-27 13:55:52	2025-05-16 17:06:02
xw3mewya85s	xsf85vftkx3	沰	1	v					2025-07-28 22:38:00	2025-05-16 16:55:59
x5nnqjgf42g	xmv8jdy2yds	吐	1	v					2025-07-28 22:38:00	2025-05-16 16:55:30
xwhx4m2xewg	xbadcnp8shr	兔	1	n					2025-07-28 22:38:00	2025-05-16 16:55:30
xxmsj27kh97	x9zq6qm2v37	套	1	v					2025-07-28 22:38:00	2025-05-16 16:55:15
xyzbbkt5kp7	x9zq6qm2v37	套	1	cl					2025-07-28 22:38:00	2025-05-16 16:55:15
x9gpnwp2qet	x6k3mp9ttbs	妥*牳*	1	adv	大約。		"[""這所~有十把隻儂。（這裏大概有十多個人。）""]"	community contributor	2025-09-14 23:42:09	2025-08-27 22:12:21
xan4q3xvfhq	xhdkx7daewb	天棚頂	1	n	屋頂，一般指沒有坡度的。		"[""這頭貓囝敆～懸頂做世乇？（這隻貓在屋頂上做什麼？）""]"	community contributor	2025-09-14 00:27:04	2025-09-06 23:17:16
x6e28p4kx8c	xrpep3t94sm	程	100	n	姓		"[""～顥（宋代人物）"", ""～頤（宋代人物）""]"	community contributor	2025-09-27 17:06:33	2025-05-16 17:06:00
xbt27x27jm4	xvyz4hty8cj	黐	1	n					2025-07-28 22:38:00	2025-05-16 16:56:07
x766h8ms3ge	xvyz4hty8cj	黐	1	adj					2025-07-28 22:38:00	2025-05-16 16:56:07
xepmpgvrb7a	x96mt4dy8tv	漦	1	n					2025-07-28 22:38:00	2025-05-16 16:56:07
xxt82hzbhek	x96mt4dy8tv	漦	1	adj					2025-07-28 22:38:00	2025-05-16 16:56:07
xu7ppvacp2t	xkeqhndjrht	讀	1	v					2025-07-28 22:38:00	2025-05-16 16:56:12
xvaaaxqj2ad	xpzcm6hw727	很*拈*	1	adv	程度副詞，比較。		"[""我頭髮～長了，着剃了。""]"	community contributor	2025-09-15 13:39:07	2025-05-16 17:05:43
x33m6ydtarq	xa5rtwrsmw7	趁機	1		同普通話「趁機」。			community contributor	2025-09-20 13:41:07	2025-09-20 13:41:07
xzdwzckcf3k	xmkmfq3a6kv	蟶	1	n					2025-07-28 22:38:00	2025-05-16 16:55:36
xch685uhfta	xmkmfq3a6kv	蟶	1		對國際龍舟船底凹形的稱呼。又稱「蟶底」			community contributor	2025-05-16 17:05:56	2025-05-16 17:05:56
x3g7r7taee7	xatdbd6phq8	宅	1	n					2025-07-28 22:38:00	2025-05-16 16:55:36
xuc9usrfxrk	xj825wn4zs7	體	1	n	身體	《八音》：「身體。」		community contributor	2025-10-21 19:33:47	2025-10-21 19:33:17
xwrhcbca5sv	xj825wn4zs7	體	2	n	體質			community contributor	2025-10-21 19:33:18	2025-10-21 19:33:18
xsafqbbw7uu	xj825wn4zs7	體	3	n	體力			community contributor	2025-10-21 19:33:18	2025-10-21 19:33:18
xu4qfsqg4e6	xj825wn4zs7	體	10	n	體統，規矩		"[""△有禮無～。（有禮數沒體統。有小禮無大義。）""]"	community contributor	2025-10-21 19:33:18	2025-10-21 19:33:18
x7k3bunwqdj	xj825wn4zs7	體	20	v	體貼，體諒			community contributor	2025-10-21 19:33:18	2025-10-21 19:33:18
xzx9ufh496h	xzfschqbg6r	拓*	1	v	（用熱的水）燙，沖泡		"[""～茶。"", ""～乳粉（neing55 ngung55）。（泡奶粉。）""]"	community contributor|community contributor	2025-12-30 22:50:56	2025-05-16 16:55:59
xy8n2jx98w4	xzfschqbg6r	拓*	2	v	泡（溫泉）		"[""～溫泉。""]"	community contributor|community contributor	2025-12-30 22:50:56	2025-12-30 22:14:17
xyn2f23udc3	xh2sr23jduf	脫	1	v					2025-07-28 22:38:00	2025-05-16 16:55:59
xsautpt9kh2	xyx4k6n9ykx	頭先早	1		剛纔。			community contributor	2025-09-24 21:14:49	2025-05-16 17:06:06
xg4947jufbx	xz38yf7kzxf	頭	1	n					2025-07-28 22:38:00	2025-05-16 16:56:15
x7dx5cxa7mk	xz38yf7kzxf	頭	1	adj					2025-07-28 22:38:00	2025-05-16 16:56:15
xzkuy2d8e9x	xz38yf7kzxf	頭	1	cl					2025-07-28 22:38:00	2025-05-16 16:56:15
xdqqvsh3ms6	xqmtduu8ks6	貼	1	v					2025-07-28 22:38:00	2025-05-16 16:55:36
xzh32y25qth	xqmtduu8ks6	貼	1	cl					2025-07-28 22:38:00	2025-05-16 16:55:36
x5dzr83ntjm	xv3qq79jz2c	帖	1	n					2025-07-28 22:38:00	2025-05-16 16:55:36
xmczzbyh3fj	xv3qq79jz2c	帖	1	cl					2025-07-28 22:38:00	2025-05-16 16:55:36
xbynehjprbk	x3dx2vhgh9j	颱	1	n	見「風颱」（hung55 nai55）。			community contributor	2025-09-14 14:15:15	2025-09-14 14:15:15
xysrep2mdst	xhdjdhqjbw3	壇	1	n					2025-07-28 22:38:00	2025-05-16 16:54:42
xvxn53tf8m2	xhdjdhqjbw3	壇	1	cl					2025-07-28 22:38:00	2025-05-16 16:54:42
x7zybtna3s7	xnp54ctudmt	譚	1	n	姓		"[""～嗣同（清代人物）""]"	community contributor	2025-09-27 16:52:45	2025-05-16 17:06:00
xrntcvf6knm	x3whdtacn9f	屜	1	cl					2025-07-28 22:38:00	2025-05-16 16:56:21
xkn5yzbjc3s	x3whdtacn9f	屜	1	n					2025-07-28 22:38:00	2025-05-16 16:56:21
xyef744gdg7	xuk3j5pa3y9	疊	1	v					2025-07-28 22:38:00	2025-05-16 16:54:42
xcauxp2fggj	xuk3j5pa3y9	疊	1	cl					2025-07-28 22:38:00	2025-05-16 16:54:42
xk5s824mc67	xp5p7kphbqd	蜀	1	n	“蠋”（syk5）的古字。蛾蝶類幼蟲。			community contributor	2025-09-26 22:47:11	2025-09-26 22:47:11
xwncy7u4u7c	xp5p7kphbqd	蜀	10	n	古族名、國名。分佈在今四川西部。			community contributor	2025-09-26 22:49:30	2025-09-26 22:49:30
xqcr8yuk4qa	xp5p7kphbqd	蜀	20	n	朝代名。			community contributor	2025-09-26 22:49:30	2025-09-26 22:49:30
xppvqmsn4an	xp5p7kphbqd	蜀	21	n	四川省的簡稱。		"[""～本（宋代在四川刻印的書籍）""]"	community contributor	2025-09-26 23:42:40	2025-09-26 22:49:30
xdf3sw6ambj	xsr5g5vm9d9	蠋	1	n	蛾、蝶類幼蟲。		"[""《詩經·豳風·東山》：「蜎蜎者～，烝在桑野。」〔漢〕毛亨·傳：「蠋，桑蟲也。」""]"	community contributor|教育部. 教育部重編國語辭典修訂本: 臺灣學術網路第五版[DB]. 2015.	2025-09-26 22:55:10	2025-09-26 22:54:12
xxpc38mwfc6	xq8jv8zznk5	史	1	n	古代掌管文書與記事等的官吏。		"[""太～。""]"	community contributor|教育部. 教育部重編國語辭典修訂本: 臺灣學術網路第五版[DB]. 2015.	2025-09-15 02:50:32	2025-09-15 02:50:32
xr2b334t2es	xq8jv8zznk5	史	2	n	〈書〉過往的事跡。		"[""歷～。""]"	community contributor|教育部. 教育部重編國語辭典修訂本: 臺灣學術網路第五版[DB]. 2015.	2025-09-15 02:52:08	2025-09-15 02:50:32
xbnaysqrgud	xq8jv8zznk5	史	3	n	記載過去事跡的書籍。		"[""通～。""]"	community contributor|教育部. 教育部重編國語辭典修訂本: 臺灣學術網路第五版[DB]. 2015.	2025-09-15 02:50:32	2025-09-15 02:50:32
x6p2x8sd63k	xq8jv8zznk5	史	100	n	姓。		"[""～可法（明代人物）。""]"	community contributor|教育部. 教育部重編國語辭典修訂本: 臺灣學術網路第五版[DB]. 2015.	2025-09-15 02:50:32	2025-05-16 17:06:01
xcnf6x6cyhm	xd6wqugpawk	始	1	n					2025-07-28 22:38:00	2025-05-16 16:55:22
xtkf878yft9	x97y7sxuf3d	薯	1	n					2025-07-28 22:38:00	2025-05-16 16:55:22
xc4jamje4tz	xqwhpndrhvt	徐	100	n	姓		"[""～光啟（明代人物）""]"	community contributor	2025-09-27 17:10:21	2025-05-16 17:05:59
xt6dn29j8rc	xcvdkbeugng	辭	1	v					2025-07-28 22:38:00	2025-05-16 16:55:22
xngyng69zjs	xpmpbsrkgb6	詞	1	n					2025-07-28 22:38:00	2025-05-16 16:55:22
x4tnmjmzgq6	xnjmnjv85cb	司	1	v	〈書〉掌管。		"[""～令。"", ""～法。""]"	community contributor	2025-09-14 22:24:55	2025-09-14 22:24:55
xp2cg2hyxts	xnjmnjv85cb	司	100	n	姓。		"[""～超（宋代人物）。""]"	community contributor	2025-09-14 22:24:55	2025-05-16 17:06:05
xe5knqrrsf7	xnjmnjv85cb	司	101	n	複姓用字。		"[""～馬。""]"	community contributor	2025-09-14 22:45:49	2025-09-14 22:45:49
xv4398neyh6	xje5un2jty5	舒	100	n	姓		"[""～元輿（唐代人物）""]"	community contributor	2025-09-26 15:55:08	2025-05-16 17:06:03
xjv4gvjd3qt	xgcj4dym27h	尚幹	1		地名，在今閩侯縣東南部			community contributor	2025-08-03 21:31:54	2025-05-16 17:05:43
xf7ezt8zraw	xg6frbgfx4v	上街	1	n	鎮名，在閩侯。	一說原名爲「上溪」。		community contributor	2025-09-14 23:14:51	2025-05-16 17:05:49
xcszs88w8yy	xu8e6fupsvt	常	100	n	姓		"[""～惠（漢代人物）""]"	community contributor	2025-09-27 13:46:27	2025-05-16 17:06:02
xpdmvwxq5qk	xu398w6epg7	箱	1	n					2025-07-28 22:38:00	2025-05-16 16:54:31
x743vn9qdng	xu398w6epg7	箱	1	cl					2025-07-28 22:38:00	2025-05-16 16:54:31
xsqk48ccnfw	xz9ge7ycazz	踅	1	v					2025-07-28 22:38:00	2025-05-16 16:54:32
xnayh78np96	xz9ge7ycazz	踅	1	cl					2025-07-28 22:38:00	2025-05-16 16:54:32
xj87mnuzqwm	xdt2bxe3rfx	蜀	1	num	數目詞，一，自然數的開始。	"《方言》第十二：“一，蜀也。南楚謂之蜀。”郭璞注：“蜀，猶獨耳。”
《廣雅·釋詁一》：“蜀，壹弌也。”王念孙疏證：「凡物之大者，皆有獨義……《爾雅》『雞大者蜀』義亦同也。」
章炳麟《新方言·釋言》：“蜀音市玉切，音小變則如束。福州謂一爲蜀，一尺一丈一百一千則云蜀尺蜀丈蜀百蜀千，音皆如束。”"	"[""～、兩、三、四⋯⋯""]"	community contributor	2025-09-26 22:35:41	2025-05-16 16:56:24
xjt7bgcej77	xahhpuymkfp	石	1	n	石頭	《八音》戚註：「砂。」林註：「山骨。」		community contributor	2025-10-20 01:31:50	2025-10-20 01:31:50
xnvrfzasnwy	xahhpuymkfp	石	60	cl	重量、容量單位	《八音》林註：「量名。」本字爲「䄷」，《說文·禾部》收。口語說「擔」（dang21）。		community contributor	2025-10-20 01:37:19	2025-10-20 01:31:50
x2x9s8f63fc	xahhpuymkfp	石	100	n	姓	《八音》林註：「姓也。」一說以爲，若唸成sik5（文讀），姓、名連讀後易與「死」諧音。	"[""～達開""]"	community contributor	2025-10-20 01:32:38	2025-10-20 01:21:46
xqk98sghpwy	xsj7cf67m8y	水	1		〈書〉「水」（zui33）的文讀。		"[""福州派江吻海，山～相依，城中有山，山中有城，是蜀座天然環境優越、十分美麗其國家歷史文化名城。""]"	community contributor	2025-09-23 01:00:59	2025-09-23 01:00:59
x8kuwrcp4hy	xzwrqw58cwg	巡	1	v					2025-07-28 22:38:01	2025-05-16 16:54:25
xj8ms7p5jjp	xzwrqw58cwg	巡	1	cl					2025-07-28 22:38:01	2025-05-16 16:54:25
xr7cjh5spt5	x9hf9tfxcmp	酥	1	n					2025-07-28 22:38:01	2025-05-16 16:55:31
x8ranhpqmdb	x9hf9tfxcmp	酥	1	adj					2025-07-28 22:38:01	2025-05-16 16:55:31
x7g9rywby4j	xj7e8dmtqs7	蘇	100	n	姓		"[""～軾（宋代人物）""]"	community contributor	2025-09-27 17:03:40	2025-05-16 17:06:00
xru7p5j7vea	xuqh8my6q8g	摔	1	v	（用手掌）打，摑		"[""～蜀掌。（打一巴掌。）""]"	community contributor	2025-10-15 19:20:43	2025-05-16 16:56:12
x24nbry466w	xuqh8my6q8g	摔	2	v	猛烈撞擊，投擲。（在憤怒中猛力向下）扔、摔		"[""～碎。"", ""～破。"", ""～死。"", ""～碗～碟。（摔砸碗盤。）""]"	community contributor	2025-10-15 19:21:22	2025-10-15 19:20:43
xrkfgrnkqck	xuqh8my6q8g	摔	3	v	跌墮。		"[""～蜀倒。（摔一跤。）""]"	community contributor	2025-10-15 19:20:43	2025-10-15 19:20:43
xpt3m99syfy	xuqh8my6q8g	摔	5	v	打（穀），（使穀物）脫粒		"[""～粙。（摔稻。）""]"	community contributor	2025-10-15 19:20:43	2025-10-15 19:20:43
xcvqzgqevnt	x9u92vb6hn5	宋	100	n	姓	作爲姓又讀sooung213	"[""～玉（戰國楚人物）""]"	community contributor	2025-09-27 17:07:38	2025-05-16 17:05:59
xuyf8ewyght	xefrzyssmgx	桑	100	n	姓。		"[""～弘羊（漢代人物）。""]"	community contributor	2025-09-25 21:20:28	2025-05-16 17:06:05
xjgn55g7ccp	x4cwt5xyg8y	孫	100	n	姓		"[""～武（春秋齊人物）""]"	community contributor	2025-09-27 17:10:08	2025-05-16 17:05:59
xury8tks5up	x38p86e64nt	塑料桶	1	n	同普通話「塑料桶」。			community contributor	2025-09-06 01:59:05	2025-09-06 01:59:05
xf3vpgn2g2f	xse2n5k8bbt	塑料	1	n	同普通話「塑料」。			community contributor	2025-09-06 01:58:37	2025-09-06 01:58:37
xu45a4ta36v	x2cx4478kb4	塑	1	v					2025-07-28 22:38:01	2025-05-16 16:55:31
xzafn2ntj69	x3j7uk3bw7f	數	1	n					2025-07-28 22:38:01	2025-05-16 16:55:31
xb54e9rqzmr	xhf23ghvqka	素	1	adj					2025-07-28 22:38:01	2025-05-16 16:55:31
xbdzgxnqggk	xeyabs6e2pr	蜀	1	num	數目，一，自然數的開始。	soh5音於此義，一般不單說，而是用在一般量詞、度量衡單位、多位數中「百、千、萬、億」等大數單位前。如果單說，或在多位數的個位上，則讀suoh5。	"[""～日（一天）。"", ""～隻（一個）。"", ""～條。"", ""～斤。"", ""～里。"", ""～百。"", ""～千。"", ""～萬。""]"	community contributor|馮愛珍. 福州方言詞典[M]. 南京: 江蘇教育出版社, 1998.|教育部. 教育部重編國語辭典修訂本: 臺灣學術網路第五版[DB]. 2015.	2025-09-19 13:46:53	2025-08-29 22:23:23
xdbk687jzub	xeyabs6e2pr	蜀	2	adj	同一，相同。		"[""儂家是～厝儂（我們是一家人）。""]"	community contributor|馮愛珍. 福州方言詞典[M]. 南京: 江蘇教育出版社, 1998.	2025-09-19 13:46:53	2025-08-29 22:23:23
xmmwbs7xvh2	xeyabs6e2pr	蜀	3	adj	全，滿，整。		"[""～身汗。(滿身是汗。)""]"	community contributor|馮愛珍. 福州方言詞典[M]. 南京: 江蘇教育出版社, 1998.	2025-09-19 13:46:53	2025-08-29 22:23:23
xqppwg3hq6p	xeyabs6e2pr	蜀	4	adv	置於動詞前後，表示動作是一次的、短暫的或帶有嘗試意味。可以用於動詞後，動量詞之前；也可以用在動詞或動詞重疊式前，強調動作的發生及其結果。		"[""覷～覷。"", ""～骹櫼過去，汝就會仈。""]"	community contributor|馮愛珍. 福州方言詞典[M]. 南京: 江蘇教育出版社, 1998.	2025-09-19 13:46:53	2025-08-29 22:23:23
xaxuybqb28e	xkey8zq5w5s	宿	1	n					2025-07-28 22:38:01	2025-05-16 16:54:36
xmpr8ybj25y	xkey8zq5w5s	宿	1	cl					2025-07-28 22:38:01	2025-05-16 16:54:36
xvprc8wufmv	xrkuvt2x2rj	修道	1	n	同漢語書面語「修道」。			community contributor	2025-09-03 02:12:10	2025-09-03 02:12:10
x5eghymkdtq	xwm9k2zccsp	劭	1		〈書〉勸勉。			community contributor	2026-01-13 19:48:08	2026-01-13 19:48:08
x3zcrdnvj96	xwm9k2zccsp	劭	2	adj	〈書〉高尚、美好。			community contributor	2026-01-13 19:48:08	2026-01-13 19:48:08
xx5b8uyrxzw	xshq2s5ezaf	邵	1	n	地名。春秋時之晉邑，故址約在今河南省濟源縣西。			community contributor	2026-01-13 19:33:40	2026-01-13 19:33:40
xhkebjz3bzy	xshq2s5ezaf	邵	100	n	姓。		"[""～登（三國魏人物）"", ""～長蘅（清代人物）""]"	community contributor	2026-01-13 19:43:29	2025-05-16 17:06:01
xwtryrn9p9s	xshq2s5ezaf	邵	1000	adj	〈書〉高尚、美好。同「劭」。	《說文解字·卪（卩）部》：「髙（高）也。」《戚林》：「高也。」又《康熙》引《正字通》：「从邑者，爲邑，爲姓。从卪者訓勸勉，又訓高也。俗多譌混。」即認爲該義項之siu242，應寫作「⿰召卪」。	"[""年高德～（年紀大，品德高）""]"	community contributor	2026-01-13 19:43:29	2026-01-13 19:43:29
xtsf4ux3yss	xq7x3ftw4su	蕭	100	n	姓		"[""～統（南朝梁人物）""]"	community contributor	2025-09-27 17:06:41	2025-05-16 17:06:00
xy4jv3hc6a3	xxafhwuy5r7	善	1	adj					2025-07-28 22:38:01	2025-05-16 16:56:37
xb5da45xerq	x3edze4zk5w	扇	1	n					2025-07-28 22:38:01	2025-05-16 16:56:37
xkh2f6jbthb	x3edze4zk5w	扇	1	cl					2025-07-28 22:38:01	2025-05-16 16:56:37
xxkq4g5z43w	x3m89md9v7d	銑	1	v	切削金屬			community contributor	2025-10-23 17:46:19	2025-10-23 17:46:19
x9uyc3w4vd3	xphhcfkv3x5	食去	1		喫了。			community contributor	2025-10-20 02:37:00	2025-10-20 02:35:53
xk56rkjunnd	xphhcfkv3x5	食去	2		（祈使對方）去喫。			community contributor	2025-10-20 02:35:53	2025-10-20 02:35:53
xh47j4uk5fb	x37rgrcveuv	食了	1		喫了。			community contributor	2025-10-20 02:33:41	2025-10-20 02:33:41
xye9pnpb2ad	x2tq2wabtf3	食	100	v	成長。		"[""～（長）大。"", ""～（長）這滿（這麼）大。""]"	community contributor	2025-09-19 19:06:58	2025-05-16 17:05:54
xbgyqczv8qp	x2tq2wabtf3	食	101	v	上年紀。		"[""～未老（還沒到上年紀的份兒）。"", ""伓使（不要）～這（這麼）老。""]"	community contributor	2025-09-19 19:06:58	2025-09-19 19:06:58
xnzyrbg57wt	x2tq2wabtf3	食	102	v	得年歲，享年歲。		"[""歲數～野（很）大。"", ""～（享年）幾歲。""]"	community contributor	2025-09-19 19:06:58	2025-09-19 19:06:58
xm47yu3k7t8	xrx4p6bvbuj	薛	100	n	姓		"[""～平貴（民間傳說人物）""]"	community contributor	2025-09-27 16:57:27	2025-05-16 17:06:00
xump7jpfbc8	xe5wsnpy25r	卌	1	num					2025-07-28 22:38:01	2025-05-16 16:56:37
x69pykkn8mb	x2jb6dke5hk	施	100	n	姓		"[""～讎（漢代人物）""]"	community contributor	2025-09-27 13:44:57	2025-05-16 17:06:02
xtw5dbqmbxg	xvgwc5hzw6w	聲	1	n					2025-07-28 22:38:01	2025-05-16 16:56:29
xhgwuwssjfb	xvgwc5hzw6w	聲	1	cl					2025-07-28 22:38:01	2025-05-16 16:56:29
x9eqkaxsux6	x6dq44ckg6u	社	1	n	〈書〉社神。在儒教乃至於中華民間信仰中，掌管土地的神祇。	《禮記·祭法》：「共工氏之霸九州也，其子曰后土，能平九州，故祀以為社。」社，細分為大社（管轄天子統治疆域的土地神）、國社（管轄諸侯國境的土地神）、鄉社（管轄一鄉之土地神，類似城隍、境主神）、里社或村社（即福德正神）等不同神格。又《周禮》中有「社樹」一說，因社神常以一棵當地常見的大樹為象徵，後世由此衍生出樹神崇拜。社神有異於「后土」：后土指整個自然界的大地之神（即地母）；而社神指某一管治區域的土地神，帶有人文社會的色彩。	"[""～稷（土地神與五穀之神）。""]"	community contributor|楊慶堃. 中國社會中的宗教[M]. 上海人民出版社. 2007: 101.	2026-03-22 18:18:02	2026-03-22 16:58:29
xtuhf94bttx	x6dq44ckg6u	社	2	v	〈書〉祭祀土地神。		"[""《書經·召誥》：「戊午，乃～于新邑。牛一、羊一、豕一。」""]"	community contributor|教育部. 教育部重編國語辭典修訂本: 臺灣學術網路第五版[DB]. 2015.	2026-03-22 16:58:29	2026-03-22 16:58:29
x46p44dtjgv	x6dq44ckg6u	社	3	n	〈書〉轉指祭祀土地神的處所、節日、典禮。		"[""《左傳·昭公十七年》：「日有食之，天子不舉，伐鼓於～（祭土地神的處所）。」"", ""春～（祭土地神的節日）。"", ""秋～（祭土地神的節日）。"", ""《左傳·莊公二十三年》：「公如齊觀～（祭土地神的儀式），非禮也。」""]"	community contributor|教育部. 教育部重編國語辭典修訂本: 臺灣學術網路第五版[DB]. 2015.	2026-03-22 18:30:00	2026-03-22 16:58:29
xpzw4jvqmuq	x6dq44ckg6u	社	10	n	負責拜神的香會組織。引申爲村落或鄰里組織。	自唐代起，漢語以「社」指代此種空間單位。在福州境、社體系下，「境」是最基本的信仰地理單元；而每間境廟下的各類香會組織，即「社」。口語說「社把」。	"[""境～。""]"	community contributor|楊慶堃. 中國社會中的宗教[M]. 上海人民出版社. 2007: 101.	2026-03-22 18:17:00	2026-03-22 16:58:29
xseqszvuxdu	x6dq44ckg6u	社	20	n	團體，組織。		"[""學～。"", ""文～。"", ""報～。"", ""通訊～。""]"	community contributor	2026-03-22 16:58:29	2026-03-22 16:58:29
xu74gtg3nr5	x6dq44ckg6u	社	100	n	姓。		"[""～佑（元代人）。""]"	community contributor|教育部. 教育部重編國語辭典修訂本: 臺灣學術網路第五版[DB]. 2015.	2026-03-22 16:58:29	2026-03-22 16:58:29
xrx6trmznzb	x9wh4s7nhsp	謝	100	n	姓		"[""～婉瑩（福州人物）""]"	community contributor	2025-09-27 17:07:54	2025-05-16 17:06:00
xtaz7vbfvcw	xepjphcqyr9	寫字	1		動賓短語，寫字。			community contributor	2025-09-15 02:23:05	2025-09-15 02:23:05
xsgkwu4ye8n	xq4eqtew69k	沈	100	n	姓		"[""～葆楨（清代福州人物）""]"	community contributor	2025-09-27 17:04:40	2025-05-16 17:06:00
x3e3mg9h8sc	xwygs9qsk4e	成	100	n	姓		"[""～瑨（漢代人物）""]"	community contributor	2025-09-25 21:37:36	2025-05-16 17:06:04
xhc3t4v96mr	xtnusjfp84q	辛	100	n	姓		"[""～棄疾（宋代人物）""]"	community contributor	2025-09-26 15:58:34	2025-05-16 17:06:03
xsu9bsx6kac	xgevj22sjex	申	100	n	姓		"[""～不害（戰國韓人物）""]"	community contributor	2025-09-26 17:29:00	2025-05-16 17:06:03
xu588qnjvqf	x3dy4qba6h6	身	1	n					2025-07-28 22:38:01	2025-05-16 16:55:02
xe5tjauykpt	x3dy4qba6h6	身	1	cl					2025-07-28 22:38:01	2025-05-16 16:55:02
xw8kkpcdyaa	xwxrarczypc	心理	1	n	同漢語書面語「心理」。			community contributor	2025-10-15 21:08:36	2025-10-15 21:08:36
xr4hdbvfyf5	xftdat6z2wq	席	100	n	姓。		"[""～坦（晉代人物）。""]"	community contributor	2025-09-25 21:08:24	2025-05-16 17:06:05
x4pa9anu7se	xtqbrsr464k	石	1	n	〈書〉石頭。			community contributor	2025-10-20 01:26:40	2025-10-20 01:26:40
xhgg3g4m6cy	x2d4nm54m8b	習俗	1	n	同漢語書面語「習俗」。			community contributor	2025-10-17 18:47:43	2025-10-17 18:47:34
xabnhhpy3ks	xfce6wmapbn	習慣	1		同普通話「習慣」。	口語也說「慣勢」（geing53 nie21）		community contributor	2025-10-17 18:48:01	2025-10-17 18:46:31
x2mt7ewavab	x5sdt9zme9c	習	100	n	姓。		"[""～經（明代人物）。""]"	community contributor	2025-09-25 21:25:06	2025-05-16 17:06:05
xjhdjfm9vxy	x6yrg3m382s	植	100	n	姓。		"[""～廷曉（南漢人物）。""]"	community contributor	2025-09-25 21:07:08	2025-05-16 17:06:06
xwtzga7uhs7	xkezektffup	是俤儂	1		是誰，是誰人。			community contributor	2025-09-24 01:11:55	2025-09-24 01:11:16
xcvuqha76pd	xzuccfqpgwb	死	1	v					2025-07-28 22:38:01	2025-05-16 16:56:08
xjgkw8dk9se	xzuccfqpgwb	死	1	adj					2025-07-28 22:38:01	2025-05-16 16:56:08
xvdg4x8mws9	xzuccfqpgwb	死	1	adv					2025-07-28 22:38:01	2025-05-16 16:56:08
xcc6kb8wabd	x72zg7xv36t	𥻵	1	n	福州小喫，類似糍粑，以糯米、粳米蒸熟搗爛後製成，無餡。			community contributor	2025-12-26 21:43:45	2025-08-29 22:30:23
xgkfcb7zqvt	xeruxeces6p	時	1	n					2025-07-28 22:38:01	2025-05-16 16:56:08
x4gv48b7jte	xeruxeces6p	時	1	adj					2025-07-28 22:38:01	2025-05-16 16:56:08
xeyu6zsbcmx	xeruxeces6p	時	1	adv					2025-07-28 22:38:01	2025-05-16 16:56:08
xuyqg2u6jdn	xeruxeces6p	時	100	n	姓		"[""～大彬（明代人物）""]"	community contributor	2025-09-26 15:55:22	2025-05-16 17:06:03
xngktja8spg	xyh34yf7kve	絲	1	n					2025-07-28 22:38:01	2025-05-16 16:56:08
xjc3bedbswc	xyh34yf7kve	絲	1	cl					2025-07-28 22:38:01	2025-05-16 16:56:08
x6afarxyy4m	x6tyusm2p8j	雙	1	adj					2025-07-28 22:38:01	2025-05-16 16:56:12
xf7t2z4ayxz	x6tyusm2p8j	雙	1	cl					2025-07-28 22:38:01	2025-05-16 16:56:12
xxjmbbgmakt	xtjavvkkwxx	嗣	1	n					2025-07-28 22:38:01	2025-05-16 16:55:23
x88cumw6rc2	xheq294aevd	嶼	1	n					2025-07-28 22:38:01	2025-05-16 16:55:23
xb28armvry3	xekf326ve8f	巳	1	n					2025-07-28 22:38:01	2025-05-16 16:55:23
xexgyxu65hr	xaeygexpwcy	士	1	n					2025-07-28 22:38:01	2025-05-16 16:55:22
xxnqt6hsfuf	xnt6sqacaxy	肆	1	v					2025-07-28 22:38:01	2025-05-16 16:55:22
xkcbcjv6zqq	xpet9xq6h2j	四	1	num	〈書〉書目詞，二的兩倍。			community contributor	2025-08-29 22:24:44	2025-08-29 22:24:44
xur54vcmkce	xap4d2ngwf8	艘	1	n	〈書〉舟船的總稱。	《康熙字典》：「船總名。」文辭，不見口語。		community contributor|李如龍. 戚林八音校注[M]. 福州: 福建人民出版社, 2001.	2025-08-24 22:08:47	2025-06-16 09:07:45
xfa6279tf3s	xxc2k448ex3	盛	100	n	姓。		"[""～苞（漢代人物）。""]"	community contributor	2025-09-25 21:20:03	2025-05-16 17:06:05
xtaa3qj3xbw	xc3kws5sqdw	十	1	num					2025-07-28 22:38:01	2025-05-16 16:55:38
xp95us2ew4b	xc3kws5sqdw	十	1	adv					2025-07-28 22:38:01	2025-05-16 16:55:38
xyph6rur6hv	xmvctwg3dpk	是伓是	1		是不是。		"[""～總*款（是不是這樣）？""]"	community contributor	2025-09-06 02:26:55	2025-09-06 02:26:55
xsn9xgwvu52	xhzxk4vy9yu	四	1	num	數目詞，二的兩倍。			community contributor	2025-08-29 22:24:09	2025-08-29 22:24:09
xxcm3gj442k	xjapumub39d	索寞	1	adj	〈書〉神色頹喪貌。			community contributor	2025-10-23 00:37:17	2025-10-23 00:37:17
x6qa6fqk9ca	xbydyub4mx3	縮	1	v					2025-07-28 22:38:01	2025-05-16 16:56:00
xk6hcngrhng	xhxu8vf4apx	刷	1	n					2025-07-28 22:38:01	2025-05-16 16:56:00
xp4skv5phgw	xhxu8vf4apx	刷	1	v					2025-07-28 22:38:01	2025-05-16 16:56:00
xa854xwehw8	xr68r5jay3v	艘	1	cl	計算船隻、艦艇的單位。		"[""——若夥船？幾十～。""]"	community contributor	2025-09-19 11:16:35	2025-06-16 09:01:58
xn4rqtvumqq	xbeu42ex8ks	梢	1	n	樹枝的細梢。	《八音》戚書、林書釋義爲「木杪」。		community contributor|李如龍. 戚林八音校注[M]. 福州: 福建人民出版社, 2001.	2025-08-24 22:28:29	2025-06-16 14:16:52
xer3qgdqvwg	xnh86hp5mrs	澀	1	adj					2025-07-28 22:38:01	2025-05-16 16:55:37
xqx3n3b9dvb	xzuzw4bsdn5	色	1	n					2025-07-28 22:38:01	2025-05-16 16:55:37
xum6c2msqmz	xjhxh7e55r8	三更	1	n	五更中的第三更，夜間十二時左右。			community contributor	2025-09-06 02:17:28	2025-09-06 02:17:28
xwtxujn6t3s	x3wtez7ghjj	煞去	1		結束了，完畢了。			community contributor|community contributor	2025-09-12 21:13:42	2025-09-12 21:13:42
xr3p3ujppjz	xtddu3azmnd	𠚺汝奶	1		詈語，同普通話“肏你媽”。		"[""~，吼汝乇帶過來，復儥記去吓？（肏你媽，叫你把東西帶過來，又不記得了啊？）""]"	community contributor	2025-09-07 22:24:50	2025-09-07 11:26:31
xzpec47basw	xhs6s4prpeq	𠚺	1	v					2025-07-28 22:38:01	2025-05-16 16:54:54
xa66r354vdr	xnr4swgzjrd	𡖯	1	n					2025-07-28 22:38:01	2025-05-16 16:54:54
xrk9fmw6hqn	xnr4swgzjrd	𡖯	1	v					2025-07-28 22:38:01	2025-05-16 16:54:54
x8wk45544ta	xmzk8edrcpu	痧	1	n					2025-07-28 22:38:01	2025-05-16 16:54:54
x7abfygfe3f	xx4ze5sw5a7	捎	1	v					2025-07-28 22:38:01	2025-05-16 16:54:54
x3v7pf3t67d	xjwc686yttc	師	1	n					2025-07-28 22:38:01	2025-05-16 16:54:54
xzud8jvz5hd	xjwc686yttc	師	1	adj					2025-07-28 22:38:01	2025-05-16 16:54:54
xurhna7rbh5	xdq9z2ymxt9	沙	1	n					2025-07-28 22:38:01	2025-05-16 16:54:54
x5axzhjygpj	xdq9z2ymxt9	沙	100	n	姓。		"[""～世堅（宋代人物）。""]"	community contributor	2025-09-25 21:20:16	2025-05-16 17:06:05
xgbwcr7cbua	xzuxb82wjcr	紗	1	n					2025-07-28 22:38:01	2025-05-16 16:54:53
xfy9nw8nmgc	xwp4cgknnvz	杮	1	n					2025-07-28 22:38:01	2025-05-16 16:55:25
xe99c6jsa43	xwp4cgknnvz	杮	1	cl					2025-07-28 22:38:01	2025-05-16 16:55:25
x2wjbxs49v2	x3brjhdwpf8	鋪	1	cl					2025-07-28 22:38:01	2025-05-16 16:56:18
xfrx8hnyvd3	x6c65ejxv42	派	1	n	〈書〉（江河）支流。		"[""衍～。"", ""流～。""]"	community contributor	2025-10-22 17:00:19	2025-10-22 17:00:19
x2swnzgmasq	x6c65ejxv42	派	2	n	（人、事、學術的）分支系統。		"[""學～。"", ""黨～。""]"	community contributor	2025-10-22 17:00:50	2025-10-22 17:00:19
x22bjgy2zfq	x6c65ejxv42	派	3	n	作風或氣度。		"[""～頭。""]"	community contributor	2025-10-22 17:00:19	2025-10-22 17:00:19
x9z7wnfw76r	x6c65ejxv42	派	5	cl	計算派別的單位。		"[""兩～。""]"	community contributor	2025-10-22 17:01:20	2025-10-22 17:00:19
x7tjg822aqa	x6c65ejxv42	派	10	v	〈書〉分配。差遣、任用。安排。		"[""攤～。""]"	community contributor	2025-10-22 17:00:19	2025-10-22 17:00:19
x25v7mguaxy	xgcr7y7qjuz	泮	1	n					2025-07-28 22:38:01	2025-05-16 16:55:09
xnwc9ya6bmg	xftgebh9hfs	殕	1	adj					2025-07-28 22:38:01	2025-05-16 16:55:30
xvk7jw2tbb5	xftgebh9hfs	殕	1	n					2025-07-28 22:38:01	2025-05-16 16:55:30
x3n3was2ap4	xhe3r66dm8b	烰魚	1		動賓短語，炸魚。			community contributor	2025-09-15 13:42:43	2025-08-26 21:20:15
xwk9ktn7qpr	xwjhkntckxg	烰	1	v					2025-07-28 22:38:01	2025-05-16 16:55:30
xsfvja49q89	xh9kt9ce3ap	浮	1	adv					2025-07-28 22:38:01	2025-05-16 16:55:30
x7s38cdrn8a	xh9kt9ce3ap	浮	1	v					2025-07-28 22:38:01	2025-05-16 16:55:30
xtazgenmj3b	xh9kt9ce3ap	浮	1	adj					2025-07-28 22:38:01	2025-05-16 16:55:30
xuf2e69jss2	xtbe5e7xtty	魄	1	n					2025-07-28 22:38:01	2025-05-16 16:56:11
xqy9kkdktj7	xnna29cgpg2	迫	1	v					2025-07-28 22:38:01	2025-05-16 16:56:11
x6zf8u8ks2u	x49zgp7kvez	㩧	1	v					2025-07-28 22:38:01	2025-05-16 16:55:58
xbdm2q3xt8g	x49zgp7kvez	㩧	1	on					2025-07-28 22:38:01	2025-05-16 16:55:58
xmwnudhrpt9	x54n4727zdt	瓢	1	n					2025-07-28 22:38:01	2025-05-16 16:55:48
x6jkv5j9xcp	x54n4727zdt	瓢	1	cl					2025-07-28 22:38:01	2025-05-16 16:55:48
xsd6vzpuapb	xfdm5xuehg4	遍	1	cl					2025-07-28 22:38:01	2025-05-16 16:56:35
xfj5349ff2k	xsk6fek8z5j	片	1	v					2025-07-28 22:38:01	2025-05-16 16:56:35
xzmu5hubh4y	xsk6fek8z5j	片	1	n					2025-07-28 22:38:01	2025-05-16 16:56:35
xbja6rcdgr4	xsk6fek8z5j	片	1	cl					2025-07-28 22:38:01	2025-05-16 16:56:35
xqywewrcayb	x64jfpr4krc	編	1	v	編織	文雅一些也可說「刺」（ciek24）	"[""～𦁧（織網）。"", ""～魚𦁧（織魚網）。"", ""～羊毛𧜛（打羊毛衫）。""]"	community contributor	2025-10-17 17:28:54	2025-10-17 17:28:54
x4mfusvp7sc	x64jfpr4krc	編	2	v	排列，組織		"[""～號""]"	community contributor	2025-10-17 17:28:54	2025-10-17 17:28:54
xukarp2c9hw	x64jfpr4krc	編	3	v	編輯		"[""～報紙""]"	community contributor	2025-10-17 17:28:54	2025-10-17 17:28:54
xcrrsemwwk4	x64jfpr4krc	編	4	v	編寫，創作		"[""～歌謠""]"	community contributor	2025-10-17 17:28:54	2025-10-17 17:28:54
xgrmdpfrshv	xepsbkhde37	篇	1	cl					2025-07-28 22:38:01	2025-05-16 16:56:35
xgxtb2wzm45	xr8ut2z9dgr	撇	1	cl					2025-07-28 22:38:01	2025-05-16 16:56:35
x6dhvnmz8hc	xr8ut2z9dgr	撇	1	n					2025-07-28 22:38:01	2025-05-16 16:56:35
x6dzgq7zs2p	xr8ut2z9dgr	撇	1	v					2025-07-28 22:38:01	2025-05-16 16:56:35
xa78k7qxy2n	x462zhgc7pa	批	1	n					2025-07-28 22:38:01	2025-05-16 16:56:26
xv8vg3nzmr4	x462zhgc7pa	批	1	v					2025-07-28 22:38:01	2025-05-16 16:56:26
xfjnj7tuksy	x462zhgc7pa	批	1	cl					2025-07-28 22:38:01	2025-05-16 16:56:26
x33t75ryx2w	x2p3vmvxxhr	啪	1	v					2025-07-28 22:38:01	2025-05-16 16:56:29
xf8sh4p7k85	xt6w74gqy2y	疕	1	n					2025-07-28 22:38:01	2025-05-16 16:56:06
xkc3yypeeht	xgqjwyczcyv	鄙	1	v					2025-07-28 22:38:01	2025-05-16 16:56:06
xsyau3thqpc	xgqjwyczcyv	鄙	1	adj					2025-07-28 22:38:01	2025-05-16 16:56:06
xqbpdmncwtn	xt9t2mu4mza	痞	1		接尾詞，以修飾其小。			community contributor|馮愛珍. 福州方言詞典[M]. 南京: 江蘇教育出版社, 1998.	2025-09-24 20:46:59	2025-05-16 16:56:06
xvf68b8hq4c	xdxu3x3rkx9	皮	1	adj					2025-07-28 22:38:01	2025-05-16 16:56:07
xj92seydnnx	xbsk6vguggq	疲	1	adj					2025-07-28 22:38:01	2025-05-16 16:56:06
xphejew7ngh	x7wdcqvafg7	悲	1	n					2025-07-28 22:38:01	2025-05-16 16:56:06
xdz3h3566dy	x7wdcqvafg7	悲	1	adj					2025-07-28 22:38:01	2025-05-16 16:56:06
xdetg3tdhhv	xg6jywm5b4v	雹	1	n					2025-07-28 22:38:01	2025-05-16 16:56:11
xfjcvehqn9c	xbacer86gfz	匹	1	cl					2025-07-28 22:38:01	2025-05-16 16:55:00
x5ggxyznn2j	xfctmhjsbxh	鼻	1	n					2025-07-28 22:38:01	2025-05-16 16:56:06
xdcmsj3khc2	xfctmhjsbxh	鼻	1	cl					2025-07-28 22:38:01	2025-05-16 16:56:06
xx4kyf6gcqe	xp22scgd4zc	脬	1	n	〈書〉膀胱。	口語讀pa55		community contributor	2025-10-22 16:26:12	2025-10-22 16:26:12
xju9wvbj8vy	xpnvrm3wn24	蟛蜞酥	1		用醬油漬的蟛蜞			community contributor	2025-05-16 17:05:58	2025-05-16 17:05:58
xtj4cxrmus3	xtw5hf8b2zb	彭	100	n	姓		"[""～孫貽（清代人物）""]"	community contributor	2025-09-27 17:04:00	2025-05-16 17:06:00
x7m5ffkrzg9	x8u4yvswzch	拍字法	1	n	打字法；輸入法			community contributor	2025-07-28 22:38:01	2025-07-11 23:05:15
xqxsznsrhgy	xenqjn3j4f4	拍	1	v	（物理性的）打、擊、撞。指用手或器物撞擊另一物體。如撞擊（另一物體）；擊打（人），毆鬥；致使破碎；進行球類或牌類等遊戲。		"[""～(砸)門。"", ""～(打)鐵。"", ""～（打）鼓。"", ""～(打)儂(人)。"", ""相～(鬥毆)。"", ""碗～(打)破去。"", ""～（打）球。"", ""～（打）牌。"", ""～（打）麻雀(麻將)。"", ""～索(跳繩時搖繩子)。""]"	community contributor|馮愛珍. 福州方言詞典[M]. 南京: 江蘇教育出版社, 1998.	2025-09-19 11:25:34	2025-07-11 23:03:58
xxtnr5m34vw	xenqjn3j4f4	拍	13	v	（抽象性的）發起、進行。指發起某種需要與人或機構交涉的行爲，或啟動一個過程。如進行法律或交涉行爲；塗抹、起草、畫或印上；放射、發出（信號、信息、光線）。		"[""～官司（打官司）。"", ""～交道（打交道）。"", ""～稿（起草稿）。"", ""～戳（蓋郵戳）"", ""～電話（打電話）。"", ""～鏡。""]"	community contributor|馮愛珍. 福州方言詞典[M]. 南京: 江蘇教育出版社, 1998.	2025-09-19 11:26:18	2025-07-11 23:03:58
x2us7tcxyhc	xenqjn3j4f4	拍	50	v	表現身體的動作，或狀態的變化。		"[""～哊(打嗝)。"", ""水缸水～（滿，充溢）出來了。""]"	community contributor|馮愛珍. 福州方言詞典[M]. 南京: 江蘇教育出版社, 1998.	2025-09-19 11:25:51	2025-07-11 23:03:58
xuvhvzntzan	xenqjn3j4f4	拍	80	n	音樂節奏單位。指樂曲的節拍、拍子。		"[""落～(跟上節拍)。""]"	community contributor|馮愛珍. 福州方言詞典[M]. 南京: 江蘇教育出版社, 1998.	2025-09-19 11:26:01	2025-07-11 23:03:58
x73cf8dqn59	xenqjn3j4f4	拍	100	part	前綴助詞。置於動詞前，不表示具體意義。		"[""～無(沒了)。"", ""～逿(掉了)。""]"	community contributor|馮愛珍. 福州方言詞典[M]. 南京: 江蘇教育出版社, 1998.	2025-09-19 11:26:08	2025-07-11 23:03:58
x4dpsyff9yc	xt9jc27geut	炮	1	n					2025-07-28 22:38:02	2025-05-16 16:54:52
x7naj9pyw6t	xh6bcm7u4wk	泡	1	n					2025-07-28 22:38:02	2025-05-16 16:54:52
x4t44ewwp6z	xskn22kh92u	趴	1	v	〈書〉身體向下臥倒。	口語說「𡟑」（heu53）		community contributor	2025-10-22 16:17:28	2025-10-22 16:17:28
xmpkkjyzjah	xskn22kh92u	趴	2	v	〈書〉身體向前彎靠在物體上。	口語說「覆」（pouk24）		community contributor	2025-10-22 16:17:28	2025-10-22 16:17:28
xk47quuaurt	xy973bnnehw	脬	1	n	膀胱			community contributor	2025-10-22 16:18:38	2025-05-16 16:54:52
xpgrx3xwpvj	xcg4b2xxmu9	運動	1	v	同普通話「運動」。			community contributor	2025-08-25 00:50:16	2025-08-25 00:50:16
xce3p8368q7	xu6rjz5r9mx	行	1	n					2025-07-28 22:38:02	2025-05-16 16:56:01
xhgpsjsudqy	xu6rjz5r9mx	行	1	cl					2025-07-28 22:38:02	2025-05-16 16:56:01
xmt757q6dyh	xp7bbkrehff	痿	1	v	（因足疾）坐在地上，手、腳、臀並用着行進		"[""會行儥～（形容各色人等）"", ""會爬儥～（形容各色人等）""]"	community contributor|community contributor	2025-12-30 22:47:13	2025-12-30 22:18:21
xzrrvez5kvm	x7y9dat5f6c	有閒	1		有空。有時間。			community contributor	2025-10-27 00:11:02	2025-10-27 00:11:02
xcqug3byk6w	x8zc2ugqt8q	有許	1	pron	那裏。	見於尚幹一帶。	"[""伊敆～（他在那裏）。""]"	community contributor	2025-08-24 22:10:17	2025-08-05 14:38:13
xk6gmyu7rzq	xd5pxna9v2n	塢	1	n					2025-07-28 22:38:02	2025-05-16 16:55:31
xeggdyqnd54	xmh6tga9r48	奧	1	n	〈書〉房室的西南隅。	《說文解字·宀部》：「奧，宛也。室之西南隅。」	"[""《儀禮·士喪禮》：「乃奠燭，升自阼階，祝執巾席從，設于～，東面。」"", ""《論語·八佾》：「與其媚於～，寧媚於灶。」""]"	community contributor	2025-10-15 18:47:11	2025-10-15 18:47:11
xw9y4f44pyb	xmh6tga9r48	奧	2	n	〈書〉泛指室內深處。		"[""《淮南子·時則》：「涼風始至，蟋蟀居～。」""]"	community contributor	2025-10-15 18:48:24	2025-10-15 18:47:11
xy8cwdd6xgv	xmh6tga9r48	奧	3	n	〈書〉幽深處。		"[""《文選·張協·七命》：「絕景乎大荒之遐阻，吞響乎幽山之窮～。」""]"	community contributor	2025-10-15 18:48:24	2025-10-15 18:47:11
xna2awun6np	xmh6tga9r48	奧	100	n	〈書〉竈神。	《禮記·禮器》：「燔柴于奥。」孔穎違疏：「奥者，正是竈之神。」		community contributor	2025-10-15 18:49:28	2025-10-15 18:47:11
x9uwrkte93v	x7csv6g4dd5	梅	100	n	姓		"[""～堯臣（宋代人物）""]"	community contributor	2025-09-26 15:59:01	2025-05-16 17:06:03
xvgq7aw39et	xxjhbvhjvf6	門	1	n					2025-07-28 22:38:02	2025-05-16 16:55:43
x26kkavs78x	xxjhbvhjvf6	門	1	cl					2025-07-28 22:38:02	2025-05-16 16:55:43
xuddgxc4jjj	xd5hwewpnxx	畝	1	cl	市畝的通稱。		"[""田三～。（水田三畝。）""]"	community contributor	2025-11-20 19:24:30	2025-11-20 19:20:21
xjg9kh6s5f2	xx8uqhbqkf6	蒙	100	n	姓。		"[""～恬（秦朝人物）。""]"	community contributor	2025-09-25 21:26:21	2025-05-16 17:06:05
xjetqyy5w8m	xe75zrgyqt2	木	100	n	姓。		"[""～華（晉朝人物）。""]"	community contributor	2025-09-25 21:24:21	2025-05-16 17:06:05
xcw4ss5wt7j	xg99ujhyfd8	穆	100	n	姓。		"[""～生（漢代人物）。""]"	community contributor	2025-09-25 21:24:40	2025-05-16 17:06:05
xrkj3v6mxk2	xmcxap4qfpm	畝	1	cl	市畝的通稱。			community contributor	2025-11-20 19:19:21	2025-05-16 16:55:31
xy4wa83s3e4	xa4e7gs7hbb	母	1	n					2025-07-28 22:38:02	2025-05-16 16:55:31
x2j5jyfznhf	x98ytnur97u	姆	1	n					2025-07-28 22:38:02	2025-05-16 16:55:31
xgv3tdzprhx	xx3kbkb8mmn	抹	1	v					2025-07-28 22:38:02	2025-05-16 16:56:12
xc7ggu377n3	xkvnrk95d53	莫	1	n	姓。		"[""～含（北魏人物）。"", ""～友芝（清代人物）。""]"	community contributor	2025-09-19 16:55:49	2025-05-16 17:06:03
xqs7xv8gjf7	x8k6efc8yec	麼	1	adj	〈書〉細小。		"[""《列子·湯問》：「江浦之間生～蟲，其名曰：『焦螟』。」""]"	community contributor	2025-10-29 17:16:55	2025-10-22 02:55:01
xy4uc36e3de	x8k6efc8yec	麼	10	part	〈書〉表疑問語氣。	口語說「無」（mo0）。	"[""怎～？""]"	community contributor	2025-10-29 17:16:55	2025-10-22 02:53:36
xsncjg5mn2m	x8k6efc8yec	麼	11		〈書〉詞綴，用於指示代詞後。	口語中，如要構成一個表達程度的短語，則於指示代詞後、形容詞前加「滿*」（mang33），例如「這滿*」（這麼）。	"[""甚～"", ""這～"", ""那～""]"	community contributor	2025-10-29 17:16:55	2025-10-22 02:53:36
xmawxwex7g3	x8k6efc8yec	麼	30		〈書〉用作歌詞的襯字。	福州民間的歌詞，多襯以「吓」（a0）、「呀」（ia0）、「噫」（ei0）等。		community contributor	2025-10-24 22:23:39	2025-10-22 02:53:36
xu5nrcdj5dq	x3nn487dhta	毛	100	n	姓		"[""～亨（漢代人物）""]"	community contributor	2025-09-27 16:50:43	2025-05-16 17:06:01
x6dynvff3vj	x7jt4fvv8nb	無錢	1		沒錢。		"[""伊～（他沒錢）。""]"	community contributor	2025-09-06 21:39:52	2025-05-16 17:05:47
xh5xpwje8xg	x7jt4fvv8nb	無錢	2		免費，不用錢，不要錢。作爲狀語修飾謂語動詞。		"[""去～。"", ""掏（拿）～。"", ""食（喫）～。"", ""者（這）車使（使用）～其（的）。""]"	community contributor	2025-09-06 21:39:52	2025-09-06 21:39:52
xw2fwzbgt5u	x7jt4fvv8nb	無錢	3		免費，不用錢，不要錢。作爲謂語使用。		"[""者車～其。"", ""公園都是～其。""]"	community contributor	2025-09-06 21:39:52	2025-09-06 21:39:52
xw5ftpehdmd	x4zwdx8hpku	繆	100	n	姓			community contributor	2025-09-27 16:04:14	2025-05-16 17:06:02
xp796y648d5	xjtkey4juhy	苗	100	n	姓。		"[""～蒲（漢代人物）。""]"	community contributor	2025-09-25 21:26:05	2025-05-16 17:06:05
x76mkkr7myh	xph9psz668b	麵包	1	n	一種用五穀（一般是麥類）磨粉製作並加熱而製成的食品。			community contributor	2025-08-30 21:42:16	2025-08-30 21:34:05
xg6t76ju9zu	xntf3ez6zff	面	1	cl					2025-07-28 22:38:02	2025-05-16 16:56:38
xhb957djmue	xntf3ez6zff	面	1	n					2025-07-28 22:38:02	2025-05-16 16:56:38
x3px8vsmw8c	xpnr5ekuqr9	閔	100	n	姓。		"[""～頊（唐代人物）。""]"	community contributor	2025-09-25 21:25:54	2025-05-16 17:06:05
xj5bxq7eznf	xnvkh989v2k	閩南	1	n	舊指福州南部（因福州舊稱爲閩州）。		"[""～救火會（近代福州革命組織，設在今福州城以南的倉山天寧寺內）。""]"	community contributor	2025-08-24 22:21:47	2025-05-16 17:05:52
xunxvswdevd	xnvkh989v2k	閩南	2	n	舊泛指福州。		"[""《閩都記·卷二·城池總敘》：“左鼓右旗，～二絕。”"", ""《福州府志（乾隆本）·卷之六十》：“陳䢿，閩縣人……與林鴻、陳仲完、唐泰、高棅、唐震、王恭、鄭定、王偁、王褒稱～十才子。”"", ""《烏石山志·卷之四·謁范忠貞祠》：“烏石～第一山，豈知蓬島在人間。”""]"	community contributor	2025-08-24 22:21:47	2025-08-01 16:09:26
x8ka7x6r3b4	xnvkh989v2k	閩南	3	n	今指福建南部。	即傳統意義上的“下南”。		community contributor	2025-08-24 22:21:47	2025-08-01 16:09:26
xjk9rhvggct	x5rusp22ap5	閩清	1	n	縣名，在福州。			community contributor	2025-09-14 23:26:10	2025-05-16 17:05:51
xuyvduqzya7	xhnamgtage8	閩侯	1		縣名，在福州			community contributor	2025-05-16 17:05:52	2025-05-16 17:05:52
x89tukh9vjy	xsvzsnze7nt	明	100	n	姓。		"[""～耀光（清代人物）。""]"	community contributor	2025-09-25 21:25:44	2025-05-16 17:06:05
xe44gwky9vb	xkgu8r8zvhx	民主	1	n	同漢語書面語「民主」			community contributor	2025-10-18 02:04:29	2025-10-18 02:04:29
xktz5byhd28	xpps93y4gjm	米	1	n					2025-07-28 22:38:02	2025-05-16 16:56:09
xefqdu6ymtx	xpps93y4gjm	米	100	n	姓		"[""～嘉勞（唐代人物）""]"	community contributor	2025-09-27 16:07:09	2025-05-16 17:06:01
x2m6fqcbgqr	x7jpd6nfmkz	微	1	adj					2025-07-28 22:38:02	2025-05-16 16:56:09
xkfbzr4gzf7	xjq7max365w	楣	1	n					2025-07-28 22:38:02	2025-05-16 16:56:09
xh9n2a9am45	xg7cabvrdsz	眉	1	n					2025-07-28 22:38:02	2025-05-16 16:56:09
xh6hh96war6	xz9vwtufb9n	迷信	1		對於自然界中不存在的事物非理性的畏懼、尊崇。同漢語書面語“迷信”。		"[""～乇（迷信用品）""]"	community contributor	2026-01-13 19:26:54	2026-01-13 19:25:57
x9f4d76nv3z	xphebbr96np	迷	1	v	迷惑。分辨不清			community contributor	2026-01-13 19:23:43	2025-05-16 16:56:09
xvsmv9vztdn	xphebbr96np	迷	2	v	沈迷，沈醉			community contributor	2026-01-13 19:22:17	2026-01-13 19:22:17
x9gknqg6h8a	xqb8gta8by9	眯	1	v					2025-07-28 22:38:02	2025-05-16 16:56:09
x6nr68x94aw	xw92wmm6esy	目	1	n	眼睛。			community contributor	2025-08-29 22:25:41	2025-08-29 22:25:41
x8sb53x4vda	xw92wmm6esy	目	2	v	看，視。			community contributor	2025-08-29 22:25:41	2025-08-29 22:25:41
xkzeda2236a	xry7rkdz5nf	畝	1	cl	市畝的通稱。		"[""田（水田）三～。""]"	community contributor	2025-11-20 19:20:33	2025-05-16 17:05:46
xs54mkgt2ew	x2paxs8533a	牟	100	n	姓		"[""～景先（宋代人物）""]"	community contributor	2025-09-25 21:42:20	2025-05-16 17:06:03
xbqukdsgp4n	xr8y3p3ag3r	密	1	adj					2025-07-28 22:38:02	2025-05-16 16:55:38
x8vzh6x7ves	xn57tx5jsys	汆	1	v					2025-07-28 22:38:02	2025-05-16 16:56:10
x44z4nxbf99	xhkapmexf2e	謎	1	n					2025-07-28 22:38:02	2025-05-16 16:56:10
xfcmnw8cgx3	xudz5bxd8s3	味	1	n					2025-07-28 22:38:02	2025-05-16 16:56:09
xp78bmqms8s	xudz5bxd8s3	味	1	v					2025-07-28 22:38:02	2025-05-16 16:56:09
x2cgz3aphn9	xjqtf5aj72e	儥使	1		不行，不可以			community contributor	2026-04-08 19:11:02	2026-04-08 19:11:02
xhzh7athv7e	xrgbmzw6ukq	儥來	1		不來			community contributor	2026-04-08 19:11:23	2026-04-08 19:11:23
xhnbcpy479x	xuk6c9hbseh	儥貴	1		不貴，不昂貴			community contributor	2026-04-08 19:09:07	2026-04-08 19:09:07
xhfnwh426z3	x43mjkwcgyb	孟	100	n	姓		"[""～軻（戰國鄒人物）""]"	community contributor	2025-09-27 16:49:11	2025-05-16 17:06:01
x5qm4a9gswd	xjnqa77dsdp	傌㑀	1	adv	難道，表反問。		"[""～伊行下底去了？（難道他走到下面去了？）""]"	community contributor	2025-09-14 23:44:58	2025-08-26 16:48:34
xkgy3zcat3u	xcnsqv37wsp	碼	1	n					2025-07-28 22:38:02	2025-05-16 16:54:54
xsedvrzxpns	xy7dsxmeqm7	馬尾	1	n	地名，在福州。			community contributor	2025-09-14 23:48:04	2025-05-16 17:05:52
xbfpxj6npyw	x8dd5pzctyb	馬	1	n					2025-07-28 22:38:02	2025-05-16 16:54:54
x8rczr4vntw	x8dd5pzctyb	馬	100	n	姓		"[""～融（漢代人物）"", ""～致遠（元代人物）""]"	community contributor	2025-09-27 17:08:59	2025-05-16 17:05:59
x78var8a2u4	xx3vnkz978j	貓	1		「貓」「貓囝」除了表示動物貓的意思外，還可以表示福州撲克牌遊戲「拔點」（也叫「拔餅」）和牌九（天九牌，骨牌）的一種牌型：即兩張牌加起來個位數為零，也是最小的牌，說「貓囝」或「貓」（牌九這種情況也可以說「邦脹」）；可能由此引申出來的口語中感歎詞「做貓囝」有：不好了，完蛋了，糟了的意思			community contributor	2026-04-09 22:08:54	2026-04-09 21:24:12
xdr72zj3qmv	xzqjk2jar7q	銀	100	n	姓。		"[""～鏡（明代人物）。""]"	community contributor	2025-09-25 21:06:09	2025-05-16 17:06:05
x3yceg9vkpd	xtttu6tzgcv	魚	1	n	水生脊椎動物的總稱。冷血，卵生，有鰭、鱗，以鰓呼吸。			community contributor	2025-10-17 19:26:08	2025-05-16 16:55:24
xs6y4v2jpqv	x39pedhkmt3	原	100	n	姓。		"[""～壤（春秋魯人物）。""]"	community contributor	2025-09-24 21:18:00	2025-05-16 17:06:06
x4urzd24pcv	xn3dtzpun4m	魏	100	n	姓		"[""～文翁（宋代人物）""]"	community contributor	2025-09-27 16:57:36	2025-05-16 17:06:00
x2k4jnqnxxu	x2mnbuc6vak	外國	1	n	外國。			community contributor	2025-09-03 02:20:01	2025-09-03 02:20:01
x7r984pxz4b	xtsyyaatrrm	忤	1	adj					2025-07-28 22:38:02	2025-05-16 16:55:31
xeynr45h8du	xqs9gjzf9bw	伍	1	n					2025-07-28 22:38:02	2025-05-16 16:55:31
xpbvnbb5939	xqs9gjzf9bw	伍	100	n	姓		"[""～子胥（春秋楚人物）""]"	community contributor	2025-09-26 17:29:18	2025-05-16 17:06:03
xtx2ke948p4	x8w6c9jukht	午	1	n					2025-07-28 22:38:02	2025-05-16 16:55:31
x28fy5ahdxv	xbpgmcxefa6	牛	1	n					2025-07-28 22:38:02	2025-05-16 16:55:32
xrbh75bzdr3	xfcg7r8m9h3	吳	100	n	姓		"[""～敬梓（清代人物）""]"	community contributor	2025-09-27 17:10:31	2025-05-16 17:05:59
xvbvtjv5uwf	xacvac944wm	樂	1	n					2025-07-28 22:38:02	2025-05-16 16:56:02
xubfbtu8jy3	xacvac944wm	樂	100	n	姓		"[""～毅（戰國燕人物）""]"	community contributor	2025-09-27 16:04:25	2025-05-16 17:06:02
x5xx2vjaguv	x9cgvg634zc	嶽	1	n	〈書〉特指名山「五嶽」或「四嶽」。也作「岳」。即東嶽泰山、西嶽華山、南嶽衡山、北嶽恒山、中嶽嵩山。			community contributor	2025-09-26 16:34:06	2025-09-26 16:32:37
xkvfa995m9w	x9cgvg634zc	嶽	2	n	〈書〉泛指大山或山的最高峰。			community contributor	2025-09-26 16:32:37	2025-09-26 16:32:37
x7fzz3qxp52	x9cgvg634zc	嶽	10	n	山名，即吳山。在陝西省隴縣西南。			community contributor	2025-09-26 16:32:37	2025-09-26 16:32:37
x5aqt87vpju	x9cgvg634zc	嶽	100	n	姓。		"[""～崇（明代人物）""]"	community contributor	2025-09-26 16:32:37	2025-05-16 17:06:03
xdb9zvr26sg	xy2vqseagkw	五	1	num					2025-07-28 22:38:02	2025-05-16 16:55:32
xdu6xhvxqbg	xbm3zcp3kgc	鏊	1	n	〈書〉烙餅用的平底鍋。	《玉篇·金部》：「鏊，餅鏊也。」〔明〕張自烈《正字通·金部》：「鏊，今烙餅平鍋曰餅鏊，亦曰烙鍋。」又讀下去調。口語說「鏊鼎」（ngo53 liang33）。		community contributor	2025-10-27 01:08:31	2025-10-27 00:50:41
xu9sc66r57c	xbxg35cfbhp	鰲峰坊	1	n	在福州			community contributor	2025-09-28 17:16:07	2025-09-28 17:16:07
xsxpt8cqpwx	xsvjc8gvtak	牛	100	n	姓。		"[""～先生。"", ""依（阿）～。""]"	community contributor	2025-09-15 00:28:32	2025-05-16 17:05:58
xj7jnt9us7h	xkxujtevt87	閻	100	n	姓		"[""～立本（唐代人物）""]"	community contributor	2025-09-27 16:56:15	2025-05-16 17:06:00
xhgnmbu33vh	xzf3dz3nsfq	嚴	100	n	姓		"[""～復（清代福州人物）""]"	community contributor	2025-09-26 19:39:36	2025-05-16 17:06:03
xrjhggd6w6g	xcj77bpj8ex	𫤏	1		額頭外凸。			community contributor	2025-09-12 17:27:15	2025-05-16 17:05:58
xjxue86bg3d	xmw9nnypfhk	疑	1	v					2025-07-28 22:38:02	2025-05-16 16:56:10
xgsgp796k6s	xmw9nnypfhk	疑	1	adj					2025-07-28 22:38:02	2025-05-16 16:56:10
xz6d8ursj2p	xhjq2mh95qt	吸	1	v	吸。		"[""空氣野鮮吓，～蜀～。""]"	community contributor	2025-09-15 12:58:12	2025-05-16 17:05:43
x9k7rkndu9n	xsk8yad4qsy	耳	1	n					2025-07-28 22:38:02	2025-05-16 16:56:10
x9zpby3dc64	xpd3reqbkpz	倪	100	n	姓		"[""～瓚（元代人物）""]"	community contributor	2025-09-27 13:43:50	2025-05-16 17:06:02
xycum2bdqtj	xecf6hcvx2f	椏	1	n	植株的分枝			community contributor	2026-04-12 05:10:55	2026-04-12 05:10:55
xggs63wstk5	xecf6hcvx2f	椏	100	cl	枝，根			community contributor	2026-04-12 05:10:55	2025-05-16 16:56:23
xtquug337a6	x75djbqqnpq	呆	1	adj	壞			community contributor	2025-10-22 02:04:08	2025-10-22 02:04:08
xthv88y8aem	x75djbqqnpq	呆	2	n	不好的事物			community contributor	2025-10-22 02:04:09	2025-10-22 02:04:09
xtff4maghmh	x75djbqqnpq	呆	10	adj	醜			community contributor	2025-10-22 02:04:08	2025-10-22 02:04:08
x7btm3kqb6g	xmd464ku6n7	挨	1	v	受挨，忍熬。			community contributor	2025-09-13 01:58:21	2025-09-13 01:58:21
xqwhhajknz3	xdvphp4rp2q	俺	1	pron	〈書〉第一人稱代詞	口語一般說「我」（nguai33）。正式場合，自謙說「儂家」（nang55 nga55）。至20世紀，不論貴賤，自謙稱「奴」（nu53）。倨稱則有「老婿」（lau53 lai21）等。	"[""閩劇《畫網巾先生》（福建省實驗閩劇院，於第十四屆中國藝術節）：「文廟巍峨參大道。——帝君！——士人篤學拜先師。～文昌帝君在此！——帝君顯靈了！」""]"	community contributor	2025-10-22 01:22:23	2025-10-22 01:17:07
x225cn2fhm9	xm4qwx46t3y	顏	100	n	姓		"[""～回（春秋魯人物）""]"	community contributor	2025-09-27 13:44:04	2025-05-16 17:06:02
xeza4sxrcw7	xvuk7xah9qv	牙	1		螺紋			community contributor	2025-05-16 17:05:55	2025-05-16 17:05:55
xfpx5wmk8x4	xzpk46s6neq	陸	100	n	姓		"[""～九淵（宋代人物）""]"	community contributor	2025-09-27 16:51:45	2025-05-16 17:06:01
xp5datwhxru	xk38wxr9bej	汝	1	pron					2025-07-28 22:38:02	2025-05-16 16:55:22
xd5wgym88sr	xwzum8jzwvx	呂	100	n	姓		"[""～不韋（春秋秦人物）""]"	community contributor	2025-09-27 17:03:50	2025-05-16 17:06:00
xm6rrtzyxdc	xkeqr3am8gd	驢	1	n	〈書〉哺乳動物，和馬體形相似，但耳朵長，尾巴有尾柄。	文讀。口語讀leo53。		community contributor	2025-09-30 15:45:37	2025-09-30 15:45:37
xya9h7uurrf	x3n4cvbeg8u	軟	1	adj					2025-07-28 22:38:02	2025-05-16 16:55:42
xtc7b4az346	xrxy43wpxxp	箬	1	cl					2025-07-28 22:38:02	2025-05-16 16:56:24
xnmrf4wm7q4	xuw43twnr9h	輪	1	n					2025-07-28 22:38:02	2025-05-16 16:54:19
x35hxjer9xj	xuw43twnr9h	輪	1	v					2025-07-28 22:38:02	2025-05-16 16:54:19
x7pc3szgv66	xuw43twnr9h	輪	1	cl					2025-07-28 22:38:02	2025-05-16 16:54:19
xkctgkwmmz2	xfr6mervj2x	努	1	v					2025-07-28 22:38:02	2025-05-16 16:55:30
xt6ws9t5h4t	xmndnajfyw8	滷	1	v					2025-07-28 22:38:02	2025-05-16 16:55:27
x4g2sn9vu27	xngskqhn847	櫓	1	n					2025-07-28 22:38:02	2025-05-16 16:55:27
xwsyt7yzh68	xyn7gqfj2e8	魯	1	n					2025-07-28 22:38:02	2025-05-16 16:55:27
x2fkbu34hb3	xyn7gqfj2e8	魯	100	n	姓		"[""～仲連（戰國齊人物）"", ""～肅（三國吳人物）""]"	community contributor	2025-09-26 17:29:44	2025-05-16 17:06:03
xqyh5hksytn	xp2xsjug6ng	奴	1	n					2025-07-28 22:38:02	2025-05-16 16:55:30
xg3kzcuksv5	xp2xsjug6ng	奴	1	pron					2025-07-28 22:38:02	2025-05-16 16:55:30
xvjnrbed2f7	xxetghnhfeq	蘆	100	n	姓		"[""～荻（遼寧人物）""]"	community contributor	2025-09-26 19:35:52	2025-05-16 17:06:03
x5fvpuph52h	xda3pneajgt	爐	1	n					2025-07-28 22:38:02	2025-05-16 16:55:27
xgngrcbf89m	xda3pneajgt	爐	1	cl					2025-07-28 22:38:02	2025-05-16 16:55:27
xye362axraf	xcgrgrsvhwn	盧	100	n	姓		"[""～照鄰（唐代人物）""]"	community contributor	2025-09-27 17:03:26	2025-05-16 17:06:00
x58fq5sfdw6	xbx9ap3m7va	嚕	1	on	擬聲詞。		"[""嘰哩咕～。"", ""㘈哩唔～。""]"	community contributor	2025-09-19 11:58:06	2025-07-11 22:20:16
x5k5bnwyh8k	xbx9ap3m7va	嚕	2		語氣詞。		"[""汝傒勢總款～？""]"	community contributor	2025-09-19 11:58:20	2025-07-11 22:23:21
xw9r24z6gbk	xdnnzaacvsj	弄	1	v	作弄，玩弄，戲弄。		"[""乞伊～七顛八倒去。（被他弄得七顛八倒了。）"", ""伲囝哥驚少禮(難爲情)，汝莫～伊。""]"	community contributor|馮愛珍. 福州方言詞典[M]. 南京: 江蘇教育出版社, 1998.	2025-09-19 11:57:04	2025-07-11 22:08:35
xfj5jhsz9j2	xdnnzaacvsj	弄	3	v	擺弄，賣弄。		"[""△魯班面前～刀斧。""]"	馮愛珍. 福州方言詞典[M]. 南京: 江蘇教育出版社, 1998.	2025-09-19 11:57:22	2025-07-11 22:08:35
x8vy4sc9zju	x4yvhmejmgr	銇	1	v	鑽		"[""～裏（鑽進去）。""]"	community contributor	2025-10-23 17:29:11	2025-10-23 17:29:11
xsvahmpdq7v	xjd5nq65zu8	酪	1	n					2025-07-28 22:38:02	2025-05-16 16:55:55
x9g5u4rp94g	xdq87894pnj	樂	1	v					2025-07-28 22:38:02	2025-05-16 16:55:55
xngcpr8met9	xdq87894pnj	樂	100	n	姓。		"[""～嘉（上海人物）。""]"	community contributor	2025-09-25 21:30:29	2025-05-16 17:06:05
x6a6988kp8a	x5cdk23exxm	怒	1	v					2025-07-28 22:38:02	2025-05-16 16:55:30
xkd57h4tk8y	xwgu7z5nh6x	滷	1	n					2025-07-28 22:38:02	2025-05-16 16:55:27
xgse36q24jt	x4drvr4bw6t	賂	1	v					2025-07-28 22:38:02	2025-05-16 16:55:27
xbzqd4scr8q	xsq78x2etpx	路債	1	n	路費，盤纏			community contributor	2026-04-10 19:20:23	2026-04-10 19:20:23
xm22wquurvf	x22utyra8d5	路費	1	n	路上的開支，旅途的開支。			community contributor	2025-10-23 15:18:39	2025-10-23 15:18:39
xaqvpq2cfcr	x9fjruftgeg	路	1	n					2025-07-28 22:38:02	2025-05-16 16:55:27
xwfygnm8ayq	x9fjruftgeg	路	100	n	姓		"[""～溫舒（漢代人物）""]"	community contributor	2025-09-26 16:37:09	2025-05-16 17:06:03
xx7ckkqd6fc	x9wyvjh9tyr	露	1	n					2025-07-28 22:38:02	2025-05-16 16:55:27
xt97y3n6j3q	xuxv2dc7r8p	落	1	cl					2025-07-28 22:38:02	2025-05-16 16:55:12
xvxu6xee6e9	xsw3uwz8ece	乇事際	1	pron	同“世乇事際”，連江口音。			community contributor	2025-08-23 18:22:10	2025-08-22 22:04:15
x4rbba6f2qw	xpywunwdf3e	那	1	adj	〈書〉多		"[""《詩經·小雅·桑扈》：「受福不～。」〔漢〕鄭玄箋：「那，多也。」""]"	community contributor|教育部. 教育部重編國語辭典修訂本: 臺灣學術網路第五版[DB]. 2015.	2026-04-12 16:46:35	2026-04-12 16:46:35
xnb98zbqdau	xpywunwdf3e	那	2	adj	〈書〉安定		"[""《詩經·小雅·魚藻》：「有～其居。」〔漢〕鄭玄箋：「那，安貌。」""]"	community contributor|教育部. 教育部重編國語辭典修訂本: 臺灣學術網路第五版[DB]. 2015.	2026-04-12 16:46:35	2026-04-12 16:46:35
x653hzxmbyq	xpywunwdf3e	那	10	pron	〈書〉如何、奈何	“奈何”的合音。口語，表示如何說「何如」「蔣其」；表示奈何說「奈何」。	"[""《左傳·宣公二年》：「棄甲則～？」〔晉〕杜預注：「那猶何也。」楊伯峻注：“那，奈何之合音。顧炎武《日知錄》三十二云：‘直言之曰“那”，長言之曰“奈何”，一也。’”"", ""〔唐〕杜甫〈夜歸〉詩：「白頭老罷舞復歌，杖藜不睡誰能～？」""]"	community contributor	2026-04-12 16:51:16	2026-04-12 15:47:33
x87nzwcdhh9	xpywunwdf3e	那	20	n	《詩經·商頌》篇名。凡一章	本章二句爲：「猗與那與，置我鞀鼓。」		community contributor|教育部. 教育部重編國語辭典修訂本: 臺灣學術網路第五版[DB]. 2015.	2026-04-12 17:31:53	2026-04-12 16:46:35
xqt7puqy53q	xpywunwdf3e	那	100	n	姓	〔明〕陳士元《姓觿》（萬曆自刻歸雲別集本）卷三：「那，諾何切。」《八音》林書因之。又，「那」字作爲姓氏，《戚林八音：福安地方方言版》（溪柄井头岩村陈金生伯父手抄本）在「日歌下平」之外又收「日嘉下平」一讀。	"[""～嵩（明代人物）""]"	community contributor|李如龍. 戚林八音校注[M]. 福州: 福建人民出版社, 2001.	2026-04-12 17:32:44	2026-04-12 04:35:09
xk87rr45t7k	xpywunwdf3e	那	200	v	移動，挪動。同「挪」		"[""《清平山堂話本·快嘴李翠蓮記》：「新人～步過高堂。」"", ""〔明〕徐光啟《農政全書》卷三一：“那表爲裏：左捲者，却右捲；右捲者，却左捲。”石聲漢校注：“‘那’字解作‘移’，今日寫作‘挪’。”""]"	community contributor|教育部. 教育部重編國語辭典修訂本: 臺灣學術網路第五版[DB]. 2015.	2026-04-12 16:54:39	2026-04-12 16:47:29
xbkywvz4tt3	x55xptuy6ys	羅	100	n	姓		"[""～貫中（元代人物）""]"	community contributor	2025-09-27 17:08:45	2025-05-16 17:05:59
x3gzu5jamr5	xa8k698562v	囉	1		語氣詞。		"[""就是總*款～（就是這樣咯）。""]"	community contributor	2025-09-19 12:08:10	2025-08-03 22:35:24
xp8twvfz8nw	x8arpx7gfe9	綹	1	cl					2025-07-28 22:38:02	2025-05-16 16:54:34
xqw4mwu4pkm	xxhuymh3d4z	柳	100	n	姓		"[""～宗元（唐代人物）""]"	community contributor	2025-09-26 16:37:32	2025-05-16 17:06:03
xmj4cgvgrc2	xwud246fvww	熘	1	v					2025-07-28 22:38:02	2025-05-16 16:54:34
xqa7a5xt3sv	xaqhj4kurmt	練	1	n	姓。		"[""～何（唐代人物）。""]"	community contributor	2025-09-25 21:29:50	2025-05-16 17:06:05
xkatsma6bfg	x2bq53hf9u6	廉	100	n	姓。		"[""～頗（戰國趙人物）。""]"	community contributor	2025-09-25 21:30:01	2025-05-16 17:06:05
xkfhrm79h53	x53yfs63ure	連	100	n	姓。		"[""～橫（臺灣人物）。""]"	community contributor	2025-09-25 21:30:17	2025-05-16 17:06:05
xzd2wvdpu2h	xy9facmzt57	搦	1	v	抓，捉。	《廣韻》陌韻女白切：「捉搦」。		community contributor	2025-08-24 22:01:35	2025-06-15 23:38:13
x349f8hqwtp	x3yqjv3xwwc	列	1	cl					2025-07-28 22:38:02	2025-05-16 16:56:33
xtm34tbhfz3	xk6t487fj84	廿	1	num	二十	不單用。單用說「二十」。	"[""～幾（二十幾）。""]"	community contributor	2025-10-23 22:38:10	2025-05-16 16:56:36
xrg88gbj376	xnmh4c6x3n3	聶	100	n	姓		"[""～政（戰國韓人物）""]"	community contributor	2025-09-26 16:38:28	2025-05-16 17:06:03
xnrqpcsqvpm	xpx7b6rmbpx	㔏	1	v	及物動詞，割開		"[""使手～（用手按摺痕撕開）。"", ""～做兩張紙（撕成兩張紙）。""]"	community contributor	2025-10-17 17:21:32	2025-10-17 15:41:46
x6fk86aybyu	xpx7b6rmbpx	㔏	2	v	不及物動詞，裂開		"[""竹～兩爿去（竹子裂成兩半了）。""]"	community contributor	2025-10-17 17:21:32	2025-10-17 17:21:32
xfcng6dasug	x8b249mk2za	令	1	adj	光鮮，漂亮		"[""這隻依妹今旦妝野～吓（這個阿妹今天打扮得很美麗呀）！"", ""今旦汝裝野～吓（今天你打扮的很漂亮啊）。""]"	community contributor|community contributor	2026-04-10 16:02:00	2025-10-10 23:11:14
xk63z6vydkw	x8b249mk2za	令	10	n	酒令			community contributor	2025-10-17 15:36:50	2025-10-10 23:11:14
xcc4n2wv58e	xk4m5wqh8rq	領	1	n					2025-07-28 22:38:02	2025-05-16 16:56:27
x5h5znbmzwv	xk4m5wqh8rq	領	1	cl					2025-07-28 22:38:02	2025-05-16 16:56:27
xqkesfw4feb	xej3qs7qa4z	寧	1		安定。		"[""安～。""]"	community contributor	2025-09-24 21:18:22	2025-05-16 17:06:05
xskergvn3m5	xs6zwa7w8hc	凌	100	n	姓。		"[""～準（唐代人物）。""]"	community contributor	2025-09-25 21:29:32	2025-05-16 17:06:05
x4udefezmea	xj4rjaydcq2	日日	1		每日。天天。			community contributor	2025-09-03 01:43:27	2025-09-03 01:43:27
xz2ntjwqxmm	xkes4jnk8p4	理	1	n					2025-07-28 22:38:02	2025-05-16 16:56:03
xhsmd3ge26w	xg87vc3yzej	里	1	cl					2025-07-28 22:38:02	2025-05-16 16:56:02
xpqehhv5dmp	xcrbcm3w4za	李	1	n					2025-07-28 22:38:02	2025-05-16 16:56:02
xhmw5a3yuyu	xcrbcm3w4za	李	1	n	姓。		"[""～白（唐代人物）。""]"	community contributor	2025-09-24 14:49:56	2025-05-16 17:05:59
xm8b5wpmzs9	xdrynqzh4mu	來	1	v					2025-07-28 22:38:02	2025-05-16 16:56:03
xjjmacafdrt	xdrynqzh4mu	來	1	part					2025-07-28 22:38:02	2025-05-16 16:56:03
xphtptq43nm	xafqxt83fa3	梨	1	n					2025-07-28 22:38:02	2025-05-16 16:56:03
xhsvwsqmw49	xs242tg3rb7	哩	1	part					2025-07-28 22:38:02	2025-05-16 16:56:02
x8e2pkz2hq6	xa4bs9j66j8	漉	1	v					2025-07-28 22:38:02	2025-05-16 16:56:11
xfymkc5qtyp	xumc8ju2uan	陸	1	num	漢數字「六」的大寫			community contributor	2025-10-22 20:41:08	2025-10-22 20:41:08
xjanjbeyk5j	xnq7getxf4u	六	1	num					2025-07-28 22:38:02	2025-05-16 16:56:11
xdqzkjs2vse	x4bhtufqyk4	朒	1	v					2025-07-28 22:38:02	2025-05-16 16:55:52
xxnrfpxmujx	xgk7gdjrhfu	膩	1	adj					2025-07-28 22:38:02	2025-05-16 16:55:22
xvykmvr2bqd	xxvsg5rqygu	濾	1	v					2025-07-28 22:38:02	2025-05-16 16:55:20
xcts22hv75r	xqmmtnukjep	婁	100	n	姓。		"[""～壽（漢代人物）。""]"	community contributor	2025-09-25 21:29:20	2025-05-16 17:06:05
x6364tj3bvx	xx3k7cnc9nn	縷	1	n					2025-07-28 22:38:02	2025-05-16 16:56:43
x3fejnhpvwr	xx3k7cnc9nn	縷	1	cl					2025-07-28 22:38:02	2025-05-16 16:56:43
x5q84k282bt	x3ya4fukj7s	簍	1	n					2025-07-28 22:38:02	2025-05-16 16:56:43
xf5ekw8pg49	x3ya4fukj7s	簍	1	cl					2025-07-28 22:38:02	2025-05-16 16:56:43
xqrd3jg5h2h	x9y6sd86q6g	蔞	1	n					2025-07-28 22:38:02	2025-05-16 16:56:43
xqyjncu8pkh	xjhjngxjv2c	楞	1	cl					2025-07-28 22:38:02	2025-05-16 16:54:56
xqr48y4mnbn	xjhjngxjv2c	楞	1	n					2025-07-28 22:38:02	2025-05-16 16:54:56
xrbtfayew3v	xvwevee5wcb	癧	1	n					2025-07-28 22:38:03	2025-05-16 16:55:33
x649nvfc7bb	xtedngc6bnj	勒	1	v					2025-07-28 22:38:03	2025-05-16 16:55:33
xgf6pet7yjz	xqq2uktazav	二	1	num	數目詞。介於一和三之間的自然數。	《八音》戚書釋「二」「貳」爲「數名」。	"[""一、～、三……。""]"	community contributor|馮愛珍. 福州方言詞典[M]. 南京: 江蘇教育出版社, 1998.|李如龍. 戚林八音校注[M]. 福州: 福建人民出版社, 2001.|教育部. 教育部重編國語辭典修訂本: 臺灣學術網路第五版[DB]. 2015.	2025-09-19 13:23:03	2025-08-29 22:06:31
x6u44mqczdu	xqq2uktazav	二	2	adj	次序排第二的。	《八音》林書釋「二」爲「次」。	"[""第～名。"", ""～月初。""]"	community contributor|李如龍. 戚林八音校注[M]. 福州: 福建人民出版社, 2001.|教育部. 教育部重編國語辭典修訂本: 臺灣學術網路第五版[DB]. 2015.	2025-09-19 13:23:03	2025-09-19 13:23:03
xtfvxpgtmj5	xqq2uktazav	二	10	adj	不專一的。兩樣的。		"[""《左傳·昭公二十一年》：「其子有～心，故廢之。」"", ""言無～價。""]"	community contributor|馮愛珍. 福州方言詞典[M]. 南京: 江蘇教育出版社, 1998.|教育部. 教育部重編國語辭典修訂本: 臺灣學術網路第五版[DB]. 2015.	2025-09-19 13:23:03	2025-08-29 22:06:31
x9hae4rvawd	xqq2uktazav	二	11	v	〈書〉改變。		"[""《左傳·僖公十五年》：「必報德，有死無～。」""]"	community contributor|教育部. 教育部重編國語辭典修訂本: 臺灣學術網路第五版[DB]. 2015.	2025-09-19 13:23:24	2025-09-19 13:23:03
xv5d5mthwwa	xqq2uktazav	二	12	v	〈書〉並比。		"[""《史記·卷九二·淮陰侯傳》：「此所謂功無～於天下，而略不世出者也。」""]"	community contributor|教育部. 教育部重編國語辭典修訂本: 臺灣學術網路第五版[DB]. 2015.	2025-09-19 13:23:24	2025-09-19 13:23:03
xm5a93j8v5f	xjvr3xxdjzc	利	1	n					2025-07-28 22:38:03	2025-05-16 16:56:03
xfs6zhacdwb	xjvr3xxdjzc	利	1	adj					2025-07-28 22:38:03	2025-05-16 16:56:03
xz3mss9n5w8	xj7usjz3x9j	餌	1	n					2025-07-28 22:38:03	2025-05-16 16:56:08
xqzd6cgds5f	x5eb3897w2v	利	1	n					2025-07-28 22:38:03	2025-05-16 16:56:03
xx7443fpppw	xtdvwmju72k	黎	100	n	姓		"[""～景熙（北周人物）""]"	community contributor	2025-09-27 13:48:38	2025-05-16 17:06:02
xcq4sdtd85j	xtuev9hgd39	廖	1	n	姓		"[""～細妹（小妹）""]"	community contributor	2025-09-27 16:52:31	2025-05-16 17:06:01
xnc2w29qqwg	xhr9fjh9pfq	躒	1	v					2025-07-28 22:38:03	2025-05-16 16:55:55
xqmc8rmfxvu	xhmy8vrbpj5	老婿	1	pron	倨稱。猶普通話「老子（輕聲）」。			community contributor	2025-10-22 01:18:05	2025-10-22 01:18:05
xfdhkygab82	x4a628hmawe	老	1	adj	年紀大			community contributor	2025-07-28 22:38:03	2025-05-16 16:56:13
xmxa28efhg5	x4a628hmawe	老	100	v	過世，去世			community contributor	2025-07-28 22:38:03	2025-05-16 16:56:13
xhsn47rs5rf	xcpxbpdsuhg	漏	1	v					2025-07-28 22:38:03	2025-05-16 16:56:13
x2mf4qc2fxz	xe8t697cwvm	繞境	1		動賓短語，環行、巡視村境。閩俗，信徒把行身神像請進神轎里，然後擡出廟宇，沿街巡遊，接受民眾的香火膜拜，寓意神明降落民間，巡視鄉里，保佑合境平安。	也稱之「迎神」（ngiang55 sing53），亦合稱爲「迎神繞境」（ngiang55 sing53 nau24 ging33）。		community contributor	2026-03-22 18:39:50	2026-03-22 17:53:12
x32aemte5bg	x3gg3d6qjqd	繞	1		借助工具將龍舟用材夾擠成所需要的形狀、弧度			community contributor	2025-05-16 17:05:55	2025-05-16 17:05:55
xtuvqu9tbpa	xd7abcsf8uv	了	1	v	了結。		"[""者事故未～（這事兒還沒完）。""]"	community contributor|馮愛珍. 福州方言詞典[M]. 南京: 江蘇教育出版社, 1998.	2025-08-29 22:05:23	2025-08-29 22:05:23
xckahk57svd	xd7abcsf8uv	了	2	n	了結。		"[""△一代親，二代表(表親)，三代了。""]"	community contributor|馮愛珍. 福州方言詞典[M]. 南京: 江蘇教育出版社, 1998.	2025-08-29 22:05:23	2025-08-29 22:05:23
xbn639ymvs6	xd7abcsf8uv	了	3	part	用在動詞或形容詞後面，表示動作或變化已經完成。			community contributor|馮愛珍. 福州方言詞典[M]. 南京: 江蘇教育出版社, 1998.	2025-09-19 13:15:23	2025-08-29 22:05:23
x3q8t6bf7fe	xd7abcsf8uv	了	4	part	用在句子的末尾或句中停頓的地方，表示變化或出現某種情況。			community contributor|馮愛珍. 福州方言詞典[M]. 南京: 江蘇教育出版社, 1998.	2025-08-29 22:05:23	2025-08-29 22:05:23
x7ngtry3xu7	xd7abcsf8uv	了	100	part	句尾語氣詞，表達強調、主張。		"[""無賺～。"", ""正是～。""]"	community contributor	2025-08-29 22:05:23	2025-05-16 17:05:59
x7gbugr74v8	xjfq8y7smdz	流*	1	cl	回，次，遍，趟			community contributor	2025-07-28 22:38:03	2025-05-16 16:56:13
xny4dg254rm	x6s6sku2nmp	劉	100	n	姓		"[""～彝（北宋福州人物）""]"	community contributor	2025-09-27 17:11:29	2025-05-16 17:05:59
xxsrh59gh93	x8rtzvwfsfz	賴	100	n	姓		"[""～先（漢代人物）"", ""～文光（清代人物）""]"	community contributor	2025-09-27 13:45:43	2025-05-16 17:06:02
x7a86uyu695	xv7rfu95hbg	箂	1	n					2025-07-28 22:38:03	2025-05-16 16:54:46
xyvave4gf8r	xv7rfu95hbg	箂	1	cl					2025-07-28 22:38:03	2025-05-16 16:54:46
x3ryveuw8n4	xaa62am4qb7	來	100	n	姓		"[""～章（周代人物）""]"	community contributor	2025-09-25 21:30:53	2025-05-16 17:06:05
xxh9nahfczj	x5karfsya9u	兩	1	num					2025-07-28 22:38:03	2025-05-16 16:54:38
xt25fsyp38h	xbsmnntma5c	南煎肝	1	n	閩菜。以猪肝爲主要原料。			community contributor	2025-08-26 21:39:28	2025-08-26 21:39:28
xkfquhvfh7j	x8zbadc4mqa	蘭	100	n	姓		"[""～廣（漢代人物）""]"	community contributor	2025-09-27 13:45:18	2025-05-16 17:06:02
xz3zay3gg3a	x6s72dubq8h	藍	100	n	姓		"[""～諸（戰國人物）""]"	community contributor	2025-09-25 21:30:41	2025-05-16 17:06:05
xgcsyws3x28	x437a4sktnb	粒	1	cl					2025-07-28 22:38:03	2025-05-16 16:54:38
x78xe5g3qe8	x437a4sktnb	粒	1	n					2025-07-28 22:38:03	2025-05-16 16:54:38
xwnt2ymm4a3	xjbtg9m982j	囇	1	part					2025-07-28 22:38:03	2025-05-16 16:54:50
x6nzyr6ggdk	xr9zzaun6p9	哪	1	pron	〈書〉表示疑問			community contributor|教育部. 教育部重編國語辭典修訂本: 臺灣學術網路第五版[DB]. 2015.	2026-04-12 17:45:24	2026-04-12 17:45:02
xxd48dfrqgz	xr9zzaun6p9	哪	2	adv	〈書〉怎。表示反問			community contributor|教育部. 教育部重編國語辭典修訂本: 臺灣學術網路第五版[DB]. 2015.	2026-04-12 17:45:24	2026-04-12 17:45:02
x8v4eqg53zv	xs76u8dan8g	那	1	adv	〈書〉如何，怎麼		"[""《東觀漢記·劉玄載記》：“更始韓夫人曰：‘莽（王莽）不如此，帝～得爲之。’”""]"	community contributor	2026-04-12 16:56:59	2026-04-12 16:56:59
x2xtbv3bywg	xs76u8dan8g	那	2	pron	〈書〉哪里，何處		"[""〔宋〕辛棄疾〈瑞鷓鴣·膠膠擾擾幾時休〉詞：「～堪愁上更添愁。」""]"	community contributor	2026-04-12 16:56:59	2026-04-12 16:56:59
x52pceyrymn	x2hfwy2kayv	拃	1	v	張開大拇指與中指、以測量長度。			community contributor	2025-09-12 23:52:35	2025-05-16 16:54:53
xwkfr5bvkxb	x2hfwy2kayv	拃	2	cl	張開的大拇指與中指兩端之間的長度。			community contributor	2025-09-12 23:52:35	2025-05-16 16:54:53
xxex9xkwg8f	xrj2j37a5q2	啦	1		句尾語氣詞。		"[""無賺～。（沒錯啦。）""]"	community contributor	2025-09-24 14:29:56	2025-05-16 17:05:59
x4tb4ea3td4	xsyqf7dp9ms	麇	1	cl	堆，羣。	亦可說「麇々」ky33 lyng53。民間也有寫爲「囷」字的。	"[""蜀（一）～。"", ""我厝（家）總*款其（這樣的）藥故（還）有蜀（一）～（大堆）。""]"	community contributor	2025-09-24 13:03:28	2025-05-16 17:05:58
xd84q6xja58	xxxj9dkrnrj	楻	1	cl					2025-07-28 22:38:03	2025-05-16 16:55:41
x52ypwsmzx2	xxxj9dkrnrj	楻	1	n					2025-07-28 22:38:03	2025-05-16 16:55:41
x3fds9ztmgg	xwte4q86ysg	橛	1	cl					2025-07-28 22:38:03	2025-05-16 16:55:41
xthynucp3qv	x4rj6z9pyyd	款	1	v					2025-07-28 22:38:03	2025-05-16 16:55:09
x5xb7serwpn	xhkj4nvwm8g	圈	1	n	同「環」（kuang53）	閩語多借「環」音讀「圈」字。「圈」本讀（kuong55）	"[""朋友～""]"	community contributor	2026-02-12 01:22:39	2026-02-12 01:22:39
xnvphjbyxwc	xkucn244ar2	環境	1	n	同漢語書面語「環境」			community contributor	2025-10-04 13:08:19	2025-10-04 13:08:19
xp8mubv3dcu	xsrumvm2es6	捆	1	v					2025-07-28 22:38:03	2025-05-16 16:54:22
x5pumugctv8	xfwzfmpxfm2	孔	100	n	姓		"[""～融（漢代人物）"", ""～穎達（唐代人物）""]"	community contributor	2025-09-27 16:51:22	2025-05-16 17:06:01
xnrd4nqhznx	x2crakd2cxk	苦	1	n	像黃連、膽汁的味道。		"[""《荀子·正名》：「甘、～、鹹、淡、辛、酸，奇味以口異。」"", ""～尾（口內殘留的苦味）。""]"	community contributor|教育部. 教育部重編國語辭典修訂本: 臺灣學術網路第五版[DB]. 2015.	2025-09-21 12:37:57	2025-05-16 16:55:29
xm8jxcbee4c	x2crakd2cxk	苦	2	adj	有苦味的。	若不在複合詞內，而是單說，則口語一般說「凋*」（deu55）、「苦凋*凋*」（ku21 leu55 leu55）。又苦又難聞，說「苦𡅏氥」（ku21 le21 se55）。	"[""～膽。"", ""～參。"", ""～楝子。"", ""～瓜。"", ""△～瓠㑚生～瓠囝（苦葫蘆只會生下小苦葫蘆）。""]"	community contributor|教育部. 教育部重編國語辭典修訂本: 臺灣學術網路第五版[DB]. 2015.	2025-09-21 09:41:09	2025-05-16 16:55:29
xbcuhgzpmry	x2crakd2cxk	苦	10	n	苦難，艱辛，難以忍受的境況。		"[""受～受難。"", ""救～救難。""]"	community contributor|教育部. 教育部重編國語辭典修訂本: 臺灣學術網路第五版[DB]. 2015.	2025-09-21 10:15:58	2025-09-20 23:33:59
xrgq3fzttfy	x2crakd2cxk	苦	11	v	〈書〉使……痛苦。磨鍊。		"[""《孟子·告子下》：「天將降大任於是人也，必先～其心志，勞其筋骨。」"", ""～身之法。""]"	community contributor|教育部. 教育部重編國語辭典修訂本: 臺灣學術網路第五版[DB]. 2015.	2025-09-21 09:53:14	2025-09-20 23:33:59
x5gjck3qjen	x2crakd2cxk	苦	12	adj	艱辛的，痛苦難受的。憂愁的，愁悶的。	口語亦可說「想儥通（teoyng55）」「脾花（bi55 ua55）儥通」「脾花儥開（kui55）」「心意儥通」。形容因物質條件而受苦，口語多說「受怪」（siu53 uai21）。	"[""《孟子·梁惠王上》：「樂歲終身～，凶年不免於死亡。」"", ""〔唐〕李白《關山月》詩：「戍客望邊色，思歸多～顏。」"", ""～況（ku55 kuong21）。"", ""～命（ku55 miang242）。"", ""～工（ku21 geoyng55）。"", ""生活野（很）～。"", ""～囝出身（窮苦人翻身，獲得榮華富貴）。""]"	community contributor|教育部. 教育部重編國語辭典修訂本: 臺灣學術網路第五版[DB]. 2015.	2025-09-21 10:21:09	2025-09-20 23:33:59
xy3ga8cp46x	x2crakd2cxk	苦	15	v	患、怕、擔心……，爲……苦惱、憂慮、發愁。		"[""《漢書·卷三四·韓信傳》：「亭長妻～之，乃晨炊蓐食。」"", ""～船。"", ""我～工資低。"", ""依伯，汝故（還）～世乇（什麼）？"", ""汝囝野本事，無乇～（你孩子很有出息，沒什麼好愁的）。""]"	community contributor|community contributor|馮愛珍. 福州方言詞典[M]. 南京: 江蘇教育出版社, 1998.|教育部. 教育部重編國語辭典修訂本: 臺灣學術網路第五版[DB]. 2015.	2025-09-21 10:21:09	2025-05-16 16:55:29
xppm39rfm2t	x2crakd2cxk	苦	16	adv	〈書〉盡力地、辛苦地、煞費苦心地。		"[""～勸（極力勸導）。"", ""～諫（極力規勸）。"", ""～戰。"", ""～守。"", ""～讀寒窗。""]"	community contributor|教育部. 教育部重編國語辭典修訂本: 臺灣學術網路第五版[DB]. 2015.	2025-09-21 09:53:14	2025-09-20 23:33:59
xfm3n8rzp6w	x28mejbnnnv	軀	1	cl	段，截。		"[""樹～。（樹幹截成的段子。）""]"	community contributor	2025-10-03 01:32:16	2025-05-16 16:55:29
x93yur2fkpx	x39edj5mb2s	𣗺	1	n					2025-07-28 22:38:03	2025-05-16 16:55:29
xe2g6p3h95h	xyvf43um5v5	䉐	1	v	箍			community contributor	2026-02-12 01:40:14	2025-05-16 16:55:29
x45cag9njvg	xyvf43um5v5	䉐	2	n	箍			community contributor	2026-02-12 01:40:14	2025-05-16 16:55:29
x5sktqtj7w5	xqmf9m549je	呼	1	v					2025-07-28 22:38:03	2025-05-16 16:55:29
xdy2uv9rya2	xu7x3hc7yzq	空	1	v					2025-07-28 22:38:03	2025-05-16 16:56:11
xxrf852xefp	xs54vzr4jyb	殼	1	n					2025-07-28 22:38:03	2025-05-16 16:56:11
xqq6ex56qn3	x7wh9cp2z6b	康	100	n	姓		"[""～植（唐代人物）""]"	community contributor	2025-09-27 16:50:55	2025-05-16 17:06:01
xvvqup75uv7	xphf6x85wbm	搕	1	v					2025-07-28 22:38:03	2025-05-16 16:55:57
xmqns46b69n	xphf6x85wbm	搕	1	on					2025-07-28 22:38:03	2025-05-16 16:55:57
xf6cn6smdkp	xakrzttza6w	屈	100	n	姓。		"[""～原（戰國楚人物）。""]"	community contributor	2025-09-25 21:23:23	2025-05-16 17:06:05
xdexgbj6uea	xx5kt8snqap	臼	1	n					2025-07-28 22:38:03	2025-05-16 16:55:29
xvr3sh3vqh3	xx5kt8snqap	臼	1	cl					2025-07-28 22:38:03	2025-05-16 16:55:29
x5upegn756b	xy4sfwst2c3	褲	1	n					2025-07-28 22:38:03	2025-05-16 16:55:29
xbcxgw89qac	x8c2pyhm3tv	庫	1	n					2025-07-28 22:38:03	2025-05-16 16:55:29
x6pcc3mc2v6	xg8pen5geqa	去	1	v	離開。	與「來」（li53）相對。		community contributor	2025-09-26 16:57:45	2025-09-26 16:57:45
x4m22rsp4vk	xg8pen5geqa	去	2	v	前往某處。從所在地到別的地方。		"[""～鄉下。""]"	community contributor	2025-09-26 16:57:45	2025-09-26 16:57:45
xw23wepqesu	xg8pen5geqa	去	3		表示動作方向。相當於普通話的「向」「朝」。			community contributor	2025-09-26 16:57:45	2025-09-26 16:57:45
xccse92evm2	xg8pen5geqa	去	4		置於動詞前，表示意圖。類似普通話的「去（做）……」。			community contributor	2025-09-26 16:57:45	2025-09-26 16:57:45
xnqepygnkbt	xg8pen5geqa	去	5	v	去除，除掉。			community contributor	2025-09-26 16:57:45	2025-09-26 16:57:45
xsepy7stwpr	xg8pen5geqa	去	6		過去的（時間）。	多指過去的一年。		community contributor	2025-09-26 16:57:45	2025-09-26 16:57:45
x8u2v5rm5rh	xg8pen5geqa	去	10	int	完蛋、完了。表示事情搞砸或陷入絕境。		"[""仱～去。（這下完蛋了。）""]"	community contributor	2025-09-26 16:57:45	2025-09-13 22:49:16
xxq2rx248wb	xg8pen5geqa	去	11	v	（遊戲中的）開始。在「覭覭屈屈」（ming55 ming55 kuk55 kouk24，捉迷藏）等遊戲中，作為約定好的開始口令。		"[""～去！（開始了！）"", ""固未～。（還沒開始。）""]"	community contributor	2025-09-26 16:57:45	2025-09-26 16:57:45
xjeje8d9p9z	xwtb6j4ts4j	熇	1	adj	〈書〉熾熱。	《說文解字·火部》：「熇，火熱也。」		community contributor	2025-10-26 14:57:11	2025-10-26 14:57:11
xzebuv7pbb4	xwtb6j4ts4j	熇	2	adj	〈書〉乾燥。		"[""〔宋〕張君房《雲笈七籤·卷八六·洞生太帝君鎮生五藏訣》：「當以直理之木，～燥好薪，不用蠹蟲及木皮之不淨薪。」""]"	community contributor	2025-10-26 20:25:37	2025-10-26 14:57:11
xnpmua7dykt	xwtb6j4ts4j	熇	3	v	烘烤，烤炙。特指在爐子裏烤製。	至於（用鍋）烙，口語多說hooh24、gooh24。	"[""光餅爐𡅏～""]"	community contributor	2025-11-02 00:50:46	2025-10-26 20:25:38
xz55gced4yh	xaxra99pep6	烤	1	v	乾式加熱法，利用輻射熱（如烤箱、炭火）或高溫空氣來使食材變熟	非傳統說法。口語中，在爐裏烤說「熇」（koo21）；下鍋烙說「熇」（hooh24）、「烙」（gooh24）；在火上烘烤說「烘」（heoyng55）。	"[""燒～（直接在火上烹調至可食用）。""]"	community contributor	2025-10-26 21:04:56	2025-10-26 20:51:13
x65fck8uwkb	xmufwtp5h22	炣	1	v	濕式加熱法。利用液體（高湯）作為導熱介質，長時間低溫烹煮，最後通過蒸發（熬）使湯汁濃縮（收汁）。		"[""～豆腐""]"	community contributor	2025-10-26 20:32:54	2025-10-26 13:55:59
xgtj8wyvcw3	xzt5zyeywxa	柯	100	n	姓		"[""～夢得（宋代人物）""]"	community contributor	2025-09-25 21:31:08	2025-05-16 17:06:05
xtfctwewu78	xf962nh7bfk	虯	1	n	一種古代傳說中的無角龍。	《說文解字·虫部》：「虯，龍無角者。」《戚林八音》：「無角龍。」		community contributor|李如龍. 戚林八音校注[M]. 福州: 福建人民出版社, 2001.|教育部. 教育部重編國語辭典修訂本: 臺灣學術網路第五版[DB]. 2015.	2025-09-26 17:08:00	2025-09-26 17:08:00
x642c8jc5aw	xf962nh7bfk	虯	2	adj	蜷曲。		"[""～髯。（蜷曲的鬚髯。）"", ""～～着（luoh24）。（捲捲的。）""]"	community contributor|馮愛珍. 福州方言詞典[M]. 南京: 江蘇教育出版社, 1998.|教育部. 教育部重編國語辭典修訂本: 臺灣學術網路第五版[DB]. 2015.	2025-09-26 17:09:39	2025-09-26 17:08:00
xkscdgspqv3	xf962nh7bfk	虯	3	v	抽筋。肌肉痙攣，即肌肉自發的持續性收縮。			community contributor|馮愛珍. 福州方言詞典[M]. 南京: 江蘇教育出版社, 1998.	2025-09-26 17:09:08	2025-09-26 17:09:08
x529c94s82m	xfxgtem88np	邱	100	n	姓		"[""～濬（明代人物）""]"	community contributor	2025-09-27 16:50:32	2025-05-16 17:06:01
xus7rfcjwwd	xvmet8cru4q	丘	100	n	姓		"[""～處機（元代人物）""]"	community contributor	2025-09-27 16:07:23	2025-05-16 17:06:01
xck2ktqv3v5	xae5u9rm244	企	1	v	豎立		"[""快將旗杆～起去（快把旗杆立起來）""]"	community contributor	2025-10-26 13:24:32	2025-10-26 13:24:32
x7j9kftaazm	xph62rcabvq	稽	100	n	姓		"[""～黃（春秋秦人物）""]"	community contributor	2025-09-27 16:04:36	2025-05-16 17:06:02
xu9ffuzne7z	xmz59n3ha7z	奇	1	adj					2025-07-28 22:38:03	2025-05-16 16:56:40
x8shjtwxnc2	xmz59n3ha7z	奇	1	cl					2025-07-28 22:38:03	2025-05-16 16:56:40
x8yf3yh3xb6	xmz59n3ha7z	奇	1	cl					2025-07-28 22:38:03	2025-05-16 16:56:40
x2bzx5ag9qu	x62r2r2njfb	黠	1	adj	〈書〉聰慧，機靈。			community contributor	2026-03-22 13:41:08	2026-03-22 13:41:08
xwfesh7vp22	x62r2r2njfb	黠	10	adj	〈書〉狡猾，奸詐。			community contributor	2026-03-22 13:41:08	2026-03-22 13:41:08
x35mvq9tc48	xd224u8mcwa	覡	1	n	〈書〉男巫，爲人向鬼神祝禱者。	《說文解字·巫部》：「能齋肅事神明者，在男曰覡，在女曰巫。」	"[""《後漢書·卷五九·張衡傳》：「或察龜策之占、巫～之言。」""]"	community contributor	2026-03-22 13:50:40	2026-03-22 13:50:40
x9hzjtkkjpg	xb98w7p43fa	齒	1	n					2025-07-28 22:38:03	2025-05-16 16:56:05
xet9m3yeh9g	xxz7gu99bzb	起	1	v					2025-07-28 22:38:03	2025-05-16 16:56:05
xgqdhtg9uwv	xxz7gu99bzb	起	1	adv					2025-07-28 22:38:03	2025-05-16 16:56:05
x6sstdbem7x	xxz7gu99bzb	起	1	cl					2025-07-28 22:38:03	2025-05-16 16:56:05
xkw5ckyvpb7	xegpmhdutbt	錡	1	v					2025-07-28 22:38:03	2025-05-16 16:56:05
xrw8xamgymt	xrdu282k984	欹欹髻	1	n					2025-07-28 22:38:03	2025-05-16 16:56:05
xye7k7bks3g	xvcce432wz9	欹	1	adj	傾斜			community contributor	2026-04-12 00:22:10	2025-05-16 16:56:05
xg25c3qpvyj	xvcce432wz9	欹	2	v	斜靠			community contributor	2026-04-12 00:22:10	2025-05-16 16:56:05
xr3e7zx8xek	xnjj2huukz7	僛*老*	1	cl	千克	音譯自英語的「kilo」		community contributor|community contributor	2026-04-12 00:07:24	2026-04-12 00:07:24
x7rheezuzut	x3stmawnhcs	僛*	1		音譯詞頭，見「欺*老*」（ki53 lo33）			community contributor	2026-04-12 01:52:37	2026-04-12 00:11:29
xp4vdvy7wc7	xsq9nw9enb9	㩻	1		「欹」（ki55）的本字			community contributor	2026-04-12 00:13:47	2026-04-12 00:13:47
xp7jgn4h2ay	x2k2hqkjsaw	虹	1	n					2025-07-28 22:38:03	2025-05-16 16:55:51
xb7dbvrucbb	x2k2hqkjsaw	虹	1	cl					2025-07-28 22:38:03	2025-05-16 16:55:51
xcsaqyrfg6d	xj92akapdzy	空	1	n					2025-07-28 22:38:03	2025-05-16 16:56:11
xf4fzzjbgh9	xzneumfd87c	曲	100	n	姓。		"[""～證（漢代人物）。""]"	community contributor	2025-09-25 21:23:34	2025-05-16 17:06:05
xvz5wa8jp4t	xwujhq7u9uf	去	1	n					2025-07-28 22:38:03	2025-05-16 16:55:20
xutwd85sspb	x569p7xdx7t	𣪟	1	v					2025-07-28 22:38:03	2025-05-16 16:56:32
xeetjvdkb9e	x7eg9bu6a5q	口	1	n					2025-07-28 22:38:03	2025-05-16 16:56:44
xnze877ff6q	x7eg9bu6a5q	口	1	cl					2025-07-28 22:38:03	2025-05-16 16:56:44
xfv6fcnbcmz	x8mhuz8fpsj	獲	1	v					2025-07-28 22:38:03	2025-05-16 16:55:35
x9fmcz5vvzq	xanxeqract3	柿	1	n					2025-07-28 22:38:03	2025-05-16 16:56:05
xd6yyhtsga3	xfqa8h29q8q	告朔餼羊	1		天子在年終時，將來年曆書頒給諸侯，諸侯將它藏在祖廟中，每月朔日，以活羊告祭於廟，然後聽政。	告朔：中國古代的一種祭祀儀式。餼羊：供祭祀用的活羊。語出《論語·八佾》：「子貢欲去告朔之餼羊，子曰：『賜也，爾愛其羊，我愛其禮。』」〔宋〕朱熹《四書章句集註》：「告朔之禮，古者天子常以季冬頒來歲十二月之朔於諸侯，諸侯受而藏之祖廟。月朔，則以特羊告廟，請而行之。魯自文公始不視朔，而有司猶供此羊，故子貢欲去之。」		community contributor|教育部. 教育部重編國語辭典修訂本: 臺灣學術網路第五版[DB]. 2015.	2025-09-20 01:52:47	2025-06-17 16:02:29
x4a6zq69cge	xfqa8h29q8q	告朔餼羊	2		比喻形同虛設。亦可省作「告朔」（guk55 soouk24）。		"[""廖仲愷《辭財政部長職通電》：「計吏職權，情同告朔。」""]"	community contributor	2025-09-20 01:47:34	2025-06-17 16:02:29
xm3gr6wnujc	xw4vz54afy3	氣	1	n					2025-07-28 22:38:03	2025-05-16 16:56:05
xhjtt5nn6b5	xw4vz54afy3	氣	1	v					2025-07-28 22:38:03	2025-05-16 16:56:05
x6ze42scytd	xhbd8hmg8uk	溪	1	n	溪水，小河		"[""先生吼汝放假前後伓通躃～𡅏客佻（老師叫你放假時候別跑到河裏去玩）！""]"	community contributor	2026-01-31 13:18:57	2026-01-31 13:18:57
xgyzkdcyzgk	xhbd8hmg8uk	溪	1	adj	形容人傻、土	「溪豬」的簡稱	"[""間壁依俤野～，手機都儥仈使（隔壁阿弟好傻，手機都不會用）。""]"	community contributor	2026-01-31 13:21:48	2026-01-31 13:18:57
xeedxucf2ne	x3vwyzeqsfb	叩	1	v	〈書〉敲、擊。			community contributor|教育部. 教育部重編國語辭典修訂本: 臺灣學術網路第五版[DB]. 2015.	2025-09-15 02:59:41	2025-09-15 02:59:41
xpzmrhvp42t	x3vwyzeqsfb	叩	2	v	〈書〉磕、觸。		"[""～頭。"", ""～拜。""]"	community contributor|教育部. 教育部重編國語辭典修訂本: 臺灣學術網路第五版[DB]. 2015.	2025-09-15 02:59:41	2025-09-15 02:59:41
xuvueew6bdz	x3vwyzeqsfb	叩	3	n	叩頭、叩首的簡稱。		"[""三跪九～。""]"	community contributor|李如龍. 戚林八音校注[M]. 福州: 福建人民出版社, 2001.|教育部. 教育部重編國語辭典修訂本: 臺灣學術網路第五版[DB]. 2015.	2025-09-15 02:59:41	2025-09-15 02:59:41
xkh5fa32xwj	x3vwyzeqsfb	叩	4	v	〈書〉詢問，請教。		"[""執經～問。""]"	community contributor|教育部. 教育部重編國語辭典修訂本: 臺灣學術網路第五版[DB]. 2015.	2025-09-15 02:59:41	2025-09-15 02:59:41
x6jgm65zppq	xh9s2yg9ccq	窟	1	n					2025-07-28 22:38:03	2025-05-16 16:55:57
xz725zq3j8s	xzm3vxt7rv5	剋*	1	v					2025-07-28 22:38:03	2025-05-16 16:55:35
xkjyfvvne6z	xza96xrxrdv	䀫	1	v					2025-07-28 22:38:03	2025-05-16 16:55:35
xmsqgarreys	xqcgq8zybpr	刻	1	v					2025-07-28 22:38:03	2025-05-16 16:55:35
xrkt9m2atvx	xqcgq8zybpr	刻	1	cl					2025-07-28 22:38:03	2025-05-16 16:55:35
xjf5d6vse7p	xccy8d9aepw	看蜀看	1		看一看。		"[""我～。""]"	community contributor	2025-09-06 21:43:17	2025-09-06 21:43:17
x9ru6mvyrpp	xygq9uwv9kr	看	1	v	視，使視線接觸人或物，用眼睛接收外界的信息。		"[""～風景。"", ""～電影。"", ""～手機。""]"	community contributor|馮愛珍. 福州方言詞典[M]. 南京: 江蘇教育出版社, 1998.	2025-08-24 21:46:48	2025-06-16 01:39:48
xydbgcx6e63	xygq9uwv9kr	看	2	v	閱讀。		"[""～書。"", ""～報紙。""]"	community contributor	2025-08-24 21:46:48	2025-06-16 01:39:48
x7mz5y68bhr	xygq9uwv9kr	看	4	v	觀察並加以判斷。		"[""～相。""]"	community contributor	2025-08-24 21:46:48	2025-06-16 01:39:48
xdthrqm9nj8	xygq9uwv9kr	看	5	v	想，感覺。		"[""汝～總*款會使儥？——我看總*款會使。""]"	community contributor	2025-08-24 21:46:48	2025-06-16 01:39:48
x928xnus9wj	xygq9uwv9kr	看	6	v	照看，診療。		"[""～病。"", ""～護。""]"	community contributor|馮愛珍. 福州方言詞典[M]. 南京: 江蘇教育出版社, 1998.	2025-08-24 21:46:48	2025-06-16 01:39:48
x6nqr8yupp5	xygq9uwv9kr	看	7	v	看望，探望；問候。		"[""去醫院～儂（去醫院看望人）。""]"	community contributor|馮愛珍. 福州方言詞典[M]. 南京: 江蘇教育出版社, 1998.	2025-08-24 21:46:48	2025-06-16 01:39:48
xp8u8kakw76	xygq9uwv9kr	看	8	v	看待，對待。		"[""△～儂擺碗菜（見人下菜碟）。"", ""△龍眼核～儂逮*（龍眼核看人扔，喻指見人下菜碟）。""]"	community contributor|馮愛珍. 福州方言詞典[M]. 南京: 江蘇教育出版社, 1998.	2025-08-24 21:46:48	2025-06-16 01:39:48
xnn8qf22jy2	xygq9uwv9kr	看	10		用在動詞或動詞結構後面，或表示動作是一次的，或表示動作是短暫的，或表示動作是嘗試性的。	讀音特殊。	"[""聽～（ngiang21）。"", ""覷～（iang21）。"", ""食～（iang21）。"", ""食～（giang21）。""]"	community contributor|community contributor	2025-09-15 14:14:01	2025-06-16 01:39:48
xgrtu7b8k3g	xkdcuyeeyzt	看	1	v	〈書〉以手遮遮目而望。	朗讀文言文時採用的本音，口語不用。	"[""王筠《說文句讀》：「凡物見不審，則手遮目～之。」""]"	community contributor|王力, 岑麒祥, 林焘. 古汉语常用字字典: 第4版[M]. 北京: 商务印书馆, 2005.	2025-08-24 21:49:24	2025-06-16 01:02:47
x89x6qebk2b	xkdcuyeeyzt	看	2	v	〈書〉看望，探訪。	朗讀文言文時採用的本音，口語讀「kang21」。	"[""《韓非子·外儲說左下》：「梁車（人名）新爲鄴（地名）令，其姊（zi33）往～之。」"", ""〔唐〕李商隱《無題·相見時難別亦難》：「蓬山此去無多路，青鳥殷勤爲探～（探望）。」""]"	community contributor|王力, 岑麒祥, 林焘. 古汉语常用字字典: 第4版[M]. 北京: 商务印书馆, 2005.	2025-08-24 21:49:05	2025-06-16 02:04:58
xhtjvz54758	xkdcuyeeyzt	看	3	v	〈書〉瞧，看。	朗讀文言文時採用的本音，口語讀「kang21」。	"[""杜甫《九日藍田崔氏莊》詩：「醉把（持，握）茱萸仔細～。」""]"	community contributor	2025-08-24 21:49:05	2025-06-16 02:04:58
xd22nnhwahz	xkdcuyeeyzt	看	4	v	〈書〉觀察。	朗讀文言文時採用的本音，口語讀「kang21」。	"[""《三國志·吳書·周魴傳》：「～伺空隙，欲復爲亂。」""]"	community contributor	2025-08-24 21:49:05	2025-06-16 02:04:58
xq56b7p6set	xkdcuyeeyzt	看	5	v	〈書〉看待。	朗讀文言文時採用的本音，口語讀「kang21」。	"[""高適《詠史》詩：「不知天下士，猶作布衣（平民）～。」""]"	community contributor	2025-08-24 21:49:05	2025-06-16 02:04:58
x4bgt6jw9q8	xkdcuyeeyzt	看	10	v	〈書〉守護，監視。	口語該義用「䁐 ooung21」：如看守羊羣說「䁐羊」，看守牛羣說「䁐牛」。	"[""～護。"", ""～押。"", ""～守所。""]"	community contributor	2025-08-24 21:51:32	2025-06-16 02:04:58
x5u5qjjbquh	x9q8ug9h8sh	野快	1		很快，很迅捷。			community contributor	2025-09-22 16:42:34	2025-09-22 16:42:34
xt3zuq8mxj5	x3bazgp8w9r	哈	1	on	喜鵲鳴聲	《榕腔注音詞典》（1929）收此讀	"[""～～叫（嘰嘰喳喳叫）""]"	community contributor	2026-04-12 16:05:12	2026-04-12 01:00:15
xkwe3whhc9k	x3bazgp8w9r	哈	100	n	音譯詞頭		"[""～喇（佤族舊稱）""]"	community contributor	2026-04-12 02:35:17	2026-04-12 02:33:16
xnb2bnmufdq	xuv3m5swnzf	卡	1	n	由紙板或硬卡紙刨製出的長方形片，亦有塑料製得者。	音譯自英語「card」。俗讀ka213。《榕腔註音字典》（1905）中未見card音譯：而visiting cards譯爲「片單」「拜帖」「名片」；playing cards譯爲「牌」「紙牌」（第40頁）。1929年版《榕註》亦未見card音譯。''Fujianese-English/English-Fujianese Dictionary & Phrasebook'' (New York, 2013) 收此上聲音譯（第35頁）。	"[""電話～。"", ""手機～。"", ""銀行～。"", ""信用～。"", ""工資～。""]"	community contributor	2025-09-20 16:20:29	2025-09-14 15:00:16
x7tz58g7rub	x7s8uc2zsk6	跤	1		〈書〉同普通話「跤」。	作爲角力比賽的摔跤，口語說「抱倒」（bo53 lo33）。（摔、跌一）跤、跟頭，口語說「（跋蜀）倒」。	"[""摔～（seoyk21 gau55）。""]"	community contributor	2025-09-21 12:15:59	2025-09-21 12:15:59
xudpnj3vubm	xgv6e73ubab	骹	1	n	泛指人體的下肢，或動物的四肢，包括北京話說的「腿」和「腳」。		"[""～野大（腳丫子很大）。""]"	community contributor|馮愛珍. 福州方言詞典[M]. 南京: 江蘇教育出版社, 1998.	2025-09-19 16:27:23	2025-08-29 21:36:32
xhbumyaq7du	xgv6e73ubab	骹	2		在……下。		"[""山～（山腳）。""]"	community contributor	2025-09-19 16:27:53	2025-09-19 16:27:23
xgr7zemv9hr	xgv6e73ubab	骹	4	n	器物的下方、底部。器物下端如腿一樣起到支撐作用的部分。		"[""桌～（桌腿兒）。"", ""椅～（椅腿兒）。""]"	community contributor|馮愛珍. 福州方言詞典[M]. 南京: 江蘇教育出版社, 1998.	2025-09-19 16:27:23	2025-08-29 21:36:32
xftsj7jvfgw	xgv6e73ubab	骹	10	n	指人。		"[""外斗有～～。""]"	community contributor	2025-09-19 16:27:23	2025-09-19 16:27:23
xeq8xerrd8h	xgv6e73ubab	骹	11	cl	量詞，用於人。			community contributor	2025-09-19 16:27:23	2025-08-29 21:36:32
xccbcgfhttp	xjxauvt5nee	有關	1		〈書〉同漢語書面語「有關」。			community contributor	2025-09-18 22:56:06	2025-09-18 22:56:06
xtfc3kv9xjx	x7trzj58a2g	蹂	1	v	〈書〉踐踏。	口語說「踩」（cyk5）、「躤」（ciak5）、「踏」（dak5）、「蹂」（neh5）等。	"[""《史記·卷七·項羽本紀》：「王翳取其頭，餘騎相～踐爭項王。」""]"	community contributor	2025-09-20 16:55:34	2025-09-20 16:55:34
xavrmg2edus	x36wdfgw28p	游	100	n	姓。		"[""～士鳳（清代人物）。""]"	community contributor	2025-09-25 21:05:56	2025-05-16 17:06:05
xsb8g9dqp9m	xj3zvhqrtr5	尤	1	n	姓。		"[""～鶴（宋代人物）。""]"	community contributor	2025-09-05 13:09:58	2025-05-16 17:06:03
x5tanendqsa	xdd4xecqvdq	姚	100	n	姓		"[""～鼐（清代人物）""]"	community contributor	2025-09-27 16:53:08	2025-05-16 17:06:00
xuqaq9zweep	xxrngy4mfre	陶	1	n	通「窯」（iu53）。窯竈			community contributor	2025-09-26 19:41:18	2025-05-16 17:06:02
x9hcxu8vhf8	xxrngy4mfre	陶	100	n	人名用字		"[""皋～（舜五臣之一）""]"	community contributor	2025-09-26 19:41:18	2025-09-26 19:41:18
xckjz2nq44q	xsxvmzavu7q	邀	1	v	拐騙。			community contributor	2025-09-14 23:03:25	2025-05-16 17:05:49
xt9wrvcuhf8	xtnzkvz3czu	冉	100	n	姓		"[""～求（春秋魯人物）""]"	community contributor	2025-09-27 16:46:27	2025-05-16 17:06:01
xh3r5a8raas	xpyfq79mgmc	煙	1	n	火氣			community contributor	2025-10-23 20:17:23	2025-10-23 20:17:23
xycufvddxy7	xpyfq79mgmc	煙	2	n	煙草	明代煙草傳入中國後，借此音表意		community contributor	2025-10-23 20:17:23	2025-10-23 20:17:23
x3zau3syfc7	xx9u3f9k7wn	燕	100	n	姓		"[""～倉（漢代人物）""]"	community contributor	2025-09-27 16:05:55	2025-05-16 17:06:02
xautruqwruf	x4w67468twz	葉	100	n	姓		"[""～名琛（清代人物）""]"	community contributor	2025-09-27 16:57:18	2025-05-16 17:06:00
xvtcqpmtgjb	xg56n736d9r	椅	1	n					2025-07-28 22:38:03	2025-05-16 16:56:26
xgcrfw7vcwm	xqtdsu4a2mw	移	1	v					2025-07-28 22:38:03	2025-05-16 16:56:26
x5eezyfpt5p	x5h83cuyntv	也會使	1		也可以			community contributor	2025-05-16 17:06:04	2025-05-16 17:06:04
x3jcc86q2va	xn7mbppg3rt	野靈	1		很靈巧，很靈活，很靈敏。			community contributor	2025-09-22 16:41:01	2025-09-22 16:41:01
xxfb4aeagfp	xn7mbppg3rt	野靈	2		很靈驗。			community contributor	2025-09-22 16:41:01	2025-09-22 16:41:01
xxprekedtmq	xecnvyewzhp	野懸	1		很高。		"[""書讀～（學習學得很好）。""]"	community contributor	2025-09-22 16:35:22	2025-09-22 16:35:22
xb28g8wmuwp	x2chz2gkupz	野呆	1		很壞。			community contributor	2025-09-22 16:34:47	2025-09-22 16:34:47
x6ur9fdztpm	xx2wksm9rf6	野価回	1		很多次，好多次。			community contributor	2025-09-22 16:34:32	2025-09-22 16:34:32
x7pda29bwah	x4udppe3978	野霸	1		很厲害，真棒。		"[""～無乇講（厲害，沒話說）。"", ""福州！～！野硬！""]"	community contributor	2026-03-26 23:45:36	2025-08-04 05:40:53
xzv9ah7beq8	xgr32ebbwcv	野爽快	1		很舒服。			community contributor	2025-08-31 19:59:38	2025-08-31 19:59:38
xrfjwwabq5e	x8k5emvkxev	野俊	1		很漂亮，很俊俏。			community contributor	2025-08-31 19:58:57	2025-08-31 19:58:57
xt4zv5s32hh	x9wnx92t46f	永泰	1	n	縣名，在福州。			community contributor	2025-09-14 23:26:14	2025-05-16 17:05:51
xjxcsvzym6c	xjbvkkppf63	伓食	1		不喫。		"[""食伓食（sieh33 nieh5）？——～。"", ""～（不許喫）！～（不許喫）！""]"	community contributor	2025-09-06 02:38:21	2025-09-06 02:38:21
x3tbnzxm65r	x9jqh6tvd88	任	1	n	女爵位名。	王莽時以之稱公主。見《漢書·王莽傳中》：「今諸侯各食其同、國、則；辟、任、附城食其邑；公、卿、大夫、元士食其采。」顏師古注：「任，公主也。」		community contributor	2026-03-26 00:02:49	2026-03-26 00:02:49
xcekpwq5s7r	x9jqh6tvd88	任	2	n	樂曲名，見諸古代南方民族。	《禮記·明堂位》：「任，南蠻之樂也。」又《周禮·春官·鞮鞻氏》：「掌四夷之樂，與其聲歌。」〔漢〕鄭玄注：「四夷之樂：［……］南方曰任。”		community contributor	2026-03-26 00:02:49	2026-03-26 00:02:49
x546cswfm3s	x9jqh6tvd88	任	10	n	周代國名。	「風」姓。在今山東濟寧。《左傳·僖公二十一年》：「任、宿、須句、顓臾，風姓也，實司大皞與有濟之祀，以服事諸夏。」杜預注：「任，今任城縣也。」陸德明釋文：「任，音壬。」又楊伯峻注《孟子·告子下》：「閻若璩《釋地》云：『任，國名，太皞之後，風姓。漢為任城縣，後漢為任城國，今濟寧州東任城廢縣是。』按當即今山東濟寧市。」		community contributor	2026-03-26 00:02:49	2026-03-26 00:02:49
x3puu6djhfq	x9jqh6tvd88	任	11	n	〈書〉姓。	《戚林八音》「任」字條解釋爲姓，讀鶯賓下平（即今福州音ing53）。但口語讀此姓，多說下去調（eing242）。		community contributor|李如龍. 戚林八音校注[M]. 福州: 福建人民出版社, 2001.	2026-03-26 00:02:49	2026-03-26 00:02:49
x5meam2uma7	x9jqh6tvd88	任	100	adj	通「壬」。 奸佞。		"[""《商君書·慎法》：「破勝黨～， 節去言談。」""]"	community contributor	2026-03-26 00:02:49	2026-03-26 00:02:49
xmq38c6m8u3	xn3u33uyye8	應該當	1	part	表推測，類似普通話的「可能」「大概」		"[""儂家~有三年無見了吓！（咱們大概有三年沒見了啊！）""]"	community contributor	2025-09-08 15:46:04	2025-09-08 15:46:04
xju8yrcqzgc	xn3u33uyye8	應該當	1	part	表理所當然，類似普通話的「應該」		"[""伊~着遘了吓？蔣講故𡅏未遘？（他應該要到了啊？怎麼還沒到？）""]"	community contributor	2025-09-08 15:46:04	2025-09-08 15:46:04
x2rwme6zb45	xgheveur6w2	一中	1	n	「第一中學」的簡稱			community contributor	2025-09-28 16:28:54	2025-09-28 16:28:54
xtt93kfhy6j	xbewg76k66v	姨	1	n					2025-07-28 22:38:03	2025-05-16 16:56:09
x383bseerwz	xbewg76k66v	姨	1		稱朋友母親。			community contributor	2025-09-14 23:22:48	2025-05-16 17:05:50
x6pmf5pvsg6	xbgeau6uvjk	兒	1	n					2025-07-28 22:38:03	2025-05-16 16:56:09
xrxrgsx33ct	xmwddkjjn5w	伊	1	pron	第三人稱代詞，稱自己和對方以外的某個人；相當於現代漢語書面語的「他」「她」。		"[""蜀厝儂兩隻，就是我共～。""]"	community contributor	2025-09-19 11:59:33	2025-07-11 23:15:23
xdjcx2y7zkz	xmwddkjjn5w	伊	2	pron	代指人以外的事物。	非傳統說法。如不用「伊」則可用「嚽」（近指）、「𠲛」（遠指）代稱。		community contributor	2025-09-20 01:56:12	2025-07-11 23:15:23
xudjkffwghe	x2x6h2f3she	衣	100	n	姓。		"[""～守信（明代人物）。""]"	community contributor	2025-09-25 21:06:53	2025-05-16 17:06:05
x6fx4vuaqtn	x83b9f9n96v	向	100	n	姓		"[""～秀（晉代人物）""]"	community contributor	2025-09-27 16:49:00	2025-05-16 17:06:01
xc9x3a2v6x2	xrw4k89b6tt	熊	100	n	姓		"[""～成基（清代人物）""]"	community contributor	2025-09-27 16:52:07	2025-05-16 17:06:01
xasruq46dmy	xrj9gguxn8c	䔓	1	v					2025-07-28 22:38:03	2025-05-16 16:55:25
xx6x33fqsre	x4xw3j7we7j	許	1	pron	那；那麼。		"[""《閩都別記》第三十二回：“何必去建州～遠地方作生意”。""]"	community contributor|馮愛珍. 福州方言詞典[M]. 南京: 江蘇教育出版社, 1998.	2025-08-29 22:32:00	2025-08-29 22:32:00
xe3zz4k7pke	x4xw3j7we7j	許	100	n	姓。		"[""～慎（漢代人物）。""]"	community contributor	2025-08-29 22:32:00	2025-05-16 17:06:00
xhqqss8fwuh	x2xr4d4f77s	墟	1	n					2025-07-28 22:38:03	2025-05-16 16:55:24
x46s899433m	xr2srnqxa77	虛	1	num					2025-07-28 22:38:04	2025-05-16 16:55:24
xa8tskw73w9	xggpp89whj7	方	1	cl					2025-07-28 22:38:04	2025-05-16 16:55:44
xyanq2wygps	xggpp89whj7	方	1	n					2025-07-28 22:38:04	2025-05-16 16:55:44
xvqtmfau6nx	xggpp89whj7	方	100	n	姓		"[""～聲洞（清代福州人物）""]"	community contributor	2025-09-27 16:53:22	2025-05-16 17:06:00
xt72hprftn5	x494euak2xb	和	100	n	姓		"[""～武（漢代人物）""]"	community contributor	2025-09-25 21:35:49	2025-05-16 17:06:04
xc8ch2r5y8g	x8kj5fhbj5e	喙	1	n	〈書〉鳥獸動物等尖長形的嘴。		"[""《漢書卷九四·匈奴傳下》：「是以忍百萬之師以摧餓虎之～，運府庫之財填盧山之壑而不悔也。」"", ""〔唐〕柳宗元《行路難》三首之三：「蟠龍吐耀虎～張，熊蹲豹擲爭低昂。」""]"	community contributor|教育部. 教育部重編國語辭典修訂本: 臺灣學術網路第五版[DB]. 2015.	2025-09-24 20:31:02	2025-08-03 22:21:49
x644ztfxdr4	x8kj5fhbj5e	喙	2	n	〈書〉泛指人的嘴。		"[""百～莫辯。"", ""不容置～。"", ""《莊子·秋水》：「今吾無所開吾～，敢問其方。」"", ""《南史·卷六二·鮑泉傳》：「面如冠玉，還疑木偶；鬚似蝟毛，徒勞繞～。」""]"	community contributor|教育部. 教育部重編國語辭典修訂本: 臺灣學術網路第五版[DB]. 2015.	2025-09-19 12:06:42	2025-08-03 22:21:49
xthsw2h3y3z	x87b7rw5ade	歲	1	n					2025-07-28 22:38:04	2025-05-16 16:55:27
xyjkvjmgeap	x87b7rw5ade	歲	1	cl					2025-07-28 22:38:04	2025-05-16 16:55:27
xherbxv8yud	xw2dbnybqua	𠲛	1	pron					2025-07-28 22:38:04	2025-05-16 16:55:27
x3zybuawjxd	xw2dbnybqua	𠲛	1	conj					2025-07-28 22:38:04	2025-05-16 16:55:27
x65zx4yb39w	xq2v5u4c3gt	範	100	n	姓		"[""～依（漢代人物）""]"	community contributor	2025-09-27 16:53:33	2025-05-16 17:06:00
xt989xxnb6b	xtw7kfex3tc	樊	100	n	姓		"[""～宗師（唐代人物）""]"	community contributor	2025-09-27 13:45:29	2025-05-16 17:06:02
xwe5ww5e4vw	xxd23ur3qac	煩	1		〈書〉熱頭痛。	《說文解字·頁部》：「煩，熱頭痛也。」	"[""《史記·卷一〇五·倉公傳》：「頭痛身熱，使人～懣。」""]"	community contributor	2025-10-22 17:23:48	2025-09-20 23:07:46
xdytm9xv8cs	xxd23ur3qac	煩	2	adj	〈書〉躁悶。	《榕腔註音詞典》（1929）第892頁收此義。口語說「煩躁」，形容詞。又有「暴惱燥」作不及物動詞用。	"[""〔漢〕陸賈《新語·至德》：「事眾者則心～。心～者，則刑罰縱橫而無所立。」"", ""〔唐〕于邵《晚秋陪盧侍御遊石橋序》：「是以幽求人境之外，將蕩滌～慮。」""]"	community contributor|教育部. 教育部重編國語辭典修訂本: 臺灣學術網路第五版[DB]. 2015.	2025-09-21 09:09:50	2025-09-20 22:11:23
xr8vhdwhazf	xxd23ur3qac	煩	3	v	〈書〉勞動他人的敬詞。	《榕註》（1929）第892頁收此義。口語一般說「起動」。	"[""《左傳·僖公三十年》：「若亡鄭而有益於君，敢以～執事。」""]"	community contributor|教育部. 教育部重編國語辭典修訂本: 臺灣學術網路第五版[DB]. 2015.	2025-09-21 09:09:50	2025-09-20 22:11:23
xjjvcdsda8n	xxd23ur3qac	煩	4	adj	〈書〉繁雜、眾多。同「繁」。	《榕註》（1929）第892頁收此義。	"[""《書經·說命》：「禮～則亂，事神則難。」""]"	community contributor|教育部. 教育部重編國語辭典修訂本: 臺灣學術網路第五版[DB]. 2015.	2025-09-22 16:37:15	2025-09-20 22:11:23
xz8sxq6bvam	xxd23ur3qac	煩	5	n	〈書〉繁雜的事情、事務。		"[""《東觀漢記·卷一三·列傳·杜林》：「及至漢興，因時宜，趨世務，省～苛，取實事，不苟貪高亢之論。」"", ""〔唐〕杜甫《貽華陽柳少府》詩：「俊才得之子，筋力不辭～。」""]"	community contributor	2025-09-21 01:12:20	2025-09-20 23:07:46
xvsqwpxagph	xxd23ur3qac	煩	6		〈書〉形容詞、動詞，多而生厭，厭煩。或事情做久了，或人、物過多地出現了，而致人生厭，失去興趣。	表示討厭，口語一般說「歜」（ceoyk24）、「怒」（nou242）、「討厭」（to55 ieng21），及物動詞。		community contributor	2025-09-21 09:09:50	2025-09-20 23:07:46
xberu3f643t	xa3ecyfd5jg	蕃	1	v	蕃殖。			community contributor	2025-08-31 19:36:05	2025-05-16 17:05:44
xf5v3kdg8f9	xa3ecyfd5jg	蕃	10	n	〈書〉舊時對外國或邊境少數民族的稱呼。通「番」。			community contributor|教育部. 教育部重編國語辭典修訂本: 臺灣學術網路第五版[DB]. 2015.	2025-08-31 19:40:14	2025-08-31 19:40:14
xjgts2mtdfz	xa3ecyfd5jg	蕃	11	adj	〈書〉來自外國或外族的。通「番」。			community contributor|教育部. 教育部重編國語辭典修訂本: 臺灣學術網路第五版[DB]. 2015.	2025-08-31 19:40:14	2025-08-31 19:40:14
xhbj67xshaj	x2c5wpjuu82	壞	1	v	〈書〉破損，損毀。	用作結果補語的時候，口語說「呆」（ngai53）。	"[""閩劇《畫網巾先生》（福建省實驗閩劇院，於第十四屆中國藝術節）：「面具取下！左右，動手！——是！——不不不不，我自家將面具取下，不要扯～了我的網巾。」""]"	community contributor	2025-10-22 02:41:20	2025-10-22 02:20:55
x9u3funmb6h	x2c5wpjuu82	壞	2	v	〈書〉腐壞，腐爛。			community contributor	2025-10-22 02:20:55	2025-10-22 02:20:55
xp248wdyef6	x2c5wpjuu82	壞	3	adj	〈書〉陰險，狡詐。	此「壞」口語說「呆」。		community contributor	2025-10-22 02:20:55	2025-10-22 02:20:55
x3y29pp9dkj	x2c5wpjuu82	壞	4	adj	〈書〉「好」的反義詞。	口語說「呆」。		community contributor	2025-10-22 02:20:55	2025-10-22 02:20:55
xjhgcmqwyhn	xjsuk8dxhgq	花瓶	1	n	同普通話「花瓶」。			community contributor	2025-09-24 20:41:43	2025-06-15 22:59:09
xbmgnfhu3y7	xva4gmqyyt5	花	100	n	姓		"[""～敬定（唐代人物）""]"	community contributor	2025-09-25 21:34:48	2025-05-16 17:06:04
x9p6asybshg	xtvzz3c4su2	逢乇	1		任何東西			community contributor	2025-05-16 17:06:06	2025-05-16 17:06:06
xrfs3sugefe	xdj4x5urzh6	馮	100	n	姓。	～愛珍（《福州方言詞典》著者）。		community contributor	2025-09-15 12:48:02	2025-05-16 17:06:00
x36zzahd8yv	xusvx3rpxet	洪	100	n	姓		"[""～秀全（清代人物）""]"	community contributor	2025-09-27 13:44:25	2025-05-16 17:06:02
xka9gusra4p	xmq8t3zubdn	封	100	n	姓		"[""～演（唐代人物）""]"	community contributor	2025-09-25 21:36:48	2025-05-16 17:06:04
xjqszxnh7n6	xnm4j2ujh6e	府	1	n					2025-07-28 22:38:04	2025-05-16 16:55:32
xmydd3mrkh7	xs7ns58n488	和	1	v					2025-07-28 22:38:04	2025-05-16 16:55:33
xgvgtnr8usq	xw6r26xxpmd	糊	1	v					2025-07-28 22:38:04	2025-05-16 16:55:33
xjy2d8zu359	xutdapx4p2y	壺	1	n					2025-07-28 22:38:04	2025-05-16 16:55:33
xawgyvqd4u3	xutdapx4p2y	壺	1	cl					2025-07-28 22:38:04	2025-05-16 16:55:33
xu7darnzhpx	xkz7g2hja42	湖	1	n	內陸窪地中相對靜止、有一定面積，不與海洋發生直接聯繫的水體。			community contributor	2025-09-04 15:55:50	2025-05-16 16:55:33
xswwgjcuqxp	xvhw4f9azz6	胡	1	adj					2025-07-28 22:38:04	2025-05-16 16:55:33
xt9xe3vuqm3	xvhw4f9azz6	胡	1	v					2025-07-28 22:38:04	2025-05-16 16:55:33
xg9cw7279v7	xvhw4f9azz6	胡	1	n	姓。		"[""～應麟（明代人物）。""]"	community contributor	2025-09-24 14:49:44	2025-05-16 17:05:59
xzhb7252zfe	xjcczem4p4b	扶	1	v					2025-07-28 22:38:04	2025-05-16 16:55:32
x5effrn5tym	xxhrwn35hfj	灰	1	n					2025-07-28 22:38:04	2025-05-16 16:55:32
xpkb3x659et	xhd8u7prx9d	膚	1	n					2025-07-28 22:38:04	2025-05-16 16:55:32
x9wdwemgzv5	xz99e23wm5s	份	1	n					2025-07-28 22:38:04	2025-05-16 16:54:29
xgwkwvr2c28	xz99e23wm5s	份	1	cl					2025-07-28 22:38:04	2025-05-16 16:54:29
x2jx87u9hn9	xequ23t9ag9	學期	1		同普通話「學期」			community contributor	2025-05-16 17:06:06	2025-05-16 17:06:06
xydbqxqkzdk	xecr72pm28e	學習	1		同普通話「學習」。	表示學習功課時口語說「讀書」。		community contributor	2025-09-19 11:17:37	2025-05-16 17:06:06
x6x833g5kdm	xab7c4exjyp	學問	1		同普通話「學問」			community contributor	2025-05-16 17:06:06	2025-05-16 17:06:06
x8sjdqhdugh	xuxpsn2kss6	學識	1		同普通話「學識」			community contributor	2025-05-16 17:06:06	2025-05-16 17:06:06
xxxyvx5g9w5	xtwn5psw8pa	鶴	1	n					2025-07-28 22:38:04	2025-05-16 16:56:02
xnm49zb484u	xrxw22kucxs	核	1	n					2025-07-28 22:38:04	2025-05-16 16:56:02
xqcmpqcch24	xppekme5dg6	幅	1	cl					2025-07-28 22:38:04	2025-05-16 16:54:28
x4jvdasxubx	xb3j6t7uuep	福建儂	1	n	福建人。			community contributor	2025-09-03 02:17:04	2025-05-16 17:06:06
xzh493qrvqb	xpjxhbu84gw	福建	1	n	省名，在華東南。			community contributor	2025-09-06 22:18:01	2025-05-16 17:06:06
xunrqhjrwv6	x2w28zbveg7	福清	1		地名			community contributor	2025-05-16 17:06:06	2025-05-16 17:06:06
xx8mxykqkce	xnn2ebg6q39	福州話	1	n	狹義上，指福州市區一帶的方言。		"[""城裏講其是～。（城裏說的是福州話。）""]"	community contributor|community contributor	2025-09-19 02:26:37	2025-05-16 17:06:06
xruep62u53a	xnn2ebg6q39	福州話	2	n	廣義上，指福州十邑的所有方言。		"[""詩巫野価儂都是閩清來其，伊各儂都講～。（詩巫很多人都是閩清來的，他們都說福州話。）""]"	community contributor	2025-09-19 02:26:37	2025-08-01 15:29:13
x4796jbnjmw	x69ydaafaqp	福州儂	1		福州人			community contributor	2025-05-16 17:06:06	2025-05-16 17:06:06
x8uturthvw9	xtb7etnbwqn	扶	1	v					2025-07-28 22:38:04	2025-05-16 16:55:33
xzdm7pnksf7	xz362knvxup	父	1	n					2025-07-28 22:38:04	2025-05-16 16:55:33
xwjeekpnz6g	x7auj8aa3y8	護	1	v					2025-07-28 22:38:04	2025-05-16 16:55:33
xgu2a4hderw	xp9az5c6dw7	戶	1	cl					2025-07-28 22:38:04	2025-05-16 16:55:33
x8cr75wxf8m	xm7exnvmhks	戽	1	n					2025-07-28 22:38:04	2025-05-16 16:55:32
x5h7nernp95	xyuufjy3fg9	赴	1	v					2025-07-28 22:38:04	2025-05-16 16:55:32
xcckt838mtd	x7qm2rje68e	副	1	adj					2025-07-28 22:38:04	2025-05-16 16:55:32
xkrpsuhs27r	x7qm2rje68e	副	1	cl					2025-07-28 22:38:04	2025-05-16 16:55:32
xgq8uff9ksd	xmvknfcg3wb	付	1	v					2025-07-28 22:38:04	2025-05-16 16:55:32
xpkabyzrktv	xqwghp9acnj	賀	100	n	姓		"[""～知章（唐代人物）""]"	community contributor	2025-09-27 13:45:54	2025-05-16 17:06:02
xv3mthn8u8r	xjj9zggnpzq	何	100	n	姓		"[""～晏（三國魏人物）""]"	community contributor	2025-09-27 17:09:21	2025-05-16 17:05:59
xe3ntfnsj8e	xq7zrbb5gzy	嗅*	1		遊手好閒			community contributor	2026-04-12 04:03:12	2026-04-12 04:03:12
xh9cxevtmsd	x33tap5ybkg	見	1	v	〈書〉顯露，顯出。同「現」。		"[""《戰國策·燕策三》：「圖窮而匕首～。」""]"	community contributor	2025-10-15 21:21:29	2025-10-15 21:21:29
xdeakndfb5z	x33tap5ybkg	見	2	v	〈書〉舉荐，介紹。		"[""《左傳·昭公二十年》：「齊豹～宋魯於公孟。」""]"	community contributor	2025-10-15 21:21:29	2025-10-15 21:21:29
xfupb9pg8gr	x33tap5ybkg	見	11	adj	〈書〉現在。同「現」。		"[""〔元〕孟漢卿《魔合羅》第三折：「供狀人劉玉娘，～年三十五歲。」""]"	community contributor	2025-10-15 21:21:29	2025-10-15 21:21:29
xfzb6m7ewbk	x33tap5ybkg	見	12	adj	〈書〉現有的。同「現」。		"[""《戰國策·韓策一》：「～卒不過二十萬而已矣。」"", ""《史記·卷七·項羽本紀》：「士卒食芋菽，軍無～糧。」""]"	community contributor	2025-10-15 21:21:29	2025-10-15 21:21:29
xpyc5whrxaj	x33tap5ybkg	見	100	n	〈書〉古代棺木上的裝飾。		"[""《儀禮·既夕禮》：「藏器於旁加～。」〔漢〕鄭玄·注：「見，棺飾也。」""]"	community contributor	2025-10-15 21:21:29	2025-10-15 21:21:29
xgrxa2vwcyw	xf8trag3kae	嫌	1	v					2025-07-28 22:38:04	2025-05-16 16:56:39
x6wn8enz7rd	xac5ccf5n7h	頁	1	cl					2025-07-28 22:38:04	2025-05-16 16:56:39
xxpmr3hmvyt	xac5ccf5n7h	頁	1	n					2025-07-28 22:38:04	2025-05-16 16:56:39
xybpzzybmyd	xccuenjqrny	吠	1	v					2025-07-28 22:38:04	2025-05-16 16:56:27
xx4abb5sv5n	xn3atv8mxtq	嘻*前後	1	n	那時候			community contributor	2026-01-31 13:08:03	2026-01-31 13:08:03
x29gbtpqxcm	xn2d36cp68r	邢	100	n	姓		"[""～昺（宋代人物）""]"	community contributor	2025-09-26 16:37:20	2025-05-16 17:06:03
xjunb76fg5t	x53svpeh7tp	許意*	1	pron	代詞。			community contributor	2025-09-15 13:26:33	2025-08-05 14:36:04
xfzz77dpujv	x4mqe68w3t9	飛機	1	n	一種交通工具，以其能飛翔於天空而得名。	傳統說法爲「飛船」（bui55 lung53）。		community contributor	2025-09-03 02:27:17	2025-09-03 02:27:17
xh9ueh5hfzz	xekhq7dedud	䞦	1	v					2025-07-28 22:38:04	2025-05-16 16:56:13
xfqepcz478p	x8svmjt6a88	斛	1	n					2025-07-28 22:38:04	2025-05-16 16:56:13
xcqe45rp5x9	x8m7qupym6a	或且	1	adv	或者		"[""～汝總*款做也會使（e21 e53 lai33）。（或者你這麼做也可以。）""]"	community contributor	2025-10-21 19:19:24	2025-10-21 19:19:24
xng96udq6he	x3ap2fua9dk	侯	100	n	姓		"[""～嬴（戰國魏人物）""]"	community contributor	2025-09-27 16:49:39	2025-05-16 17:06:01
x3exvvpy9dv	xw2akaqdnu4	獲	1	v					2025-07-28 22:38:04	2025-05-16 16:55:39
x258nr7652u	xbpmed4u3yc	項	100	n	姓。		"[""～羽（秦代人物）。""]"	community contributor	2025-09-25 21:08:01	2025-05-16 17:06:05
xfrkgx84u6q	xuk9b4s6gkf	後代	1	n	後代人，晚輩。			community contributor	2025-09-06 02:56:21	2025-09-06 02:56:21
x897m4tpx7k	xhpbgvy5ma3	揔	1	v					2025-07-28 22:38:04	2025-05-16 16:56:02
x7b6wrcwts5	xkjruvmc9n6	郝	100	n	姓		"[""～賢（漢代人物）""]"	community contributor	2025-09-27 16:51:34	2025-05-16 17:06:01
xsvmnx9jt54	x8ht6fsd8da	解	100	n	姓		"[""～狐（春秋晉人物）""]"	community contributor	2025-09-27 16:47:31	2025-05-16 17:06:01
xg2durhyxbz	xsxwfqgjp69	漢*	1	v	以爲，認爲。		"[""我故～是總*款（我還當是這樣）。"", ""《福州歌謠甲集》：「犬拍門，漢是奔（分）⿰米齏（米做的食物）。」""]"	community contributor	2025-09-15 14:17:54	2025-08-04 04:26:39
xgrv458mj7x	xsxwfqgjp69	漢*	2	v	告訴，告知；說。		"[""共伊～（和她說）。""]"	community contributor	2025-09-15 14:15:42	2025-08-04 04:26:39
xjkhnvvbnug	x7tu22j5nw7	閑	1	n	〈書〉木欄之類的遮攔物。	《說文解字·門部》：「閑，闌也。」		community contributor	2025-10-17 21:24:52	2025-10-17 21:24:52
x4q3ek3q3sc	x7tu22j5nw7	閑	3	n	〈書〉◇比喻規範、法度。		"[""《論語·子張》：「大德不踰～，小德出入可也。」""]"	community contributor	2025-10-17 21:24:52	2025-10-17 21:24:52
xrfwjpr4cfb	x7tu22j5nw7	閑	4	v	〈書〉防範、阻止。		"[""《書經·畢命》：「雖收放心，～之惟艱。」""]"	community contributor	2025-10-17 21:24:52	2025-10-17 21:24:52
xqcrzz27f6m	x7tu22j5nw7	閑	10	n	〈書〉馬廄。養馬的地方。		"[""《周禮·夏官·校人》：「天子十有二～，馬六種。」""]"	community contributor	2025-10-17 21:24:52	2025-10-17 21:24:52
xk7pshbqjd6	x7tu22j5nw7	閑	20	v	〈書〉熟習、通曉。通「嫻」（hang53）。			community contributor	2025-10-17 21:54:00	2025-10-17 21:24:52
xr2kaqd89x7	x7tu22j5nw7	閑	30	adj	〈書〉空暇無事。通「閒」（hang53）。			community contributor	2025-10-17 21:54:00	2025-10-17 21:24:52
xzadjwvp4xv	x3hysprjjgu	韓	100	n	姓		"[""～信（漢代人物）"", ""～愈（唐代人物）""]"	community contributor	2025-09-27 17:07:17	2025-05-16 17:06:00
xp7k5fehtwt	x3zy89py988	合肥	1	n	安徽省會。			community contributor	2025-09-06 22:15:33	2025-05-16 17:05:46
xpb22vte5kb	xghhf93nm35	合	1	v					2025-07-28 22:38:04	2025-05-16 16:54:46
xmuz5gehqz7	xghhf93nm35	合	1	cl					2025-07-28 22:38:04	2025-05-16 16:54:46
xmgkqrdm3rm	xfaes59qnsj	哈	2	v	呵斥。通「喝」（hak24）			community contributor	2026-04-12 06:27:36	2026-04-12 06:18:22
xuat7duhsyc	xm8zvhyf65r	嗄	1	adj	嗓子啞，無法出聲。			community contributor|李如龍. 戚林八音校注[M]. 福州: 福建人民出版社, 2001.	2025-09-15 13:59:45	2025-06-15 22:30:24
xmbvee9466j	x4x3p7uakj5	嗄	1	adj	聲破。			community contributor|李如龍. 戚林八音校注[M]. 福州: 福建人民出版社, 2001.	2025-09-15 13:59:14	2025-06-15 22:33:28
x8wuv5rqzd7	xdpg5w5fayh	夏	100	n	姓		"[""～牟（漢代人物）""]"	community contributor	2025-09-27 16:54:56	2025-05-16 17:06:00
xf3zys442ux	xptygenjm8d	蝦油味	1	n	蝦油的味道。			community contributor	2025-08-31 19:47:22	2025-05-16 17:05:45
xf8me7wezzr	xma7ajejm4g	姜	100	n	姓		"[""～夔（宋代人物）""]"	community contributor	2025-09-27 16:54:01	2025-05-16 17:06:00
x2hn3bjaehz	x9w2bfr55v7	茄囝	1	n	茄子。			community contributor	2025-09-15 13:39:41	2025-05-16 17:05:43
xkm4efz42jx	xbpbu2urpmz	鞏	100	n	姓		"[""～攸（漢代人物）""]"	community contributor	2025-09-27 16:05:41	2025-05-16 17:06:02
xwn8b5f22fg	xg4kfqb6mbq	窮	1	adj	貧窮。	口語裏還可以說「虯」（kiu53）、「逼」（beik24）、「尷尬」（gang53 ngai21）。		community contributor	2025-09-21 10:37:54	2025-09-21 10:37:54
xy3u96py49v	xcgecqxpfe4	宮	100	n	姓		"[""～之奇（春秋人物）""]"	community contributor	2025-09-25 21:36:26	2025-05-16 17:06:04
x2ut2nuh3p6	xpbta43kh5x	跼	1		〈書〉彎曲不能伸展。	《廣韻·入聲·燭韻》：「跼，曲也。」彎曲、蜷曲義口語說「彎」（uang55）、「虯」（kiu53）、「勼々虯」（giu21 liu55 kiu53）。	"[""《詩·小雅·正月》：「謂天蓋高，不敢不局；謂地蓋厚，不敢不蹐。」毛萇《詩傳》曰：「局，曲也。」陸德明釋文：「局本又作跼。」"", ""《後漢書·卷六三·李固傳》：「天高不敢不局，地厚不敢不蹐。」李賢注：「局，曲也。蹐，累足也。言天高而有雷霆，地厚而有淪陷，上下皆可畏懼也。《詩》云『謂天蓋高，不敢不局，謂地蓋厚，不敢不蹐』也。」""]"	community contributor|教育部. 教育部重編國語辭典修訂本: 臺灣學術網路第五版[DB]. 2015.	2025-09-15 01:04:07	2025-09-12 19:23:37
xjytpx57hw8	xd9g3j8vfdc	侷	1		見「侷促」條。	《廣韻·局》：「侷：侷促短小。」《康熙字典·七》：「侷：《廣韻》渠玉切，音局。」		community contributor	2025-09-12 17:40:03	2025-09-12 17:40:03
xcn97wgqnmv	xjzwskur7j9	瞿	100	n	姓		"[""～信（元代人物）""]"	community contributor	2025-09-27 16:07:58	2025-05-16 17:06:01
xefnuz732sm	x8ase3tvmt9	車	1	n					2025-07-28 22:38:04	2025-05-16 16:55:20
xcprtws5s6r	xqm78xs9usg	拘	1	v					2025-07-28 22:38:04	2025-05-16 16:55:20
xw3ccdpgn94	x44rvzwm532	管	1	n					2025-07-28 22:38:04	2025-05-16 16:55:40
xkq4axzfnvs	x44rvzwm532	管	1	cl					2025-07-28 22:38:04	2025-05-16 16:55:40
xsvty3ydafh	xdpg938c4rk	跼	1		〈書〉彎曲不能伸展。	《廣韻·入聲·燭韻》：「跼，曲也。」彎曲、蜷曲義口語說「彎」（uang55）、「虯」（kiu53）、「勼々虯」（giu21 liu55 kiu53）。		community contributor|教育部. 教育部重編國語辭典修訂本: 臺灣學術網路第五版[DB]. 2015.	2025-09-15 01:04:23	2025-09-12 20:01:09
xkz9372cdcd	xtktfj7h6q6	侷	1		見「侷促」條。	《廣韻·局》：「侷：侷促短小。」《康熙字典·七》：「侷：《廣韻》渠玉切，音局。」		community contributor	2025-09-12 17:39:27	2025-09-12 17:37:31
xfwcsj8fv9y	xauvz4j8hg9	局	1	n	部署單位名。			community contributor	2025-09-12 17:32:15	2025-05-16 16:56:18
x8awys2rwm2	xauvz4j8hg9	局	10	v	做局。做圈套騙取。			community contributor	2025-09-12 17:32:15	2025-05-16 16:56:18
xw4bshpsmma	xvyf2uzf7jx	郭	100	n	姓		"[""～子儀（唐代人物）""]"	community contributor	2025-09-27 17:09:10	2025-05-16 17:05:59
x2x9erhjkrg	xkd6yzpx69x	句	1	cl					2025-07-28 22:38:04	2025-05-16 16:56:18
x9avsqw2eq3	xbu972sn9tj	過	1	v					2025-07-28 22:38:04	2025-05-16 16:56:18
xqfc4ktm7sa	xbu972sn9tj	過	1	adv					2025-07-28 22:38:04	2025-05-16 16:56:18
xhqu34hznae	xbu972sn9tj	過	1	cl					2025-07-28 22:38:04	2025-05-16 16:56:18
xwqh5ygnj5x	xc2k8s4jwzp	幾日	1		幾天			community contributor	2026-02-12 01:51:05	2026-02-12 01:51:05
xyj23sgwdpy	xfv7jpp2ew6	髻	1	n	頭髮盤結在頭頂上或挽在腦後者，形狀各異。			community contributor	2025-09-18 13:36:20	2025-09-18 13:36:20
x8ascg48ber	xappyt6ptv5	壞	1	v	〈書〉毀。		"[""《漢書·卷三〇·藝文志》：「武帝末，魯共王～孔子宅，欲以廣其宮。」""]"	community contributor	2025-10-22 02:23:29	2025-10-22 02:22:33
xf8d5932m3e	xappyt6ptv5	壞	10	n	壞主意，狡猾、無賴手段。		"[""使～，""]"	community contributor	2025-10-22 02:22:33	2025-10-22 01:52:35
xjhwvd9vbts	xkgphfubmxz	罐	1	n					2025-07-28 22:38:04	2025-05-16 16:55:09
xtp537zphvw	xkgphfubmxz	罐	1	cl					2025-07-28 22:38:04	2025-05-16 16:55:09
xcckexk3m37	xrb8u38pjxs	管	100	n	姓		"[""～仲（春秋齊人物）""]"	community contributor	2025-09-26 15:58:11	2025-05-16 17:06:03
xpgvpxbsuuy	xkm8dvevf76	官	100	n	姓		"[""～熙（宋代人物）""]"	community contributor	2025-09-25 21:36:01	2025-05-16 17:06:04
xeu98cjjds6	xev4epn4muk	關	100	n	姓		"[""～羽（三國蜀人物）""]"	community contributor	2025-09-25 21:36:16	2025-05-16 17:06:04
xg8sgm5fwpu	xmky5x6499t	掛	1	v					2025-07-28 22:38:04	2025-05-16 16:54:29
xrhg98uddxe	xmky5x6499t	掛	1	cl					2025-07-28 22:38:04	2025-05-16 16:54:29
x6entsec9ed	x4hvtpdkxgg	羣	1	cl					2025-07-28 22:38:04	2025-05-16 16:54:22
xvaxmu85ycf	x8ra78vw5xp	䀇	1	n					2025-07-28 22:38:04	2025-05-16 16:55:28
xsfn3kd2t4s	xh6nnn3trtn	鼓樓	1	n	東亞古代城池或傳統寺院中放置大鼓的建築。			community contributor	2025-09-14 23:37:57	2025-05-16 17:05:52
xqrmzsadsn2	xh6nnn3trtn	鼓樓	2	n	地名，在福州。			community contributor	2025-09-14 23:37:57	2025-09-14 23:37:57
xjcx8pykqma	xxwm3zfzp6r	鼓	1	n					2025-07-28 22:38:04	2025-05-16 16:55:28
x3c9uduf6c4	xxwm3zfzp6r	鼓	1	v					2025-07-28 22:38:04	2025-05-16 16:55:28
xaqk7uncqgd	x5zyfpmxs9z	股	1	n					2025-07-28 22:38:04	2025-05-16 16:55:28
xvzkhtzgpxq	x5zyfpmxs9z	股	1	cl					2025-07-28 22:38:04	2025-05-16 16:55:28
x9zbtqesmpk	xnpj4ct9nzr	估	1	v					2025-07-28 22:38:04	2025-05-16 16:55:28
x8ecz6a86f9	xn29d7ut76d	古	1		往昔。		"[""講～。"", ""～事（故事）。""]"	community contributor	2025-09-15 02:31:49	2025-09-15 02:31:49
x848cc2p4qn	xn29d7ut76d	古	2		陳舊。			community contributor	2025-09-15 02:31:49	2025-09-15 02:31:49
x2av9pzfjh6	xn29d7ut76d	古	100	n	姓。		"[""～霸（漢代人物）。""]"	community contributor	2025-09-15 02:31:49	2025-05-16 17:06:01
xha8hd6rydn	xg59c4jhkgr	糊	1	adj					2025-07-28 22:38:04	2025-05-16 16:55:29
xww4qhz7waf	xg59c4jhkgr	糊	1	v					2025-07-28 22:38:04	2025-05-16 16:55:29
x6s3q6ef8nx	xg59c4jhkgr	糊	1	n					2025-07-28 22:38:04	2025-05-16 16:55:29
xz4xpu36vjs	xbt4z6gjqpk	枯	1	adj					2025-07-28 22:38:04	2025-05-16 16:55:28
xr4x6smremu	xqabshac35z	菇	1	n					2025-07-28 22:38:04	2025-05-16 16:55:28
xenjveq5gfk	x2t739dkyzg	辜	100	n	姓		"[""～甫（宋代人物）""]"	community contributor	2025-09-27 16:45:55	2025-05-16 17:06:01
xvpz3ac3s8k	x2adqdp2v45	姑	1	n					2025-07-28 22:38:04	2025-05-16 16:55:28
x7g8pdhpjhv	xw9y2hcxyyg	孤	1	adj					2025-07-28 22:38:04	2025-05-16 16:55:28
xsumye7qrp4	xku6b83rmj4	故着	1		還要。		"[""本底就已經野無閒了，～做這価事際（本來就已經很沒空了，還要做這麼多事情）！"", ""～罵。""]"	community contributor	2025-10-04 14:17:43	2025-08-27 12:08:07
xvnmsp9qfqh	x5k32kafpd6	角	1	cl					2025-07-28 22:38:04	2025-05-16 16:56:11
xmg9c5f6tkv	x2anv4pcb53	斞	1	cl					2025-07-28 22:38:04	2025-05-16 16:56:11
xd8zc8cuk9w	x2anv4pcb53	斞	1	n					2025-07-28 22:38:04	2025-05-16 16:56:11
xg3dpvv63j9	xpsuut58vrf	棍	1	n					2025-07-28 22:38:04	2025-05-16 16:54:21
x38k4vssqhj	xky3pq36bd9	江	100	n	姓		"[""～淹（南朝梁人物）""]"	community contributor	2025-09-27 16:50:04	2025-05-16 17:06:01
x3azvr79x5m	xh6kxfj5y29	滑	1	adj					2025-07-28 22:38:04	2025-05-16 16:55:57
xe5yxtjdknj	xh6kxfj5y29	滑	1	v					2025-07-28 22:38:04	2025-05-16 16:55:57
xjtz2tfuvz7	x7awd2jk268	穀	1	n	糧食、作物的總稱。		"[""五～。""]"	community contributor|教育部. 教育部重編國語辭典修訂本: 臺灣學術網路第五版[DB]. 2015.	2025-09-19 18:11:36	2025-09-18 18:37:18
xdgg6wd5qyy	x7awd2jk268	穀	2	n	〈書〉俸祿。		"[""《詩經·小雅·天保》：「天保定爾，俾爾戩～。」〔漢〕毛亨·傳：「戩，福也。穀，祿也。」"", ""《孟子·滕文公上》：「經界不正，井地不鈞，～祿不平。」""]"	community contributor|教育部. 教育部重編國語辭典修訂本: 臺灣學術網路第五版[DB]. 2015.	2025-09-18 18:37:18	2025-09-18 18:37:18
xk627asng7h	x7awd2jk268	穀	10	v	〈書〉養育。		"[""《戰國策·齊策六》：「乃布令求百姓之饑寒者收～之。」""]"	community contributor|教育部. 教育部重編國語辭典修訂本: 臺灣學術網路第五版[DB]. 2015.	2025-09-18 18:37:18	2025-09-18 18:37:18
xcrd2ruzjuh	x7awd2jk268	穀	11	v	〈書〉生存、生長。		"[""《詩經·王風·大車》：「～則異室，死則同穴。」""]"	community contributor|教育部. 教育部重編國語辭典修訂本: 臺灣學術網路第五版[DB]. 2015.	2025-09-18 18:37:18	2025-09-18 18:37:18
xzmk4e2nh5q	x7awd2jk268	穀	20	adj	〈書〉美善的。		"[""《詩經·陳風·東門之枌》：「～旦于差，南方之原。」""]"	community contributor|教育部. 教育部重編國語辭典修訂本: 臺灣學術網路第五版[DB]. 2015.	2025-09-18 18:37:18	2025-09-18 18:37:18
xdscek3vpw6	x7awd2jk268	穀	100	n	姓。		"[""～思（漢代人物）。""]"	community contributor|教育部. 教育部重編國語辭典修訂本: 臺灣學術網路第五版[DB]. 2015.	2025-09-18 18:37:18	2025-05-16 17:06:01
xdks44ch58j	x3ph6uzund9	谷	1	n	兩山間的低地、水道。		"[""山～。""]"	community contributor|教育部. 教育部重編國語辭典修訂本: 臺灣學術網路第五版[DB]. 2015.	2025-09-19 18:11:46	2025-09-18 18:33:46
xhd2c36p59t	x3ph6uzund9	谷	2		〈書〉窮困。		"[""《詩經·大雅·桑柔》：「人亦有言，進退維～。」""]"	community contributor|教育部. 教育部重編國語辭典修訂本: 臺灣學術網路第五版[DB]. 2015.	2025-09-18 18:33:46	2025-09-18 18:33:46
xdu42b8w9e2	x3ph6uzund9	谷	100	n	姓。		"[""～吉（漢代人物）。""]"	community contributor|教育部. 教育部重編國語辭典修訂本: 臺灣學術網路第五版[DB]. 2015.	2025-09-18 18:33:46	2025-05-16 17:06:01
xzjpq59jk2e	x6vpa2zfx5k	舊	1	adj					2025-07-28 22:38:04	2025-05-16 16:55:29
xqh4r4ef37z	x7wdnemm23d	僱	1	v					2025-07-28 22:38:04	2025-05-16 16:55:29
x48hdk3h95g	xx5yeaqw39w	顧	1	v					2025-07-28 22:38:04	2025-05-16 16:55:29
xf8xnagycws	xx5yeaqw39w	顧	100	n	姓		"[""～炎武（清代人物）""]"	community contributor	2025-09-27 16:49:52	2025-05-16 17:06:01
xd3w5mhz2rk	xdanejg9ja2	告	1	v	呼喚，招呼，出聲叫（人，使其前來或注意）。		"[""有儂～汝（有人叫你）。"", ""去～小林來開會（去叫小林來開會）。""]"	community contributor|馮愛珍. 福州方言詞典[M]. 南京: 江蘇教育出版社, 1998.	2025-09-19 11:50:37	2025-06-17 18:51:42
xa2ufqzp94g	xdanejg9ja2	告	3	v	叫喊、大嚷（強調音量大或帶有特定目的）。		"[""大聲～（大聲叫喊）。"", ""～～叫（叫個不停、大喊大叫）。"", ""～救（呼救）。"", ""～吵（吵鬧、叫嚷以至煩擾他人）。"", ""△～反天。（喊得翻天覆地。）"", ""△～做反。（如同造反般大吵大鬧。）"", ""△～八間厝都聽見。（喊聲大到八戶人家都聽得見，形容聲音極大。）""]"	community contributor|馮愛珍. 福州方言詞典[M]. 南京: 江蘇教育出版社, 1998.	2025-09-19 11:50:37	2025-06-17 18:51:42
xqhuxs76b6h	xdanejg9ja2	告	10	v	稱為、名叫。		"[""汝名～世乇？——我告黃玲。""]"	community contributor|馮愛珍. 福州方言詞典[M]. 南京: 江蘇教育出版社, 1998.	2025-09-19 11:50:37	2025-06-17 18:51:42
xsqpgmt5jxd	xr5ta2m7kac	烙	1	v	貼着烤。特指放鐵鍋內烤製。	口語也讀hooh24。		community contributor	2025-10-26 20:35:56	2025-10-26 20:35:56
xrkwruf5knv	x27p47dq4tw	告	1	v	陳述，告知。指向他人說明、陳述事實或信息。	《八音》求歌上去「告」條釋義：「訴」。	"[""～示（告示、告知）。"", ""通～。""]"	community contributor|馮愛珍. 福州方言詞典[M]. 南京: 江蘇教育出版社, 1998.	2025-09-19 11:55:22	2025-06-17 18:48:43
x3ahrjgzrdj	x27p47dq4tw	告	2	v	控告，檢舉（用於法律場合）。	《八音》求歌上去「告」條釋義：「訴」。	"[""～狀（告狀、提起訴訟）。"", ""去法院～伊（去法院告他）。""]"	community contributor|馮愛珍. 福州方言詞典[M]. 南京: 江蘇教育出版社, 1998.	2025-09-19 11:55:22	2025-09-19 11:55:22
xhx9ca5ctcv	x27p47dq4tw	告	3	v	請求、申請。		"[""～假（請假）。"", ""～老（申請退休）。""]"	community contributor|馮愛珍. 福州方言詞典[M]. 南京: 江蘇教育出版社, 1998.	2025-09-19 11:55:22	2025-09-19 11:55:22
xkcumae9wha	x35n4jm2wug	個	1	cl					2025-07-28 22:38:04	2025-05-16 16:55:13
xqtecpv6a39	xx435gb6676	高	100	n	姓		"[""～適（唐代人物）""]"	community contributor	2025-09-27 17:09:30	2025-05-16 17:05:59
xywfqwc8mhe	xqrb99xhu9h	喬	100	n	姓		"[""～吉（元代人物）""]"	community contributor	2025-09-27 13:46:04	2025-05-16 17:06:02
xy36qqk5sm2	xkrad93ntdv	墘	1	cl					2025-07-28 22:38:04	2025-05-16 16:56:34
xbrzxhz4q3s	x85k3dbcrwm	揭	100	n	姓		"[""～鎮（唐代人物）""]"	community contributor	2025-09-25 21:33:29	2025-05-16 17:06:04
x6rfjcx34tj	xxqbyy9g85n	結	1	v	〈書〉用繩或線相鉤連。	《康熙》：「《說文》：『締也。』《易·繫辭》：『上古結繩而治。』」口語中，表示打繩結，說「拍結縲」；編（麻繩、頭髮）這一動作說「辮」（bieng242）；織（漁網、毛衣）這一動作，口頭些說「刺」（ciek24），文雅些說「編」（pieng55）；蜘蛛結網之行爲，纔會說「結」（giek24）。	"[""～網（giek24 uong33，蜘蛛結網）。"", ""～蜘蛛𦁧（giek24 ti55 ly55 mooyng242，結蜘蛛網）。"", ""～蜘蛛鞔（giek24 ti55 ly55 mang55，結蜘蛛網）。""]"	community contributor|community contributor	2025-10-17 17:04:47	2025-10-17 16:27:40
xw9a89wzbns	xxqbyy9g85n	結	2	v	締交，聯合。	結夥之行爲，口語說「佮國」（動賓短語）	"[""～婚""]"	community contributor	2025-10-17 17:06:43	2025-10-17 16:27:40
xqz2st2hzxk	xxqbyy9g85n	結	3	v	建構，建造。		"[""～牆（砌牆）。"", ""～竈（砌竈臺）。"", ""～水池（砌水池）。"", ""竈～蜀隻（竈臺砌一個）。""]"	community contributor	2025-10-17 17:04:47	2025-10-17 16:27:40
xakhtwezwq5	xxqbyy9g85n	結	10	adj	堅實，結實。			community contributor	2025-10-17 16:27:40	2025-10-17 16:27:40
xw7nmthbmz7	x9zc59jqezv	季	100	n	姓。		"[""～札（春秋吳人物）。"", ""～布（漢代人物）。""]"	community contributor	2025-09-26 19:29:31	2025-05-16 17:06:03
x5abbku6q6q	xejd9jm3s54	計劃	1		事先策定			community contributor	2025-05-16 17:06:06	2025-05-16 17:06:06
x8c5be4vwx4	xaxauk98b8r	計	100	n	姓		"[""～衡（宋代人物）""]"	community contributor	2025-09-25 21:34:38	2025-05-16 17:06:04
xtunmwc7xny	xanhyv97m3j	境	1	n	〈書〉疆界。		"[""邊～。"", ""國～。"", ""越～。""]"	community contributor|教育部. 教育部重編國語辭典修訂本: 臺灣學術網路第五版[DB]. 2015.	2026-03-22 19:57:18	2026-03-22 19:57:18
x5qk4jnmu93	xanhyv97m3j	境	2	n	〈書〉地方，區域。		"[""勝～。""]"	community contributor|教育部. 教育部重編國語辭典修訂本: 臺灣學術網路第五版[DB]. 2015.	2026-03-22 19:57:18	2026-03-22 19:57:18
x7jh5hpnhvv	xanhyv97m3j	境	3	n	福州民間最基本的信仰地理單元。	口語也說「境份」。在福州境、社體系下，每個境的廟宇稱為「大王宮」，所祀的神是「大王爺」，為境內的主宰神。每個境廟下又有各種香會組織，稱為「社把」（社）。	"[""仙湖～（境名，位於福州西湖）。""]"	community contributor|中國人民政治協商會議福建省福州市委員會文史資料工作組. 福州地方誌 (簡編): 下冊[M]. 福州: 中國人民政治協商會議福建省福州市委員會文史資料工作組, 1979: 97.	2026-03-22 20:22:17	2026-03-22 19:57:18
x2bk4t7k8u7	xanhyv97m3j	境	10	n	〈書〉情況，光景。		"[""佳～。"", ""困～。"", ""家～。""]"	community contributor|教育部. 教育部重編國語辭典修訂本: 臺灣學術網路第五版[DB]. 2015.	2026-03-22 20:22:17	2026-03-22 19:57:18
xkgjm53wphj	xanhyv97m3j	境	20	n	〈書〉程度，地步。		"[""學無止～。"", ""臻於化～。""]"	community contributor|教育部. 教育部重編國語辭典修訂本: 臺灣學術網路第五版[DB]. 2015.	2026-03-22 20:22:17	2026-03-22 19:57:18
xfz65desdag	x6j85kfun6z	景	100	n	姓		"[""～差（戰國楚人物）""]"	community contributor	2025-09-25 21:31:26	2025-05-16 17:06:04
xckx5rwqpg7	xmefcgvka48	金	100	n	姓		"[""～聖歎（明代人物）""]"	community contributor	2025-09-27 16:51:56	2025-05-16 17:06:01
x4zaxruvwkm	xmykjewmzxw	祁	100	n	姓		"[""～溪（春秋晉人物）""]"	community contributor	2025-09-26 15:57:22	2025-05-16 17:06:03
xx2mpz24v79	xqt5rs9gacs	其	1	cl					2025-07-28 22:38:04	2025-05-16 16:56:04
xuezgbj7m38	xreph5yeqnn	機會	1	n	同普通話「機會」。			community contributor	2025-09-14 22:00:33	2025-09-14 22:00:33
x3bskgehvvw	x49r3yzsp99	工工	1	adv	每天			community contributor	2026-01-01 11:43:58	2026-01-01 11:43:58
x2vra5s28u4	xjf73rmagyq	工	1	cl					2025-07-28 22:38:04	2025-05-16 16:56:11
xcq7c99dqtb	xxnc2rctf7r	句	1	n	〈書〉辭句，章句。	白讀爲guo21。	"[""章～。""]"	community contributor	2025-09-15 02:37:26	2025-09-15 02:37:26
xdmk7bhqw8e	xxnc2rctf7r	句	2	n	〈書〉句點，句讀。		"[""～讀（gy53 dau242）。""]"	community contributor	2025-09-15 02:37:26	2025-09-15 02:37:26
xehk486phtj	x2m9ebqtzj8	鋸	1	n					2025-07-28 22:38:04	2025-05-16 16:55:20
xryzxw689a8	xxxwe99wj7z	挌	1	v					2025-07-28 22:38:04	2025-05-16 16:56:32
xz8qdwmnm66	xhb268sd8ve	嗝	1	on					2025-07-28 22:38:04	2025-05-16 16:56:32
xpf6fsrp2nc	x23p59pvdtu	告	1	v	驚叫。		"[""～蜀聲。""]"	community contributor|馮愛珍. 福州方言詞典[M]. 南京: 江蘇教育出版社, 1998.	2025-09-24 20:41:26	2025-05-16 16:56:32
xsne4y47gxr	x4veqz7y727	苟	100	n	姓		"[""～參（漢代人物）""]"	community contributor	2025-09-27 16:06:06	2025-05-16 17:06:02
x4fnhv8ta26	xd62cdka6k8	更像	1		同普通話「更像」。			community contributor	2025-09-06 02:17:58	2025-09-06 02:17:58
xaxm9vgsc77	x4qg6zeujvc	更何況	1		同普通話「更何況」。			community contributor	2025-09-06 02:18:53	2025-09-06 02:18:53
xacqu23s5wg	xpjr36ae5v8	更好	1		同普通話「更好」。			community contributor	2025-09-06 02:18:23	2025-09-06 02:18:23
xyw6y67s2br	xbbbrdjwfb6	耿	100	n	姓		"[""～壽昌（漢代人物）""]"	community contributor	2025-09-26 15:46:46	2025-05-16 17:06:03
xfjhbxeujs5	xfsyxpz2xa9	夾	1	v					2025-07-28 22:38:04	2025-05-16 16:55:35
x9wwwdu7zbe	xcmvk9fqh7a	橘	1	n	植物名，芸香科柑橘屬，常綠小喬木或灌木。枝幹纖細，常有刺。葉片狹長，葉柄與葉片間有明顯關節，葉翼不發達。花爲白色五瓣。該植物於秋季結出的果實，亦稱「橘」。外形多爲扁圓形，果皮紅黃色，富含汁液，味甘酸可食。	《說文解字·木部》：「橘，果，出江南。」《呂氏春秋·孝行覽·本味》：「江浦之橘，雲夢之柚。」		community contributor	2025-09-20 16:01:20	2025-09-20 16:01:20
xjbtts6batm	xg4v6ev3dwz	桔	1	n	桔梗。	《說文解字·木部》云：「桔梗，藥名。從木吉聲。一曰直大。」		community contributor	2025-10-07 18:38:34	2025-10-07 18:38:34
x8wuncwz3v8	xg4v6ev3dwz	桔	100	n	見「桔橰」（汲水工具）。			community contributor	2025-10-07 18:38:34	2025-10-07 18:38:34
xkmg4bn4a9v	xypfhn52w6g	吉	100	n	姓		"[""～恪（漢代人物）""]"	community contributor	2025-09-27 16:45:43	2025-05-16 17:06:01
xaypmjsd3yv	xkxke9bapa8	忌	1	v					2025-07-28 22:38:04	2025-05-16 16:56:05
xz3dy8y3xe2	xnfuk68d2bv	記錄	1		同普通話「記錄」			community contributor	2025-10-22 23:01:09	2025-10-22 23:01:09
xrd2vbrdpb7	xk7mpdmb24r	記	1	v					2025-07-28 22:38:04	2025-05-16 16:56:04
xc4t84gfx72	xt2ms6daqjd	刮	1	v					2025-07-28 22:38:05	2025-05-16 16:55:56
x2wm7wfsyud	xt2cmf9kjv5	骨	1	n					2025-07-28 22:38:05	2025-05-16 16:55:56
xxpwqh5hbgy	xgsfnkmqpd9	校	1	n	古代的刑具。枷械的統稱。	《說文解字·木部》：「校，木囚也。」		community contributor|教育部. 教育部重編國語辭典修訂本: 臺灣學術網路第五版[DB]. 2015.	2025-09-20 17:47:57	2025-09-20 17:47:57
xk3u9cmh7ya	xgsfnkmqpd9	校	2	v	〈書〉較量、計較。		"[""～力（較力）。"", ""～量（較量）。""]"	community contributor|教育部. 教育部重編國語辭典修訂本: 臺灣學術網路第五版[DB]. 2015.	2025-09-20 17:47:57	2025-09-20 17:47:57
x7scpm2uu73	xgsfnkmqpd9	校	3	v	〈書〉訂正、考訂。		"[""～對。""]"	community contributor|教育部. 教育部重編國語辭典修訂本: 臺灣學術網路第五版[DB]. 2015.	2025-09-20 17:47:57	2025-09-20 17:47:57
xnewwffa7k2	xgsfnkmqpd9	校	4	v	〈書〉考核、考究。		"[""《荀子·君道》：「知慮取舍，稽之以成，日月積久，校之以功。」""]"	community contributor|教育部. 教育部重編國語辭典修訂本: 臺灣學術網路第五版[DB]. 2015.	2025-09-20 17:47:57	2025-09-20 17:47:57
xc86g6bfens	xgsfnkmqpd9	校	5	v	〈書〉計算。		"[""《漢書·卷二四·食貨志上》：「京師之錢累百鉅萬，貫朽而不可校。」""]"	community contributor|教育部. 教育部重編國語辭典修訂本: 臺灣學術網路第五版[DB]. 2015.	2025-09-20 17:47:57	2025-09-20 17:47:57
x7u6y7pqces	xmyg92cx6ra	猴中王	1	n	孫悟空。	口語也說「猴聖王」（gau21 ling55 uong53）。		community contributor|community contributor	2026-03-22 20:07:40	2026-03-22 20:07:40
x9r2drntgbv	xdby98cs627	交	1	v	混合，聯合。加入。		"[""～手。（徒手格鬥，短兵相接。）"", ""～合。（性交。）""]"	community contributor	2025-10-15 21:42:52	2025-10-15 21:42:52
x94k57zkeuj	xdby98cs627	交	5	v	溝通，（社會）交往，交（朋友），結成（友誼）		"[""～家。（結成友誼。）"", ""～朋友。"", ""～朋結友。"", ""～接。（結交，交往。）"", ""～親。（相互親近，友好交往。）"", ""寡～。（交際範圍不廣。）"", ""絕～。""]"	community contributor	2025-10-15 21:42:52	2025-10-15 21:42:52
xz2tngjes8s	xdby98cs627	交	10	v	遞送，移交。支付。交換		"[""～接。（移交和接替。）"", ""～盤。（移交經營權、管理權。）"", ""～代。（移交，託付。）"", ""～份。（繳納份額或股份；在節慶場合送禮。）""]"	community contributor	2025-10-15 21:42:52	2025-10-15 21:42:52
xh8caagpjyk	xdby98cs627	交	30	v	貿易，交易。買賣。		"[""～易。""]"	community contributor	2025-10-15 21:42:52	2025-10-15 21:42:52
xdk46fx4xtj	xdby98cs627	交	50	adv	與其他動詞結合，以表示相互的動作。		"[""～相。（互相。）"", ""～拜。（互行拜禮，對拜。）""]"	community contributor	2025-10-15 21:43:59	2025-10-15 21:42:52
x6tqeqcxv6v	xpkev35w988	結	1	n	條狀物交纏打成的球狀突起。		"[""～縲""]"	community contributor	2025-10-17 16:29:38	2025-10-17 16:29:38
xfv9mvhbtzn	xpkev35w988	結	10	cl	束。			community contributor	2025-10-17 16:29:38	2025-05-16 16:55:35
x8kvkry8mw4	xbexncjud34	介*去	1		再去。			community contributor	2025-09-15 15:01:25	2025-09-15 15:01:25
xg46345qn54	xttmbvkjj25	介*等	1		再等待。			community contributor	2025-09-15 15:01:04	2025-09-15 15:01:04
xv82unjaq7q	xzwuexk9g5v	介*掏*	1		再拿。			community contributor	2025-09-15 15:00:04	2025-09-15 15:00:04
xhduqyzffys	xf4drsshrnk	介*來	1		再來。			community contributor	2025-09-15 15:00:40	2025-09-15 15:00:40
xpaf835pucp	xm55w5g2cxc	介*覷	1		再瞧，再看。			community contributor	2025-09-15 15:00:30	2025-09-15 15:00:30
xvhd6242jtz	xvyfm2rwjf8	介*看	1		再看。			community contributor	2025-09-15 15:00:13	2025-09-15 15:00:13
xgnfsbjwrkm	xmnpqveebrh	介*	1	adv	表示一個動作接在別的動作或狀態結束之後。	口語亦說「再」（zǎi）。	"[""～叮蜀句（再叮囑一句）。"", ""食完～行（喫完飯再走）！""]"	community contributor	2025-10-13 23:07:57	2025-09-15 14:56:34
xvzhswmw33f	xmnpqveebrh	介*	2	adv	表示另有補充。	口語亦說「再」（zǎi）。	"[""～講儂家偷偷着做，無讓伊仈長，就會使了。汝伓使擔心。（再說我們偷偷地做，不使他得知，就可以了。你不用擔心。）""]"	community contributor	2025-10-13 23:07:57	2025-09-15 14:56:34
xdp2rqdmbpv	xx7v8e5cub3	屆	1	cl					2025-07-28 22:38:05	2025-05-16 16:54:47
xmy67kckc9g	xdxkhb9ps3b	簡	100	n	姓		"[""～克己（宋代人物）""]"	community contributor	2025-09-25 21:34:26	2025-05-16 17:06:04
xd8zamuxdun	xm9zc5cyvdq	疳	1	n					2025-07-28 22:38:05	2025-05-16 16:54:39
xq5yspt49fs	x3ndeb2vkzn	間	1	n					2025-07-28 22:38:05	2025-05-16 16:54:39
xvne8m867ta	x3ndeb2vkzn	間	1	cl					2025-07-28 22:38:05	2025-05-16 16:54:39
x52m5jy3hv5	xatmvxrz4yw	甘	100	n	姓		"[""～茂（秦代人物）""]"	community contributor	2025-09-25 21:36:34	2025-05-16 17:06:04
xjr9vqdn9vh	x4pjhkx7jex	敆	1	v	粘住，糊住。			community contributor|馮愛珍. 福州方言詞典[M]. 南京: 江蘇教育出版社, 1998.	2025-08-29 22:36:49	2025-08-29 22:36:49
xegm6zbyfz8	x4pjhkx7jex	敆	2	v	(嘴)笨。		"[""我喙～，講伊儥過（我嘴笨，辯不過他）。""]"	community contributor|馮愛珍. 福州方言詞典[M]. 南京: 江蘇教育出版社, 1998.	2025-08-29 22:38:19	2025-08-29 22:38:19
x6z6cs8uf7g	x4pjhkx7jex	敆	3	cl	用於多層相叠之物。			community contributor|馮愛珍. 福州方言詞典[M]. 南京: 江蘇教育出版社, 1998.	2025-08-29 22:38:19	2025-08-29 22:36:49
xjeurs5kt94	x4pjhkx7jex	敆	4		補語，表示牢固、穩當。			community contributor|馮愛珍. 福州方言詞典[M]. 南京: 江蘇教育出版社, 1998.	2025-08-29 22:38:19	2025-08-29 22:36:49
x6am8p5cnv6	x4pjhkx7jex	敆	5	v	在。		"[""小明，汝有～厝無？——我無～。""]"	community contributor	2025-08-29 22:38:19	2025-08-29 22:36:49
x6nsuxhzh4s	xrfr8r5tche	䛅	1		多言。	《八音》戚、林兩書皆釋爲「言聲多也」。《康熙字典》引《類篇》曰：「多言也。」		community contributor	2025-08-29 22:40:12	2025-08-29 22:40:12
xt7aqyh8nwz	xsa6s7az3b4	架	1	n					2025-07-28 22:38:05	2025-05-16 16:54:52
xh379qjh2qx	xsa6s7az3b4	架	1	cl					2025-07-28 22:38:05	2025-05-16 16:54:52
xqqgd78r9wd	xkp6phfyd2v	賈	100	n	姓		"[""～誼（漢代人物）""]"	community contributor	2025-09-27 17:02:47	2025-05-16 17:06:00
xw9gd392kqh	x6mjj5brcpy	泇流*	1	v	滾動		"[""伊其囝恰賤去。昨暝客佻前後由階座𡅏～下來，頭都破去，直頭啼嘛（他家小孩太頑皮了，昨天玩耍時候從樓梯上滾下來，頭都破了，一直哭）""]"	community contributor	2025-10-07 16:47:42	2025-10-07 16:47:42
xu6e9k8qfrg	x2sxfutbfth	加	1	v					2025-07-28 22:38:05	2025-05-16 16:54:51
xcbhpq2grnh	xtsnsmpqek6	紅樓夢	1		小說，曹雪芹作			community contributor	2025-05-16 17:05:55	2025-05-16 17:05:55
x4fyhedjhd2	x7eb7tuq5jy	燠	1	adj	〈書〉暖和。		"[""《禮記·內則》：「下氣怡聲，問衣～寒。」""]"	community contributor	2025-10-15 18:49:09	2025-10-15 18:49:09
xdm2zd4rpqy	xn399qsdhb2	奧	1	adj	〈書〉溫暖。同「燠」。		"[""《詩經·小雅·小明》：「昔我往矣，日月方～。」"", ""雨旱寒～""]"	community contributor	2025-10-15 18:49:20	2025-10-15 18:48:07
x8wr82bf6nu	x99djdu8emj	喻	100	n	姓。		"[""～樗（宋代人物）。""]"	community contributor	2025-09-25 21:25:15	2025-05-16 17:06:05
xexqye92tj9	xgbk7c8vz2x	豫	1	n					2025-07-28 22:38:05	2025-05-16 16:55:23
xhd3eqadz3y	x6pzzfh82h9	瘀	1	n	〈書〉積血			community contributor|李如龍. 戚林八音校注[M]. 福州: 福建人民出版社, 2001.	2026-04-10 15:56:07	2025-05-16 16:55:23
xz6esdg3tcf	x6pzzfh82h9	瘀	2	v	〈書〉（血液）積塞，不流通。			community contributor	2026-04-10 15:56:07	2026-04-10 15:56:07
xx3kgkhch52	xeb53pgzuef	歐美	1		歐洲與北美的統稱			community contributor	2025-05-16 17:06:06	2025-05-16 17:06:06
xb3dbp96dwh	xvgmnx4u3sb	歐	100	n	姓。		"[""～寶（漢代人物）。""]"	community contributor	2025-09-25 21:23:46	2025-05-16 17:06:05
x6campb2xx6	xytagsnsxm5	任	1	v	〈書〉抱	口語說「抱」（boo242）	"[""郭璞《江賦》：「悲靈均（屈原）之～石（指抱石投江）。」""]"	community contributor|王力, 岑麒祥, 林焘. 古汉语常用字字典: 第4版[M]. 北京: 商务印书馆, 2005.	2026-03-26 00:35:50	2026-03-26 00:25:34
xcv8np9qvgz	xytagsnsxm5	任	2	n	〈書〉負荷，擔子。引申爲責任，職責	擔子、負荷、責任等，口語說「擔」（dang21）	"[""《商君書·弱民》：「～重道遠。」"", ""～務"", ""責～""]"	community contributor|王力, 岑麒祥, 林焘. 古汉语常用字字典: 第4版[M]. 北京: 商务印书馆, 2005.|教育部. 教育部重編國語辭典修訂本: 臺灣學術網路第五版[DB]. 2015.	2026-03-26 00:35:50	2026-03-26 00:25:34
xx7pjfs2w3f	xytagsnsxm5	任	4	n	〈書〉行李	口語說「行李」（heing33 ni33）	"[""《孟子·滕文公上》：「門人治～將歸。」趙岐注：「任，擔也。」""]"	community contributor|王力, 岑麒祥, 林焘. 古汉语常用字字典: 第4版[M]. 北京: 商务印书馆, 2005.	2026-03-26 00:25:34	2026-03-26 00:25:34
x6eqmemw67c	xytagsnsxm5	任	10	v	〈書〉擔負，擔任	口語說「擔」（dang55）	"[""擔～"", ""～職"", ""～教""]"	community contributor|王力, 岑麒祥, 林焘. 古汉语常用字字典: 第4版[M]. 北京: 商务印书馆, 2005.|教育部. 教育部重編國語辭典修訂本: 臺灣學術網路第五版[DB]. 2015.	2026-03-26 00:35:50	2026-03-26 00:25:34
x2cmkzas6qr	xytagsnsxm5	任	11	v	〈書〉承當	口語說「擔當」（dang55 noung55）、「擔戴」（dang53 nai21）、「擔承」（dang55 sing53）	"[""《左傳·僖公十五年》：「重怒難～，背天不祥。」杜預注：「任，當也。」""]"	community contributor|王力, 岑麒祥, 林焘. 古汉语常用字字典: 第4版[M]. 北京: 商务印书馆, 2005.	2026-03-26 00:35:50	2026-03-26 00:25:34
xv84thbj8em	xytagsnsxm5	任	12	v	〈書〉能夠	口語說「會」（a242）	"[""《史記·白起王翦列傳》：「是時武安君病， 不～行。」張守節正義：「任， 入針反。」"", ""〔北魏〕賈思勰《齊民要術·五穀果蓏菜茄非中國物產者》：「爰及山澤草木～食，非人力所種者，悉附於此。」""]"	community contributor|王力, 岑麒祥, 林焘. 古汉语常用字字典: 第4版[M]. 北京: 商务印书馆, 2005.	2026-03-26 00:25:34	2026-03-26 00:25:34
xbspkapr6ae	xytagsnsxm5	任	13	v	〈書〉勝任		"[""《漢書·宣帝紀》：「朕之不德， 懼不能任。」""]"	community contributor|王力, 岑麒祥, 林焘. 古汉语常用字字典: 第4版[M]. 北京: 商务印书馆, 2005.	2026-03-26 00:25:34	2026-03-26 00:25:34
xuzrksu5pv4	xytagsnsxm5	任	15	n	〈書〉能力		"[""《韓非子·定法》：「因～而授官。」陳奇猷集釋：「太田方曰：『任，能也。』有能以勝任其事則任其事，故引申之為能也。」""]"	community contributor|王力, 岑麒祥, 林焘. 古汉语常用字字典: 第4版[M]. 北京: 商务印书馆, 2005.	2026-03-26 00:25:34	2026-03-26 00:25:34
xhpbqatyc3y	xytagsnsxm5	任	20	v	〈書〉相信，信任		"[""信～""]"	community contributor|王力, 岑麒祥, 林焘. 古汉语常用字字典: 第4版[M]. 北京: 商务印书馆, 2005.|教育部. 教育部重編國語辭典修訂本: 臺灣學術網路第五版[DB]. 2015.	2026-03-26 00:25:34	2026-03-26 00:25:34
x39k6y2g3tc	xytagsnsxm5	任	30	v	〈書〉任用。委派		"[""～免""]"	community contributor|王力, 岑麒祥, 林焘. 古汉语常用字字典: 第4版[M]. 北京: 商务印书馆, 2005.|教育部. 教育部重編國語辭典修訂本: 臺灣學術網路第五版[DB]. 2015.	2026-03-26 00:25:34	2026-03-26 00:25:34
xbfdm3da7ra	xytagsnsxm5	任	40	v	〈書〉憑藉		"[""《史記·平津侯主父列傳》：「昔秦皇帝～戰勝之威，蠶食天下，并吞戰國，海內為一，功齊三代。」""]"	community contributor|王力, 岑麒祥, 林焘. 古汉语常用字字典: 第4版[M]. 北京: 商务印书馆, 2005.	2026-03-26 00:25:34	2026-03-26 00:25:34
xsb25pjdrzs	xytagsnsxm5	任	50	v	〈書〉聽憑，任憑		"[""〔三國·魏〕嵇康《琴賦》：「齊萬物兮超自得，委性命兮～去留。」""]"	community contributor|王力, 岑麒祥, 林焘. 古汉语常用字字典: 第4版[M]. 北京: 商务印书馆, 2005.	2026-03-26 00:25:34	2026-03-26 00:25:34
xy89v36274b	xytagsnsxm5	任	60	v	〈書〉懷孕。通「妊」		"[""《漢書·卷一〇〇·敘傳上》：「劉媼～高祖而夢與神遇。」〔唐〕顏師古注：「任謂懷任也。」""]"	community contributor|王力, 岑麒祥, 林焘. 古汉语常用字字典: 第4版[M]. 北京: 商务印书馆, 2005.|教育部. 教育部重編國語辭典修訂本: 臺灣學術網路第五版[DB]. 2015.	2026-03-26 00:25:34	2026-03-26 00:25:34
xyk4sbjtdgc	xytagsnsxm5	任	100	n	姓	普通話讀此姓，定調下平。但福州話大多習慣讀下去調	"[""～尚（漢代人物）""]"	community contributor|教育部. 教育部重編國語辭典修訂本: 臺灣學術網路第五版[DB]. 2015.	2026-03-26 00:25:34	2025-05-16 17:06:00
xzydn3n9tas	x75bknw645v	狹	1	adj					2025-07-28 22:38:05	2025-05-16 16:55:38
x26c76u8pfu	xq8pyhw59w8	易	1	adj					2025-07-28 22:38:05	2025-05-16 16:56:09
xxxrgmf769d	xq8pyhw59w8	易	100	n	姓		"[""～牙（春秋齊人物）""]"	community contributor	2025-09-27 13:46:38	2025-05-16 17:06:02
xarsyfdnbnn	x6we5krpte4	味	1	n					2025-07-28 22:38:05	2025-05-16 16:56:09
x9f7jqtxdvf	x6we5krpte4	味	1	adj					2025-07-28 22:38:05	2025-05-16 16:56:09
x5hp3652ba5	x6we5krpte4	味	1	cl					2025-07-28 22:38:05	2025-05-16 16:56:09
x8pmdfpwqt8	xzc2zpg7tc9	未	1	n					2025-07-28 22:38:05	2025-05-16 16:56:09
x2jn5f9k2uz	xbydz89xz54	意	1	n					2025-07-28 22:38:05	2025-05-16 16:56:09
xd97vckvhhs	xbydz89xz54	意	1	v					2025-07-28 22:38:05	2025-05-16 16:56:09
x48afeqfavp	x7xjsrmcss9	億	1	num					2025-07-28 22:38:05	2025-05-16 16:56:09
xzsuagztjgf	xy2cspya22x	會來	1		能來，得來			community contributor	2026-04-08 19:11:40	2026-04-08 19:11:40
xfsu5axfxrn	x8ey7fhfv3t	會貴	1		是昂貴的		"[""～儥？（貴不貴？）""]"	community contributor	2026-04-08 19:12:39	2026-04-08 19:12:39
xgtfkupzrvp	xubmp8464xc	嚡	1		語氣詞，表示應承。		"[""小王吓！——～（哎）！"", ""～囉～囉（好啊好啊，行的行的）。"", ""這件事際汝做嗄（這件事你做哈）。——～（哎，行）。""]"	community contributor	2025-09-15 20:12:25	2025-08-03 22:45:15
x732k2wmvwv	xsw9tf6a3tj	挨	4	v	〈書〉忍受，遭受。	表示忍受、忍耐，口語說ngai55。	"[""閩劇《畫網巾先生》（福建省實驗閩劇院，於第十四屆中國藝術節）：「帝君我前來主持公道。拿索來！將汝等綁到閻羅殿前～刀。」""]"	community contributor	2025-10-22 01:39:43	2025-10-22 01:36:46
xz2ybv5n9zu	xsw9tf6a3tj	挨	5	v	挨時間，拖延。			community contributor	2025-10-22 01:36:46	2025-09-13 01:58:51
xg4szztkt8v	xebzxa5afs7	中國	1	n	同漢語書面語「中國」。			community contributor	2025-09-19 12:09:43	2025-08-25 01:04:20
xyx2jkmu4gn	xzq4q2pumnp	除	1	v					2025-07-28 22:38:05	2025-05-16 16:55:20
xvdx4jh4gqv	xtxd8uked9m	豬	1	n					2025-07-28 22:38:05	2025-05-16 16:55:20
x4u82sfjmcg	xryq4rmx5qw	場	1	cl					2025-07-28 22:38:05	2025-05-16 16:54:31
xs6gt9gj7qg	xryq4rmx5qw	場	1	n					2025-07-28 22:38:05	2025-05-16 16:54:31
xh6sbnm6qr9	xbsv6k4s3t6	張	100	n	姓		"[""～良（漢代人物）""]"	community contributor	2025-09-27 17:11:39	2025-05-16 17:05:59
xrnfx43uhrm	xn2ggcb9gn6	隊	1	n					2025-07-28 22:38:05	2025-05-16 16:55:46
x77q8a3sraj	xn2ggcb9gn6	隊	1	cl					2025-07-28 22:38:05	2025-05-16 16:55:46
xvw3yvqpwx7	xhk7c7thtjx	大頭	1	adj					2025-07-28 22:38:05	2025-05-16 16:56:43
xhts7xpd625	xcrbauvghnt	董	100	n	姓		"[""～仲舒（漢代人物）""]"	community contributor	2025-09-27 17:06:52	2025-05-16 17:06:00
xare9d7kccv	xfct3yvvkfw	童	100	n	姓。		"[""～仲玉（漢代人物）。""]"	community contributor	2025-09-25 21:19:30	2025-05-16 17:06:05
x9z538zg6ua	x6jy8vh37g7	屯	1		〈書〉艱難		"[""～難（dung53 nang242）。""]"	community contributor	2025-10-23 22:24:19	2025-10-23 22:24:19
x56fs9kvtk3	x6jy8vh37g7	屯	2	v	〈書〉吝嗇，吝惜		"[""～膏（吝嗇於恩澤）。""]"	community contributor	2025-10-23 22:24:19	2025-10-23 22:24:19
x4hy9ac2ex3	x6jy8vh37g7	屯	100	n	姓			community contributor	2025-10-23 22:24:19	2025-10-23 22:24:19
xqc8vyu222k	xefyntdp5kx	賭	1	n					2025-07-28 22:38:05	2025-05-16 16:55:29
x94kwbm26hm	xefyntdp5kx	賭	1	v					2025-07-28 22:38:05	2025-05-16 16:55:29
x2vzmxz5v4p	xrhws9kvb5r	堵	1	cl					2025-07-28 22:38:05	2025-05-16 16:55:29
xxk3jqpmmty	xrhws9kvb5r	堵	1	n					2025-07-28 22:38:05	2025-05-16 16:55:29
x3qzhsbr9xn	xsb2h93myyf	塗	1	v					2025-07-28 22:38:05	2025-05-16 16:55:30
xcntnhgw4kz	xsb2h93myyf	塗	100	n	姓		"[""～禪（漢代人物）""]"	community contributor	2025-09-27 16:48:49	2025-05-16 17:06:01
xs9k6egfx42	x3ry7bjaa97	圖	1	n					2025-07-28 22:38:05	2025-05-16 16:55:30
xnc32ahqk69	xnbt553jg8f	都	1	n					2025-07-28 22:38:05	2025-05-16 16:55:29
x75psnm797g	xnbt553jg8f	都	1	adv					2025-07-28 22:38:05	2025-05-16 16:55:29
xmvbyf4eqsp	xnbt553jg8f	都	100	n	姓		"[""～稽（漢代人物）""]"	community contributor	2025-09-25 21:36:58	2025-05-16 17:06:04
xrwpftj9jdx	xk8n8f6wnmz	觸	1	v	對頂，角鬬。			community contributor|馮愛珍. 福州方言詞典[M]. 南京: 江蘇教育出版社, 1998.	2025-09-18 16:45:41	2025-08-29 21:38:02
xzr826dv6h4	xk8n8f6wnmz	觸	2	v	碰見，遇上；迎面截攔。			community contributor|馮愛珍. 福州方言詞典[M]. 南京: 江蘇教育出版社, 1998.	2025-09-18 16:45:41	2025-08-29 21:38:02
x8y6mz8sz9b	xk25wtjqs8d	䍜	1	n					2025-07-28 22:38:05	2025-05-16 16:56:11
xwu2pb47j69	xk25wtjqs8d	䍜	1	v					2025-07-28 22:38:05	2025-05-16 16:56:11
xtygxea6zxq	x9g277jbytz	袋	1	n					2025-07-28 22:38:05	2025-05-16 16:56:31
xjrjruqtr5s	x9g277jbytz	袋	1	cl					2025-07-28 22:38:05	2025-05-16 16:56:31
xq38kfkyr5m	x9r9zvj4myz	對	1	n					2025-07-28 22:38:05	2025-05-16 16:56:31
xgbjdxaryku	x9r9zvj4myz	對	1	v					2025-07-28 22:38:05	2025-05-16 16:56:31
x96f3us4vrd	x9r9zvj4myz	對	1	adj					2025-07-28 22:38:05	2025-05-16 16:56:31
x8vd6w5v3e7	x9r9zvj4myz	對	1	cl					2025-07-28 22:38:05	2025-05-16 16:56:31
x9wqzsbtgxg	xjfncm6chnb	塊	1	cl					2025-07-28 22:38:05	2025-05-16 16:56:31
xjt4djft2xg	xjfncm6chnb	塊	1	n					2025-07-28 22:38:05	2025-05-16 16:56:31
xuedw277mts	xgukd9ggu2c	囤	1	cl					2025-07-28 22:38:05	2025-05-16 16:54:22
xqtw653eztn	xgukd9ggu2c	囤	1	n					2025-07-28 22:38:05	2025-05-16 16:54:22
x2pedu9mr5m	xn6jhqc2924	黨	1	n	因利害關係而結成的小團體			community contributor	2025-09-25 21:33:10	2025-05-16 17:06:04
xqdrb7q3xzf	xn6jhqc2924	黨	2	n	有組織、有主義的團體		"[""革命～""]"	community contributor	2025-09-25 21:33:10	2025-09-25 21:33:10
xpdxb5pdq4r	xn6jhqc2924	黨	100	n	姓		"[""～還醇（明代人物）""]"	community contributor	2025-09-25 21:33:10	2025-09-25 21:33:10
xas96tqrpdw	xn2z2hbeqnc	屯	1	v	〈書〉積聚。又引申爲（軍隊）駐紮			community contributor	2025-10-23 22:22:11	2025-10-23 22:22:11
x9w4j658u2s	xn2z2hbeqnc	屯	2	n	〈書〉村莊			community contributor	2025-10-23 22:22:11	2025-10-23 22:22:11
xx9zkjc43mg	xndvvww4pu5	唐	100	n	姓		"[""～順之（明代人物）""]"	community contributor	2025-09-27 17:07:02	2025-05-16 17:06:00
x9t82twvrqa	xnszu65m6mz	堂	1	n					2025-07-28 22:38:05	2025-05-16 16:55:58
xwseufjzps8	xnszu65m6mz	堂	1	cl					2025-07-28 22:38:05	2025-05-16 16:55:58
xnumpzdjvf8	xagm7rrpkb7	中	1		「中」的破讀。見於方位詞「臺中」（中間）以及福州地名「中亭街」「斗中街」等。	中字之表示中間，一般讀dyng55。不熟悉地名特殊讀法的人士，也會將中字唸成dyng55。		community contributor	2025-10-17 18:44:23	2025-10-17 18:43:58
xchbme64cdh	xz7mdf459c7	奪	1	v					2025-07-28 22:38:05	2025-05-16 16:55:58
xmvv8mbkaev	xpn6evtw76x	杜	100	n	姓		"[""～甫（唐代人物）"", ""～牧（唐代人物）""]"	community contributor	2025-09-27 16:55:56	2025-05-16 17:06:00
x9w5d6ydrs4	xa3tf2467r4	肚	1	n					2025-07-28 22:38:05	2025-05-16 16:55:30
x3rfavhefb7	xhep5ej7cqq	度繩	1		製造與安裝房屋的木質構件的工人	製造與修理木器的工人，則稱「細桌」。度繩、細桌兩類木匠，統稱爲「木師父」。		community contributor	2025-10-24 15:13:04	2025-10-24 15:13:04
xeds565d7mu	xd9uf9trxu8	桌	1	cl					2025-07-28 22:38:05	2025-05-16 16:55:14
x58ux8kuucb	xd9uf9trxu8	桌	1	n					2025-07-28 22:38:05	2025-05-16 16:55:14
xgyb8dwhsg9	x2jtgsm46cy	道路	1	n	〈書〉同漢語書面語「道路」。			community contributor	2025-09-03 02:02:20	2025-09-03 02:02:20
x4yuqmmvms3	x6errs49gg5	倒	1	v	躺下。			community contributor|馮愛珍. 福州方言詞典[M]. 南京: 江蘇教育出版社, 1998.	2025-09-20 18:19:51	2025-09-20 18:19:51
xehkvuvbkst	x6errs49gg5	倒	2	n	（跌、摔的）跟頭。		"[""跋蜀～（摔一跤）。"", ""摔（sooyk24）蜀～（摔一跤）。""]"	community contributor	2025-09-20 18:19:51	2025-09-20 18:19:51
xtger2cd2rj	x6errs49gg5	倒	3	v	倒閉。			community contributor|馮愛珍. 福州方言詞典[M]. 南京: 江蘇教育出版社, 1998.	2025-09-20 18:19:51	2025-09-20 18:19:51
x7wgmxrcuwk	x835zbhwjpa	坨	1	cl					2025-07-28 22:38:05	2025-05-16 16:55:15
xvgkxubzerm	xfx3j52pj4j	陶	100	n	姓		"[""～潛（晉代人物）""]"	community contributor	2025-09-27 13:44:36	2025-05-16 17:06:02
xe8e7ugprgr	xcs45h774xx	櫥	1	cl					2025-07-28 22:38:05	2025-05-16 16:54:35
xjs9du4xumt	xqj2kvrtqzw	召	1		〈書〉呼喚，特指上對下的呼喚。		"[""～集。"", ""號～。""]"	community contributor|教育部. 教育部重編國語辭典修訂本: 臺灣學術網路第五版[DB]. 2015.	2025-09-15 02:51:36	2025-09-15 02:45:05
x6f5zag2nht	xt372j9gtu2	趙	100	n	姓		"[""～匡胤（宋代人物）""]"	community contributor	2025-09-27 17:11:07	2025-05-16 17:05:59
xuwt6x2ztxx	xurnvytfgxj	屌	1	n	〈書〉男性外生殖器的別稱。	《字彙·尸部》：「屌，男子陰名。」口語說「䐯鳥」（neoy33 iu33），也有說「霸*霸*」（ba21 wa213）。		community contributor	2026-03-26 01:16:37	2026-03-26 01:16:37
xc75m8q24pw	x8swxsawe3g	調	1	v	調動，分派。	也可以說diu242。		community contributor	2025-09-19 19:13:37	2025-05-16 17:05:54
xjt2kgpvfyr	xgd9ayjhge9	刁	100	n	姓		"[""～協（東晉人物）""]"	community contributor	2025-09-27 16:08:12	2025-05-16 17:06:01
xz3ct38qy94	xxamfjc8cts	電報	1	n	同普通話「電報」			community contributor	2025-10-22 22:36:38	2025-10-22 22:36:38
xve3yy2gc6w	xxmfxbxye2a	田	100	n	姓		"[""～子方（戰國魏人物）""]"	community contributor	2025-09-27 16:54:22	2025-05-16 17:06:00
x66q4hxx5s6	xua8qkbk4n4	碟	1	cl					2025-07-28 22:38:05	2025-05-16 16:56:35
x2e6pjyw7v2	xgy7uqa8byu	池	1	cl					2025-07-28 22:38:05	2025-05-16 16:56:25
xdx8bmaqhrn	xgy7uqa8byu	池	100	n	姓		"[""～子華（秦代人物）""]"	community contributor	2025-09-27 16:06:58	2025-05-16 17:06:01
xjvqsg6xbfy	x9c2fbqm9gp	錠	1	n					2025-07-28 22:38:05	2025-05-16 16:56:28
xenmtjbpbgn	x9c2fbqm9gp	錠	1	cl					2025-07-28 22:38:05	2025-05-16 16:56:28
xmzvgpaqm5m	xwh3swwjeep	丁	1	n	天干的第四位。			community contributor	2025-09-27 17:02:00	2025-09-27 17:02:00
xn5bybvuxsu	xwh3swwjeep	丁	2	n	排次序的等級。在甲、乙、丙後，表示第四級，或較差的級別。			community contributor|教育部. 教育部重編國語辭典修訂本: 臺灣學術網路第五版[DB]. 2015.	2025-09-27 17:02:00	2025-09-27 17:02:00
x2dwugujphu	xwh3swwjeep	丁	4	n	〈書〉成年男子		"[""壯～"", ""兵～""]"	community contributor|教育部. 教育部重編國語辭典修訂本: 臺灣學術網路第五版[DB]. 2015.	2025-09-27 17:02:00	2025-09-27 17:02:00
x2v9uqs2874	xwh3swwjeep	丁	5	n	〈書〉人、人口。		"[""添～""]"	community contributor|教育部. 教育部重編國語辭典修訂本: 臺灣學術網路第五版[DB]. 2015.	2025-09-27 17:02:00	2025-09-27 17:02:00
xgqqq99kj6h	xwh3swwjeep	丁	6	v	〈書〉當、遭逢。		"[""～憂"", ""～外艱"", ""～內艱""]"	community contributor|教育部. 教育部重編國語辭典修訂本: 臺灣學術網路第五版[DB]. 2015.	2025-09-27 17:02:00	2025-09-27 17:02:00
xvgbkjcfjdw	xwh3swwjeep	丁	10	n	姓		"[""～汝昌（清代人物）""]"	community contributor|教育部. 教育部重編國語辭典修訂本: 臺灣學術網路第五版[DB]. 2015.	2025-09-27 17:02:00	2025-05-16 17:06:00
x5shpsgx3tp	xwh3swwjeep	丁	100	n	撲克牌「J」的象形俗稱			community contributor	2025-09-27 17:02:00	2025-09-27 17:02:00
xy3bkpadkqe	xuae8emjymm	翟	1	n	古鳥名，長尾的山雉。			community contributor	2025-09-24 14:34:22	2025-05-16 17:05:59
xgy52v5frwz	xuae8emjymm	翟	2	n	古代樂舞所用的雉羽。			community contributor	2025-09-24 14:34:22	2025-09-24 14:34:22
x8xknkzt3h6	xuae8emjymm	翟	3	n	同「狄」，中國古代北方的民族。			community contributor	2025-09-24 14:34:22	2025-09-24 14:34:22
xgf5nsp6s5p	xuae8emjymm	翟	4	n	人名用字。		"[""墨～（戰國人物）。""]"	community contributor	2025-09-24 14:34:22	2025-09-24 14:34:22
x3z5tfpj79k	x4r6f6tzqsa	遲	100	n	姓		"[""～任（傳說中的上古賢人）""]"	community contributor	2025-09-25 21:37:24	2025-05-16 17:06:04
xqu9tah395u	xe3fcc3jy52	碡	1	n					2025-07-28 22:38:05	2025-05-16 16:56:11
x2hdskrzaky	xngrefvtk7e	毒	1	adj					2025-07-28 22:38:05	2025-05-16 16:56:11
xumekqse63c	x4mzp76at3f	箸	1	n					2025-07-28 22:38:05	2025-05-16 16:55:20
xpjggwkfhpe	xa6f7ckdwjm	蚪	1		見「蝌蚪」			community contributor	2026-04-12 18:04:41	2026-04-12 18:04:41
x3azz37ncxq	xznxgwkwkgv	臺	1	n	「臺」（dai53）的破讀，多見地名。		"[""南～。""]"	community contributor	2025-09-14 14:11:17	2025-08-25 01:09:51
xj73dpdh26q	xa632vv68v8	堆	1	n					2025-07-28 22:38:05	2025-05-16 16:56:31
x5bvve6tw8u	xa632vv68v8	堆	1	v					2025-07-28 22:38:05	2025-05-16 16:56:31
xgh3h6u5dd6	xa632vv68v8	堆	1	cl					2025-07-28 22:38:05	2025-05-16 16:56:31
xrt82feann5	xpg65zpshyu	條	1	n					2025-07-28 22:38:05	2025-05-16 16:56:44
x2f2e6tzx9g	xpg65zpshyu	條	1	cl					2025-07-28 22:38:05	2025-05-16 16:56:44
xvs293kz5z4	xva3vdef4qn	陣亡	1		〈書〉在作戰中死亡			community contributor	2025-10-22 17:07:36	2025-10-22 17:07:36
xnubd4krkgt	xkmpv9u6jv3	陣	1	n					2025-07-28 22:38:05	2025-05-16 16:55:00
xp4qnchmjce	xkmpv9u6jv3	陣	1	cl					2025-07-28 22:38:05	2025-05-16 16:55:00
xjvkp3n2hnh	xfmtt8hzxz8	滕	100	n	姓		"[""～宗智（明代人物）""]"	community contributor	2025-09-27 16:06:48	2025-05-16 17:06:02
xtn24j86b3k	xprt5b5ncbb	澤	1	v					2025-07-28 22:38:05	2025-05-16 16:55:36
xf77jdbqcr2	xprt5b5ncbb	澤	1	n					2025-07-28 22:38:05	2025-05-16 16:55:36
x4rdt8sv2gg	xw3hquccm3u	值	1	v					2025-07-28 22:38:05	2025-05-16 16:55:36
xtezca6587r	xcyvenywepa	滴	1	n					2025-07-28 22:38:05	2025-05-16 16:55:00
xzjb9ujqjf2	xcyvenywepa	滴	1	v					2025-07-28 22:38:05	2025-05-16 16:55:00
xkhdnd4b2fm	xcyvenywepa	滴	1	cl					2025-07-28 22:38:05	2025-05-16 16:55:00
x573np8bjjs	xddn332f5vr	滯	1	adj					2025-07-28 22:38:05	2025-05-16 16:56:06
xay5eymys83	xy5vf8b4bhj	痔	1	n					2025-07-28 22:38:05	2025-05-16 16:56:06
xu6yyv8fwts	xve56bkvqa4	治	1	n					2025-07-28 22:38:05	2025-05-16 16:56:06
xh5qagejhvt	xve56bkvqa4	治	1	v					2025-07-28 22:38:05	2025-05-16 16:56:06
xgtq6587t5m	xh9n3p99rhs	雉	1	n					2025-07-28 22:38:05	2025-05-16 16:56:06
xuag7p5kg34	x2mfdrwdyw2	地	1	n					2025-07-28 22:38:05	2025-05-16 16:56:06
x85rhcmd74v	x9h9c7rpa9c	蒂	1	n					2025-07-28 22:38:05	2025-05-16 16:56:06
x4cuvqba86x	x64vbhzez4q	置	1	v					2025-07-28 22:38:05	2025-05-16 16:56:06
xr6zej486xn	xhkyn5m9fzv	第一	1	adv	最。			community contributor|community contributor	2025-09-15 13:06:19	2025-05-16 16:56:21
xvshbpxp7k8	xex8qbbhzbr	題	1	v					2025-07-28 22:38:05	2025-05-16 16:56:21
x86f98stuqa	xex8qbbhzbr	題	1	n					2025-07-28 22:38:05	2025-05-16 16:56:21
x27227prbvw	xex8qbbhzbr	題	1	cl					2025-07-28 22:38:05	2025-05-16 16:56:21
x76zjxeysvy	x7penezk2jz	段	1	cl					2025-07-28 22:38:05	2025-05-16 16:55:58
xyyfbxttamk	x7penezk2jz	段	100	n	姓		"[""～成式（唐代人物）"", ""～玉裁（清代人物）""]"	community contributor	2025-09-27 13:56:37	2025-05-16 17:06:02
xj6qed8mtr4	xtysx95kh4a	頓	1	cl					2025-07-28 22:38:05	2025-05-16 16:55:58
xcypqk4nz5s	xtysx95kh4a	頓	1	v					2025-07-28 22:38:05	2025-05-16 16:55:58
xcbk39nq8jp	x9p4u647cn5	卓	1	adj					2025-07-28 22:38:05	2025-05-16 16:55:58
xupv7h62ukj	xcvvjm7pub2	掇	1	v					2025-07-28 22:38:05	2025-05-16 16:55:58
xfj8an5umps	xgvhrpc3u43	啄	1	v					2025-07-28 22:38:05	2025-05-16 16:55:58
xew8udkx6gy	x8cz2jffu3d	兜	1	n	附近。或爲接近某某日子的時間，或爲靠近某某地點的處所。			community contributor|馮愛珍. 福州方言詞典[M]. 南京: 江蘇教育出版社, 1998.	2025-09-15 13:09:16	2025-09-15 13:09:16
x4pqpz6ct5n	x8cz2jffu3d	兜	5	n	部分植物的根以及靠近根的莖。			community contributor|馮愛珍. 福州方言詞典[M]. 南京: 江蘇教育出版社, 1998.	2025-09-15 13:09:17	2025-09-15 13:09:17
x3ppjkh4vy9	x8cz2jffu3d	兜	10	cl	與普通話的「棵」或「叢」相當。			community contributor|community contributor|馮愛珍. 福州方言詞典[M]. 南京: 江蘇教育出版社, 1998.	2025-09-15 13:09:16	2025-05-16 16:56:14
xc5nu2p7n5y	xgq53de7uq3	鄧	100	n	姓		"[""～艾（三國魏人物）""]"	community contributor	2025-09-27 17:05:42	2025-05-16 17:06:00
xbpa4bt2teb	x8p7tptrxkh	德	1	n					2025-07-28 22:38:05	2025-05-16 16:55:36
xnsf8cerswr	xkdqrsngunu	大家	1	n	眾人，（一定範圍內的）所有人，大夥兒。	口語說「大家儂」。	"[""者聲音蜀響，～都圍過來。""]"	community contributor	2025-10-05 20:17:37	2025-10-05 20:17:37
xs5uqu9akv9	xkchkqucyxn	大唐	1		唐朝的美稱			community contributor	2025-05-16 17:06:07	2025-05-16 17:06:07
xve4qq2ggrv	xtqprxq6bz9	大概	1		不很準確，不很詳盡			community contributor	2025-05-16 17:06:07	2025-05-16 17:06:07
x2wmspksfuw	xcdkt2utfr4	大約	1		大概			community contributor	2025-05-16 17:06:07	2025-05-16 17:06:07
xk3p67mjv8u	x9zh4en8wtr	逮*	1	v	扔，拋擲。		"[""△龍眼核看儂～。""]"	community contributor	2025-09-24 20:41:05	2025-06-16 01:30:32
xsye9tpqyav	xvrazn7mnfw	襶*	1	adj	不好。		"[""野～，乇儥記帶去（不好，東西忘帶了）。""]"	community contributor	2025-08-24 22:19:05	2025-07-14 16:58:56
xttuf7qw3n5	xarrujvx3qh	戴	100	n	姓。		"[""～德（漢代人物）"", ""～聖（漢代人物）""]"	community contributor	2025-09-27 16:55:15	2025-05-16 17:06:00
x4avys5p56c	xb36erdgdu5	野襶*	1		很糟糕。			community contributor	2025-09-22 16:43:41	2025-09-22 16:43:41
x2jd7qcz4p3	xbvu6cqv58g	臺江面	1	n	對福州臺江人士非尊敬的稱呼			community contributor	2025-10-17 18:45:36	2025-10-17 18:45:36
x6ngn529t3a	xazwzuer457	臺	1	n	〈書〉高而平，可供眺望四方的建築物。		"[""平～。"", ""～閣。""]"	community contributor|馮愛珍. 福州方言詞典[M]. 南京: 江蘇教育出版社, 1998.|李如龍. 戚林八音校注[M]. 福州: 福建人民出版社, 2001.|教育部. 教育部重編國語辭典修訂本: 臺灣學術網路第五版[DB]. 2015.	2025-09-14 14:14:02	2025-05-16 16:54:48
xm9bxzqhvsa	xazwzuer457	臺	2	n	公共場所中，高出地面可供人活動、表演的設施。		"[""戲～。"", ""舞～。""]"	community contributor|馮愛珍. 福州方言詞典[M]. 南京: 江蘇教育出版社, 1998.|教育部. 教育部重編國語辭典修訂本: 臺灣學術網路第五版[DB]. 2015.	2025-09-14 14:02:39	2025-09-14 14:02:39
x6mdrqeytu5	xazwzuer457	臺	3	n	〈書〉器物的底座。		"[""燭～。""]"	community contributor|馮愛珍. 福州方言詞典[M]. 南京: 江蘇教育出版社, 1998.|教育部. 教育部重編國語辭典修訂本: 臺灣學術網路第五版[DB]. 2015.	2025-09-14 14:02:39	2025-09-14 14:02:39
xcrabgz6b9r	xazwzuer457	臺	4	n	臺狀物。		"[""燒香～。""]"	community contributor|馮愛珍. 福州方言詞典[M]. 南京: 江蘇教育出版社, 1998.	2025-09-14 14:02:39	2025-09-14 14:02:39
xmmaagcj8rj	xazwzuer457	臺	5	n	機構名。古指中央機關。如「中臺」「省臺」。今指觀測天象或發送電信號的機構。如「天文臺」「氣象臺」「廣播電臺」「電視臺」。			community contributor|教育部. 教育部重編國語辭典修訂本: 臺灣學術網路第五版[DB]. 2015.	2025-09-14 14:08:39	2025-09-14 14:02:39
x2ptqfmmhfc	xazwzuer457	臺	6	n	〈書〉敬辭，尊稱他人。		"[""兄～。"", ""尊～。""]"	community contributor|教育部. 教育部重編國語辭典修訂本: 臺灣學術網路第五版[DB]. 2015.	2025-09-14 14:02:39	2025-09-14 14:02:39
x97vhaexcub	xazwzuer457	臺	7	n	〈書〉臺灣（dai55 uang55）的簡稱。		"[""閩～。""]"	community contributor|教育部. 教育部重編國語辭典修訂本: 臺灣學術網路第五版[DB]. 2015.	2025-09-14 14:02:39	2025-09-14 14:02:39
xve6bjagqgc	xazwzuer457	臺	10	cl	量詞。		"[""蜀～戲（一場戲）。""]"	community contributor|馮愛珍. 福州方言詞典[M]. 南京: 江蘇教育出版社, 1998.	2025-09-14 14:03:17	2025-05-16 16:54:48
xdvxpgp8sju	xazwzuer457	臺	100	n	姓。		"[""～佟（漢代人物）。""]"	community contributor|教育部. 教育部重編國語辭典修訂本: 臺灣學術網路第五版[DB]. 2015.	2025-09-14 14:03:17	2025-05-16 17:06:05
xd8fhdspbf3	xc2d5d8qdtu	擔	1	cl					2025-07-28 22:38:05	2025-05-16 16:54:40
xm9ywd4m6nz	x4ergas3zvx	膽	1	n	膽囊		"[""肝～""]"	community contributor|馮愛珍. 福州方言詞典[M]. 南京: 江蘇教育出版社, 1998.	2026-04-07 23:17:42	2026-04-07 23:17:42
xwkt2zbn2rq	x4ergas3zvx	膽	2	n	膽氣；膽量		"[""～野大，伓驚死（膽子很大，不怕死）"", ""有～"", ""有～講者（這）話"", ""有～做者（這）事""]"	community contributor|馮愛珍. 福州方言詞典[M]. 南京: 江蘇教育出版社, 1998.	2026-04-07 23:17:42	2026-04-07 23:17:42
xxhnsufv6kw	x4ergas3zvx	膽	10	n	部件名，安裝在器物的內部，可容納水或空氣等			community contributor|馮愛珍. 福州方言詞典[M]. 南京: 江蘇教育出版社, 1998.	2026-04-07 23:17:42	2026-04-07 23:17:42
xhcm9bvbuvd	xpax9xey3hg	談	100	n	姓。		"[""～巴（漢代人物）。""]"	community contributor	2025-09-25 21:19:47	2025-05-16 17:06:05
x56hv3ajse5	xhht6cfkwt9	打	1	cl					2025-07-28 22:38:05	2025-05-16 16:54:52
xfmbmt5ukhv	xwfnhsxtx8c	茶箬	1	n					2025-07-28 22:38:05	2025-05-16 16:54:52
xa2m59duy7t	x9t57smrzsw	茶	1	n					2025-07-28 22:38:05	2025-05-16 16:54:52
xr367rt3uht	xpjhuyg3f77	礁	1	n					2025-07-28 22:38:05	2025-05-16 16:54:52
x32rbxv6d6j	xrfbxxgar8w	鼠	1	n					2025-07-28 22:38:05	2025-05-16 16:55:24
xv8zuqdf62n	xqutcz5myrq	䠓*	1	v					2025-07-28 22:38:05	2025-05-16 16:55:24
xbhqjw7ushq	xz4k5ykbpz8	舒	1	adj					2025-07-28 22:38:05	2025-05-16 16:55:24
xcrzxhcvgcj	xz4k5ykbpz8	舒	1	v					2025-07-28 22:38:05	2025-05-16 16:55:24
xb2yug72sxt	xnz7fbnwffw	串	1	v					2025-07-28 22:38:05	2025-05-16 16:55:44
xvjxnrjcudt	xnz7fbnwffw	串	1	cl					2025-07-28 22:38:05	2025-05-16 16:55:44
xschmhncat3	xygdeckbd4y	啜	1	v	飲、喝（液體）。		"[""～酒。"", ""～茶。""]"	community contributor	2025-09-14 23:46:16	2025-05-16 16:55:44
xa7k5b8zaw6	x3s8c8ycwdm	喙	1	n	口的通稱。	在合成詞的開頭讀cy21，例如表示嘴皮的「喙皮」（cy55 wui53）。cy21音不單說。		community contributor|馮愛珍. 福州方言詞典[M]. 南京: 江蘇教育出版社, 1998.	2025-09-19 17:09:09	2025-05-16 16:55:47
x7rc7vyv2tw	x3s8c8ycwdm	喙	2	n	動物的口部或鳥類的喙。			community contributor|馮愛珍. 福州方言詞典[M]. 南京: 江蘇教育出版社, 1998.	2025-09-19 17:06:02	2025-08-31 18:57:09
xyc6vs7xdbq	x3s8c8ycwdm	喙	3	n	器物上形狀或作用類似口的部分。			community contributor|馮愛珍. 福州方言詞典[M]. 南京: 江蘇教育出版社, 1998.	2025-09-19 17:06:02	2025-08-31 18:57:09
xxbf23fdz57	x3s8c8ycwdm	喙	100	cl	用於計算以口進行的動作或其容量，相當於「口」。		"[""食蜀～飯（喫一口飯）。""]"	community contributor|馮愛珍. 福州方言詞典[M]. 南京: 江蘇教育出版社, 1998.	2025-09-19 17:06:02	2025-05-16 16:55:47
xxrgmmzhgxk	xr4f98hm6bg	楚	100	n	姓		"[""～公輔（宋代人物）""]"	community contributor	2025-09-25 21:37:10	2025-05-16 17:06:04
xv2vrb65z79	xaz9qty6evs	粗	1	adj					2025-07-28 22:38:06	2025-05-16 16:55:32
x6nethjdag3	xaz9qty6evs	粗	1	adv					2025-07-28 22:38:06	2025-05-16 16:55:32
xpzepzvwrgv	xvsfaecn84y	軸	1	n					2025-07-28 22:38:06	2025-05-16 16:56:12
xjtt8vsqkru	xpphstbkv5f	牀	1	cl					2025-07-28 22:38:06	2025-05-16 16:56:02
xzdxkdq4ymp	xwz3frhqx5c	倉山	1	n	福州倉前山的簡稱。			community contributor	2025-09-19 18:45:22	2025-05-16 17:05:52
xnza9k6cr9t	xwz3frhqx5c	倉山	2	n	地名，在福州。			community contributor	2025-09-19 18:45:22	2025-09-19 18:45:22
xxrpcu896rw	xmurcvdgn64	戳	1	n					2025-07-28 22:38:06	2025-05-16 16:56:02
xfgafzzb9ks	x7ptd7qzz5t	撮	1	cl					2025-07-28 22:38:06	2025-05-16 16:56:02
xxvaejrvpvr	x7ptd7qzz5t	撮	1	v					2025-07-28 22:38:06	2025-05-16 16:56:02
xjqmpqek7nc	x2a8js68gva	醋	1	n					2025-07-28 22:38:06	2025-05-16 16:55:32
x9ampnthvrn	x9xpuf5pxaw	手機	1	n	同普通話「手機」。			community contributor	2025-08-25 00:58:02	2025-05-16 17:05:43
xnfrxwndged	x9dgsnqebgq	手	1	cl					2025-07-28 22:38:06	2025-05-16 16:54:37
xg7x9yxzp3d	x5nygzjmks9	簽	1	v	在文書上題字、題名，以示負責或作為紀念。		"[""～名（miang53）。"", ""～押（署名或畫花押）。"", ""～押桌（寫字檯、大辦公桌）。"", ""～簿。"", ""汝名～未（你名字簽了嗎）？""]"	community contributor|馮愛珍. 福州方言詞典[M]. 南京: 江蘇教育出版社, 1998.|教育部. 教育部重編國語辭典修訂本: 臺灣學術網路第五版[DB]. 2015.	2025-08-23 16:21:59	2025-08-22 23:30:29
xr8c2ddyp6t	x5nygzjmks9	簽	10	n	作為標示之用的小紙條。通「籤」（cieng55）。		"[""標～。"", ""浮～。"", ""～條。"", ""題～。""]"	community contributor|教育部. 教育部重編國語辭典修訂本: 臺灣學術網路第五版[DB]. 2015.	2025-08-27 22:47:32	2025-08-22 23:30:29
xjcvjb23qee	xd6dyqr9545	伬	1	n	見「伬唱」（福州傳統曲藝）。			community contributor	2025-10-24 15:24:25	2025-10-24 15:24:25
xkc32fjmrh6	x8yps2gm4xf	車	100	n	姓		"[""～順（漢代人物）""]"	community contributor	2025-09-27 16:46:38	2025-05-16 17:06:01
x2wx73u4rer	xufj4zx6phx	鑿	1	n					2025-07-28 22:38:06	2025-05-16 16:56:12
x4y2t52edqp	xufj4zx6phx	鑿	1	v					2025-07-28 22:38:06	2025-05-16 16:56:12
xng4wm4ekcc	x6vtqwknznu	觸	1	v	〈書〉獸類以犄角抵物。		"[""《易經·大壯卦·九三》：「羝羊～藩，羸其角。」""]"	community contributor|教育部. 教育部重編國語辭典修訂本: 臺灣學術網路第五版[DB]. 2015.	2025-09-18 16:47:46	2025-09-18 16:47:46
xgtg53gbdhc	x6vtqwknznu	觸	2	v	〈書〉碰撞、遇到。		"[""接～。"", ""一～即發。"", ""《左傳·宣公二年》：「～（碰撞）槐而死。」""]"	community contributor|教育部. 教育部重編國語辭典修訂本: 臺灣學術網路第五版[DB]. 2015.	2025-09-18 16:47:46	2025-09-18 16:47:46
xw2e6rbynvq	x6vtqwknznu	觸	3	v	〈書〉冒犯、干犯。		"[""～犯。""]"	community contributor|教育部. 教育部重編國語辭典修訂本: 臺灣學術網路第五版[DB]. 2015.	2025-09-18 17:53:56	2025-09-18 17:19:12
x8t49d8jnj4	x6vtqwknznu	觸	4	v	〈書〉感動、引發。		"[""感～。""]"	community contributor|教育部. 教育部重編國語辭典修訂本: 臺灣學術網路第五版[DB]. 2015.	2025-09-18 17:53:56	2025-09-18 17:19:12
xhnzw48t4yn	x6vtqwknznu	觸	100	n	姓。		"[""～讋（戰國時趙國人）。""]"	community contributor|教育部. 教育部重編國語辭典修訂本: 臺灣學術網路第五版[DB]. 2015.	2025-09-18 17:19:12	2025-09-18 17:19:12
xg233kfheaf	xsrsganmxcf	覷牛	1		放牛，看牛			community contributor	2025-05-16 17:06:08	2025-05-16 17:06:08
x3jrd826v5s	xftbhykr5hx	覷	1	v					2025-07-28 22:38:06	2025-05-16 16:55:24
xct4tctjkvr	x8h7kycm7q7	崔	100	n	姓		"[""～顥（唐代人物）""]"	community contributor	2025-09-27 16:51:07	2025-05-16 17:06:01
xhvwt33azut	xc2d5z2pfuk	襯	1	cl	同一輩。			community contributor|community contributor	2025-09-24 13:00:50	2025-05-16 17:05:58
x7pfzyaqvd8	xc2d5z2pfuk	襯	2	cl	同齡人。			community contributor|community contributor	2025-09-24 13:00:50	2025-09-24 13:00:50
xrpvk4pwpft	xc2d5z2pfuk	襯	3	cl	同一屆。		"[""伊各儂都是二環年（××20年，如2020年）讀其書，是同蜀～其。""]"	community contributor|community contributor	2025-09-24 13:00:50	2025-09-24 13:00:50
xd69s4qsu79	xxypvn3aj23	賊	1	n					2025-07-28 22:38:06	2025-05-16 16:55:39
xezrh3qyrs9	xxypvn3aj23	賊	1	adj					2025-07-28 22:38:06	2025-05-16 16:55:39
x7bnyagu5gc	xu3692r3us6	戚	1	n	姓		"[""～繼光（明代人物）""]"	community contributor	2025-09-27 16:07:45	2025-05-16 17:06:01
xb6by6xwgae	xmwx43cmrg9	字	1	n					2025-07-28 22:38:06	2025-05-16 16:56:10
x3kawygu9jd	x377cj2g7wa	䶑	1		見「䶎䶑」			community contributor	2026-04-12 01:30:25	2025-05-16 16:56:10
xeuzj7hj8sm	xq8hqcf3ysn	飼	1	v					2025-07-28 22:38:06	2025-05-16 16:56:10
x7b9n2fg9x6	xmhs27g2mjj	試	1	v					2025-07-28 22:38:06	2025-05-16 16:56:10
xc4recwyhsn	xczp6vdz6g2	佽	1	n					2025-07-28 22:38:06	2025-05-16 16:56:10
xbd38pakgpv	xqbhj8d2scr	悽慘淒涼	1		見「淒涼悽慘」。			community contributor	2025-09-16 16:14:37	2025-09-16 16:14:37
xbb4bu83xhx	xakpmr8agcw	凄	1	adj	〈書〉寒。	《集韻·平聲·齊韻》：「凄，寒涼也。」該義口語可說「凊」（ceing21）、「寒」（gang53）。	"[""《左傳·昭公四年》：「春無～風。」〔晉〕杜預·注：「凄，寒也。」""]"	community contributor	2025-09-18 17:56:05	2025-09-18 13:29:44
xcnyuh6ss9k	xb997q9f5h7	創造	1		同漢語書面語「創造」			community contributor	2026-04-12 17:53:08	2026-04-12 17:53:08
xf6cvxthw74	x8qyazntyjs	撮	1	v					2025-07-28 22:38:06	2025-05-16 16:56:02
xtftgsxk5t4	x8963hwthdq	抄	1		指將龍舟翻轉的動作。抄比「反」（baing213）更體現出用力			community contributor	2025-05-16 17:05:55	2025-05-16 17:05:55
xpj5ay7ra3w	xfj2mp9um63	惻	1	v	〈書〉悲痛。	《說文解字·心部》：「惻，痛也。」	"[""《易經·井卦·九三》：「井渫不食，為我心～，可用汲王明，並受其福。」""]"	community contributor|教育部. 教育部重編國語辭典修訂本: 臺灣學術網路第五版[DB]. 2015.	2026-04-10 01:13:08	2025-05-16 16:55:39
xu7qjkb588m	xfj2mp9um63	惻	2	adj	悲痛。	也可以說「苦惻」（ku55 jaik24）。		community contributor|馮愛珍. 福州方言詞典[M]. 南京: 江蘇教育出版社, 1998.|教育部. 教育部重編國語辭典修訂本: 臺灣學術網路第五版[DB]. 2015.	2025-09-20 16:32:27	2025-05-16 16:55:39
xpennn5mzaq	xfj2mp9um63	惻	100	v	忌恨。			community contributor|馮愛珍. 福州方言詞典[M]. 南京: 江蘇教育出版社, 1998.	2026-04-10 01:20:55	2025-09-20 16:28:19
x25jpb9xrnv	xunbkqgd468	蔡	100	n	姓		"[""～墨（春秋晉人物）""]"	community contributor	2025-09-27 17:03:06	2025-05-16 17:06:00
xtdm6st89kx	x6x2a6aac96	纔	1	adv	〈書〉方，始，剛剛。		"[""《漢書·鼂錯傳》：「救之，少發則不足，多發，遠縣～至，則胡又已去。」"", ""閩劇《陳若霖斬皇子》（洪深唱，1979年靜場錄音）：「細思此事無證無憑，檢出真贓才能治罪。」"", ""閩劇《畫網巾先生》（福建省實驗閩劇院，於第十四屆中國藝術節）：「汝何時才能穩重些？」""]"	community contributor	2025-10-24 02:40:55	2025-10-09 01:09:26
x4kmtdkak75	x6x2a6aac96	纔	2	adv	〈書〉僅，只。		"[""《漢書·賈山傳》：「然身死～數月耳，天下四面而攻之，宗廟滅絕矣。」""]"	community contributor	2025-10-09 01:09:26	2025-10-09 01:09:26
x3a7r2mt98w	xhcz9ab4s2x	青	1	n	眼翳，眼睛看不見		"[""～盲（眼瞎）"", ""～盲牛（文盲）""]"	community contributor	2025-10-23 20:54:44	2025-10-23 20:54:44
xjy8shwxzrg	xhcz9ab4s2x	青	1	n	青色			community contributor	2025-10-23 20:54:44	2025-05-16 16:54:45
xpx6z6tfjse	xnacpajfkav	炒	1	v					2025-07-28 22:38:06	2025-05-16 16:54:55
xww7bqnqjtw	xuvv5yrg6z5	㾹	1	adj					2025-07-28 22:38:06	2025-05-16 16:54:55
xygwjavzpps	xaapfz4pjyt	柴	1	n					2025-07-28 22:38:06	2025-05-16 16:54:55
xmwkdgux4x7	xaapfz4pjyt	柴	100	n	姓		"[""～武（漢代人物）""]"	community contributor	2025-09-27 16:47:02	2025-05-16 17:06:01
x64tgrsjcc3	x6ybug2c99s	瘥	1	adj					2025-07-28 22:38:06	2025-05-16 16:54:55
xdxc8msvfws	xhsptje285n	差不多	1	adj					2025-07-28 22:38:06	2025-05-16 16:54:55
xuxr53a4d2w	x9xkaetmgg9	差	1	v					2025-07-28 22:38:06	2025-05-16 16:54:55
x39jnt6arag	x9xkaetmgg9	差	1	adj					2025-07-28 22:38:06	2025-05-16 16:54:55
x7y676fdj3v	xvnfzjqwfys	叉	1	n					2025-07-28 22:38:06	2025-05-16 16:54:55
xup2bvwxznf	xvnfzjqwfys	叉	1	adj					2025-07-28 22:38:06	2025-05-16 16:54:55
xc39ck8eywz	x86xbv9rqja	本部	1	n	同普通話「本部」。			community contributor	2025-09-15 15:23:44	2025-09-15 15:23:44
xsm26ww6ya5	xpsr6ssw939	本	1	n					2025-07-28 22:38:06	2025-05-16 16:55:40
xganemsm8b3	xpsr6ssw939	本	1	adj					2025-07-28 22:38:06	2025-05-16 16:55:40
x48ynhyawb7	xpsr6ssw939	本	1	cl					2025-07-28 22:38:06	2025-05-16 16:55:40
x9uxgv6zeyn	xn8j9pfk7pw	盆	1	cl					2025-07-28 22:38:06	2025-05-16 16:55:40
x7xy68qvfzx	xwgchp9bdza	部	1	cl					2025-07-28 22:38:06	2025-05-16 16:56:17
xcpp9f8uv8c	x97q9v495nv	柎	1	cl					2025-07-28 22:38:06	2025-05-16 16:56:17
xpnbzjskads	xteudezrfv4	野肥	1		很肥，很胖。			community contributor	2025-08-31 19:58:28	2025-08-31 19:58:28
xa5k4f3xwnk	xqe5jutnfvz	杯杯	1	n	杯子。盛放液體的容器，通常用於飲用			community contributor	2025-08-03 21:35:18	2025-08-02 20:53:19
xrpe8d9bnn9	xtj5s767jnz	杯	1	n					2025-07-28 22:38:06	2025-05-16 16:55:25
xzn2dpkxw7k	xtj5s767jnz	杯	1	cl					2025-07-28 22:38:06	2025-05-16 16:55:25
xsxgu8ep93e	xvqevhze2v8	絆	1	adj	好糾正他人。		"[""野～。""]"	community contributor	2025-09-19 11:17:53	2025-05-16 17:06:07
xzeby5y75xw	xu6vy6e53sg	半母角	1	n	半男女，雙性人。常作詈語，形容舉止或裝束女性化的男性。			community contributor	2025-08-31 19:01:58	2025-06-13 01:06:41
xkfy6hjm8us	xrg9xjkshec	盤錢路債	1	n	盤纏，路費			community contributor	2026-04-10 19:19:37	2026-04-10 19:19:37
xvy95zkx6vt	xr3dk2nea47	盤纏	1	n	盤纏，旅費，路費			community contributor	2026-04-10 16:44:27	2026-04-10 16:44:27
xeeym567wx9	xrx77key5rc	盤	1	n					2025-07-28 22:38:06	2025-05-16 16:55:08
xeezudvd5pu	xrx77key5rc	盤	1	v					2025-07-28 22:38:06	2025-05-16 16:55:08
xczdvyb2up6	xrx77key5rc	盤	1	cl					2025-07-28 22:38:06	2025-05-16 16:55:08
xryb8vmnhas	xrx77key5rc	盤	10	v	換乘。		"[""南門兜遘了，本站可以～二號線。""]"	community contributor	2025-09-20 14:02:52	2025-05-16 17:05:55
xttjcph5nbd	xtckryz244q	方	1	cl					2025-07-28 22:38:06	2025-05-16 16:54:19
xfwcwgchc9b	xtckryz244q	方	1	cl					2025-07-28 22:38:06	2025-05-16 16:54:19
xq95mwkaz7k	xmwketmmd8d	崩	1		極言物多。		"[""我厝（家）總*款（這樣的）乇（東西）野（很）価（多），～去（了）。""]"	community contributor|community contributor	2025-09-06 22:23:41	2025-05-16 17:05:47
xybmptghcr4	xmzpmhvh7wt	炰	1	v	（把生的食物放在火灰裏）慢慢烤熟，猶普通話「煨」		"[""～番薯（煨紅薯）""]"	community contributor	2025-10-26 21:00:30	2025-05-16 16:55:28
xms8maehw8c	xzgt3ygcxw8	匏	1	n					2025-07-28 22:38:06	2025-05-16 16:55:28
xb776ku6cck	x2g5zhmt9f7	蒲	1	n					2025-07-28 22:38:06	2025-05-16 16:55:28
x3ysavn8nuk	xevjr6krk5x	北	1	n					2025-07-28 22:38:06	2025-05-16 16:56:11
x5xf3sheny9	xfct32qj25u	糞	1	n					2025-07-28 22:38:06	2025-05-16 16:54:19
xx3r8bf84ub	xz8a98nzdn3	幫	1	n					2025-07-28 22:38:06	2025-05-16 16:55:55
xfjkyfeajz3	xz8a98nzdn3	幫	1	cl					2025-07-28 22:38:06	2025-05-16 16:55:55
xzy9rvq98ue	xrtfm3cabrh	腹老	1	n					2025-07-28 22:38:06	2025-05-16 16:54:20
xhxn6zsthfs	xdnnr8pan6q	腹	1	cl					2025-07-28 22:38:06	2025-05-16 16:54:20
xc8ppfsqtxm	xf23gumkfdg	抔	1	v					2025-07-28 22:38:06	2025-05-16 16:54:20
xdnab9dbf2k	xf23gumkfdg	抔	1	cl					2025-07-28 22:38:06	2025-05-16 16:54:20
xm46edj53re	xpfjz9cxvrp	腐	1	v					2025-07-28 22:38:06	2025-05-16 16:55:28
xe32czem6y5	x2mdkzvbh69	伏	1	v					2025-07-28 22:38:06	2025-05-16 16:55:28
x93mfwfv48r	x2mdkzvbh69	伏	1	cl					2025-07-28 22:38:06	2025-05-16 16:55:28
x7x3cnxhzre	xjc7q8hww3b	復	1	adv	相當於北京話的“又”。			community contributor	2025-08-29 22:26:30	2025-08-29 22:26:30
xrkgwdvnea5	xgv29sb8mva	富	1	adj					2025-07-28 22:38:06	2025-05-16 16:55:28
xd5peyapdrw	xjqjsfcyuap	暴	1	adv	突然，猝然。	《廣雅》：「暴，猝也。」《戚林八音》：「懪，乍。」	"[""～乍（突然，一下子）。""]"	community contributor	2025-12-27 12:46:21	2025-10-04 12:51:07
xjqkqjqh3k4	xjqjsfcyuap	暴	2	v	〈書〉毀壞，蹧踐。		"[""自～自棄"", ""～殄天物""]"	community contributor	2025-12-27 12:46:21	2025-10-04 12:49:26
x7bymdhzqaz	xjqjsfcyuap	暴	2	v	〈書〉急遽，猛烈。	《說文解字·日部》：「暴，疾有所趣也。」	"[""《詩經·邶風·終風》：「終風且～，顧我則笑。」〔漢〕鄭玄·箋：「暴，疾也。」""]"	community contributor	2025-12-27 12:46:21	2025-10-04 12:49:26
xwae3g68dz8	xjqjsfcyuap	暴	2	v	〈書〉欺凌。		"[""《荀子·性惡》：「則夫彊者害弱而奪之，眾者暴寡而譁之。」""]"	community contributor	2025-12-27 12:46:21	2025-10-04 12:49:26
xv42xvs53nu	xjqjsfcyuap	暴	3	adj	〈書〉急躁的。		"[""《荀子·彊國》：「威有三：有道德之威者，有～察之威者，有狂妄之威者。」〔唐〕楊倞·注：「暴察，謂暴急嚴察也。」""]"	community contributor	2025-12-27 12:47:04	2025-10-04 12:49:26
xhzu4zaxjn4	xjqjsfcyuap	暴	3	adj	〈書〉急驟的，猛烈的。		"[""～風"", ""～雨"", ""～飲～食""]"	community contributor	2025-12-27 12:47:04	2025-10-04 12:49:26
xz5bkf3uda9	xjqjsfcyuap	暴	3	adj	〈書〉殘酷凶惡。	《八音》戚書：「惡。」林書：「戾。」		community contributor	2025-12-27 12:47:04	2025-10-04 12:49:26
xcz22rm9wbw	xjqjsfcyuap	暴	4	n	姓。		"[""～鳶（戰國時韓國人）""]"	community contributor	2025-12-27 12:47:04	2025-10-04 12:49:26
xdnukkwmx79	xha4e6fuq8b	暴	1	n	氣溫突變，隨伴而來的天氣現象。例如風夾細雨、寒流等。		"[""發～（突起寒流）。""]"	community contributor	2025-10-04 12:43:44	2025-05-16 16:55:13
x5zhyp94znc	x25kkwsmcac	寶圓乾	1	n	桂圓乾。			community contributor	2025-09-24 18:25:29	2025-09-24 18:25:29
xuwbhj3yhm5	x4j7gm8ue2r	寶	1	n					2025-07-28 22:38:06	2025-05-16 16:55:13
xxy27uyxtwv	xtfb7uut9u2	保	100	n	姓		"[""～睿（明代人物）""]"	community contributor	2025-09-25 21:38:00	2025-05-16 17:06:04
xqgngs55sht	xz2sv6npytt	辮	1	n	髮辮，辮子			community contributor	2025-10-17 17:38:34	2025-10-17 17:38:34
xvc2jzcvasg	xz2sv6npytt	辮	2	v	（分股交叉地）編，結		"[""～麻索（編麻繩）。"", ""～頭髮（編髮）。"", ""～辮辮（bieng53 bieng21 bieng242，編辮子）""]"	community contributor|community contributor	2025-10-17 17:40:05	2025-10-17 17:38:34
x7g9fy6655w	xfa2hmbtj2p	邊	100	n	姓		"[""～韶（漢代人物）"", ""～維新（明代人物）""]"	community contributor	2025-09-27 16:46:16	2025-05-16 17:06:01
xz8nu7xc5wk	xdh4d9e8m6c	裨	1	v	將兩塊布料等薄物連接在一起，以達到在原有物品上加長或加寬的目的。	《廣韻》府移切（支韻），釋爲「裨補也」。《八音》戚書釋爲「補衣」，林書釋爲「附接補衣」。		community contributor|馮愛珍. 福州方言詞典[M]. 南京: 江蘇教育出版社, 1998.	2026-03-26 19:14:29	2025-05-16 16:56:25
x2xz4cb2wfx	xxzwwd5a35t	平潭	1	n	地名，與福清隔海相望。原爲福清所轄；一時屬福州市直轄；後設「平潭綜合實驗區」，福建省直管。主要範圍爲海壇島。			community contributor|community contributor	2025-09-28 16:11:42	2025-09-28 16:11:42
x856jsv2mxh	xtajvx4b44z	平衡	1		同漢語書面語「平衡」。			community contributor	2025-10-17 18:49:11	2025-10-17 18:49:11
xksfwh49bhn	x9r6267zu7s	瓶瓶	1	n	瓶子，單說時用。		"[""～掏（拿）去買酒。""]"	community contributor	2025-09-24 21:11:53	2025-05-16 17:06:06
xfsz7y95pcd	xktm34kcm3x	瓶	1	n					2025-07-28 22:38:06	2025-05-16 16:54:57
xc2yp9zmejp	xktm34kcm3x	瓶	1	cl					2025-07-28 22:38:06	2025-05-16 16:54:57
xhzpgaudybn	x2dttju76sx	芘	1	cl					2025-07-28 22:38:06	2025-05-16 16:54:58
xkq4mnj8ymg	xd865cv7pwj	比	1	v					2025-07-28 22:38:06	2025-05-16 16:56:03
xqxws9ghsap	xd865cv7pwj	比	1	prep					2025-07-28 22:38:06	2025-05-16 16:56:03
xzp9g2zcc2h	x3hqgerwt3v	焷	1	v					2025-07-28 22:38:06	2025-05-16 16:56:04
x9vnps3cc3c	x9reqa823zy	脾	1	n					2025-07-28 22:38:06	2025-05-16 16:56:04
xpnasd7aq3k	xq6j7maz5hm	枇*	1	cl					2025-07-28 22:38:06	2025-05-16 16:56:03
xdvmf3nwqta	x6uf5xgpzja	捭	1	v					2025-07-28 22:38:06	2025-05-16 16:56:03
x5beyqd7nzt	x6uf5xgpzja	捭	1	cl					2025-07-28 22:38:06	2025-05-16 16:56:03
xf3uk7hmnux	xar74wvrqhm	碑	1	n					2025-07-28 22:38:06	2025-05-16 16:56:03
xerpmsj5s7y	x73tdznfcmz	並且	1		同普通話「並且」。			community contributor	2025-10-21 19:10:23	2025-10-21 19:10:23
x4tngm78sq9	x625yur592h	白	1	n	姓。		"[""～居易（唐代人物）。""]"	community contributor	2025-09-20 17:54:03	2025-05-16 17:05:57
x7vbfyegmg6	x625yur592h	白	2	n	人名用字。		"[""小～先生。"", ""小～師。""]"	community contributor	2025-09-20 17:54:03	2025-09-20 17:54:03
xjxuddq9xqe	x5ymdf3yja5	拔	1	v					2025-07-28 22:38:06	2025-05-16 16:55:34
x6fph3qw53h	x7wsy773w47	畢	100	n	姓		"[""～昇（宋代人物）""]"	community contributor	2025-09-26 17:28:49	2025-05-16 17:06:03
x4f4kkvfcyf	xctu5e4ephu	必*桃包	1	n	食品，因蒸熟後會裂開（閩語呼裂爲「必*」）而得名。臺灣習俗，以爲中元節供品。相傳此食物起源福建。			community contributor	2025-09-03 01:18:00	2025-08-30 21:30:06
xa2fawsdzvg	xrmwr4bpfrc	必	1	adv	〈書〉一定、肯定。		"[""《左傳·隱公元年》：「多行不義～自斃，子姑待之！」"", ""〔唐〕李白《將進酒》：「天生我材～有用，千金散盡還復來。」""]"	community contributor|教育部. 教育部重編國語辭典修訂本: 臺灣學術網路第五版[DB]. 2015.	2025-08-31 18:48:42	2025-08-31 18:48:29
xhbgjhtn6v9	xrmwr4bpfrc	必	2	adv	〈書〉假設、如果。		"[""《論語·顏淵》：「必不得已而去，於斯三者何先？」"", ""《史記·卷八一·廉頗藺相如傳》：「王必無人，臣願奉璧往使。」""]"	community contributor|教育部. 教育部重編國語辭典修訂本: 臺灣學術網路第五版[DB]. 2015.	2025-09-27 16:37:46	2025-08-31 18:48:29
xzd2jtnhapt	xrmwr4bpfrc	必	3	v	〈書〉堅定、果決。		"[""《荀子·彊國》：「其刑罰重而信，其誅殺猛而必。」"", ""《韓非子·內儲說上》：「是以刑罰不必，則禁令不行。」""]"	community contributor|教育部. 教育部重編國語辭典修訂本: 臺灣學術網路第五版[DB]. 2015.	2025-08-31 18:48:42	2025-08-31 18:48:29
x4cernde7h9	xrmwr4bpfrc	必	10	n	姓。		"[""～贊（宋代人）。"", ""～（明代人）。""]"	community contributor|教育部. 教育部重編國語辭典修訂本: 臺灣學術網路第五版[DB]. 2015.	2025-08-31 18:48:29	2025-08-31 18:48:29
xcpgtxw4tm2	xygau2sq9sc	逼	1	v	逼迫，迫使。			community contributor|馮愛珍. 福州方言詞典[M]. 南京: 江蘇教育出版社, 1998.	2025-09-21 10:35:31	2025-09-21 10:35:31
xrfg5hdeh99	xygau2sq9sc	逼	2	adj	貧窮，困窘。	口語裏還可以說「窮」（gyng53）、「虯」（kiu53）、「尷尬」（gang53 ngai21）。	"[""厝𡅏野～。""]"	community contributor|馮愛珍. 福州方言詞典[M]. 南京: 江蘇教育出版社, 1998.	2025-09-21 10:38:10	2025-09-21 10:35:31
xddwz7xtbk9	x4whprz7nf8	筆	1	cl					2025-07-28 22:38:06	2025-05-16 16:54:57
xf3ak2c5yf9	x4whprz7nf8	筆	1	n					2025-07-28 22:38:06	2025-05-16 16:54:57
xrx8vuhhqbh	xht3qcsmezx	鼻	1	v					2025-07-28 22:38:06	2025-05-16 16:56:04
xbf6yumaswn	x98tyewmkah	篦	1	v					2025-07-28 22:38:06	2025-05-16 16:56:04
xvpghxshetn	xq9sw7k6c93	痹	1	v					2025-07-28 22:38:06	2025-05-16 16:56:03
xzdcvhbctfv	xq9sw7k6c93	痹	1	adj					2025-07-28 22:38:06	2025-05-16 16:56:03
xt5y6w8uc7w	xjbmzy4swbd	潷	1	v					2025-07-28 22:38:06	2025-05-16 16:56:03
xpah232gc6y	xz3bjquur7j	蔽	1	v					2025-07-28 22:38:06	2025-05-16 16:56:03
x4b49scvk69	x6cf334jd2w	排	1	cl					2025-07-28 22:38:06	2025-05-16 16:56:20
xgxaswcesx7	x6cf334jd2w	排	1	v					2025-07-28 22:38:06	2025-05-16 16:56:20
xqzn3sxtypk	x6cf334jd2w	排	1	n					2025-07-28 22:38:06	2025-05-16 16:56:20
xgr699bjkm7	xrsasf82qug	博	1	v					2025-07-28 22:38:06	2025-05-16 16:55:56
xjt7thhft87	xbet8spv94q	剝	1	v					2025-07-28 22:38:06	2025-05-16 16:55:56
x9g72wgq4cg	xqzscbmyzte	炰	1	v	以火燒烤食物。特指把食物連皮帶殼燒烤。		"[""《詩經·小雅·六月》：「飲御諸友，～鱉膾鯉。」"", ""～番薯（烤紅薯）。""]"	community contributor	2025-10-26 20:56:46	2025-10-26 20:55:56
xupjg5cp297	xqzscbmyzte	炰	10	n	〈書〉烤熟的食物。		"[""《文選·枚乘·七發》：「旨酒嘉肴，羞（饈）～膾炙，以御賓客。」""]"	community contributor	2025-10-26 20:56:46	2025-10-26 20:56:46
xbjhhwtjvhb	xxkkesvppqx	包股	1		〈書〉動賓短語，指公司發行的股票全部由創辦公司的個人或機構認購。			community contributor	2025-09-03 02:07:18	2025-08-30 21:23:38
xv5w864a54f	xt4p32eu3nv	包包	1	n	包，裝東西的口袋。		"[""汝～。""]"	community contributor	2025-09-24 21:12:37	2025-05-16 17:06:06
xguexb53nj6	xyehb5tzdya	包	1	v					2025-07-28 22:38:06	2025-05-16 16:56:14
xdp4f4em4f3	xyehb5tzdya	包	1	n					2025-07-28 22:38:06	2025-05-16 16:56:14
xy5t6v8h7dr	xyehb5tzdya	包	1	cl					2025-07-28 22:38:06	2025-05-16 16:56:14
xppp78taqpz	xyehb5tzdya	包	100	n	姓		"[""～拯（宋代人物）""]"	community contributor	2025-09-25 21:38:11	2025-05-16 17:06:04
xf66v32pbwd	xgc98hchyt6	仈	1	v	知，曉。			community contributor	2025-08-29 22:27:17	2025-08-29 22:27:17
xuetqywy5px	xgc98hchyt6	仈	2	v	識，認識。			community contributor	2025-08-29 22:27:17	2025-08-29 22:27:17
xw2vhr8hddp	x4zs7x5ntpk	八	1	num	數目詞，四的兩倍。			community contributor	2025-08-29 22:27:58	2025-08-29 22:27:58
xt824cv9ryb	xa7yhvkwmhc	柄柄	1	n	柄，器物的欛兒。		"[""這把斧頭無～。""]"	community contributor	2025-09-24 21:12:23	2025-05-16 17:06:06
x3ngujw5q34	xn8fwsw7hpb	柄	1	n	閩東語地名用字			community contributor	2025-09-19 19:02:57	2025-05-16 17:05:53
xmk8r3nv7zg	x36fdwr7jm7	頒	1	v	〈書〉賜予，頒發給		"[""～獎"", ""～發""]"	community contributor	2026-02-12 00:00:03	2026-02-12 00:00:03
xan4m34xmuu	x36fdwr7jm7	頒	2	v	〈書〉宣布，公布	口語可以說頒發（pang53 huak24）	"[""～布""]"	community contributor	2026-02-12 00:02:29	2026-02-12 00:00:03
xcmc3sfyapr	x3uds2kgp8p	班	1	n					2025-07-28 22:38:06	2025-05-16 16:54:38
x34xg995gu8	x3uds2kgp8p	班	1	cl					2025-07-28 22:38:06	2025-05-16 16:54:38
xzk2xgjmkf9	xtj83ujc862	百姓	1	n	平民。			community contributor	2025-09-14 23:36:04	2025-05-16 17:05:52
xqj26u2r74w	xsq989vkc3u	壩	1	n					2025-07-28 22:38:06	2025-05-16 16:54:50
xkjjxmdc5f7	xd8gk8gzmb7	霸	1	adj					2025-07-28 22:38:06	2025-05-16 16:54:50
xm7jkkqzb7h	xd8gk8gzmb7	霸	1	v					2025-07-28 22:38:06	2025-05-16 16:54:50
xf2rgck64n7	xge5g995mc8	飽	1	adj					2025-07-28 22:38:06	2025-05-16 16:54:50
x3g3td4ffzc	xhhvjagrpdx	把	1	cl					2025-07-28 22:38:06	2025-05-16 16:54:50
xzwdu3nfgrh	xqmz74zb5q8	扒船	1		動賓短語，划船			community contributor	2025-10-22 18:59:41	2025-10-22 18:59:41
x8bs7vskmhe	xfdcmfdhwn3	扒寶	1		動賓短語，撈取財寶、財物	◇指凡見到東西都想順走、撈取，以此喻指貪得無厭。	"[""汝故㑚漢*～吓，出差轉來筆掏這価做世*乇（你還當進貨啊，怎麼出個差回來拿這麼多筆）。"", ""伊今旦去儂厝𡅏～吓，摜這滿*価乇轉來（他是去別人家裏進貨吧，提了這麼多東西回來）。""]"	community contributor	2025-09-13 11:51:52	2025-05-16 16:54:50
xhuneu3n3n3	xznc5w34nh2	扒	1	v					2025-07-28 22:38:07	2025-05-16 16:54:51
x273ekg8exe	xjjryyz3aur	耙	1	n					2025-07-28 22:38:07	2025-05-16 16:54:51
xq5hdz7szzk	xjjryyz3aur	耙	1	v					2025-07-28 22:38:07	2025-05-16 16:54:51
xtnfqhkx79j	x4mhwcff6xb	爬	1	v					2025-07-28 22:38:07	2025-05-16 16:54:51
xz2dag6jj9f	x2ry34k7z72	羓	1	n					2025-07-28 22:38:07	2025-05-16 16:54:50
xhe456e4epw	xeu3sze2pyr	疤	1	n					2025-07-28 22:38:07	2025-05-16 16:54:50
x83jme3j76d	xq5qx6cqtch	巴	1	n	川、渝一帶的別稱			community contributor	2025-10-23 22:35:11	2025-10-23 22:35:11
xwqb7zzapyj	xq5qx6cqtch	巴	2	v	營求			community contributor	2025-10-23 22:35:11	2025-10-23 22:35:11
x7qzwjft7xq	xq5qx6cqtch	巴	10	n	公共汽車	「巴士」之略。「巴士」音譯自英語「bus」。	"[""大～"", ""中～""]"	community contributor	2025-10-23 22:35:11	2025-10-23 22:35:11
xphnzeb5su8	x6muqymgkar	𡎔	1	v					2025-07-28 22:38:07	2025-05-16 16:56:01
xu9g5t4h587	xv4qnftjwbv	惡	1	adj					2025-07-28 22:38:07	2025-05-16 16:56:01
xtvxeqvtu3v	xmknha99n4j	侯官縣	1		舊縣名，在福州			community contributor	2025-05-16 17:05:52	2025-05-16 17:05:52
xsq4zmk74bs	xg4z86jhdx2	侯官	1		舊縣名，在福州			community contributor	2025-05-16 17:05:52	2025-05-16 17:05:52
xtnu3y5mfe6	x5m56yyxvvq	侯	1	n	「侯」的破讀，音同「後」（au242），見地名「閩侯」「侯官」等			community contributor	2025-10-23 20:30:32	2025-10-23 20:30:32
x3gscebkqff	xs78v76xx8z	後臺	1	n	戲臺、舞臺的後部，以供未演出人員化妝、準備等活動之處。			community contributor|community contributor|教育部. 教育部重編國語辭典修訂本: 臺灣學術網路第五版[DB]. 2015.	2025-09-22 17:05:38	2025-09-22 17:05:38
x4k4fnjh2wm	xs78v76xx8z	後臺	5	n	◇比喻在背後支持的人或集團。	傳統的說法是「後壁山」「凹*臍*」，或說人「有天線」。		community contributor|community contributor	2025-09-22 17:05:38	2025-09-22 17:05:38
x7gd3dr4dvj	xs78v76xx8z	後臺	10	n	〈書〉後端。不面對客戶、用戶的那部分。			community contributor	2025-09-22 17:05:38	2025-09-21 13:33:25
xfx84fh4ja7	xpg5m5g9esa	後代	1		後代人，晚輩。			community contributor	2025-09-06 02:54:16	2025-05-16 17:05:57
xbnbu6rtddg	xqbrg9vp7pe	厄	1	n					2025-07-28 22:38:07	2025-05-16 16:55:38
xg7huqjhutc	xuwt8x89kw8	擪	1	v					2025-07-28 22:38:07	2025-05-16 16:55:38
xh3prc79mac	xzkfpfd4vmm	挨	1	v	〈書〉受挨。「挨」的破讀。		"[""閩劇《畫網巾先生》（福建省實驗閩劇院，於第十四屆中國藝術節）：「汝者（這）模樣可是又～打啦？」"", ""閩劇《畫網巾先生》（福建省實驗閩劇院，於第十四屆中國藝術節）：「這蜀回復是爲了（liu33）世乇～打？」""]"	community contributor	2025-10-24 02:36:42	2025-10-24 02:35:53
x92njjpngka	xcvmpg7xbt6	氨	1	n	分子式爲NH₃，無色氣體，有強烈刺激氣味，極易溶於水。			community contributor	2025-09-24 14:30:58	2025-05-16 17:05:59
xdqgg6q74g7	xcvmpg7xbt6	氨	10	n	代指空調製冷劑，一說來自普通話「氟利昂」末字的音譯。		"[""空調加～。""]"	community contributor	2025-09-24 14:30:58	2025-09-24 14:30:58
xnzyusx3ejc	xyd6nngx26t	安	1	v					2025-07-28 22:38:07	2025-05-16 16:54:43
xx9jkfacsmg	xyd6nngx26t	安	100	n	姓		"[""～成（漢代人物）""]"	community contributor	2025-09-27 13:44:15	2025-05-16 17:06:02
xb7bc2uyefb	xef2wnupx7y	會儥	1		會不會，會否			community contributor	2026-04-08 19:07:53	2026-04-08 19:07:53
xbyz753ty9n	xvs2fu995vv	狎*	1	v	腫脹。浮腫。			community contributor	2025-09-24 20:32:31	2025-05-16 16:54:44
xauev499a46	xsa3v6ubpu5	盒盒	1	n	同“盒”。		"[""～共我掏過來！（把盒子給我拿過來）""]"	community contributor	2025-09-14 23:46:49	2025-08-22 21:33:19
xshs2hvtp8w	x3yb5azks3r	盒	1	cl					2025-07-28 22:38:07	2025-05-16 16:54:44
xmugcsp7e4v	x3yb5azks3r	盒	1	n					2025-07-28 22:38:07	2025-05-16 16:54:44
x2mjthyfj72	xz2yrbrk42f	打壓	1	v	同普通話“打壓”。		"[""伊讀書這滿認真去了，汝就伓通去~伊了嘛。（他讀書這麼認真了，你就不要去打壓他了。）""]"	community contributor	2025-08-22 21:32:41	2025-08-22 21:31:55
x3ehs3xwcq2	x7cssfuue5v	壓	1	v	壓制。		"[""～地兜𡅏拍（壓在地上揍）。""]"	community contributor|馮愛珍. 福州方言詞典[M]. 南京: 江蘇教育出版社, 1998.	2025-09-19 11:57:36	2025-07-11 22:16:18
x2m48hurrgf	x7cssfuue5v	壓	2	v	◇逼迫，迫使。		"[""△～雞伓成伏（喻壓服無用）。""]"	community contributor|馮愛珍. 福州方言詞典[M]. 南京: 江蘇教育出版社, 1998.	2025-09-19 12:00:09	2025-08-03 21:40:15
xjq8272vjkg	x7cssfuue5v	壓	3	v	◇勝過。		"[""～卷。"", ""伊其歌聲～過所有參賽者。""]"	community contributor	2025-09-19 12:01:11	2025-07-11 22:16:18
xtzfw5byyya	xcvkh9r95jb	下	1	adj					2025-07-28 22:38:07	2025-05-16 16:54:54
x5ezjt3ynbw	xcvkh9r95jb	下	1	n					2025-07-28 22:38:07	2025-05-16 16:54:54
xcfmhpeksec	xcvkh9r95jb	下	1	cl					2025-07-28 22:38:07	2025-05-16 16:54:54
xh966w9phfd	xap5v2d4fza	阿歞	1		阿傻。			community contributor	2025-09-14 23:22:11	2025-09-14 23:22:11
x4udjwwsna2	x74ut365rak	阿	1		前綴。用在姓名的前面，有親昵的意味。			community contributor	2025-09-14 23:20:42	2025-05-16 17:05:50
xn3tttzw6wn	x74ut365rak	阿	2		前綴。用在親屬名稱的前面，表示面稱。		"[""～媽（祖母）。""]"	community contributor	2025-09-14 23:20:42	2025-09-14 23:20:42
x7sxe237mrj	x74ut365rak	阿	3		前綴。用在某些名詞前面，成爲對人的稱呼，有親昵或戲謔的意味。		"[""～肥來了。""]"	community contributor	2025-09-14 23:20:42	2025-09-14 23:20:42
x2juvbcczjf	xa8zy6x9nws	鴉片屎	1	n					2025-07-28 22:38:07	2025-05-16 16:54:54
x528ueyaz2m	xkpnwafjqmc	丫	1	n	〈書〉女孩子		"[""～頭"", ""～鬟""]"	community contributor	2026-04-12 05:00:59	2026-04-12 05:00:59
