id	text	expl_content	sandhi_pron	literal_pron	local_pron	locale	reference	status	word__id	word__text	note	updated_time	created_time
xfm7gwykkra	尚幹	地名，在今閩侯縣東南部‖尚變調特殊	suong21 ngang213	suong242 gang213		mnhu		3rvd	xgcj4dym27h	尚幹		2025-05-16 17:05:43	2020-03-09 00:00:00
xd56zkfxem8	很*拈*	程度副詞，比較：我頭髮～長了，着剃了‖原始形式不明，還可以說teing21 nieng55、to21 lieng55、to21 leing55等等	heing21 nieng55	heing33 nieng55				3rvd	xpzcm6hw727	很*拈*		2025-05-16 17:05:43	2020-03-09 00:00:00
xqtsrpy4edc	頭輪許所	剛剛、剛剛那裡。「頭輪許所」的合音‖非城內口音，見於尚幹等地	ta21 ung53 neo33	tau53 lung53 hy33 neo33				3rvd	xx55f638pzy	頭輪許所		2025-05-16 17:05:43	2020-03-09 00:00:00
xsczrnqef55	茄囝	茄子‖非城內口音，見於尚幹等地	gyo33 iang33	gyo53 giang33				3rvd	x9w2bfr55v7	茄囝		2025-05-16 17:05:43	2020-03-09 00:00:00
xtzunn3urs7	叱	責備：我都無怪汝，汝單倒屈𡅏～我	cie55	cie55				3rvd	xuncvx872y5	叱		2025-05-16 17:05:43	2020-03-10 00:00:00
x4y6gwnm7d5	吸	吸：空氣野鮮吓，～蜀～	ngeik24	ngeik24				3rvd	xhjq2mh95qt	吸		2025-05-16 17:05:43	2020-03-19 00:00:00
xm4tyg6qf86	手機	同普通話「手機」	ciu21 gi55	ciu33 gi55				3rvd	x9xpuf5pxaw	手機		2025-05-16 17:05:43	2020-03-22 00:00:00
x3bqp8bpvaa	電話	同普通話「電話」	dieng53 ngua242	dieng242 ua242				3rvd	xsqnyk9ahjt	電話		2025-05-16 17:05:44	2020-03-22 00:00:00
xacuv22x565	電腦	同普通話「電腦」	dieng53 no33	dieng242 no33				3rvd	xtu8rdq3bsw	電腦		2025-05-16 17:05:44	2020-03-22 00:00:00
x8wut2hqju2	電子	①同普通話「電子」②特指電子遊戲：拍～	dieng53 njy33	dieng242 zy33				3rvd	x8kc2pnxphc	電子		2025-05-16 17:05:44	2020-03-22 00:00:00
xh82exd25pa	電視	同普通話「電視」	dieng53 sei242	dieng242 sei242				3rvd	xuuj6arbmqn	電視		2025-05-16 17:05:44	2020-03-22 00:00:00
xsmyw6xeudv	空氣	同普通話「空氣」：～野鮮吓，吸蜀吸	kung53 kei213	kung55 kei213				3rvd	x2b6mw4nhyx	空氣		2025-05-16 17:05:44	2020-03-22 00:00:00
xguexdwrkje	萬八哥	指偷渡至美國發展的人‖萬八，即一萬八千；中國1970年代後，偷渡美國的費用初爲一万八千美元，故名	uang21 beik21 go55	uang242 baik24 go55			久岛. 一名纽约福州人讲述偷渡客的故事[EB/OL]. 美国之音, 2019-10-30. https://www.voachinese.com/a/ny-illegal-chinese-immigrant-story-20191030/5144592.html.	3rvd	xvczuqf8me9	萬八哥		2025-05-16 17:05:44	2020-02-15 00:00:00
xgad6dpzkts	開除	同普通話「開除」	kai55 ly53	kai55 dy53				3rvd	xb7yx659293	開除		2025-05-16 17:05:44	2020-03-27 00:00:00
xsktzkh3wsw	辭退	同普通話「辭退」	sy21 looy213	sy53 tooy213				3rvd	xpfamuhg2cq	辭退		2025-05-16 17:05:44	2020-03-27 00:00:00
xr85ruj5cef	網絡	同普通話「網絡」：～儥好	uong21 louk5	uong33 louk5				3rvd	x58ac6gas4s	網絡		2025-05-16 17:05:44	2020-03-27 00:00:00
xjtsh9zxvue	公司	同普通話「公司」	gung55 ni55	gung55 si55				3rvd	xeh7qsn965t	公司		2025-05-16 17:05:44	2020-03-27 00:00:00
x4p2987xu6f	行業	同普通話「行業」	oung33 ngiek5	oung53 ngiek5				3rvd	xwdww7qccc3	行業		2025-05-16 17:05:44	2020-03-27 00:00:00
xfuhdxmbvhe	外賣	同普通話「外賣」	ngui53 ma242	ngui242 ma242				3rvd	xz3s42ujsyz	外賣		2025-05-16 17:05:44	2020-03-27 00:00:00
x398ymww95d	做無算	指事情白做了	zo53 mo21 looung213	zoo213 mo53 sooung213				3rvd	x4c8s6qxy4t	做無算		2025-05-16 17:05:44	2020-03-27 00:00:00
xwfxrdecy8w	做空	指事情白做了	zo55 keoyng55	zoo213 keoyng55				3rvd	xmfsgr5fev2	做空		2025-05-16 17:05:44	2020-03-27 00:00:00
xtyrdk984fq	尾尾未	還早得很：儂家六點正食暝，這盤四點，～𡅏	mui21 mui55 mui242	mui33 mui33 mui242				3rvd	x5xw88bne9e	未𡅏未		2025-05-16 17:05:44	2020-03-28 00:00:00
x8s78hakg8e	蕃	蕃殖	huang55	huang55				3rvd	xa3ecyfd5jg	蕃		2025-05-16 17:05:44	2020-03-31 00:00:00
xw4kx3djbwj	目睭餌*	指小眼睛‖也可以說meik21 ziu53 nei213	meoyk21 ziu53 nei213	meoyk5 ziu55 nei213				3rvd	xeen6up22s9	目睭餌*		2025-05-16 17:05:44	2020-04-03 00:00:00
xs2ccdqqdea	羅經	羅盤、指南針‖也可以說lo55 yng55	lo55 ing55	lo53 ging55				3rvd	xf77hxcstby	羅經		2025-05-16 17:05:44	2020-04-03 00:00:00
xpq69hwpx23	盛	盛東西	sing53	sing53				3rvd	xv4d7swu3jw	盛		2025-05-16 17:05:44	2020-04-03 00:00:00
xsk8e2rghff	開含嫁店	含嫁店，傢俱店；開含嫁店喻指失業，因爲二者皆須終日與傢俱相伴‖含嫁，居家所需的設備器具、傢俱，舊俗結婚時傢俱由女方準備，作爲陪嫁，所以傢俱稱含嫁	kui53 hang21 nga53 laing213	kui55 hang53 ga213 daing213				3rvd	xb2mtempcz3	開含嫁店		2025-05-16 17:05:44	2020-02-13 00:00:00
xau5d8yd554	刣雞教猴	殺雞儆猴	tai55 gie55 ga55 gau53	tai53 gie55 ga213 gau53		mqig		3rvd	xnfec7y2wf8	刣雞教猴		2025-05-16 17:05:44	2020-02-13 00:00:00
xgzx2nrt2t6	無起稿	①不打草稿②形容一個人說話不需要打草稿，即口才好	mo21 ki24 go33	mo53 ki33 go33		mqig		3rvd	xwc99m5qbza	無起稿		2025-05-16 17:05:44	2020-02-13 00:00:00
xsrubk6ws2z	貼家庭	補貼家用	taik24 ga55 ling53	taik24 ga55 ding53		mnhu		3rvd	xwds8rskfph	貼家庭		2025-05-16 17:05:44	2020-02-13 00:00:00
x4zzwn6qpfr	復伓是	不是，用反問的語氣確認事實：伊～（不是）講無問題？	bu21 ing53 nei242	bou242 eing242 sei242		mnhu		3rvd	xynxku9h3mt	復伓是		2025-05-16 17:05:44	2020-04-10 00:00:00
xugujccpkzq	復伓是就是	不就是，用反問的語氣確認事實：嚽～（這不就是嗎）？	bu21 ing53 nei242 ziu53 lei242	bou242 eing242 sei242 ziu242 sei242		mnhu		3rvd	xj9hehbjmju	復伓是就是		2025-05-16 17:05:44	2020-04-10 00:00:00
xnep5vns87a	無行着	沒去過：㑚（如果）講世乇（什麼）地方汝～，也講「生摸摸（cang21 moh53 mooh24）」	mo21 giang55 duoh5	mo53 giang53 duoh5		mnhu		3rvd	xggscqrpjtf	無行着		2025-05-16 17:05:44	2020-04-10 00:00:00
xvyn3ec5dcm	無看着	沒看過	mo21 kang21 duoh5	mo53 kang213 duoh5		mnhu		3rvd	xn4ssd83yku	無看着		2025-05-16 17:05:44	2020-04-10 00:00:00
xkxas93cubr	儥看見	看不見	me21 kang53 ngieng213	ma242 kang213 gieng213				3rvd	xxpgahere73	儥看見		2025-05-16 17:05:44	2020-04-10 00:00:00
xbqpt9w6jsp	儥聽見	聽不見	me21 tiang53 ngieng213	ma242 tiang55 gieng213				3rvd	x98kuvy9xuz	儥聽見		2025-05-16 17:05:44	2020-04-10 00:00:00
xrbynvxetyh	雞卵花	花名，華語又稱「雞蛋花」	gie21 loung55 ngua55	gie55 looung242 hua55		fzho		3rvd	xu5w2vdxdn5	雞卵花		2025-05-16 17:05:44	2017-12-30 00:00:00
x3kt7t2kgjp	石頭	岩石	suoh55 lau53	suoh5 tau53				3rvd	xbz92rterx8	石頭		2025-05-16 17:05:44	2017-12-30 00:00:00
xrv9pnxg36v	鼓山骹	鼓山腳	gu21 lang55 ka55	gu33 sang55 ka55		fzho		3rvd	xmhgy9d28b9	鼓山骹		2025-05-16 17:05:44	2017-12-30 00:00:00
x7xrzfe5hq5	社會主義學院	福州公交車站名，因福建省社會主義學院得名	sia21 ui21 zuo55 ngie242 houk21 ieng242	sia242 hui242 zuo33 ngie242 houk5 ieng242		fzho		3rvd	x3rxuvwcbmq	社會主義學院		2025-05-16 17:05:44	2017-12-29 00:00:00
x9cptgpbjqm	前骹	前蹄	seing55 ka55	seing53 ka55		fzho		3rvd	x7rnyyzff5c	前骹		2025-05-16 17:05:44	2020-10-03 00:00:00
xxj2japu2ae	火氣	火氣，中醫術語：～野大（某食物易上火）	hui55 kei213	hui33 kei213		fzho		3rvd	xcmwzym5evc	火氣		2025-05-16 17:05:44	2017-12-29 00:00:00
xmg9kauhg5u	野脬	愛吹牛，愛講大話：這隻儂～	ia21 pa55	ia33 pa55		fzho, fuqi		3rvd	x7jt3zugmh8	野脬		2025-05-16 17:05:44	2020-04-11 00:00:00
xpq4p46wcdq	塞塞	塞住瓶口的東西‖不塞進瓶口的叫「㪠㪠」「蓋蓋」	seik21 seik24	seik24 seik24		fzho, mnhu		3rvd	x9z2gvmgdwk	塞塞		2025-05-16 17:05:44	2017-12-29 00:00:00
xweakx4nx99	冰淇淋	一種冷凍的甜品，通常以鮮奶油或奶油等乳制品爲原料	bing21 ngi55 ling53	bing55 gi53 ling53		fzho		3rvd	xk8ufj8d57r	冰淇淋		2025-05-16 17:05:44	2017-12-29 00:00:00
xbyh8ksjufj	冰棕	錐形冰淇淋	bing53 njooyng213	bing55 zooyng213		fzho		3rvd	xm2u5v4s2fn	冰棕		2025-05-16 17:05:45	2017-12-29 00:00:00
xpbgda2vpjq	飲料	經過加工，供飲用的液體	ing55 lau242	ing33 lau242				3rvd	xx759pefmac	飲料		2025-05-16 17:05:45	2017-12-29 00:00:00
xhekueaxrfu	蝦油味	蝦油的味道	ha21 iu21 ei242	ha53 iu53 ei242		fzho		3rvd	xptygenjm8d	蝦油味		2025-05-16 17:05:45	2017-12-29 00:00:00
xfjuwut95rq	甜粿	年糕	dieng53 ngui33	dieng55 gui33		fzho		3rvd	x3du6mpcur3	甜粿		2025-05-16 17:05:45	2017-12-29 00:00:00
x72kjeq6y7x	犬吠	①犬吠②指人胡說八道，同普通話「放屁」	keing55 bui242	keing33 bui242				3rvd	x4ww329fdpx	犬吠		2025-05-16 17:05:45	2017-12-29 00:00:00
xu5p9ztsa4x	犬母貨	①罵母狗②罵婦人	keing21 mo55 uo213	keing33 mo33 huo213				3rvd	xq8hwe8w2dc	犬母貨		2025-05-16 17:05:45	2017-12-29 00:00:00
x5n8qyzhk68	雞腿	食物，雞的腿部	gie53 leoy33	gie55 teoy33		fzho		3rvd	xj8mqq8hnt2	雞腿		2025-05-16 17:05:45	2017-12-29 00:00:00
xjjtwsrdx4r	尾翅	尾骨：豬其～（豬尾骨）	mui55 jie213	mui33 cie213		fzho		3rvd	xhpsm445j37	尾翅		2025-05-16 17:05:45	2017-12-29 00:00:00
xgu848m2fwt	塞儥裡	①塞不進去：～去（了）②喫不下：食飽了？——～去（了）	sik21 me53 lie33	seik24 ma242 die33		fzho		3rvd	xxdy6m2ggss	塞儥裏		2025-05-16 17:05:45	2017-12-29 00:00:00
xu3fwdwb5zc	火鍋	以水或湯導熱鍋來涮煮食物的烹調方式‖又讀huo21 guo55	hui21 guo55	hui33 guo55		fzho		3rvd	xk52gm58p4b	火鍋		2025-05-16 17:05:45	2017-12-29 00:00:00
xzx83rjr28w	濛濛雨	蒙蒙細雨	mung21 mung53 ngy33	moung213 moung213 y33				3rvd	xta2d7378vr	濛濛雨		2025-05-16 17:05:45	2020-04-11 00:00:00
xyptqhxybx8	觸*	藤壺‖又寫作「𧋥」	ceoyk24	ceoyk24		liji	屠本畯. 閩中海錯疏[M]. “𩽳魟鱼，背厚长，有𧋥，大者二三斤。”	3rvd	xzcphesz45w	䗩		2025-05-16 17:05:45	2020-04-11 00:00:00
x6dbp3ax4j4	𬠖	凸壳肌蛤‖又寫作「螊」	nieng53	nieng53		liji		3rvd	x6v4wvww2kb	𬠖		2025-05-16 17:05:45	2020-04-11 00:00:00
xf2j6qncjxy	大骹袋	招潮蟹‖末字含義暫不明	duai21 a53 looy242	duai242 ka55 dooy242		liji		3rvd	x66scbcnney	大骹袋		2025-05-16 17:05:45	2020-04-11 00:00:00
xjfevtskmxh	風蚊袋	蟾蜍	hung53 muong21 nooy242	hung55 muong53 dooy242	hung55 muong21 nooy242	liji		3rvd	xjfpkrk9e88	風蚊袋		2025-05-16 17:05:45	2020-04-11 00:00:00
xx9xhyfkwuq	寄爬生	寄居蟹	gie55 wa55 lang55	gie213 ba53 sang55		liji		3rvd	xsju25gm6fq	寄爬生		2025-05-16 17:05:45	2020-04-11 00:00:00
xda95489s6a	五骹馬	海星	ngu21 a53 ma33	ngou242 ka55 ma33		liji		3rvd	xg3tqc7xe9q	五骹馬		2025-05-16 17:05:45	2020-04-11 00:00:00
xmjdj64vz5e	江珧柱	江珧，連江本地直接借用其闢殼肌的乾製品（乾貝的一種）名稱來稱呼這種貝類	goung53 ngiu21 jeoy242	goung55 iu53 zeoy242		liji		3rvd	x4cha9yxrfn	江珧柱		2025-05-16 17:05:45	2020-04-11 00:00:00
x6qr6vhbwfc	蒜囝	蒜之俗稱	soung53 ngiang33	sooung213 giang33			福州传统宴会的礼俗和禁忌[EB/OL]. 新浪旅游, 2009-07-13. https://travel.sina.com.cn/china/2009-07-13/104595147.shtml.	3rvd	xtu7dwpvu6z	蒜囝		2025-05-16 17:05:45	2020-04-11 00:00:00
x9pjzudrust	蠣囝	蠣之俗稱	die53 iang33	die242 giang33			福州传统宴会的礼俗和禁忌[EB/OL]. 新浪旅游, 2009-07-13. https://travel.sina.com.cn/china/2009-07-13/104595147.shtml.	3rvd	x4cfk9wdtvb	蠣囝		2025-05-16 17:05:45	2020-04-11 00:00:00
xcqwek4xhvn	弟囝	小孩子	die53 iang33	die242 giang33			福州传统宴会的礼俗和禁忌[EB/OL]. 新浪旅游, 2009-07-13. https://travel.sina.com.cn/china/2009-07-13/104595147.shtml.	3rvd	xdmwrvnrxj7	俤囝		2025-05-16 17:05:45	2020-04-11 00:00:00
x9vavjvvr5m	香港客	定居香港的福州人	hyong21 ngeoyng55 kah24	hyong55 geoyng33 kah24			久岛. 一名纽约福州人讲述偷渡客的故事[EB/OL]. 美国之音, 2019-10-30. https://www.voachinese.com/a/ny-illegal-chinese-immigrant-story-20191030/5144592.html.	3rvd	x8jtkkhbq2c	香港客		2025-05-16 17:05:45	2020-04-12 00:00:00
x99yqvswxr8	美國客	定居美國的福州人	mi21 uok55 kah24	mi33 guok24 kah24			久岛. 一名纽约福州人讲述偷渡客的故事[EB/OL]. 美国之音, 2019-10-30. https://www.voachinese.com/a/ny-illegal-chinese-immigrant-story-20191030/5144592.html.	3rvd	x2z7teyf9kp	美國客		2025-05-16 17:05:45	2020-04-12 00:00:00
xamcjpfnrmm	萬八嫂	指其丈夫偷渡至美國發展的女子‖萬八，即一萬八千；中國改革开放後，偷渡美國的費用初爲一万八千美元，故名	uang21 beik24 so33	uang242 baik24 so33			久岛. 一名纽约福州人讲述偷渡客的故事[EB/OL]. 美国之音, 2019-10-30. https://www.voachinese.com/a/ny-illegal-chinese-immigrant-story-20191030/5144592.html.	3rvd	x4srvpn4u3u	萬八嫂		2025-05-16 17:05:45	2020-04-12 00:00:00
x5fdsk8w4vx	十九痞	二十世紀末期他校學生對福州第十九中學學生的非正面稱呼	seik21 gau24 wai33	seik5 gau33 pai33				3rvd	xv5jhrjmy7z	十九痞		2025-05-16 17:05:45	2020-04-12 00:00:00
xyc3udtxzk4	腹老楻	肚腩，啤酒肚	buk21 lo21 kuong53	bouk24 lo33 kuong53				3rvd	xe3yxwh578a	腹老楻		2025-05-16 17:05:45	2020-04-13 00:00:00
x9v4j8fusjq	臺三空	二十世紀七八十年代對福州第三十六中學的蔑稱；「臺」是因爲三十六中位於臺江	dai21 sang55 keoyng55	dai53 sang55 keoyng55				3rvd	xbt7ybavvh7	臺三空		2025-05-16 17:05:45	2020-04-13 00:00:00
xxa3bnkgmdb	廿三空	二十世紀七八十年代對福州第二十三中學（後爲福州文教職業中專學校）的蔑稱	niek21 sang55 keoyng55	niek24 sang55 keoyng55				3rvd	xwmg2ef3cbj	廿三空		2025-05-16 17:05:45	2020-04-13 00:00:00
x94rn455cc6	蟹	泛指小型螃蟹	ai33	ai33		liji		3rvd	xdc5sdxy7ag	蟹		2025-05-16 17:05:46	2020-05-24 00:00:00
xe58gr3dqk6	峽北	地名，在烏龍江大橋倉山一側橋頭附近	heik21 booyk24	heik5 booyk24				3rvd	xdftntjdbzf	峽北		2025-05-16 17:05:51	2020-09-23 00:00:00
xjurba4ayyr	下蜀站	下一站：～，狀元境，貿總酒店	a53 loh21 jang242	a242 suoh5 zang242	a53 loh21 jiang242	fzho	维基百科编者. 福州地铁[G/OL]. 中文维基百科, 2016-06-20[2020-04-15]. https://zh.wikipedia.org/w/index.php?title=%E7%A6%8F%E5%B7%9E%E5%9C%B0%E9%93%81&oldid=40525393.	3rvd	x56wdshrz5b	下蜀站		2025-05-16 17:05:45	2020-04-15 00:00:00
xktnnqgn9jq	犬食雞	二十世紀末快餐連鎖店「肯德基」進入福州時產生的謔稱	keing21 sieh55 gie55	keing33 sieh5 gie55		fzho		3rvd	xghzv6hybhr	犬食雞		2025-05-16 17:05:45	2018-04-05 00:00:00
x5fynzbjyg4	正大廣場	地名，在福州	zing53 dai242 guong21 duong53	zeing213 dai242 guong33 duong53		fzho		3rvd	xpqayt2j55p	正大廣場		2025-05-16 17:05:45	2020-04-15 00:00:00
xx3qrndpdde	光明橋	地名，在福州：～站	guong55 ming55 ngyo53	guong55 ming53 gyo53		fzho		3rvd	xc2kerevxjm	光明橋		2025-05-16 17:05:45	2020-04-15 00:00:00
x3hegnnw8tn	狀元境	境名，在福州	zoung53 nguong33 ging33	zooung242 nguong53 ging33		fzho		3rvd	xugfsmytjmy	狀元境		2025-05-16 17:05:45	2020-04-15 00:00:00
x4pcjvs2v58	貿總酒店	舊酒店名，在福州	mau53 zung33 ziu55 laing213	mau242 zung33 ziu33 daing213		fzho		3rvd	xjd9nv4hzpq	貿總酒店		2025-05-16 17:05:45	2020-04-15 00:00:00
x4yb6kc79cn	相聲	一種民間說唱曲藝，以說、學、逗、唱爲形式	suong55 niang55	suong213 siang55				3rvd	xhb8ndqzybm	相聲		2025-05-16 17:05:45	2020-04-16 00:00:00
xmvjrxsretf	當選	於競選中獲得合於法定的多數票而中選	doung53 soung33	doung55 soung33				3rvd	xmv6vv5ywqr	當選		2025-05-16 17:05:45	2020-04-16 00:00:00
x9dwfm2pj6k	儂前	衆人面前	neoyng55 neing53	neoyng53 seing53			李纾. 论闽方言及其演变[J]. 浙江大学学报: 人文社会科学版, 2003, 33(3): 71.	3rvd	xrrdzt2usvd	儂前		2025-05-16 17:05:45	2020-04-16 00:00:00
xbaaty3sety	儂裡	別人家裡	neoyng33 nie33	neoyng53 die33			李纾. 论闽方言及其演变[J]. 浙江大学学报: 人文社会科学版, 2003, 33(3): 71.	3rvd	xp5jtxnh2yh	儂裏		2025-05-16 17:05:45	2020-04-16 00:00:00
x5t84bhjrrx	行船	駕駛船隻：海𡅏（裏）～靠老婿（木船上的船老大，轉爲倨稱）	giang55 sung53	giang53 sung53				3rvd	x3k5vdceu8t	行船		2025-05-16 17:05:45	2020-04-16 00:00:00
xaenuekxgem	發大	①（植物）長大②（痤瘡）變大③有時也指人的長大：伊發野（好）大去（了）‖不能用於動物	buok55 duai242	buok24 duai242				3rvd	x8ngure8wf6	發大		2025-05-16 17:05:46	2020-04-16 00:00:00
xpmwevjaun9	會仈寅卯	明白事體：～？汝（你）會仈（懂）寅共卯？	e53 baik24 ing33 mau33	a242 baik24 ing53 mau33		mnhu		3rvd	x9z4hdxvsjq	會仈寅卯		2025-05-16 17:05:46	2020-04-16 00:00:00
xfzued5tpda	發懸	長高‖不能用於動物	buok21 geing53	buok24 geing53		liji		3rvd	xvayb3bpckv	發懸		2025-05-16 17:05:46	2020-04-16 00:00:00
x99mkyg8krq	生肉柱	長痤瘡：面𡅏～	sang21 nyk53 tiu242	sang55 nyk5 tiu242		mnhu		3rvd	xk7aex333ns	生肉柱		2025-05-16 17:05:46	2020-04-16 00:00:00
xxv9hkdfjfd	鼎𢯽	鍋刷‖該詞在連江部分地區常指代絲瓜	diang55 njoo213	diang33 coo213		mnhu		3rvd	xcewu93t2tr	鼎𢯽		2025-05-16 17:05:46	2020-04-17 00:00:00
x79zs62paka	過繼	認領兄弟或同宗親戚之兒子爲自己後代	guo53 ie213	guo213 gie213		mnhu		3rvd	xtcw5vpmyv5	過繼		2025-05-16 17:05:46	2020-04-17 00:00:00
xeqy64qz72u	儥蜀樣	不一樣：「道」共（和）「掏」～（此句指兩字讀音不一樣）	me53 loh21 yong242	ma242 suoh5 yong242		mnhu		3rvd	xgc3qpmf7kv	儥蜀樣		2025-05-16 17:05:46	2020-04-17 00:00:00
x76uqxvhvun	鄉長公	鄉長，舊時一般由鄉裡百姓推選年齡最大，聲望最高的長者擔任	hyong21 nuong21 ngung55	hyong55 duong33 gung55		liji		3rvd	xvhvp2y5gnt	鄉長公		2025-05-16 17:05:46	2020-04-17 00:00:00
xc3e396rfu9	柱聯	對聯。雖曰「柱聯」，唯不局限於寫在柱子上與否	tiu55 lieng53	tiu242 lieng53		liji		3rvd	xxsva57e6gr	柱聯		2025-05-16 17:05:46	2020-04-17 00:00:00
x4j3b2c7kb8	畝	市畝的通稱：塍（水田）三～	meu33	meu33		liji		3rvd	xry7rkdz5nf	畝		2025-05-16 17:05:46	2020-04-18 00:00:00
xkvp2ppgf5m	粟麴	即鼠麴草，一年生草本植物，葉子互生，匙形或條形，有柔軟的白毛，頭狀花序，花黃色。本地於清明時常采集做餅食‖前字本字或爲「粟」，與「麴」字共同表示其花朵顏色、形態	cuo53 eoyk24	nan		liji		3rvd	xyzc9gx48g8	粟麴		2025-05-16 17:05:46	2020-04-18 00:00:00
x33h4yg9bys	公婆桌	一種狹長的桌子，多放在廳堂的正面，擺放香爐等用	gung53 mo21 looh24	gung55 bo53 dooh24				3rvd	x2bswhypbku	公婆桌		2025-05-16 17:05:46	2020-04-18 00:00:00
xgv9wts68gg	天明日中	白天	tieng21 mang21 nik55 doung55	tieng55 mang53 nik5 doung55				3rvd	xkzdvxasw86	天明日中		2025-05-16 17:05:46	2020-04-24 00:00:00
xtqhuu4ndyr	共囝	養孩子	geoyng53 ngiang33	gooyng242 giang33				3rvd	xub6n4sxfp5	共囝		2025-05-16 17:05:46	2020-04-28 00:00:00
xf96f9gyk27	泉	泉水‖白讀	siang53	siang53				3rvd	x4edzb9hk5h	泉		2025-05-16 17:05:46	2020-05-11 00:00:00
xxay2c5fwxw	俥々環	轉圈圈	cuo55 luo55 kuang53	cuo55 kuang53		fzho		3rvd	x96gb257xrq	俥々環		2025-05-16 17:05:46	2020-05-16 00:00:00
x2e28we749d	尾梨糕	糕點，色透明，清甜軟潤，富有彈性，生津解渴	mui21 li55 o55	mui33 li53 go55		fzho		3rvd	xbcsx5hr4e7	尾梨糕		2025-05-16 17:05:46	2020-05-16 00:00:00
xtxf7qmxva2	水星	指因海中夜光藻類在夜間受刺激時產生的發光現象	zui21 ling55	zui33 sing55		liji		3rvd	x4zhyhfn7cu	水星		2025-05-16 17:05:46	2020-05-17 00:00:00
xpf8v26rvw6	水平	①指與鉛垂線垂直的；跟水平面平行的②在某一方面達到的高度‖俗讀zui21 wang53	zui21 wing53	zui33 bing53		fzho, mnhu		3rvd	xphjzefkdqn	水平		2025-05-16 17:05:46	2020-05-17 00:00:00
xv7pasfcmeb	比手劃骹	指手劃腳	bi24 jiu33 uah5 ka55	bi33 ciu33 uah5 ka55				3rvd	xt8ryf7ewcq	比手劃骹		2025-05-16 17:05:46	2020-05-17 00:00:00
xeykfp3an3p	廈門航空	航空公司名	a55 muong53 houng55 kung55	a242 muong53 houng53 kung55				3rvd	xcjakx6phhk	廈門航空		2025-05-16 17:05:46	2020-05-17 00:00:00
x6apgh2dfzq	廈航	廈門航空的簡稱	ha55 houng53	ha242 houng53				3rvd	xzdmwft8frr	廈航		2025-05-16 17:05:46	2020-05-17 00:00:00
xpqh27hcvm3	紅尿水	赤潮，一般伴隨著海中夜光藻類在夜間受刺激時發光的現象	eoyng21 niu53 zui33	eoyng53 niu242 zui33		liji		3rvd	xmcn8swu6qw	紅尿水		2025-05-16 17:05:46	2020-05-24 00:00:00
xs3hcd99y5e	水汁	赤潮，一般伴隨著海中夜光藻類在夜間受刺激時發光的現象‖特指無毒赤潮可說「水汁好」	zui55 jaik24	zui33 zaik24		liji		3rvd	xepjdyyg9y2	水汁		2025-05-16 17:05:46	2020-05-24 00:00:00
xnbscqq2sjm	露螺	蝸牛，因多見於南風天潮濕天氣或潮濕有露水地帶得名	lu55 leoy53	lou213 leoy53		liji		3rvd	x45vh5su9kc	露螺		2025-05-16 17:05:46	2020-05-24 00:00:00
xaj26b2xegr	金鳳	即鳳仙花，一年生草本植物。花形宛如飛鳳，頭翅尾俱全，故名。可作染色用	ging53 moung242	ging55 poung242		liji, fuqi	冯爱珍. 福清方言研究[M]. 北京: 社会科學文献出版社, 1993: 177.	3rvd	x9cumqn6pp4	金鳳		2025-05-16 17:05:46	2020-05-24 00:00:00
xrfdkmdrkps	黃梔	即梔子，多年生灌木，花白色，有濃郁芳香，果近卵形，黃色或橙紅色，有翅狀縱棱，宿存萼裂片較長	uong55 gi55	uong53 gi55		liji		3rvd	xep9r6ruzn4	黃梔		2025-05-16 17:05:46	2020-05-24 00:00:00
xqp6f7ej9xa	梔	「梔」字破讀：黃～（梔子）‖閩南亦有地區將此字讀若/ki/	gi55	gi55				3rvd	xkxfuwjz7x5	梔		2025-05-16 17:05:46	2020-05-24 00:00:00
xsm3h48f9t8	鳳	「鳳」字破讀：金～（鳳仙花）	poung242	poung242			冯爱珍. 福清方言研究[M]. 北京: 社会科學文献出版社, 1993: 177.	3rvd	xednvwu2yzq	鳳		2025-05-16 17:05:46	2020-05-24 00:00:00
xgesj8sfbkc	爪	量詞，表示一長串物品：鑼盆（盆）裡勢（裡）有五～粽	zau33	zau33		liji		3rvd	x9bnhz8fmva	爪		2025-05-16 17:05:46	2020-06-05 00:00:00
xn2jzma4fcq	飲	澆灌‖多指人爲澆灌作物，而淋雨等自然行爲多用「沃」	ang242	ang242		liji		3rvd	x7757pf3sdf	飲		2025-05-16 17:05:46	2020-06-05 00:00:00
xdaef8dzqsp	正宗	傳統的，主要的，正統的	ziang55 zung55	ziang213 zung55		fzho		3rvd	xzepa2grbxd	正宗		2025-05-16 17:05:46	2020-06-05 00:00:00
xbz4sghynkq	山東	政區名，在華東	sang55 neoyng55	sang55 deoyng55		fzho		3rvd	xth6u6eyxh7	山東		2025-05-16 17:05:46	2020-06-05 00:00:00
xy64k3e38v2	合肥	安徽省會‖也有人讀作hak33 pi53	hak33 bui53	hak5 bui53		fzho, mnhu		3rvd	x3zy89py988	合肥		2025-05-16 17:05:46	2020-06-05 00:00:00
xr4pk6eexvg	黑龍江	政區名，得名於同名的江，在華東北	heik21 lyng55 geoyng55	haik24 lyng53 geoyng55		fzho		3rvd	xzc4yepvq35	黑龍江		2025-05-16 17:05:46	2020-06-05 00:00:00
xdt59zexqhn	莆田	城市名，在福建	puo21 lieng53	puo33 dieng53		fzho, mnhu		3rvd	xm8kvbzbenp	莆田		2025-05-16 17:05:46	2020-06-05 00:00:00
xkf44xq9jju	海口	海南省會	hai24 au33	hai33 kau33		fzho		3rvd	xrvfdakmp6p	海口		2025-05-16 17:05:46	2020-06-05 00:00:00
xxynjsm9nsc	江西	政區名，在長江中下游南岸	goung55 ne55	goung55 se55		fzho		3rvd	xmu9d7u5hg7	江西		2025-05-16 17:05:47	2020-06-05 00:00:00
xnqqv2d988p	江蘇	政區名，在華東	goung55 nu55	goung55 su55		fzho		3rvd	xmscpycjtvc	江蘇		2025-05-16 17:05:47	2020-06-05 00:00:00
xuhzzh9evjt	長沙	湖南省會	duong55 na55	duong53 sa55		fzho		3rvd	xhw9hw46ecf	長沙		2025-05-16 17:05:47	2020-06-05 00:00:00
xdyqua54pqv	武漢	湖北省會	u55 ang213	u33 hang213		fzho		3rvd	x9xe9327a6u	武漢		2025-05-16 17:05:47	2020-06-05 00:00:00
xj339eqbk3c	內蒙古	政區名，在華北	neoy53 mung33 gu33	neoy242 mung53 gu33		fzho		3rvd	xdfvtqyptjq	內蒙古		2025-05-16 17:05:47	2020-06-05 00:00:00
xgtpxwhzt8e	呼和浩特	內蒙古自治區首府	hu21 uo21 ho55 deik5	hu55 huo53 hoo242 deik5		fzho		3rvd	xb98jz9wx7c	呼和浩特		2025-05-16 17:05:47	2020-06-05 00:00:00
xxhawfpebgg	拉薩	西藏自治區首府	la53 sak24	la55 sak24		fzho		3rvd	xzgr9xvbgz6	拉薩		2025-05-16 17:05:47	2020-06-05 00:00:00
x78zvvzkw95	九龍	地名，在香港	giu21 lyng53	giu33 lyng53		fzho		3rvd	xrrmwy3jbtx	九龍		2025-05-16 17:05:47	2020-06-05 00:00:00
xv6k94ghmtz	南沙	羣島名，在南海	nang55 sa55	nang53 sa55		fzho		3rvd	xs6zbu32rd4	南沙		2025-05-16 17:05:47	2020-06-05 00:00:00
xu7p7fmuf6z	頭頭水	第一批的，第一次的：紫菜着（要）赶～（指趕着買首批最新鮮）	ta33 lau33 jui33	tau53 tau53 zui33		mnhu		3rvd	xynm9w5fxqp	頭頭水		2025-05-16 17:05:47	2020-06-05 00:00:00
xfqpn5tqpq4	敆殼	①物品拔不出，殼還卡在裏面②做事不順，難辦③形容人棘手，害人不淺	gak21 kooyk24	gak5 kooyk24		mnhu		3rvd	xh9tkpvz88m	敆殼		2025-05-16 17:05:47	2020-06-06 00:00:00
xuz8zr9frfc	聒	吵鬧，聒噪：伓通（不要）廮𡅏（在那邊）～‖聒，《戚林八音》載求歡上入（guak24）。口語中還可讀爲求歡下入（guak5）與求花下平（gua53）。	guak5	guak5		mnhu		3rvd	x6jfvnxmq9q	聒		2025-05-16 17:05:47	2020-06-06 00:00:00
xhdthcytr7d	五鳳	①山名，在福州鼓樓區西北部②地名，在五鳳山一帶。有同名村莊，後建設爲小區	ngu53 oung242	ngou242 houng242		fzho		3rvd	xkkr9e342qf	五鳳		2025-05-16 17:05:47	2020-06-06 00:00:00
x6nw5r65gtw	幹勁	做事的勁頭：～盡（挺）足	gang53 geing213	gang213 geing213		mnhu		3rvd	xb2pdq29k95	幹勁		2025-05-16 17:05:47	2020-06-06 00:00:00
xk4n6kh64p3	搦螞蝴	形容跳舞時手舞足蹈，動作不好看，貶義	nieh5 ma33 u53	nieh5 ma33 hu53		mnhu		3rvd	xttqnc3v2ut	搦螞蝴		2025-05-16 17:05:47	2020-06-06 00:00:00
xzjmqvvh7b7	幅度	①物體振動或搖擺所展開寬度②比喻事物變動程度	huk21 dou242	houk24 dou242		fzho		3rvd	xphbx3agypd	幅度		2025-05-16 17:05:47	2020-06-06 00:00:00
x57gjm7ua8b	雪峰山	山名，在閩侯	suok21 hung55 nang55	suok24 hung55 sang55		mnhu		3rvd	xmh2s987hxd	雪峰山		2025-05-16 17:05:47	2020-06-06 00:00:00
x5zep2w3t32	領舞	跳舞時帶頭的人	liang24 u33	liang33 u33		fzho		3rvd	xtvktwk59p9	領舞		2025-05-16 17:05:47	2020-06-06 00:00:00
xa6q3zbwt8p	做字	簽合同：租厝（房）講（談）好了，下晝卜～	zo53 zei242	zoo213 zei242				3rvd	xbd5q55u8tv	做字		2025-05-16 17:05:47	2020-06-18 00:00:00
xqu9s2hna38	痘痘	青春痘：發（長）～	dau21 dau242	dau242 dau242		mnhu		3rvd	x8v2ef96cdu	痘痘		2025-05-16 17:05:47	2020-06-19 00:00:00
xqekenmkax7	軟木	裸子植物的木材：～其（的）塞塞（塞子）	nuong21 muk5	nuong33 muk5		mnhu		3rvd	x29u2b5tdrw	軟木		2025-05-16 17:05:47	2020-06-19 00:00:00
xgr39jwwtxw	㪠㪠	器物上面有遮蔽作用的東西‖前字變調與一般兩字組不同	kaing21 kaing213	kaing213 kaing213		mnhu		3rvd	xdfxqegmzj7	㪠㪠		2025-05-16 17:05:47	2020-06-19 00:00:00
xnazjp2fez8	崩	極言物多：我厝（家）總*款（這樣的）乇（東西）野（很）価（多），～去（了）	bung55	bung55		mnhu		3rvd	xmwketmmd8d	崩		2025-05-16 17:05:47	2020-06-19 00:00:00
xycwqe8jdty	面巾	洗臉毛巾	ming55 yng55	meing213 yng55		mqig		3rvd	xhr53dh5vtf	面巾		2025-05-16 17:05:47	2020-06-20 00:00:00
xx4v2qtha8c	麵筋	食品。以小麥粉和水洗去澱粉，餘下蛋白質凝結而成	mieng55 yng55	mieng242 gyng55				3rvd	xtqrwn8dqkf	麵筋		2025-05-16 17:05:47	2020-06-20 00:00:00
x2fjpsdpdrh	三七四六	①有本事②猶言一切，是非情由：故（還）插（管）伊（他）～	sang53 ceik24 si21 leoyk5	sang55 ceik24 sei213 leoyk5				3rvd	x5v8qgtayen	三七四六		2025-05-16 17:05:47	2020-06-20 00:00:00
xecrkcxx853	老鼠𤴯	舊時房屋旁的一種無毒蛇，擅食老鼠，故此得名	lo21 jy55 huong213	lo33 cy33 huong213				3rvd	xxdgq7stb5h	老鼠𤴯		2025-05-16 17:05:49	2020-05-02 00:00:00
xh76c7ecgy2	三七廿一	猶言一切，是非情由：故（還）插（管）伊（他）～|無管～	sang53 ceik24 niek55 eik24	sang55 ceik24 niek24 eik24				3rvd	xsqqbfrb6dn	三七廿一		2025-05-16 17:05:47	2020-06-20 00:00:00
x9bvqwp5759	颱風	是赤道以北、國際換日線以西對熱帶氣旋的一個分級‖颱又讀tai55	dai55 ung55	dai55 hung55		fuqi		3rvd	x5n97bwjuzu	颱風		2025-05-16 17:05:47	2020-06-21 00:00:00
xzvgzwvf2s3	日食	一種天文現象，只在月球運行至太陽與地球之間時發生	nik55 sik5	nik5 sik5		fuqi		3rvd	xz8yb67bd2z	日食		2025-05-16 17:05:47	2020-06-21 00:00:00
xhy2mgzfhqa	做乞其	乞討的人	zo53 keoyk24 gi0	zoo213 keoyk24 gi53		mnhu		3rvd	xsa9dvr4qy7	做乞其		2025-05-16 17:05:47	2020-06-23 00:00:00
xh37ndq3dh7	好食	好喫	ho21 lieh5	ho33 sieh5		fzho	端午味道 食全食美食在端午[EB/OL]//央视新闻: 网络直播室. 2020-06-25[2020-06-25]. https://www.bilibili.com/video/BV1Vh411o7Aa.	3rvd	xmcv9dcn2hv	好食		2025-05-16 17:05:47	2020-06-25 00:00:00
xeteftn6g2j	無錢	①沒錢②免費，不用錢，不要錢A）作爲狀語修飾謂語動詞：去～|掏（拿）～|食（喫）～|者（這）車使（使用）～其（的）B）作爲謂語使用：者車～其|公園都是～其‖作爲狀語修飾謂語以表達「免費」義時，多置之於謂語中心語前，如「使（用）～」；「～使」多解爲「沒錢用」，視語境纔有可能解爲「免費用」	mo33 jieng53	mo53 zieng53		fzho, mnhu		3rvd	x7jt4fvv8nb	無錢		2025-05-16 17:05:47	2020-06-27 00:00:00
xb3dphgjfmb	伓使錢	免費，不用錢，不要錢	ing21 nai21 jieng53	eing242 sai33 zieng53				3rvd	x7ak8y7c8a2	伓使錢		2025-05-16 17:05:47	2020-06-27 00:00:00
xgzv9jvuvsp	無挃錢	免費，不用錢，不要錢	mo21 lik55 zieng53	mo53 dik5 zieng53		fzho		3rvd	xgz7b69235t	無挃錢		2025-05-16 17:05:47	2020-06-27 00:00:00
xfq6pqxan6d	免費	免費，不用錢，不要錢：這架車～其	mieng55 ie213	mieng33 hie213				3rvd	xcc4k785em9	免費		2025-05-16 17:05:47	2020-06-27 00:00:00
x8knjntvz43	染染嘈	吵鬧，嘈雜	niang21 niang21 zeo53	niang33 niang33 zeo53		cgle		3rvd	xvuh8zmbxuy	染染嘈		2025-05-16 17:05:47	2020-06-27 00:00:00
x9a8gza6jrm	米粒雪	米粒狀的雪	mi21 lak53 suok24	mi33 lak5 suok24		mnhu		3rvd	xfmhjfgk347	米粒雪		2025-05-16 17:05:47	2020-06-28 00:00:00
x8bem6nkkse	犬牯	公狗‖也可以說「犬角」「犬雄」「犬公」	keing24 gu33	keing33 gu33				3rvd	xpjwsm5dcvg	犬牯		2025-05-16 17:05:48	2020-07-16 00:00:00
xuunwfbe598	無板無調	離譜，太過分‖板，節奏	mo33 being33 mo21 diu242	mo53 being33 mo53 diu242		mnhu	任笑痴. 福州话里比喻多[N]. 福州新闻网, 2014-04-16.	3rvd	xa8c7j2bgw6	無板無調		2025-05-16 17:05:48	2020-06-28 00:00:00
xz4rwspsw2v	無調	沒本事：復（又）～褲骹（褲管）捋（擼）復懸（高）（又沒本事又裝作很能幹）	mo21 diu242	mo53 diu242		mnhu		3rvd	xx3h4vvm356	無調		2025-05-16 17:05:48	2020-06-28 00:00:00
xpcxt9gecax	新疆	中國最大的省級行政區，位於西北：伊明旦（明天）卜（要）去～	sing55 ngyong55	sing55 gyong55				3rvd	xksampr4kes	新疆		2025-05-16 17:05:48	2020-06-14 00:00:00
xcuyczvku8h	捋辟	指男性自慰	lak33 pik5	lak5 pik5		mnhu		3rvd	xvuydfsp93h	捋𬈺		2025-05-16 17:05:48	2020-06-24 00:00:00
xypyfjmrrtf	澤裡	村，在長樂潭頭西部	nan	nan	die53 la33	cgle		3rvd	xe8eqsbpah4	澤裏		2025-05-16 17:05:48	2020-06-28 00:00:00
xj7ey57d9ys	文嶺	鎮，在長樂	ung33 liang33	ung53 liang33		cgle		3rvd	xf44w5vhh4j	文嶺		2025-05-16 17:05:48	2020-06-28 00:00:00
xxrgjn3hy2q	大學生	就讀於大學院校之學生	dai21 ouk55 seing55	dai242 houk5 seing55	dai55 ouk55 seing55			3rvd	xur9qxn7exq	大學生		2025-05-16 17:05:48	2020-06-28 00:00:00
x32ga7sfspy	平直骹	老實人	bang21 nik55 ka55	bang53 dik5 ka55				3rvd	xjzz94yhfpa	平直骹		2025-05-16 17:05:48	2020-06-28 00:00:00
xyckbkn2efh	屜屜	抽屜‖連讀變調與一般兩字組規律不同	ta21 ta213	ta213 ta213		liji		3rvd	xztb26a7ghn	屜屜		2025-05-16 17:05:48	2020-06-28 00:00:00
x8stkkcd46y	底底	底部‖連讀變調與一般兩字組規律不同	de33 de33	de33 de33		liji		3rvd	xt7vwq72ybj	底底		2025-05-16 17:05:48	2020-06-28 00:00:00
xg2qynp7b7a	絞絞	扳手‖連讀變調與一般兩字組規律不同	ga33 ga33	ga33 ga33		mnhu		3rvd	x632ytvhmwh	絞絞		2025-05-16 17:05:48	2020-06-28 00:00:00
xfcja68qkum	美墩橋	地名，在福州倉山‖首字應爲「尾」，地名雅化作「美」	mui21 loung55 ngyo53	mui33 doung55 gyo53		fzho		3rvd	xze6xx3yxac	美墩橋		2025-05-16 17:05:48	2020-06-28 00:00:00
xxr5xjmp8vx	厚美	地名，在閩侯上街‖本字應爲「後尾」，地名雅化作「厚美」	au53 mui33	au242 mui33		mnhu		3rvd	xmvfaj73xxx	厚美		2025-05-16 17:05:48	2020-06-28 00:00:00
xp3zcu5nddm	題目	①文章或诗篇之标名：者文章～號世乇②考试时要求应试者作答之问题	de33 meoyk5	de53 meoyk5		mnhu		3rvd	xe9j424zp43	題目		2025-05-16 17:05:48	2020-06-28 00:00:00
x6mnuxqyar7	保險櫃	盛放重要物品的容器	bo21 ieng55 gui242	bo33 hieng33 gui242				3rvd	x4eqckvns7x	保險櫃		2025-05-16 17:05:48	2020-06-28 00:00:00
x5322h7cfk7	衣裳櫥	衣櫥，衣櫃	i55 luong55 niu53	i55 suong53 diu53		mnhu		3rvd	xh72zky35x5	衣裳櫥		2025-05-16 17:05:48	2020-06-28 00:00:00
xhh9h74ukd4	好罷好奶	爲人很好的父母：嚴復《與甥女何紉蘭書三十封·十七》\：「伯玉只因己爲好爸好奶所生，其配偶又頗高尚，故於他人苦處全然不知如此」（王栻， 主編. 嚴復集: 第三冊[M]. 北京: 中華書局， 1986.）	ho55 ba242 ho24 ne33	ho33 ba242 ho33 ne33		mnhu		3rvd	xnde9zh3cbg	好罷*好奶		2025-05-16 17:05:48	2020-06-28 00:00:00
xrf7ana6b7z	老貨囝	老傢伙，謔稱老年人	lau21 huo53 iang33	lau242 huo213 giang33				3rvd	x435cywz9ak	老貨囝		2025-05-16 17:05:48	2020-06-28 00:00:00
xzvebhuqbk8	老犬牯	①老狗②詈詞，辱罵老年人，語氣重於「老貨囝」	lau21 keing24 ngu33	lau242 keing33 gu33				3rvd	x4fjh7k7jwa	老犬牯		2025-05-16 17:05:48	2020-06-28 00:00:00
xytgv6xdu9v	睏會着	①睡得着②催促睡覺的用語，意即此時去睡便能睡得着	koung21 e55 luoh5	kooung213 a242 duoh5		fzho		3rvd	xt84h6hzvd7	睏會着		2025-05-16 17:05:48	2020-06-28 00:00:00
xv5wprw7nth	五月端	端午	ngu21 nguok55 duang55	ngou242 nguok5 duang55		cgle		3rvd	xnfjeek77mt	五月端		2025-05-16 17:05:48	2020-06-28 00:00:00
xewkzeeh3zs	頌睏其	睡衣	syng53 ngooung213 i0	seoyng242 kooung213 gi53		cgle		3rvd	xn69hnbdzpq	頌睏其		2025-05-16 17:05:48	2020-06-29 00:00:00
x3makhnqbnv	山路	山中的道路	sang53 luo242	sang55 duo242				3rvd	xfm3jsp8233	山路		2025-05-16 17:05:48	2020-06-30 00:00:00
xan5tm6ztmf	天倖	僥倖，幸運，往往用於死裏逃生、虎口脫險時	tieng53 haing242	tieng55 haing242		cgle		3rvd	xthnj6zh29e	天倖		2025-05-16 17:05:48	2020-06-20 00:00:00
xxfdaqeeq69	僥倖	僥倖，幸運，往往用於死裏逃生、虎口脫險時：伊（他）厝（家）頭先火燒厝（房子着火）去，～儂（人）無敆食（沒事）	hiu53 haing242	hiu55 haing242		mnhu		3rvd	x4p9bgjsxxm	僥倖		2025-05-16 17:05:48	2020-06-20 00:00:00
xp5ut4738h2	睏蜀眠	睡一覺	koung21 {loh} ming53	kooung213 suoh5 ming53		fzho		3rvd	xbbz4ptauwn	睏蜀眠		2025-05-16 17:05:48	2020-06-30 00:00:00
xppyvs7hark	風災	因颱風、暴風、飓風過境而造成的災害	hung55 njai55	hung55 zai55				3rvd	xe5k2rqfp8n	風災		2025-05-16 17:05:48	2020-07-01 00:00:00
xr33vmwamk2	麇々	量詞，堆，群：蜀（一）～|我厝（家）總*款（這樣的）藥故（還）有蜀（一）～（大堆）‖「麇」（kyng53）的分音詞	ky33 lyng53	kyng53		mnhu		3rvd	xfdkn7zefcp	麇々		2025-05-16 17:05:48	2020-07-01 00:00:00
xjr5k7m4dkj	毛澤東	字潤之，生於湖南湘潭，逝於北京。政治家，軍事家	mo55 leik55 dung55	mo53 deik5 dung55				3rvd	xyuez26jx7m	毛澤東		2025-05-16 17:05:48	2020-07-02 00:00:00
x28gs6wn76e	佮陣	做夥	gak55 deing242	gak24 deing242		mnhu		3rvd	x8syu7qdz6b	佮陣		2025-05-16 17:05:48	2020-06-22 00:00:00
xx399y5suz5	廣播	利用電子通信技術傳送聲音、影片等給公眾的行爲	guong55 moo213	guong33 boo213				3rvd	xwacsh6ugjy	廣播		2025-05-16 17:05:48	2020-07-07 00:00:00
xjyt9cyw2rm	落車	下車：請趁（從）～落車（下車）	loh55 jia55	loh5 cia55		fzho		3rvd	xr893swx82t	落車		2025-05-16 17:05:48	2020-04-15 00:00:00
xuzxtwawyf5	文章	用文字綴成語句，聯成篇段，以示人心中思想情意者	ung55 njuong55	ung53 zuong55		fzho		3rvd	xrvph5zuej8	文章		2025-05-16 17:05:48	2020-07-23 00:00:00
xvnq4fm7k4x	討論	就某一問題交換意見	to55 looung242	to33 looung242		fzho		3rvd	xk9gh7dvbec	討論		2025-05-16 17:05:48	2020-07-23 00:00:00
x47hb7majr3	論文	就特定主題將学術研究成果以邏輯的方式書寫出來的文章	loung55 ung53	looung242 ung53		fzho		3rvd	xhykpgvy826	論文		2025-05-16 17:05:48	2020-07-23 00:00:00
x626w5h2r4t	烏山	福州名勝之一，在城西南隅，唐天寶年間改稱閩山。北宋熙寧年間，郡守程師孟曾謂此山可比道家蓬萊、方丈、瀛洲，故又稱作道山，全稱烏石山‖參見「三山」	u55 lang55	u55 sang55		fzho		3rvd	xjpn4fcm4vb	烏山		2025-05-16 17:05:48	2020-07-23 00:00:00
xm5utgc6r4z	道山路	福州路名	doo21 lang53 lou242	doo242 sang55 lou242		fzho		3rvd	xqb6m259cv6	道山路		2025-05-16 17:05:48	2020-07-23 00:00:00
xd8wm6tmvzd	三落鄉	是1980年代始大學生等青年群體參加的社會活動，由各級中國共青團組織，內容爲將科技、文化、衛生三者帶下鄉	sang21 loh55 hyong55	sang55 loh5 hyong55		cgle		3rvd	xgad4ar8gdn	三落鄉		2025-05-16 17:05:48	2020-07-23 00:00:00
xsbmqhpwwbs	上山下鄉	1950年代至1970年代的政治運動，運動中上千萬城市知識青年赴農村定居、勞動	suong55 sang55 ha55 hyong55	suong242 sang55 ha242 hyong55		fzho		3rvd	xmxzbaypnks	上山下鄉		2025-05-16 17:05:49	2020-07-23 00:00:00
xdu89xsn7af	戰坂	福州地名	zieng53 muang33	zieng213 buang33		fzho		3rvd	x3h3edducav	戰坂		2025-05-16 17:05:49	2020-07-23 00:00:00
xm26hwptcx7	幼兒園	實施幼兒教育的機構	iu21 i55 uong53	iu213 i53 huong53		fzho, mnhu		3rvd	xw4mqm55d6z	幼兒園		2025-05-16 17:05:49	2020-08-16 00:00:00
xycvtmy42dn	育兒園	實施幼兒教育的機構	yk21 i55 uong53	yk5 i53 huong53		fzho		3rvd	xzggwy5zg2s	育兒園		2025-05-16 17:05:49	2020-08-16 00:00:00
xk6584nvb77	託兒所	①代替父母照顧小孩的地方②有時非正式地代指幼兒園	touk24 i33 lu33	toouk24 i53 su33		fzho, mnhu		3rvd	xx4mbh8u4tr	託兒所		2025-05-16 17:05:49	2020-08-16 00:00:00
x5e83c36rgz	藁藁	菜梗‖連讀變調與一般兩字組規律不同	go33 go33	go33 go33		fzho		3rvd	xpajak27rca	藁藁		2025-05-16 17:05:49	2020-08-16 00:00:00
xs3wx5fzwzp	管管	①菜梗②多指空心菜梗‖連讀變調與一般兩字組規律不同	guang33 guang33	guang33 guang33		fzho		3rvd	x2qvz4j8jb9	管管		2025-05-16 17:05:49	2020-08-16 00:00:00
xcf54b47gxh	蕨蕨	菜梗‖連讀變調與一般兩字組規律不同	guok21 guok24	guok24 guok24		fzho		3rvd	xtdpqubphdn	蕨蕨		2025-05-16 17:05:49	2020-08-16 00:00:00
xtkpz4ccehr	筈筈	菜梗‖連讀變調與一般兩字組規律不同	guak21 guak24	guak24 guak24		fzho		3rvd	xsg2bqq238e	筈*筈*		2025-05-16 17:05:49	2020-08-16 00:00:00
xzjbxvwcurf	正規	合於正式規定或正常標準的	ziang55 ngie55	ziang213 gie55		fzho, mnhu		3rvd	x93f7y96uzz	正規		2025-05-16 17:05:49	2020-08-16 00:00:00
xm629r26tdq	蚶蜱	蟾蜍	hang55 me53	hang55 pe53				3rvd	x9gxc9rjpup	蚶蜱		2025-05-16 17:05:49	2020-08-17 00:00:00
xe6jndmh5df	土名	通俗名，本地話裏異於通語的稱呼	tu21 miang53	tu33 miang53		mnhu		3rvd	xpb8kxqzeyg	土名		2025-05-16 17:05:49	2020-08-21 00:00:00
xc2quhfxex5	尚書	①上古典籍，又稱《書經》②中國古代官職名③中國古代星官名④特指陳文龍，南宋莆田人，敕封「水部尚書」，民衆尊稱「尚書公」，其廟宇稱「尚書廟」	suong55 njy55	suong242 zy55		mnhu		3rvd	xqjnsmm374x	尚書		2025-05-16 17:05:49	2020-08-21 00:00:00
xjhmzgs3smm	泰山	①山名，在今山東泰安②代指福州九案泰山信仰	tai55 lang55	tai213 sang55		mnhu		3rvd	xm5kskmx84k	泰山		2025-05-16 17:05:49	2020-08-21 00:00:00
xe2p29gd74r	電光脬	①電燈的戲稱：目睭盡像～②指男女談戀愛時礙手礙腳且不知趣的第三者：頭尾無塊（處）捎，鴨卵（蛋）會看～	dieng21 nguong55 pa55	dieng242 guong55 pa55				3rvd	xwqthjgurkz	電光脬		2025-05-16 17:05:49	2020-05-02 00:00:00
xs3x7u53nzy	過橋丟拐	過河拆橋，忘恩負義	guo55 gyo53 liu53 guai33	guo213 gyo53 liu55 guai33				3rvd	xpx45f8r8qq	過橋丟拐		2025-05-16 17:05:49	2020-05-02 00:00:00
xksfk4f35vm	電䀇	變壓器之舊稱	dieng53 gu33	dieng242 gu33				3rvd	xuyvg7xwrfz	電䀇		2025-05-16 17:05:49	2020-05-02 00:00:00
xm4tzdxmfnj	六角絞	內六角扳手，艾倫扳手	leoyk21 geoyk24 ga33	leoyk5 gooyk24 ga33				3rvd	xahd3e623yx	六角絞		2025-05-16 17:05:49	2020-05-02 00:00:00
xjrbejmubzc	二都蚶	產自寧德二都的蚶	ni21 lu55 hang55	nei242 du55 hang55				3rvd	xrn5e3n7pmy	二都蚶		2025-05-16 17:05:49	2020-05-02 00:00:00
xgyq3npp2a5	六角⿱艹初	有棱絲瓜，形似六角形，多角形，故此得名‖也有人稱爲「八角⿱艹初」	leoyk21 geoyk55 coo213	leoyk5 gooyk24 coo213				3rvd	xgyetrv5qtc	六角𰱗		2025-05-16 17:05:49	2020-05-02 00:00:00
xs3ue86qmj3	芋鴨	芋頭燉鴨子，福州美食	uo53 ak24	uo242 ak24				3rvd	xujxgj34mhj	芋鴨		2025-05-16 17:05:49	2020-05-02 00:00:00
xeqkggbz7qx	三角靸	民間對人字拖的一種別稱，因夾角處形似三角，故此得名	sang21 ngeoyk55 liak24	sang55 gooyk24 liak24				3rvd	xuvesukuuzh	三角靸		2025-05-16 17:05:49	2020-05-02 00:00:00
x2e7bjmdppv	晉安	地名，在福州	zing55 ngang55	zeing213 ang55				3rvd	x6ceeyvtr38	晉安		2025-05-16 17:05:52	2020-09-24 00:00:00
xwxx9fa9z89	八尖	福州民間對警察的一種稱呼，類似於「依解哥」（解放軍）	beik21 zieng55	baik24 zieng33				3rvd	x6fcsfaw3ek	八尖		2025-05-16 17:05:49	2020-05-02 00:00:00
xva7hxvtykf	味素哈	菜裡用了味精加蝦油的味道的統稱。味道比較重，故民間常說「味素哈」‖「哈」是刺鼻味道的意思	i21 lu55 ha55	ei242 sou213 ha55				3rvd	xr5p8gsrt62	味素哈		2025-05-16 17:05:49	2020-05-02 00:00:00
x4xbqu29t4g	糖糕餅囝	糖果、糕點、餅乾類的統稱	toung55 ngo55 biang24 ngiang33	toung53 go55 biang33 giang33				3rvd	xhqg7u5ycfc	糖糕餅囝		2025-05-16 17:05:49	2020-05-02 00:00:00
x8zjrvsjjbg	鼎邊鰓	形容煮湯燒水時，水還沒完全煮開，只是鍋邊剛起一圈水泡	diang21 mieng55 ci55	diang33 bieng55 ci55				3rvd	xfantqq3hy8	鼎邊鰓		2025-05-16 17:05:49	2020-05-02 00:00:00
xp3t2y7z766	花哩雞	蘆花雞。因蘆花雞毛色呈黑白斑點狀，雜亂無序，顏色「花哩麻糟」（hua21 li55 ma55 zau55），故名花哩雞	hua55 li55 ie55	hua55 li55 gie55				3rvd	xhbrdvkqpm8	花哩雞		2025-05-16 17:05:49	2020-05-01 00:00:00
x39x8dm6b2t	香魚棗	舊時飯店用剩下的配料配菜炸的丸子	hyong53 ngy33 zo33	hyong55 ngy53 zo33				3rvd	xwpvzy43g83	香油棗		2025-05-16 17:05:49	2020-05-01 00:00:00
xanupcmybgn	灴麵	20世紀福州家庭常見的一种手擀面，手切面	goung21 mieng242	goung53 mieng242				3rvd	xs63pdtecp6	灴麵		2025-05-16 17:05:49	2020-05-01 00:00:00
xcz295vx4q9	房裡奶	保護兒童的一位神祇，供奉在兒童房間內，保佑兒童長大到16歲或18歲	bung21 nie24 ne33	bung53 die33 ne33				3rvd	x3b5fneeza4	房裏奶		2025-05-16 17:05:49	2020-05-02 00:00:00
xvevjshthqr	地下	①地面之下。口語說「地兜下」（die21 lau53 a242 ）②非法、秘密活動狀態：～工作	di53 a242	dei242 ha242		fzho		3rvd	x788hxaqvxc	地下		2025-05-16 17:05:49	2020-08-20 00:00:00
x3hb8yvdacx	嵩口	地名，在福州永泰	sing53 ngau33	sing55 kau33		ygti		3rvd	xdxg39ge9gv	嵩口		2025-05-16 17:05:49	2020-08-20 00:00:00
xrqdfgw6ktk	將囝	帶小孩	zuong53 ngiang33	zuong55 giang33		mqig		3rvd	xpf75d6cfab	將囝		2025-05-16 17:05:49	2020-08-23 00:00:00
xdb58grfm4v	邀	拐騙	iu55	iu55				3rvd	xsxvmzavu7q	邀		2025-05-16 17:05:49	2020-08-23 00:00:00
xdd5nzcbpzf	邀新人	娶新娘	iu55 sing55 ing53	iu55 sing55 ing53		fuqi		3rvd	xem8y9aequt	邀新人		2025-05-16 17:05:49	2020-08-23 00:00:00
x8tfdecauxe	犬囝販	賣狗的	keing21 ngiang55 uang213	keing213 giang33 huang213				3rvd	x58n4md6twb	犬囝販		2025-05-16 17:05:49	2020-08-23 00:00:00
xea6fcc85x7	贈送	無條件將物品送給他人	zeing53 sooyng213	zaing242 sooyng213		mnhu		3rvd	xkufw6gb6m4	贈送		2025-05-16 17:05:49	2020-08-24 00:00:00
x97t944h6qp	南嶼	鎮名，在閩侯	nang21 neoy242	nang53 seoy242		mnhu		3rvd	x45kpqne3pu	南嶼		2025-05-16 17:05:49	2020-08-24 00:00:00
x8649d88kgp	上街	鎮名，在閩侯‖一說原名爲「上溪」	suong55 nge55	suong242 ge55		mnhu		3rvd	xg6frbgfx4v	上街		2025-05-16 17:05:49	2020-08-26 00:00:00
xpesh7yvbaw	南港	閩江流至淮安分爲南北港，南港右納大樟溪支流後，至馬尾於北港匯合	nang33 ngeoyng33	nang53 geoyng33		mnhu		3rvd	xdfmavzbmfy	南港		2025-05-16 17:05:50	2020-08-26 00:00:00
x9rcqqmqbt8	北港	閩江流至淮安分爲南北港，北港經福州流向馬尾	beoyk24 geoyng33	booyk24 geoyng33		mnhu		3rvd	xprqmbuttqk	北港		2025-05-16 17:05:50	2020-08-26 00:00:00
x9bddsfn7xc	船頭船尾	船前船後	sung55 tau53 sung33 mui33	sung53 tau53 sung53 mui33		mnhu		3rvd	xegjd4dpaps	船頭船尾		2025-05-16 17:05:50	2020-08-26 00:00:00
x6rucatryxj	哪吒	受道教崇敬的少年神，也在佛教、印度教故事中有登場	no55 ja55	no53 ca55		mnhu		3rvd	xuw8gaynwp2	哪吒		2025-05-16 17:05:50	2020-08-26 00:00:00
x4vrcndrm88	南公園	位於福州台江，原爲清初靖南王耿茂的別墅花園，公元1915年闢爲公園，因位於當時福州城的南部，故稱爲「城南公園」，簡稱「南公園」	nang21 ngung55 uong53	nang53 gung55 huong53		mnhu		3rvd	x2ufrk2a43a	南公園		2025-05-16 17:05:50	2020-08-26 00:00:00
x8y8cufdk8u	拍鑼拍鼓	敲鑼打鼓	pah55 lo53 pah53 gu33	pah24 lo53 pah24 gu33		mnhu		3rvd	xcpgb5tnxus	拍鑼拍鼓		2025-05-16 17:05:50	2020-08-26 00:00:00
xzsqq44hhrf	杉木	杉木‖口語說「杉柴」（sang55 nja53）	sang55 muk5	sang55 muk5		mnhu		3rvd	x6vx8jhm77v	杉木		2025-05-16 17:05:50	2020-08-26 00:00:00
xb6fcc9xcvq	樟木	樟木‖口語說「樟柴」（zuong55 nja53）	zuong55 muk5	zuong55 muk5		mnhu		3rvd	xckf6mdnvv6	樟木		2025-05-16 17:05:50	2020-08-26 00:00:00
xxbq2kjyfna	妖虯	亂來，離譜，過分，不成體統：汝（你）這隻（個）儂（人）吓（啊），～其（的）吓（啊）|汝者（這）做法吓（啊），～其（的）做法	iu55 kiu53	iu55 kiu53		fzho		3rvd	xts97yr2sxg	妖虯		2025-05-16 17:05:50	2025-04-10 12:09:27
x43vcj8xjuw	拍飛機	①打飛機②隱語，指男性自慰	pah21 hi55 gi55	pah24 hi55 gi55		fzho		3rvd	xkrk6nqkrp5	拍飛機		2025-05-16 17:05:50	2020-07-17 00:00:00
xnvcs54kmag	後𩩍	①後背②車尾一面，類似人類後背，故名	au55 miang55	au242 piang55				3rvd	xmeqwgq4hej	後𩩍		2025-05-16 17:05:50	2020-07-17 00:00:00
xe8cj45dact	有面	有面子	u53 meing242	ou242 meing213				3rvd	xq98qsqs5a6	有面		2025-05-16 17:05:50	2020-07-17 00:00:00
xr74f9sbtud	下店	地名，即「井店」，在福州市晉安區新店鎮	a53 laing213	a242 daing213		fzho		3rvd	xtjtru4xwvv	下店		2025-05-16 17:05:50	2020-07-17 00:00:00
xznasbpsyd7	下方	地名，在福州市晉安區新店鎮	a55 uong55	a242 huong55		fzho		3rvd	xtmkxderfx8	下方		2025-05-16 17:05:50	2020-07-17 00:00:00
x6cqzhd7p4e	連潘	地名，在福州市晉安區	lieng55 mang55	lieng53 pang55		fzho		3rvd	x3y8g3x8kz5	連潘		2025-05-16 17:05:50	2020-07-17 00:00:00
x4accwht9ec	梅亭	地名，在福州市鼓樓區	mui33 ling53	mui53 ding53		fzho		3rvd	xukp55qtfxs	梅亭		2025-05-16 17:05:50	2020-07-17 00:00:00
xqb23qm6bmx	後斗	車後備箱	au53 dau33	au242 dau33				3rvd	xp944zp3cwt	後斗		2025-05-16 17:05:50	2020-08-30 00:00:00
xcbbrunbeee	車尾箱	車後備箱‖「後斗」的新派說法	cia21 mui21 luong55	cia55 mui33 suong55				3rvd	xdu884x5kux	車尾箱		2025-05-16 17:05:50	2020-08-30 00:00:00
xm5ucwz5f4n	車後斗	車後備箱	cia21 au53 dau33	cia55 au242 dau33				3rvd	xxh2huabze6	車後斗		2025-05-16 17:05:50	2020-08-30 00:00:00
xpqzcy5fknt	依叔	面稱叔父	i53 jeoyk24	i55 zeoyk24				3rvd	x7gdfwjkemm	依叔		2025-05-16 17:05:50	2020-07-17 00:00:00
xj9sksnq55r	阿嬸	面稱叔父之妻	a53 ling33	a55 sing33				3rvd	xy7bgmg557g	阿嬸		2025-05-16 17:05:50	2020-07-17 00:00:00
xr83ktryfng	公	兒語，稱祖父	ung55	ung55				3rvd	xxa6t2rwuwb	公		2025-05-16 17:05:50	2020-07-17 00:00:00
x69hdshyrbw	哥	兒語，稱兄長	o55	o55				3rvd	xz843emjvyf	哥		2025-05-16 17:05:50	2020-07-17 00:00:00
xa4mh3jsdju	阿	①前綴A）用在姓名的前面，有親昵的意味B）用在親屬名稱的前面，表示面稱：～媽（祖母）C）用在某些名詞前面，成爲對人的稱呼，有親昵或戲謔的意味：～肥來了‖民間也寫爲「吓」，系福州民間自造俗字，非簡體字中「驚嚇」的「嚇」	a55	a55				3rvd	x74ut365rak	阿		2025-05-16 17:05:50	2020-07-17 00:00:00
xpfbavw4h66	叔	①叔父②朋友父親	zeoyk24	zeoyk24				3rvd	x3w4qhqabny	叔		2025-05-16 17:05:50	2020-07-17 00:00:00
xg5nunhw2rz	姨	稱朋友母親	i53	i53				3rvd	xbewg76k66v	姨		2025-05-16 17:05:50	2020-07-17 00:00:00
xj94py8hph9	伯伯	稱朋友祖父、外祖父	bah21 bah24	bah24 bah24				3rvd	x26hsg4dqfv	伯伯		2025-05-16 17:05:50	2020-07-17 00:00:00
xaxq4u5p8ku	婆婆	稱朋友祖母、外祖母	bo33 bo53	bo53 bo53				3rvd	xzs8p2rezu5	婆婆		2025-05-16 17:05:50	2020-07-17 00:00:00
xtqxdxb4p86	妗妗	舅舅的妻子	geing21 geing242	geing242 geing242				3rvd	x786dmpnwwr	妗妗		2025-05-16 17:05:50	2020-07-17 00:00:00
xbppahrznkk	阿妗	面稱舅母	a53 geing242	a55 geing242				3rvd	xvfjpbebcws	阿妗		2025-05-16 17:05:50	2020-07-17 00:00:00
xcaus3nuh56	手指彈	"手榴彈。拉環像戒指，福州話稱""手指""，故名"	ciu21 ji55 lang242	ciu33 zi33 dang242				3rvd	xfbqz36dka7	手指彈		2025-05-16 17:05:50	2020-08-30 00:00:00
xcvwtfxjz7j	上𱴱	地名，在福州馬尾	suong53 niek24	suong242 diek24				3rvd	xv2rs94k5vw	上𱴱		2025-05-16 17:05:50	2020-08-31 00:00:00
x4vwp8tx4mg	下𱴱	地名，在福州馬尾	a53 liek24	a242 diek24				3rvd	x5hewhfe4yr	下𱴱		2025-05-16 17:05:50	2020-08-31 00:00:00
xkj5em6j25w	埔頂	地名，在福州倉山下渡	buo53 ling33	buo55 ding33				3rvd	xmv3jd3unqn	埔頂		2025-05-16 17:05:50	2020-08-31 00:00:00
xprxczgb8xc	福州食食	福州菜，閩菜	huk21 ziu55 sieh33 lieh5	houk24 ziu55 sieh5 sieh5				3rvd	x8pcykqj2fy	福州食食		2025-05-16 17:05:50	2020-08-31 00:00:00
xgmj97sf93x	施埔	地名，在福州倉山	sie55 wuo55	sie55 buo55				3rvd	xbtfufvkd78	施埔		2025-05-16 17:05:50	2020-08-31 00:00:00
xevxdengvrx	梅埔	地名，在福州閩清	mui55 wuo55	mui53 buo55				3rvd	xxyn8j36khv	梅埔		2025-05-16 17:05:50	2020-08-31 00:00:00
x62kfk96swp	黃埔	村名，在福州永泰葛岭。最早稱「王墓」，明清季取諧音爲「王布」，後寫法改爲「黃埔」	uong21 muo213	uong53 buo213				3rvd	xa4eh8rwh26	黃埔		2025-05-16 17:05:50	2020-08-31 00:00:00
xzcgum5yvfv	葛岭	地名，在福州永泰	gak24 liang33	gak24 liang33				3rvd	xr9fsdqqmz9	葛岭		2025-05-16 17:05:51	2020-08-31 00:00:00
xr8bdyakq5x	埔前	村名，在福州閩侯荊溪	buo55 leing53	buo55 seing53				3rvd	x4cjurm4ee3	埔前		2025-05-16 17:05:51	2020-08-31 00:00:00
xwv4dh2g3jz	埔	地名用字，坡或平地：～頂（在福州倉山）|～前（在福州閩侯）|施～（在福州倉山）|梅～（在福州閩清）	buo55	buo55				3rvd	xhmz6fgsc72	埔		2025-05-16 17:05:51	2020-08-31 00:00:00
xc58c6vbu5u	程埔頭	地名，在福州倉山	tiang21 muo55 lau53	tiang53 buo55 tau53				3rvd	xgfawgspxfc	程埔頭		2025-05-16 17:05:51	2020-08-31 00:00:00
xgq4jt4zve2	上渡	地名，在福州倉山	suong53 nou242	suong242 dou242				3rvd	x5twxassq4d	上渡		2025-05-16 17:05:51	2020-08-31 00:00:00
xqagrarrg85	下渡	地名，在福州倉山	a53 lou242	a242 dou242				3rvd	xwxzvxefehr	下渡		2025-05-16 17:05:51	2020-08-31 00:00:00
xs35fwcdbzm	痚喘	氣道慢性炎症疾病	heu53 cuang33	heu55 cuang33				3rvd	x4d9snjqrjx	痚喘		2025-05-16 17:05:51	2020-08-31 00:00:00
xcpxxcnv3a4	市二醫院	市第二醫院的簡稱	ci53 nei242 i53 ieng242	cei242 nei242 i55 ieng242				3rvd	x5wsywf7ezp	市二醫院		2025-05-16 17:05:51	2020-08-31 00:00:00
x45q4w2xb4v	上藤	地名，在福州倉山	suong55 neing53	suong242 deing53				3rvd	xzbz263e9kk	上藤		2025-05-16 17:05:51	2020-08-31 00:00:00
x9759uybryv	下藤	地名，在福州倉山	a55 leing53	a242 deing53				3rvd	xvugmzdfccf	下藤		2025-05-16 17:05:51	2020-08-31 00:00:00
xdjnmkqhr7d	二橋	閩江大橋，因修建時間遲於解放大橋，得此別名	ni55 yo53	nei242 gyo53				3rvd	xk72paqc4rk	二橋		2025-05-16 17:05:51	2020-08-31 00:00:00
x33aaxyc9g4	橋頭	①橋的近岸部分②地名，在福州倉山	gyo55 lau53	gyo53 tau53				3rvd	xufgy3xf256	橋頭		2025-05-16 17:05:51	2020-08-31 00:00:00
xgjy3n8qa7d	橋南	地名，在福州倉山	gyo55 nang53	gyo53 nang53				3rvd	xkqp7c5rxar	橋南		2025-05-16 17:05:51	2020-08-31 00:00:00
xvz8rnntbut	閩清	縣名，在福州	ming55 ciang55	ming53 ciang55				3rvd	x5rusp22ap5	閩清		2025-05-16 17:05:51	2020-08-31 00:00:00
xy7vp7w4bwe	永泰	縣名，在福州	ing55 tai213	ing33 tai213				3rvd	x9wnx92t46f	永泰		2025-05-16 17:05:51	2020-08-31 00:00:00
x8qnzt8ba9k	味中味	福州老店名	i21 lyng53 ei242	ei242 dyng55 ei242				3rvd	xdpg3gqmutu	味中味		2025-05-16 17:05:51	2020-09-07 00:00:00
xr52rnjjtm5	天份	天資，天賦	tieng53 ngoung242	tieng55 houng242				3rvd	xq67ryx69af	天份		2025-05-16 17:05:51	2020-09-09 00:00:00
x6wztrvws7w	受怪	貧窮：厝（家）𡅏（裡）野（很）～	siu53 uai213	siu242 guai213				3rvd	xkn26q9dhy5	受怪		2025-05-16 17:05:51	2020-09-13 00:00:00
x4d2ry3pqbp	姑嬤	姑媽：哀吓（哎呀），汝（你）～，我遘（到）五十幾歲了都無（沒）聽講（聽說）野（很）虯*（窮），汝嚽（這）是俤所（哪裏）聽其（的）	gu55 ma55	gu55 ma55				3rvd	xehhwryepzy	姑嬤		2025-05-16 17:05:51	2020-09-13 00:00:00
xc4xty434rr	家	暱稱叔父	a55	a55				3rvd	x6qz6xw8deh	家		2025-05-16 17:05:51	2020-09-13 00:00:00
xt9xgqmy4um	面囝	小臉蛋：～白澈澈，呆事做搭搭	ming53 ngiang33	meing213 giang33				3rvd	xhn7yyg7agx	面囝		2025-05-16 17:05:51	2020-09-14 00:00:00
xqcxmtb8q44	後腦枕	代指後腦：後腦～（後腦杓）	au21 no24 jing33	au242 no33 zing33				3rvd	xyyy6js5fwa	後腦枕		2025-05-16 17:05:51	2020-09-14 00:00:00
xqkj2ns55d6	頭形	頭部側影，側臉：～野（很）俊（好看）	tau33 hing53	tau53 hing53				3rvd	x5t9phnpgkh	頭形		2025-05-16 17:05:51	2020-09-14 00:00:00
x2arnj8tycw	可怕	讓人害怕：野（很）～其（的）事際（事情）|真其（的）是野（很）～	ko55 pa213	ko33 pa213				3rvd	xz64k3ndspm	可怕		2025-05-16 17:05:51	2020-09-14 00:00:00
xpj2etdmcqt	恐怖	①感到危險可怕而非常驚恐：野（很）～其（的）事際②讓人感到恐怖的手段與氣氛：白色～	kyng55 muo213	kyng33 buo213				3rvd	xae9qv72k9k	恐怖		2025-05-16 17:05:51	2020-09-15 00:00:00
x4hgn9n96dy	青菜	綠色的蔬菜	ciang53 njai213	ciang55 cai213				3rvd	x7yuy9sbpq4	青菜		2025-05-16 17:05:51	2020-09-15 00:00:00
x2wjtux3wzv	後坂	村名，在福州倉山蓋山鎮	au53 wuang33	au242 buang33				3rvd	x5y3dfy96fb	後坂		2025-05-16 17:05:51	2020-09-23 00:00:00
xrjsvsmazym	祥坂	地名，在福州臺江	suong33 muang33	suong53 buang33				3rvd	xqx74ukqp6k	祥坂		2025-05-16 17:05:51	2020-09-23 00:00:00
xz7er7aubpk	峽南	地名，在烏龍江大橋閩侯一側橋頭附近	heik33 nang53	heik5 nang53				3rvd	xzf9ke8ygd6	峽南		2025-05-16 17:05:51	2020-09-23 00:00:00
x9fvbpnfxcf	小橋頭	在福州臺江，即達道河沙合橋	siu21 yo33 lau53	siu33 gyo53 tau53				3rvd	x98a7v9mk53	小橋頭		2025-05-16 17:05:51	2020-09-23 00:00:00
xyq32feszpj	大橋頭	①地名，在福州臺江區，即解放大橋的北側橋頭一帶②地名，在福州南臺島西北部‖解放大橋的南側橋頭一帶則不稱「大橋頭」，而徑呼「倉前」等	duai55 yo55 lau53	duai242 gyo53 tau53				3rvd	x45b4t6ufqa	大橋頭		2025-05-16 17:05:51	2020-09-23 00:00:00
xnhq2vaafqd	錢塘	地名，在福州鼓樓	zieng33 noung53	zieng53 doung53				3rvd	xvwa9gxhuuw	錢塘		2025-05-16 17:05:51	2020-09-23 00:00:00
xz649cpmmpc	割草埕	地名，在福州鼓樓	gak21 cau21 liang53	gak24 cau33 diang53				3rvd	xvs4tvgt2n4	割草埕		2025-05-16 17:05:51	2020-09-23 00:00:00
xmenqbvnfum	大樹下	地名，在福州鼓樓	duai21 jiu53 a242	duai242 ciu213 a242				3rvd	xpgm956jdmu	大樹下		2025-05-16 17:05:51	2020-09-23 00:00:00
x7d62kp9ufc	九彩	地名，在福州鼓樓。原有韭菜園，故名‖俗讀gau24 jai33	giu24 jai33	giu33 cai33			林枫. 榕城考古略[M]. “韭菜园，今俗作九彩园，名未详何取。有二巷，合而出於小古楼街。”	3rvd	xxkew94s4sk	九彩		2025-05-16 17:05:51	2020-09-23 00:00:00
xswpwyxyc5r	九彩園	地名，在福州鼓樓。原作韭菜園，晚清時已俗作九彩園。後以九彩巷聞‖俗讀gau21 jai21 uong53	giu21 jai21 uong53	giu33 cai33 huong53			林枫. 榕城考古略[M]. “韭菜园，今俗作九彩园，名未详何取。有二巷，合而出於小古楼街。”	3rvd	xex6eh3ya3a	九彩園		2025-05-16 17:05:51	2020-09-23 00:00:00
xz4gfbnr33a	九彩巷	在福州鼓樓。含九彩弄、內九彩巷、外九彩巷‖俗讀gau21 jai55 ooyng213	giu21 jai55 ooyng213	giu33 cai33 hooyng213			郑靓, 刘世泉. 福州九彩巷弄原是一块韭菜园 曾走出黄花岗烈士[N/OL]. 海峡都市报, 2016-11-22. http://fz.fjsen.com/2016-11/22/content_18737487.htm.	3rvd	xbwz9kcry4w	九彩巷		2025-05-16 17:05:51	2020-09-23 00:00:00
x4h7wpps5w6	九彩弄	在福州鼓樓，屬於九彩巷‖與内九彩巷合稱「二巷」‖俗讀gau21 jai55 looyng242	giu21 jai55 looyng242	giu33 cai33 looyng242			郑靓, 刘世泉. 福州九彩巷弄原是一块韭菜园 曾走出黄花岗烈士[N/OL]. 海峡都市报, 2016-11-22. http://fz.fjsen.com/2016-11/22/content_18737487.htm.	3rvd	xkkmn3mcdeh	九彩弄		2025-05-16 17:05:51	2020-09-23 00:00:00
xgbckshfrh5	內九彩巷	在福州鼓樓，屬於九彩巷，簡稱「內九彩」‖俗讀neoy21 gau21 jai55 ooyng213。與九彩弄合稱「二巷」	neoy21 giu21 jai55 ooyng213	nooy242 giu33 cai33 hooyng213			郑靓, 刘世泉. 福州九彩巷弄原是一块韭菜园 曾走出黄花岗烈士[N/OL]. 海峡都市报, 2016-11-22. http://fz.fjsen.com/2016-11/22/content_18737487.htm.	3rvd	xv9tw9665pa	內九彩巷		2025-05-16 17:05:52	2020-09-23 00:00:00
x6awjdq8c3w	外九彩巷	在福州鼓樓，屬於九彩巷，簡稱「外九彩」‖「外」又有人讀ngie242，「九」俗讀gau33。舊名「小古樓街」	ngui21 giu21 jai55 ooyng213	ngui242 giu33 cai33 hooyng213			郑靓, 刘世泉. 福州九彩巷弄原是一块韭菜园 曾走出黄花岗烈士[N/OL]. 海峡都市报, 2016-11-22. http://fz.fjsen.com/2016-11/22/content_18737487.htm.	3rvd	xhun7cqpa8v	外九彩巷		2025-05-16 17:05:52	2020-09-23 00:00:00
xs8x49rysag	蘭圃	村名，在福州閩侯祥謙鎮‖又作「蘭浦」	lang33 muo33	lang53 puo33				3rvd	xg7vmzsspnv	蘭圃		2025-05-16 17:05:52	2020-09-23 00:00:00
xheapvhxbb4	大橋	橋名，在福州閩侯，連接尚幹與蘭圃	duai55 yo53	duai242 gyo53				3rvd	xavwjhnpj67	大橋		2025-05-16 17:05:52	2020-09-23 00:00:00
x32nh7u7mka	過浦	村名，在福州閩侯尚幹鎮。本地與祥謙鎮蘭圃（又作蘭浦）村有大橋相連，故以其目的地得村名	guo53 wuo33	guo213 puo33				3rvd	x32x5dqh9f2	過浦		2025-05-16 17:05:52	2020-09-23 00:00:00
xbxnsvyjgtw	百姓	平民‖也有人讀作beik55 seing213	bah53 lang213	bah24 sang213		fzho, liji		3rvd	xtj83ujc862	百姓		2025-05-16 17:05:52	2020-09-24 00:00:00
xmr32x2kgxg	水平尺	計量器具	zui55 wang21 njuoh24	zui33 bang53 cuoh24	zy55 wang21 njyoh24	liji		3rvd	xwvut2cu2st	水平尺		2025-05-16 17:05:52	2020-09-24 00:00:00
xtykjrse7st	男子漢	成年男子	nang21 njy55 hang213	nang53 zy33 hang213				3rvd	xrqkwg8j6m8	男子漢		2025-05-16 17:05:52	2020-09-24 00:00:00
xcrbuqkaqpm	客車	用於載運眾多乘客及其隨身行李的汽車	kah55 jia55	kah24 cia55				3rvd	xgadkqyk9tu	客車		2025-05-16 17:05:52	2020-09-24 00:00:00
x4mwtynxmng	啤酒	酒精飲料，用淀粉水解、发酵产生糖分後制成	bi33 jiu33	bi53 ziu33				3rvd	x3tr2bpyvwc	啤酒		2025-05-16 17:05:52	2020-09-24 00:00:00
x2c77dsjvrb	𧜞囝	女伴的輕佻說法	mang53 ngiang33	mang55 giang33				3rvd	xtg939yfs5r	𧜞*囝		2025-05-16 17:05:52	2020-09-24 00:00:00
xbj84wrq7ap	搭骹	女性找男性做伴侶的輕佻說法	dak21 ka55	dak24 ka55				3rvd	x38v5wjdvjv	搭骹		2025-05-16 17:05:52	2020-09-24 00:00:00
xvrdsw6mvud	去搭𧜞	輕佻說法，指男性前往與女性的約會	ko21 dak21 mang55	koo213 dak24 mang55				3rvd	x4hbzk5y3pw	去搭𧜞*		2025-05-16 17:05:52	2020-09-24 00:00:00
x323edrvpau	臺北	城市名，在臺灣北部	dai21 wooyk24	dai53 booyk24				3rvd	xjwrk59mhac	臺北		2025-05-16 17:05:52	2020-09-24 00:00:00
xm984g4f5t9	臺南	城市名，在臺灣南部	dai55 nang53	dai53 nang53				3rvd	x5dqamfmcv9	臺南		2025-05-16 17:05:52	2020-09-24 00:00:00
xxxupbby2jr	三明	市名，在福建中部	sang55 ming53	sang55 ming53				3rvd	xga9gukyadz	三明		2025-05-16 17:05:52	2020-09-24 00:00:00
xspaef2cwjd	寧德	市名，在福建東部	ning21 daik24	ning53 daik24				3rvd	xma6k4cpccf	寧德		2025-05-16 17:05:52	2020-09-24 00:00:00
xyb2sc87fbj	泉州	市名，在福建南部‖連讀變調後的泉州與「漳州」同音。爲辨義，有時直稱泉州爲不變調的zuong53 ziu55，或以字形特徵稱爲「白水泉」	zuong55 njiu55	zuong53 ziu55				3rvd	xah24w3uw8j	泉州		2025-05-16 17:05:52	2020-09-24 00:00:00
xz234ds4zqp	漳州	市名，在福建南部‖連讀變調後的「泉州」與漳州同音。爲辨義，有時直稱泉州爲不變調的zuong53 ziu55，或以相對地理位置稱漳州爲「下漳」	zuong55 njiu55	zuong55 ziu55				3rvd	xbn52er8quu	漳州		2025-05-16 17:05:52	2020-09-24 00:00:00
x3tmk3d94m5	鼓樓	①東亞古代城池或傳統寺院中放置大鼓的建築②地名，在福州	gu21 lau53	gu33 lau53				3rvd	xh6nnn3trtn	鼓樓		2025-05-16 17:05:52	2020-09-24 00:00:00
x23br9fhk9m	黃樓	建築名，在福州三坊七巷之黃巷‖uong33 lau53爲當地人讀音。也有人讀作uong33 leu53，取文讀	uong33 lau53	uong53 lau53				3rvd	xrbkbr5v25u	黃樓		2025-05-16 17:05:52	2020-09-24 00:00:00
xxx8baeg5n3	倉山	①福州倉前山的簡稱②地名，在福州	coung55 nang55	coung55 sang55				3rvd	xwz3frhqx5c	倉山		2025-05-16 17:05:52	2020-09-24 00:00:00
xedp9nm62c9	馬尾	地名，在福州	ma24 mui33	ma33 mui33				3rvd	xy7dsxmeqm7	馬尾		2025-05-16 17:05:52	2020-09-24 00:00:00
xvexr83t4ru	晉安河	河名，在福州	zing21 ngang55 o53	zeing213 ang55 o53				3rvd	x2uzeant4x9	晉安河		2025-05-16 17:05:52	2020-09-24 00:00:00
x23hrnwjdku	白馬河	河名，在福州	bah21 ma21 o53	bah5 ma33 o53				3rvd	xzdu8rh7pb7	白馬河		2025-05-16 17:05:52	2020-09-24 00:00:00
x7z8kwm9v4j	閩侯	縣名，在福州	ming21 ngau242	ming53 hau242				3rvd	xhnamgtage8	閩侯		2025-05-16 17:05:52	2020-09-24 00:00:00
xjzpgt7tgpw	侯官	舊縣名，在福州	au55 uang55	au242 guang55				3rvd	xg4z86jhdx2	侯官		2025-05-16 17:05:52	2020-09-24 00:00:00
xb68egvjfys	侯官縣	舊縣名，在福州	au21 uang53 ngaing242	au242 guang55 gaing242				3rvd	xmknha99n4j	侯官縣		2025-05-16 17:05:52	2020-09-24 00:00:00
xtmp6tfw8nf	閩南	指福建南部	ming33 nang53	ming53 nang53				3rvd	xnvkh989v2k	閩南		2025-05-16 17:05:52	2020-09-24 00:00:00
xk63gzpzwyq	南平	市名，在福建北部	nang33 ming53	nang53 bing53				3rvd	xyzske3k2km	南平		2025-05-16 17:05:52	2020-09-24 00:00:00
x3c6dz2fc85	武夷山	山名，在福建與江西之間	u21 i55 lang55	u33 i53 sang55				3rvd	xf7r547j2wn	武夷山		2025-05-16 17:05:52	2020-09-24 00:00:00
xgbykbmsrts	仙遊	①外出求仙訪道②縣名，在莆田	sieng55 iu53	sieng55 iu53				3rvd	x6r8u9xcymn	仙遊		2025-05-16 17:05:52	2020-09-24 00:00:00
xt5b5asxy8r	銅盤	地名，在福州鼓樓	deoyng33 muang53	deoyng53 buang53				3rvd	xvu6z7rvgm6	銅盤		2025-05-16 17:05:52	2020-09-24 00:00:00
xxguhvbagfy	左海	①謂海居於東②水體名，在福州市鼓樓區西北部③福州市的別稱	zo24 hai33	zo33 hai33				3rvd	xvgcdfudv5y	左海		2025-05-16 17:05:52	2020-09-24 00:00:00
xzmadkw9aqw	左海公園	公園名，在福州市鼓樓區西北部，以左海得名	zo24 hai33 gung55 uong53	zo33 hai33 gung55 huong53				3rvd	x97ck66u67w	左海公園		2025-05-16 17:05:52	2020-09-24 00:00:00
xd38jnwkhn6	三角井	地名，在福州西湖附近	sang21 geoyk24 zang33	sang55 gooyk24 zang33	sang21 geoyk24 ziang33			3rvd	xg39njjjpzx	三角井		2025-05-16 17:05:52	2020-09-24 00:00:00
xry4gzt5xa5	師大	「師範大學」的簡稱‖俗讀sy53 luai242	sy53 lai242	sy55 dai242				3rvd	x6g6uvrrsaf	師大		2025-05-16 17:05:52	2020-09-24 00:00:00
x5s33nyywqf	福建師大	「福建師範大學」的簡稱‖俗讀huk55 gyong213 sy53 luai242	huk55 gyong213 sy53 lai242	houk24 gyong213 sy55 dai242				3rvd	x3b4tukebwx	福建師大		2025-05-16 17:05:52	2020-09-24 00:00:00
xxqfu9xd2jw	半青歞	詈辭，流氓無賴	buang21 cang53 ngooung242	buang213 cang55 ngooung242	buang21 ciang53 ngoung242	mqig		3rvd	x4hu9c858t2	半青歞		2025-05-16 17:05:52	2020-09-24 00:00:00
x3aqynt2vhh	可笑	惹人恥笑：野（好）～	ko55 ciu213	ko33 ciu213				3rvd	xkb2bngm8qn	可笑		2025-05-16 17:05:53	2020-09-24 00:00:00
xsmz6f9jkkt	世界話	「世界語」的俗稱	sie21 gai53 ua242	sie213 gai213 ua242			Wikipedia biĕng-ciā. Sié-gái-ngṳ̄[G/OL]. Mìng-dĕ̤ng-ngṳ̄ Wikipedia, 2018-05-31[2020-09-24]. https://cdo.wikipedia.org/w/index.php?title=Si%C3%A9-g%C3%A1i-ng%E1%B9%B3%CC%84&oldid=71999.	3rvd	x7bwhxtbzp9	世界話		2025-05-16 17:05:53	2020-09-24 00:00:00
xsrkp989j2s	日本話	「日語」的俗稱	nik21 buong55 ua242	nik5 buong33 ua242			Wikipedia biĕng-ciā. Nĭk-buōng-ngṳ̄[G/OL]. Mìng-dĕ̤ng-ngṳ̄ Wikipedia, 2019-09-16[2020-09-24]. https://cdo.wikipedia.org/w/index.php?title=N%C4%ADk-bu%C5%8Dng-ng%E1%B9%B3%CC%84&oldid=81937.	3rvd	xrannm6855p	日本話		2025-05-16 17:05:53	2020-09-24 00:00:00
xbxkjensmd6	食貨	隱語，指嫖妓。二十世紀出現此詞	sieh21 huo213	sieh5 huo213			孔丽, 高思颖. 专家称福州话“吃货”有嫖妓含义 开玩笑要慎用[N/OL]. 东南快报, 2012-05-03. http://www.chinanews.com/cul/2012/05-03/3861627.shtml.	3rvd	xha2n5dtpeh	食貨		2025-05-16 17:05:53	2020-09-24 00:00:00
x46vv5rzep8	無好死	詈辭，咒詛不得好死：硩（壓）船底，～	mo21 ho24 si33	mo53 ho33 si33			孔丽, 高思颖. 专家称福州话“吃货”有嫖妓含义 开玩笑要慎用[N/OL]. 东南快报, 2012-05-03. http://www.chinanews.com/cul/2012/05-03/3861627.shtml.	3rvd	xk8hvpgn7ew	無好死		2025-05-16 17:05:53	2020-09-24 00:00:00
x75pkknws3g	燉煲肉	福州菜，用豬蹄的某部位，在溫火中慢慢燉煲成	dung21 wo55 nyk55	doung242 bo55 nyk5			方炳桂. 这些福州方言字词 受外来语影响被误读误写了[N/OL]. 东南快报, 2007-11-10. http://news.sina.com.cn/s/2007-11-10/021412876842s.shtml.	3rvd	xpbagb34xev	燉煲肉		2025-05-16 17:05:53	2020-09-24 00:00:00
xubx5rrbxk9	炒豬肝	炒豬肝	ca21 dy55 ngang55	ca33 dy55 gang55			方炳桂. 这些福州方言字词 受外来语影响被误读误写了[N/OL]. 东南快报, 2007-11-10. http://news.sina.com.cn/s/2007-11-10/021412876842s.shtml.	3rvd	xabaxzaf9ds	炒豬肝		2025-05-16 17:05:53	2020-09-24 00:00:00
x7wvxskdujm	生煎排	生煎排骨	cang21 njieng55 me53	cang55 zieng55 be53			方炳桂. 这些福州方言字词 受外来语影响被误读误写了[N/OL]. 东南快报, 2007-11-10. http://news.sina.com.cn/s/2007-11-10/021412876842s.shtml.	3rvd	x49sqjekcve	生煎排		2025-05-16 17:05:53	2020-09-24 00:00:00
xfuxe9hqwkk	分手	以死亡之外的方式結束親密關係	buong53 njiu33	buong55 ciu33				3rvd	xkhbr8zf4tj	分手		2025-05-16 17:05:53	2020-09-24 00:00:00
xuhfg9hyyb8	做囝	倒插門	zo53 ngiang33	zoo213 giang33				3rvd	xvrt3yx52x3	做囝		2025-05-16 17:05:53	2020-09-24 00:00:00
xr3p64j3x4w	做半囝	①榕俗，倒插門的人在自己父母去世時祗能着一半的孝服。倒插門平話稱「做囝」，故名②榕俗，女性有男伴而未結婚時，若自己父母去世，又承認男伴身份，則男方也着一半的孝服	zo21 buang53 ngiang33	zoo213 buang213 giang33				3rvd	xn9zhpw8tj7	做半囝		2025-05-16 17:05:53	2020-09-24 00:00:00
xax4be8qbds	姑博嫂	榕俗，兩家都有子女，若一家以男兒娶對方女兒，則以自家女兒嫁予對方男兒	gu21 wouk24 so33	gu55 boouk24 so33				3rvd	xeyj3rnt4dm	姑博嫂		2025-05-16 17:05:53	2020-09-24 00:00:00
xv9mnkhf478	燜麵	福州菜	moung53 mieng242	moung242 mieng242			方炳桂. 这些福州方言字词 受外来语影响被误读误写了[N/OL]. 东南快报, 2007-11-10. http://news.sina.com.cn/s/2007-11-10/021412876842s.shtml.	3rvd	xgev53uw9s7	燜麵		2025-05-16 17:05:53	2020-09-24 00:00:00
xtnrkdqs2s9	方塊肉	東坡肉	huong21 leoy55 nyk5	huong55 dooy213 nyk5				3rvd	xf9zxk9cnqt	方塊肉		2025-05-16 17:05:53	2020-09-24 00:00:00
xwaug6urv2s	赤骹醫生	赤腳醫生	cik21 ka21 i55 leing55	ceik24 ka55 i55 seing55				3rvd	x9s49uc6nce	赤骹醫生		2025-05-16 17:05:53	2020-09-24 00:00:00
xgwva9ve8sj	足球	足球：踢～	zyk21 giu53	zeoyk24 giu53				3rvd	xy2r2s7fwqe	足球		2025-05-16 17:05:53	2020-09-24 00:00:00
xbgp9p3v483	病痚	哮喘	bang55 heu55	bang242 heu55				3rvd	xbcnsj2yzvv	病痚		2025-05-16 17:05:53	2020-09-26 00:00:00
xsbkbsh5e69	薄㓟	較薄的銼子，用於銼削	boh55 wie55	boh5 pie55		mnhu		3rvd	xn2v7nvnfgk	薄㓟		2025-05-16 17:05:53	2020-08-27 00:00:00
x82hm8hbkcu	哪吒鬧海	①神話傳說。因妖龍作祟，殘害百姓，引出哪咤大鬧龍宮水府②二十世紀前半葉福州某些龍舟尾部所畫圖案，以圖威風	no55 ca55 nau53 hai33	no53 ca55 nau242 hai33	no55 cia55 nau53 hai33	mnhu		3rvd	xvz4xdmwmj6	哪吒鬧海		2025-05-16 17:05:53	2020-08-26 00:00:00
xna5wvycge6	托塔李天王	①中國古代神話人物，道教神仙，原型來源於唐朝名將李靖②二十世紀前半葉福州某些龍舟尾部所畫圖案，以圖壓制船尾畫「哪咤鬧海」的龍舟	touk55 tak24 li21 tieng55 uong53	toouk24 tak24 li33 tieng55 uong53		mnhu		3rvd	xq8k5vhzmrw	托塔李天王		2025-05-16 17:05:53	2020-08-26 00:00:00
x74rbdk48hp	老虎添翼	①如虎添翼。意即好像老虎長上了翅膀，比喻強有力的人得到幫助變得更加強有力②二十世紀前半葉福州某些地方（如倉山義序）龍舟尾部所畫圖案，以圖吉祥	lau53 u33 tieng55 sik5	lau242 hu33 tieng55 sik5		mnhu		3rvd	xcdpnvt532u	老虎添翼		2025-05-16 17:05:53	2020-08-26 00:00:00
xwb8e8zwqbb	武松打虎	①《水滸傳》故事。武松途經景陽岡，奮平生之力將虎打死，爲當地百姓除去一大害②二十世紀前半葉福州某些龍舟尾部所畫圖案，以圖壓制船尾畫「老虎添翼」的龍舟	u21 lyng53 da24 hu33	u33 syng53 da33 hu33		mnhu		3rvd	xdndxcbx68r	武松打虎		2025-05-16 17:05:53	2020-08-26 00:00:00
xt2gse46d8x	虎頭	①老虎的頭部②虎形龍舟頭③代指舟頭爲虎頭的龍舟，寓意「盤龍臥虎」，故名	hu21 tau53	hu33 tau53		mnhu		3rvd	xymvbcjee3c	虎頭		2025-05-16 17:05:53	2020-08-21 00:00:00
xttzaytwf58	獅頭	①獅子的頭部②獅子形龍舟頭③代指舟頭爲獅子頭的龍舟	sai55 tau53	sai55 tau53		mnhu		3rvd	xbegzf34yjc	獅頭		2025-05-16 17:05:53	2020-08-21 00:00:00
xugqg9kd734	犀牛頭	①犀牛的頭部②犀牛形龍舟頭③代指舟頭爲犀牛頭的龍舟	se55 ngu55 tau53	se55 ngu53 tau53		mnhu		3rvd	xcxa4y3q3nv	犀牛頭		2025-05-16 17:05:53	2020-08-21 00:00:00
xs59xhn9jeu	雞頭	①雞的頭部②雞形龍舟頭③代指舟頭爲雞頭的龍舟	gie55 tau53	gie55 tau53		mnhu		3rvd	xy3qfpsywr3	雞頭		2025-05-16 17:05:53	2020-08-21 00:00:00
x495ub4zr7p	義序	地名，在福州倉山區南臺島	ngie53 leoy242	ngie242 seoy242				3rvd	x39za2tcqbh	義序		2025-05-16 17:05:53	2020-10-03 00:00:00
xu6syh9vfmk	後骹	後蹄	au55 ka55	au242 ka55		fzho		3rvd	xuzzktf7syh	後骹		2025-05-16 17:05:53	2020-10-03 00:00:00
xnc8udtawdr	牀敆	上下舖	coung33 gak5	coung53 gak5		fzho		3rvd	xucnkpjpntm	牀敆		2025-05-16 17:05:53	2020-10-03 00:00:00
x363y2tcbnr	支離	過份，太離譜：鄭麗生《福州風土詩·問謎》\：「燈猜求誨費心思，黃絹外孫絕妙詞；最是諧音難會意，方言別字太～」（郑丽生. 问谜[M]//福州风土诗. 福州: 福建人民出版社， 2012: 21.）	zie55 lie53	zie55 lie53		fzho	方炳桂. 前言[M]//郑丽生. 福州风土诗. 福州: 福建人民出版社, 2012: ⅶ.	3rvd	xfjva6qu94a	支離		2025-05-16 17:05:53	2020-10-04 00:00:00
xn7737zttau	供歲飯	榕俗，除夕早晨炊米飯，裝入專用飯甑，供在堂前	gyng21 hui53 wuong242	geoyng213 hui213 buong242			郑丽生. 《供岁饭》原注[M]//福州风土诗. 福州: 福建人民出版社, 2012: 3. “岁朝炊米贮甑中，奉于堂前谓之供岁饭，俗作晦飰。晦，即岁之声转；飰方言读若卞，实则饭。飰，古本一字一音也。”	3rvd	x5x6hbeavhh	供歲飯		2025-05-16 17:05:53	2020-10-04 00:00:00
x67wysxybgd	更*褒*	「Game Boy」的音譯。日本任天堂公司在1989年發售的第一代便攜式掌上遊戲機‖榕典取同音字	geing55 bo55	geing55 bo55		fzho		3rvd	xzy9yrt5uva	更*褒*		2025-05-16 17:05:53	2018-03-03 00:00:00
xz95bf2usvb	食麵	①喫麵條②遊戲名，翻花繩	sieh21 mieng242	sieh5 mieng242				3rvd	xbuzrexekjw	食麵		2025-05-16 17:05:53	2018-03-03 00:00:00
xy3w392gzz4	柄	閩東語地名用字	bang213	bang213				3rvd	xn8fwsw7hpb	柄		2025-05-16 17:05:53	2020-10-04 00:00:00
xz2byxspssr	狻猊	中國古代文獻中的獸類，初指獅子，又傳爲龍生九子之一。其形象常見於佛教法座、銅鏡、香爐、脊獸	soung55 nge53	soung55 nge53				3rvd	xgmwke6vdsp	狻猊		2025-05-16 17:05:53	2020-10-04 00:00:00
x4jxgq5jjra	白片	黃片，色情影片	bah21 wieng213	bah5 pieng213				3rvd	x96tv3m3cuz	白片		2025-05-16 17:05:53	2020-10-04 00:00:00
x3u3m7me9wv	簷馬	懸掛於大殿、佛塔等建築物檐角下方，無須敲擊，有風自鳴	sieng33 ma33	sieng53 ma33				3rvd	xkmyhj7zae3	簷馬		2025-05-16 17:05:53	2020-10-04 00:00:00
xr8p38jvpq5	上海新村	新村名，在福州臺江區	suong53 ngai33 sing55 njoung55	suong242 hai33 sing55 coung55		fzho		3rvd	xjkp7gpgtcu	上海新村		2025-05-16 17:05:53	2020-10-04 00:00:00
xss76a67q7a	無諸	一作亡諸，第七世閩越王，後世奉爲「開閩始祖」	u55 zy55	u53 zy55			Wikipedia biĕng-ciā. Ù-cṳ̆[G/OL]. Mìng-dĕ̤ng-ngṳ̄ Wikipedia, 2014-12-01[2020-10-04]. https://cdo.wikipedia.org/w/index.php?title=Ù-cṳ̆&oldid=38573.	3rvd	x565nrvetsg	無諸		2025-05-16 17:05:53	2020-10-04 00:00:00
x44bv8zyz5e	無諸城	福州的代稱，以閩越王無諸建都冶城得名。常以此詞代福州一名入詠	u21 zy55 liang53	u53 zy55 siang53			福州也称“无诸城”[M]//李乡浏, 李达. 福州地名. 福州: 福建人民出版社, 2001: 3.	3rvd	xtxvrpphcyj	無諸城		2025-05-16 17:05:54	2020-10-04 00:00:00
xqgdxvfumz6	祖廟	①指一位神明最主要的分靈源頭②地名，在福州茶亭，因有閩越王祖廟得名	zu55 miu242	zu33 miu242			福州也称“无诸城”[M]//李乡浏, 李达. 福州地名. 福州: 福建人民出版社, 2001: 3.	3rvd	xkadagak7an	祖廟		2025-05-16 17:05:54	2020-10-04 00:00:00
xm5usjcj7rm	閩山	①烏石山的敕賜名，得於唐天寶八年②烏石山支脈，在光祿坊。唐代敕賜「閩山」一名後，人以此名呼其餘脈	ming55 sang55	ming53 sang55			卷之一[M]//郭柏蒼. 烏石山誌. “唐天寶八載，敕改烏石山爲閩山，人遂呼山支爲閩山，而烏石山之名仍舊。（⋯⋯）山之支也，在今侯官縣右三坊之光祿坊。”	3rvd	x866zteyvhv	閩山		2025-05-16 17:05:54	2020-10-04 00:00:00
x7zcuar6up8	越王山	福州屏山的別名。因越王故都建在山麓，故名	uok21 uong55 nang55	uok5 uong53 sang55			“三山”和宋《三山志》[M]//李乡浏, 李达. 福州地名. 福州: 福建人民出版社, 2001: 4.	3rvd	xeyefetkf77	越王山		2025-05-16 17:05:54	2020-10-04 00:00:00
x7s5rntfanq	九仙山	福州于山的別名。傳說有何氏九兄弟在此煉丹，故又叫九仙山	giu21 lieng55 sang55	giu33 sieng55 sang55			“三山”和宋《三山志》[M]//李乡浏, 李达. 福州地名. 福州: 福建人民出版社, 2001: 4.	3rvd	xb7jfurj65c	九仙山		2025-05-16 17:05:54	2020-10-04 00:00:00
xrf8sbd9ft4	美男子	相貌英俊的少年	mi24 nang33 zy33	mi33 nang53 zy33				3rvd	xv9dbpvf83x	美男子		2025-05-16 17:05:54	2020-10-04 00:00:00
x3c6kah5fec	上椅踏桌	蹬鼻子上臉	suong53 ie33 dak21 dooh24	suong242 ie33 dak5 dooh24				3rvd	xjyhkjfqpxy	上椅踏桌		2025-05-16 17:05:54	2018-03-03 00:00:00
xt5uyj5jrd8	叫鳥刣無肉	拼命叫的鳥，殺後卻無甚肉。雷聲大雨點小	giu53 jeu33 tai21 mo33 nyk5	giu213 zeu33 tai53 mo53 nyk5				3rvd	xya2672kmrs	叫鳥刣無肉		2025-05-16 17:05:54	2018-03-03 00:00:00
xeb2mev5fbh	伓使細膩	不用客氣：謝謝。——～	ing21 nai21 se53 nei242	eing242 sai33 sa213 nei242				3rvd	xdherw7jnsf	伓使細膩		2025-05-16 17:05:54	2020-10-04 00:00:00
x2c4uzxeds5	金蚨蠅屎腹	金蒼蠅外表好看，腹內卻悉爲大便。金玉其外，敗絮其中	ging55 mu55 ling53 sai55 wouk24	ging55 bu53 sing53 sai33 bouk24				3rvd	xv7rhkfr542	金蚨蠅屎腹		2025-05-16 17:05:54	2018-03-03 00:00:00
xj6j32a4hbp	歲數食野大	歲數很大，很老	hui53 lou213 sieh5 ia55 luai242	hui213 sou213 sieh5 ia33 duai242				3rvd	xrjqm5sq3zx	歲數食野大		2025-05-16 17:05:54	2018-03-03 00:00:00
xbr3etzzvwt	揖香線	執香祭拜	ah21 hyong53 niang213	ah24 hyong55 siang213				3rvd	xmr2nazt69j	揖香線		2025-05-16 17:05:54	2018-03-03 00:00:00
xkhdedkhcyr	偷食餡	①偷喫餡②婚外與他人發生性關係。偷喫腥	tau53 lieh21 ang242	tau55 sieh5 ang242				3rvd	xnk225hf8gs	偷食餡		2025-05-16 17:05:54	2018-03-03 00:00:00
xsgtwh5e657	錔板	傳統店舖的門板	tak24 being33	tak24 being33				3rvd	x354hdfc874	錔板		2025-05-16 17:05:54	2018-03-03 00:00:00
xv5ke6a9u4f	尿搊	尿布	niu55 jau55	niu242 cau55				3rvd	xytzxcbgnaq	尿搊		2025-05-16 17:05:54	2018-03-03 00:00:00
xcjjxv4a5ux	食大	長大：食（長）這滿（這麼）大	sieh5 duai242	sieh5 duai242		fzho, mqig		3rvd	x75meb4zp67	食大		2025-05-16 17:05:54	2018-03-03 00:00:00
x98jr7j5n39	食幾歲	問過世者享壽	sieh5 gui55 ui213	sieh5 gui33 hui213		mqig		3rvd	xfxe2xdv9tg	食幾歲		2025-05-16 17:05:54	2018-03-03 00:00:00
x87aa9zkdse	食	①成長：～（長）大|～（長）這滿（這麼）大②上年紀：～未老（還沒到上年紀的份兒）|伓使（不要）～這（這麼）老③得年歲，享年歲：歲數～野（很）大|～（享年）幾歲	sieh5	sieh5				3rvd	x2tq2wabtf3	食		2025-05-16 17:05:54	2018-03-03 00:00:00
x7pgdkvaa8v	金甕	置放屍骨的陶罎	ging53 ooyng213	ging55 ooyng213				3rvd	xbnwbnv48nn	金甕		2025-05-16 17:05:54	2018-03-03 00:00:00
xqnj7wtq4p3	過九	榕俗。拗九節除去煮粥敬母，年歲逢九（如9、29、79等，謂之明九）或被九除盡（18、45等，謂之暗九）的人還要喫太平麵，以求避厄平安度年，是爲過九	guo53 gau33	guo213 gau33				3rvd	x6ntx6mpe8h	過九		2025-05-16 17:05:54	2018-03-03 00:00:00
xv9uqka4s8h	拗九囝	福清、平潭等地將農曆二月初二稱作拗九囝，可解作小拗九節	a21 au24 iang33	a242 gau33 giang33				3rvd	xhy4d8rcydv	拗九囝		2025-05-16 17:05:54	2018-03-03 00:00:00
x893yukwjnz	骹寒	腳受凍：～冰霜凍去|～手痹	ka55 gang53	ka55 gang53				3rvd	x3hfuttppjt	骹寒		2025-05-16 17:05:54	2018-03-03 00:00:00
xwbw44nkved	手痺	手被凍麻痺且有痛感：手寒痺去（手被凍僵了）|骹寒～	ciu55 bei213	ciu33 bei213				3rvd	xdnvzzh96wh	手痺		2025-05-16 17:05:54	2018-03-03 00:00:00
x557urjs4a5	藥頭店	藥店	yoh53 lau21 laing213	yoh5 tau53 daing213				3rvd	xvndqqfpecn	藥頭店		2025-05-16 17:05:54	2020-09-13 00:00:00
xs5crkeprke	倯	去人多的地方玩，帶貶義：汝今晡復去俤所～‖倯，自造字	seoyng53	seoyng53				3rvd	x26g5g9rcrf	倯		2025-05-16 17:05:54	2020-08-21 00:00:00
xke462yywc7	䗔	米蟲。色白體小，若不細看就無法看清。不同於蛘	gau53	gau53				3rvd	x6c335x7vej	䗔		2025-05-16 17:05:54	2020-08-21 00:00:00
xt7n538357w	煩躁	煩悶急躁	huang21 coo213	huang53 coo213				3rvd	xyp4kz9g55b	煩躁		2025-05-16 17:05:54	2020-08-11 00:00:00
xb3jxyrvg64	空調	空氣調節器，可制冷或制暖	kung55 diu53	kung55 diu53				3rvd	xgafjevpeg5	空調		2025-05-16 17:05:54	2020-07-07 00:00:00
xsx7zneuqz8	調	調動，分派‖也可以說diu242	diu53	diu53				3rvd	x8swxsawe3g	調		2025-05-16 17:05:54	2020-07-07 00:00:00
xu8myrpz3sg	單倒聽	胡說八道	dang21 no53 liang213	dang55 doo213 tiang213				3rvd	xqxdydf353w	單倒聽		2025-05-16 17:05:54	2020-09-18 00:00:00
xgtewhff8hj	烏豬	在閩江流域常見的一種小黑魚，曾廣爲食用。學名叫「尖頭塘鱧」	u55 ly55	u55 dy55				3rvd	xj786j8vkph	烏豬		2025-05-16 17:05:54	2020-05-01 00:00:00
xkym79rd25u	火雞	一種原產於北美洲的家禽，體型比一般雞大	hui21 ie55	hui33 gie55				3rvd	x4qz5hzctza	火雞		2025-05-16 17:05:54	2020-10-05 00:00:00
x5p5y7qehba	番囝雞	火雞的舊稱	huang21 ngiang21 ngie55	huang55 giang33 gie55				3rvd	x73jx63s3sg	番囝雞		2025-05-16 17:05:54	2020-05-01 00:00:00
xhgazvx78pk	湖鰍鯽	羅非魚。原產非洲，1954年前後傳入華南。原叫「非洲鯽」，福州人訛傳成「湖鰍鯽」	hu21 liu53 jeik24	hu53 ciu55 zeik24				3rvd	xecbhwmap8c	湖鰍鯽		2025-05-16 17:05:54	2020-05-01 00:00:00
xkbj8dgztys	六子𠟶	二打一棋、六子沖、打子棋、打炮棋，福州兒童和老人常玩的一種六子棋類	leoyk21 zi55 tooyk24	leoyk5 zi33 tooyk24				3rvd	x6n8emqn267	六子𠟶		2025-05-16 17:05:54	2020-05-01 00:00:00
xsbzdua43mq	梅舌	一種蜜餞，梅子乾加糖、蜂蜜加色素醃製而成（後多用白蘿蔔代替），多呈粉紅色，切碎之後常用於福州美食里當餡料，如福州禮餅、花卷等	mui33 liek5	mui53 siek5				3rvd	x8sjenjyz4e	梅舌		2025-05-16 17:05:54	2020-05-01 00:00:00
x9xae5bhqzc	搓儥辯師	訓斥他人很會狡辯，很會「焦打辯」（强辯，狡辯）。起源自古代做麻繩的流程；麻繩自麻摘下曬乾之後，要先搓一搓，讓它起毛增加摩擦力，再像編辮子一樣編起來，稱之「辮」，諧音爲「辯」；故此來形容此人不會「搓」，卻很會「辯」‖因表達強烈的語氣，所以不連讀	co55 ma242 bieng242 sa55	co55 ma242 bieng242 sa55				3rvd	xm8jwvyj5n6	搓儥辯師		2025-05-16 17:05:54	2020-05-01 00:00:00
xs7m39fxsmz	糕	一種白軟蒸糕。最早由莆田人在福州售賣；因叫賣者不擅福州話，把「糕」（go55）讀成「o55」，反成獨特吆喝聲，故此得名。已成爲福州美食的一部份	o55	o55				3rvd	xs8hx9ncm3m	糕		2025-05-16 17:05:54	2020-05-01 00:00:00
x5jnfj4b8dx	三重㾪	五花肉的一種說法，五花肉即五花三層肉，五層肥夾三層瘦，故名	sang53 nyng33 neing33	sang55 tyng53 seing33				3rvd	xjhem7zhmb3	三重㾪		2025-05-16 17:05:54	2020-05-01 00:00:00
x36hbfxhfrn	豉油膏	濃稠的醬油，醬油底油加了糯米粉勾芡，成稠狀，口味鹹鮮	si55 iu55 go55	sie242 iu53 go55				3rvd	xjzxgpdh2fm	豉油膏		2025-05-16 17:05:55	2020-06-02 00:00:00
xuzzjqbvyds	滑々傘	指降落傘、滑翔傘等	gouk21 louk53 sang33	gouk5 sang33				3rvd	xxuzez73gmy	滑々傘		2025-05-16 17:05:55	2020-06-01 00:00:00
xac5tr3mujd	安閒	安分：蜀日遘暝（一天到晚）都儥（不）～	ang55 hang53	ang55 hang53				3rvd	xd7yvzkc6hh	安閒		2025-05-16 17:05:55	2020-05-29 00:00:00
xan77tafws8	瘌牙	形容螺絲螺帽的螺紋被磨平了，已經不能互相咬合了‖螺紋平話叫「牙」	lak21 nga53	lak24 nga53				3rvd	xq3kvapbdjg	瘌牙		2025-05-16 17:05:55	2020-05-07 00:00:00
x5mera3vp58	藕花	荷花的老叫法	ngau55 ua55	ngau242 hua55				3rvd	xzy947g9xgh	藕花		2025-05-16 17:05:55	2020-05-03 00:00:00
xcx3ba9j827	重慶	中國直轄市名‖也有人讀作dyng21 keing213	tyng21 keing213	tyng53 keing213				3rvd	xre8zed8sm2	重慶		2025-05-16 17:05:55	2020-05-16 00:00:00
xwrp9vju6yg	煞飯	下飯。一般指喫飯時所配很鹹的食物（如豆醬等）	sak55 buong242	sak24 buong242				3rvd	xamqgbftekg	煞飯		2025-05-16 17:05:55	2020-07-06 00:00:00
xnhnfgpnvxc	亂去了	傻傻的，犯糊塗	nooung213 ngo0 lau33	nooung213 koo213 lau33		liji		3rvd	xp4snn4j2gt	亂去了		2025-05-16 17:05:55	2020-10-04 00:00:00
xfsgs2g2wnc	洗頭精	洗髮液，洗髮精‖也有人「精」字聲母不類化	se21 lau55 jing55	se33 tau53 zing55		liji		3rvd	x4h3raqcmsm	洗頭精		2025-05-16 17:05:55	2020-10-05 00:00:00
xh9e3shphfe	護髮素	保護頭發和改善其外觀的一種化妝品	hu21 uak55 sou213	hou242 huak24 sou213		liji		3rvd	xtz79cxyvzs	護髮素		2025-05-16 17:05:55	2020-10-05 00:00:00
x5ucpgqhegd	來左去右	①來走左邊，去走右邊A）交通規則。一說，曾經交通規則爲靠左行，產生此說法。即勸告者從相向而來的受勸告人視角出發，指出受勸告人應靠對受勸告人而言爲左的那一側行來。後規則改靠右行，本句則解爲相向而來者靠左，同向而去者靠右B）迷信認爲離去時要走右邊，歸來時要走左邊②引申爲注意路況、勉力自珍的囑咐用語：飯著（要）食飽去（了），～，平安順利唅（hang53）	lai33 jo33 ky53 iu242	lai53 zo33 keoy213 iu242				3rvd	xnc6wz97hff	來左去右		2025-05-16 17:05:55	2020-10-04 00:00:00
xz47zctpqmj	自稱	在别人面前称呼自己	zy55 jing55	zeoy242 cing55				3rvd	xbcxwcj9j9g	自稱		2025-05-16 17:05:55	2020-10-04 00:00:00
xr44twu4hz8	試車	試用新車	ci55 jia55	cei213 cia55				3rvd	xscp98vtwy6	試車		2025-05-16 17:05:55	2020-10-03 00:00:00
x9sf2ntb3n5	拭車	擦洗車輛	cik21 cia55	ceik24 cia55				3rvd	xt9a2c6xcgn	拭車		2025-05-16 17:05:55	2020-10-03 00:00:00
xpqkfs3yaqg	睏蜀醒	睡一覺	koung21 {loh} cang33	kooung213 suoh5 cang33		mqig		3rvd	xaztyh7zy4n	睏蜀醒		2025-05-16 17:05:55	2020-10-05 00:00:00
xc8qyj6qbxw	蹂	踩‖福清也有人讀作nai（h）	neh5	neh5		ygti, mqig, fuqi		3rvd	x26apb75uqr	蹂		2025-05-16 17:05:55	2020-10-05 00:00:00
xz9dusde3kq	牙	螺紋	nga53	nga53				3rvd	xvuk7xah9qv	牙		2025-05-16 17:05:55	2020-10-05 00:00:00
xt72typ4cg2	依璋師	①對名字含「璋」字的人士的稱呼②評話人林民璋的綽號。主持有福州電視臺《攀講》節目的〈依璋碎講〉單元	i21 juong55 na55	i55 zuong55 sa55				3rvd	xawfu4k733a	依璋師		2025-05-16 17:05:55	2020-10-06 00:00:00
xkmewj99geh	攀*講	福州電視臺的福州話脫口秀節目名	pang53 ngoung33	pang55 goung33				3rvd	x6d7qzduggb	冇講		2025-05-16 17:05:55	2020-10-06 00:00:00
x8apb73mdjt	麻索	麻繩	muai21 sooh24	muai53 sooh24				3rvd	xerg7cmyyrh	麻索		2025-05-16 17:05:55	2020-10-06 00:00:00
xuheybsnxd7	南門兜	①南門的附近②地名A）在福州鼓樓區：～遘了，本站可以盤二號線B）在寧德，北接南門德化橋，南鄰戰場溪	nang55 muong55 nau55	nang53 muong53 dau55				3rvd	xva5bxd5kkn	南門兜		2025-05-16 17:05:55	2020-10-06 00:00:00
xjf3mtqsn8u	盤	換乘：南門兜遘了，本站可以～二號線	buang53	buang53				3rvd	xrx77key5rc	盤		2025-05-16 17:05:55	2020-10-06 00:00:00
xau8ae5agvv	盤車	換乘	buang55 njia55	buang53 cia55				3rvd	xjxfga5u94b	盤車		2025-05-16 17:05:55	2020-10-06 00:00:00
xvqdarzyfvq	拉*拉*酥	熟練：其實根本就儥困難，別儂吹的（lik0）～‖單字音不明，《榕腔註音詞典》記爲下平調，與變調結果不合	la21 la55 su55	la53 la53 su55				3rvd	x3jxzq4tvky	拉*拉*酥		2025-05-16 17:05:55	2020-10-06 00:00:00
xmeqhsnvwv6	抄	指將龍舟翻轉的動作。抄比「反」（baing213）更體現出用力	cau55	cau55		mnhu		3rvd	x8963hwthdq	抄		2025-05-16 17:05:55	2020-08-03 00:00:00
x2khvh5n7ac	反	指將龍舟翻轉的動作：～過（過去）|～過去	baing213	baing213		mnhu		3rvd	xfx8g3x5sdp	反		2025-05-16 17:05:55	2020-08-03 00:00:00
x2w85as8akn	紅樓夢	小說，曹雪芹作	eoyng21 lau21 mooyng213	eoyng53 lau53 mooyng213				3rvd	xtsnsmpqek6	紅樓夢		2025-05-16 17:05:55	2020-10-07 00:00:00
xdxwm6jb7g4	會驚	令人吃驚，極言程度之深：這滿価，～去	e55 giang55	a242 giang55				3rvd	xht9hfnfs63	會驚		2025-05-16 17:05:55	2020-10-07 00:00:00
xw2sdxje8dg	道教	華夏本土宗教	do53 au213	doo242 gau213				3rvd	x62bjx5w2ad	道教		2025-05-16 17:05:55	2020-04-16 00:00:00
xp3xw6hudx9	褪褲螺	①褲子脫光②幼兒著開襠褲	toung21 ngu55 leoy53	tooung213 kou213 leoy53				3rvd	x2ycds7equd	褪褲螺		2025-05-16 17:05:55	2020-06-19 00:00:00
xnt9sfjn9f3	樟堵	龍舟橫梁，一般用樟木制作，故名	zuong53 nu33	zuong55 du33		mnhu		3rvd	x8sw3w7n8yz	樟堵		2025-05-16 17:05:55	2020-08-21 00:00:00
xpbhd2ecyc2	骹踏	龍舟腳踏板。過去有說法是特指鼓手腳踩的地方，現在更多指的是劃手座位前踏腳支撐的小板	ka55 dak5	ka55 dak5		mnhu		3rvd	x2t3qq93qgh	骹踏		2025-05-16 17:05:55	2020-08-03 00:00:00
xjnvvjh44p3	攏船	指組裝龍舟部件的過程	leoyng21 sung53	leoyng33 sung53		mnhu		3rvd	xp8s4c5yrnh	攏船		2025-05-16 17:05:55	2020-08-03 00:00:00
xvj3fb7urtd	繞	借助工具將龍舟用材夾擠成所需要的形狀、弧度	nau33	nau33		mnhu		3rvd	x3gg3d6qjqd	繞		2025-05-16 17:05:55	2020-08-15 00:00:00
xkwhpf8r4jx	馬龍	舟頭有分上下檔的龍舟。舟頭分上下檔的結構類似於馬，且舟頭的眼嘴朝前，故名。惟其舟頭未必爲馬形	ma21 lyng53	ma33 lyng53		mnhu		3rvd	xmn39wsg5u8	馬龍		2025-05-16 17:05:55	2020-08-21 00:00:00
xg6pgzxpuzr	琵琶帶	紅色的布條，定龍骨時將之釘在龍骨上，與古代建房上梁時掛紅布祈福意義相同	bi21 wa21 lai213	bi53 ba53 dai213		mnhu		3rvd	xtbqyfgq2k4	琵琶帶		2025-05-16 17:05:55	2020-08-03 00:00:00
xbq7qcu8apd	蜻𧊏	蜻蜓	ciang55 ngai55	ciang55 gai55		mnhu		3rvd	x6z45ydxv32	蜻𧊏		2025-05-16 17:05:55	2020-08-03 00:00:00
xdxuke9xe3d	鼓腰舀水	傳統龍舟的頭尾翹起，如果龍舟進水會往鼓腰流，鼓腰的劃手要備水瓢舀水。以前劃龍舟水平欠佳者，便安排之在此舀水。也簡稱爲「舀水」	gu21 iu55 iu24 zui33	gu33 iu55 iu33 zui33		mnhu		3rvd	xtx4bn9phj7	鼓腰舀水		2025-05-16 17:05:55	2020-08-03 00:00:00
xk5gjg34u68	舀水	傳統龍舟的頭尾翹起，如果龍舟進水會往鼓腰流，鼓腰的劃手要備水瓢舀水。以前劃龍舟水平欠佳者，便安排之在此舀水。全稱爲「鼓腰舀水」	iu24 zui33	iu33 zui33		mnhu		3rvd	xppt2dpgzba	舀水		2025-05-16 17:05:56	2020-08-03 00:00:00
xqrq8qrkgvc	馬頭	①馬的頭部②馬形龍舟頭③舟頭爲馬頭的龍舟，如福州西湖有「紅馬」「白馬」	ma21 tau53	ma33 tau53		mnhu		3rvd	xh6m8ezdatg	馬頭		2025-05-16 17:05:56	2020-08-26 00:00:00
x72vnfmvjke	青蛤頭	①綠色蟾蜍的頭部②舟頭爲龍形，但船身龍鱗塗爲青色的龍舟。有別於其他的「紅龍」「黃龍」「烏龍」等，故名青蛤頭③綠色蟾蜍形舟頭。如福州水部蛤埕的龍舟頭即采此形，因該境信仰「青蛤將軍」	cang21 ngak21 tau53	cang55 gak24 tau53		mnhu		3rvd	xa8um76tx46	青蛤頭		2025-05-16 17:05:56	2020-08-26 00:00:00
xczzj3z57rx	佮唬*	合成一夥兒	gak24 hu33	gak24 hu33		mnhu		3rvd	xt2fbtpmznm	佮唬*		2025-05-16 17:05:56	2020-06-22 00:00:00
xwu6u267yxf	象頭	①象的頭部②象形龍舟頭③舟頭爲象頭的龍舟，如福州晉安象園用舟	cuong55 tau53	cuong242 tau53		mnhu		3rvd	xszzurcavd8	象頭		2025-05-16 17:05:56	2020-08-26 00:00:00
xk98x5jzh4v	鳳頭	①鳳的頭部②鳳形龍舟頭③舟頭爲鳳頭的龍舟，如長樂女隊用舟	hung55 tau53	houng242 tau53		mnhu		3rvd	x26s7htsdbx	鳳頭		2025-05-16 17:05:56	2020-08-26 00:00:00
x5q4tnx9yxq	麒麟頭	①麒麟的頭部②麒麟形龍舟頭	gi33 ling33 tau53	gi53 ling53 tau53		mnhu		3rvd	x7b7t337w8s	麒麟頭		2025-05-16 17:05:56	2020-08-26 00:00:00
xtb4arw38w4	南港第一	①稱霸於南港A）龍舟隊在福州南港（閩侯縣南通、南嶼、上街、祥謙、尚幹等鎮）一帶奪魁	nang33 geoyng33 de53 eik24	nang53 geoyng33 da242 eik24		mnhu		3rvd	xgbzv5xzxn6	南港第一		2025-05-16 17:05:56	2020-08-26 00:00:00
xrhgs47dxbk	北港第一	①稱霸於北港A）龍舟隊在福州北港（從洪山橋開始沿臺江至馬尾）一帶奪魁	beoyk24 geoyng33 de53 eik24	booyk24 geoyng33 da242 eik24		mnhu		3rvd	x6rd4v2n2dm	北港第一		2025-05-16 17:05:56	2020-08-26 00:00:00
xx3pnbc282d	拍鼓	①打鼓②龍舟鼓手	pah53 gu33	pah24 gu33		mnhu		3rvd	xad7kjwqnr7	拍鼓		2025-05-16 17:05:56	2020-08-26 00:00:00
xd8yydsw8sd	搦舵	①掌舵②龍舟舵手	nieh53 duai242	nieh5 duai242		mnhu		3rvd	xsm8hrapnvq	搦舵		2025-05-16 17:05:56	2020-08-26 00:00:00
xdsuef456e9	拍鑼	①敲鑼②龍舟鑼手	pah55 lo53	pah24 lo53		mnhu		3rvd	xes7xkuhhmv	拍鑼		2025-05-16 17:05:56	2020-08-26 00:00:00
xvt8n8heqr7	扒手	龍舟劃手	ba33 jiu33	ba53 ciu33		mnhu		3rvd	xqhmavwde74	扒手		2025-05-16 17:05:56	2020-08-26 00:00:00
xwr3wqby6rp	畫花	①在龍舟尾部畫圖案，以圖吉祥②統稱龍舟尾部所畫圖案，如「龍」「鳳」「荷花」「鯉魚」等	ua55 hua55	ua242 hua55		mnhu		3rvd	xrh4wagxkj9	畫花		2025-05-16 17:05:56	2020-08-26 00:00:00
x45fynj9d7w	龍做清醒去	即「醒龍」，又稱「龍船鼓轉頭」。福州龍舟習俗。每年農歷四月初一，人們敲鑼打鼓，擡著龍舟頭遊境，喚醒上次回港後沈睡的龍舟。如遇當年是農歷閏四月，則要再醒龍一次	lyng53 zoo213 cing53 njang33 ngo0	lyng53 zoo213 cing55 cang33 koo213	lyng53 zoo213 cing53 njiang33 ngo0	mnhu		3rvd	xpmn95b6xd3	龍做清醒去		2025-05-16 17:05:56	2020-08-26 00:00:00
xy64jjgjqjg	船尾	船的尾部	sung33 mui33	sung53 mui33		mnhu		3rvd	xdmkgfdp27v	船尾		2025-05-16 17:05:56	2020-08-26 00:00:00
xf6xjgwb485	龍船頭	龍舟的前部。又稱「龍頭」	lung33 nung33 tau53	lung53 sung53 tau53		mnhu		3rvd	xf7sfrcstbr	龍船頭		2025-05-16 17:05:56	2020-08-26 00:00:00
xfchjysdwxu	龍船尾	龍舟的尾部	lung33 nung33 mui33	lung53 sung53 mui33		mnhu		3rvd	xg964wvczjj	龍船尾		2025-05-16 17:05:56	2020-08-26 00:00:00
x9w6zpnq6r2	翹度	船頭和船尾翹起的幅度	kiu53 lou242	kiu213 dou242		mnhu		3rvd	xzucs7u9xbq	翹度		2025-05-16 17:05:56	2020-08-03 00:00:00
xbvwtsynyge	蟶	對國際龍舟船底凹形的稱呼。又稱「蟶底」	teing55	teing55		mnhu		3rvd	xmkmfq3a6kv	蟶		2025-05-16 17:05:56	2020-08-03 00:00:00
xag7u72unag	蟶底	對國際龍舟船底凹形的稱呼。又稱「蟶」	teing53 ne33	teing55 de33		mnhu		3rvd	xw89mzvhpq2	蟶底		2025-05-16 17:05:56	2020-08-03 00:00:00
xyb5bb7cb8e	坐尾	龍舟劃行時一種不好的行駛狀態，表現爲船尾過重、沈下去	seoy53 mui33	sooy242 mui33		mnhu		3rvd	xpbkqtkn375	坐尾		2025-05-16 17:05:56	2020-08-03 00:00:00
xv7py5ry7rs	踢水	龍舟劃行時一種不好的行駛狀態，表現爲船頭過重、虎頭牌喫水	tik24 zui33	teik24 zui33		mnhu		3rvd	x23jkrs3nd2	踢水		2025-05-16 17:05:56	2020-08-03 00:00:00
xkrct4yp3xp	偷舵	在龍舟比賽使用「壓舵」戰術時，將舵擡離水面。因爲這麽做違反了規則，故稱爲偷舵，被對方發現往往會引起爭執	tau53 duai242	tau55 duai242		mnhu		3rvd	xngq5pkdsqj	偷舵		2025-05-16 17:05:56	2020-08-03 00:00:00
x78pxjzbbxe	頭三尾四	傳統龍舟競渡中，一般將主力隊員安排在龍舟的頭三段和後四段位置。又稱「頭三段尾四段」	tau55 sang55 mui55 sei213	tau53 sang55 mui33 sei213		mnhu		3rvd	xhy4j5krbpz	頭三尾四		2025-05-16 17:05:56	2020-08-03 00:00:00
xb6a9f6hrxt	後送	指坐在傳統龍舟後部的主力隊員。後部隊員給力的話，整條船就會被向前送，船速變快，故稱爲後送	au53 sooyng213	au242 sooyng213		mnhu		3rvd	xcmsmcq4a3x	後送		2025-05-16 17:05:56	2020-08-03 00:00:00
x33as4aqzcv	龍船厝	指龍舟房	lung21 nung21 njuo213	lung53 sung53 cuo213		mnhu		3rvd	xza7ccf2jmp	龍船厝		2025-05-16 17:05:56	2020-08-03 00:00:00
x7qx5y7yv93	龍船經	從農歷四月初一，人們就開始討論或籌劃本年的龍舟賽事。有時也指爲了了解龍舟軼事而攀談	lung55 nung55 ging55	lung53 sung53 ging55		mnhu		3rvd	x65824k3n7q	龍船經		2025-05-16 17:05:56	2020-08-03 00:00:00
xdx32phyus2	贈槳	①福州龍舟習俗之一A）一種是生男孩後，做一把槳或一對槳並束以紅布放在境廟裏，有的地方還要在寫上男孩的名字和出生日期，寓意「添丁」，所以也叫「喜槳」「謝槳」B）另一種是經濟條件較好的人資助龍舟隊所贈的槳，比如華僑捐資，槳上會寫捐贈人的名字和日期	zeing53 zuong33	zaing242 zuong33		mnhu		3rvd	xhbnuqtbekj	贈槳		2025-05-16 17:05:56	2020-08-03 00:00:00
x6dwaj2tm4n	外地囝	指外地人。非尊敬的稱呼	ngui21 li53 iang33	ngui242 dei242 giang33		fuqi		3rvd	x7n7rs6nsu8	外地囝		2025-05-16 17:05:56	2020-10-07 00:00:00
xn3njttfuvf	廣東囝	指廣東人。非尊敬的稱呼	guong21 neoyng53 ngiang33	guong33 deoyng55 giang33		fzho		3rvd	xm63ghwuq93	廣東囝		2025-05-16 17:05:56	2020-10-07 00:00:00
xm9fd78rzm8	日本囝	指日本人。非尊敬的稱呼	nik21 buong24 ngiang33	nik5 buong33 giang33		fzho		3rvd	xqjpr2jg7tp	日本囝		2025-05-16 17:05:56	2020-10-07 00:00:00
xke49f5d5r5	外斗囝	指外地人。非尊敬的稱呼	ngie21 lau24 iang33	ngie242 dau33 giang33		fzho		3rvd	xsbqab72ha5	外斗囝		2025-05-16 17:05:56	2020-10-07 00:00:00
xjv5b22fbp9	四川囝	①指四川人②泛指外來務工者‖非尊敬的稱呼。也有人讀作si21 cuong53 ngiang33	sy21 cuong53 ngiang33	seoy213 cuong55 giang33		fzho		3rvd	xe2r485cj6n	四川囝		2025-05-16 17:05:56	2020-10-07 00:00:00
xbuda3x7u3a	龍頭	龍舟的前部。又稱「龍船頭」	lyng33 tau53	lyng53 tau53		mnhu		3rvd	xfguurpm2es	龍頭		2025-05-16 17:05:56	2020-08-24 00:00:00
xv62twh9ypn	船頭	船的前部	sung33 tau53	sung53 tau53		mnhu		3rvd	xx558w3pn7r	船頭		2025-05-16 17:05:56	2020-08-24 00:00:00
xtsrzxf9j3y	社旗	各境社龍舟隊的隊旗	sia55 gi53	sia242 gi53		mnhu		3rvd	xhp3srqctw4	社旗		2025-05-16 17:05:56	2020-08-21 00:00:00
xk79h7xdbz8	令旗	各境社主祀的神明的旗子	ling55 gi53	leing242 gi53		mnhu		3rvd	xux4v8yqhyz	令旗		2025-05-16 17:05:56	2020-08-21 00:00:00
xuexczpumvd	頭三段尾四段	傳統龍舟競渡中，一般將主力隊員安排在龍舟的頭三段和後四段位置。又稱「頭三尾四」	tau53 sang53 looung242 mui33 si53 looung242	tau53 sang55 dooung242 mui33 sei213 dooung242		mnhu		3rvd	xhfk9vbx7q9	頭三段尾四段		2025-05-16 17:05:56	2020-08-21 00:00:00
xmdkbknue5b	龍船架	①龍舟房內安放龍舟的架子②代指整個龍舟房	lung21 nung21 nga213	lung53 sung53 ga213		mnhu		3rvd	xs3gf6vp893	龍船架		2025-05-16 17:05:56	2020-08-21 00:00:00
xxgm8wa2pta	拾錢	泛指爲龍舟活動募捐行爲。如向企業、店鋪等募捐	kak21 zieng53	kak24 zieng53		mnhu		3rvd	xvbywvsfb8w	拾錢		2025-05-16 17:05:56	2020-08-21 00:00:00
xe3chya3wdu	拜旗	龍舟巡江時路過別的境社，要息鼓，然後用社旗遙拜該境社的神明，再繞境一圈以示禮節	bai55 gi53	bai213 gi53		mnhu		3rvd	xdqf88j94tv	拜旗		2025-05-16 17:05:57	2020-08-21 00:00:00
x2uanab25wp	引港	新龍舟夾水時，由老龍舟爲新龍舟引路的習俗。老龍舟可以是本境的，也可以是邀請來的「親家」龍舟	ing24 geoyng33	ing33 geoyng33		mnhu		3rvd	xgrx2fpkhph	引港		2025-05-16 17:05:57	2020-08-21 00:00:00
xnmwa4kw78k	請香	劃龍舟之前的請神儀式，祈求護佑平安	ciang21 yong55	ciang33 hyong55		mnhu		3rvd	xqqcxg48yh9	請香		2025-05-16 17:05:57	2020-08-21 00:00:00
xtb3csp64dq	安位	端午節之後擇吉日舉行的謝神儀式，送神明回位。眾人借機聚餐，類似慶功宴	ang53 ui242	ang55 ui242		mnhu		3rvd	xqbycgnmpj6	安位		2025-05-16 17:05:57	2020-08-21 00:00:00
xxekytuqx7t	總理	①一個群體的名義或實質領導者A）一個國家或地區的政府首腦，負責統領政府的行政工作：周～B）村社裏整個端午期間龍舟賽的負責人	zung24 li33	zung33 li33		mnhu		3rvd	xukjm3xvjv9	總理		2025-05-16 17:05:57	2020-08-21 00:00:00
xkty3tvw3yg	毛竹	植物名，竹類。具備經濟價值，可供建築用，製作工藝品，作爲造紙原料，以及制作填塞龍舟接縫的竹絲等‖又有人讀作meoy21 leoyk24	mo21 leoyk24	mo53 deoyk24		mnhu		3rvd	xwzfxgwudqp	毛竹		2025-05-16 17:05:57	2020-08-21 00:00:00
xknk2yes6m4	水竹	原產永泰大樟溪沿岸，閩侯方莊有引栽，所刮出竹絲水密性比毛竹更好	zui55 leoyk24	zui33 deoyk24		mnhu		3rvd	xs5x6xugtft	水竹		2025-05-16 17:05:57	2020-08-21 00:00:00
x3qcgszg66x	添丁	①福州龙舟习俗之一A）生男孩后，做一把桨或一对桨并束以红布放在境庙里，有的地方还要在写上男孩的名字和出生日期。习俗寓意「添丁」，故以寓意直接命名此行为。也叫「喜桨」「谢桨」「赠桨」B）龙舟师傅在为村境的新舟钉龙骨时，会将长钉以红纸裹起，赠予村境住民，寓意为住民添男丁②福州花灯习俗。见「添灯」	tieng55 ding55	tieng55 ding55		mnhu		3rvd	x4zedcvse5j	添丁		2025-05-16 17:05:57	2020-08-21 00:00:00
xrsjw66mtyy	美國囝	指美國人。非尊敬的称呼	mi21 uok24 giang33	mi33 guok24 giang33				3rvd	x7aef8kgws9	美國囝		2025-05-16 17:05:57	2020-10-08 00:00:00
xn8fxxa6fm5	無利	①沒有利益A）部分追求財富者認爲「茉莉」與「無利」諧音，產生忌諱	mo21 lei242	mo53 lei242			沈丹昆. 一脉馨香忆母亲[J]. 闽都文化, 2016, (2): 21.	3rvd	xh69p8bb28p	無利		2025-05-16 17:05:57	2020-10-08 00:00:00
xv8eq868vgb	後代	後代人，晚輩‖又有人讀作heu53 lai242	au53 looy242	au242 dooy242				3rvd	xpg5m5g9esa	後代		2025-05-16 17:05:57	2020-10-08 00:00:00
xf3ujsqb69u	曲蹄婆厝	蜑戶女閭。一說實非蜑戶，托稱而已	kuoh21 le21 wo21 cuo213	kuoh24 de53 bo53 cuo213			康延平. 咸水歌——疍民的原生态民谣[J]. 闽都文化, 2016, (2): 29.	3rvd	xh7284fh5qd	曲蹄婆厝		2025-05-16 17:05:57	2020-10-08 00:00:00
xnmymeeaqpe	鼠標	電腦輸入設備，可定位屏幕上的遊標	cy21 biu55	cy33 biu55				3rvd	xxukmhqka2r	鼠標		2025-05-16 17:05:57	2020-10-08 00:00:00
xgepkqu3xb5	燒燈	榕俗，正月廿九拗九節，要將正月嬉遊的花燈燒掉。傳說燈不燒會變爲魅鬼，壓在胸口上難受。又說與收心諧音，勸諭孩童安心讀書，外地工作者趕緊出門打拼	siu55 ling55	siu55 ding55			景艳. 归去来兮叩花灯[J]. 闽都文化, 2016, (2): 29.	3rvd	xc43q3cn4j6	燒燈		2025-05-16 17:05:57	2020-10-08 00:00:00
xs5hzmedenm	討粿	相傳，唐末五代，唐兵入閩，殺男擄女。幸存的原住民男人逃往水面求生，成爲疍民。爲上岸尋找妻女，每年正月初三（一說初一至初三），趁岸上「唐部人」不開殺戒，疍民男人便假借討粿之名，挨家挨戶走，見到妻女便留下暗號夜裏接走（或妻女找到原有親人後逃亡江海團聚）。此習俗後來演變爲單純的討粿，也叫「討吉祥」，角色也從男人演變爲老弱婦孺	to24 ui33	to33 gui33			康延平. 咸水歌——疍民的原生态民谣[J]. 闽都文化, 2016, (2): 35.	3rvd	x9gqp6n68c8	討粿		2025-05-16 17:05:57	2020-10-08 00:00:00
xn7df7p5wxq	討吉祥	「討粿」的又稱	to21 gik21 suong53	to33 geik24 suong53			康延平. 咸水歌——疍民的原生态民谣[J]. 闽都文化, 2016, (2): 35.	3rvd	xyfjqatdf3y	討吉祥		2025-05-16 17:05:57	2020-10-08 00:00:00
xfq9n6w5znb	仙湖	境名，在福州西湖	sieng55 hu53	sieng55 hu53				3rvd	xbpwr8sp2ht	仙湖		2025-05-16 17:05:57	2020-10-08 00:00:00
xub9m2evy8t	福德	地名，在福州臺江	huk55 daik24	houk24 daik24				3rvd	x7uc2vf4ueh	福德		2025-05-16 17:05:57	2020-10-08 00:00:00
xcztgf5vtvv	遠洋路	路名，在福州	uong55 yong21 lou242	uong33 yong53 lou242				3rvd	x8nss83d3f9	遠洋路		2025-05-16 17:05:57	2020-10-08 00:00:00
x8a7m96gxpt	白	①姓：～居易（唐代人物）②人名用字：小～先生|小～師	beik5	beik5				3rvd	x625yur592h	白		2025-05-16 17:05:57	2020-10-08 00:00:00
xfh3cbzb9n5	蔣介石	政治人物，軍事家	zuong21 ngai55 lik5	zuong33 gai213 sik5				3rvd	xb7akagng78	蔣介石		2025-05-16 17:05:57	2020-10-08 00:00:00
xz2ddue5m2s	添灯	福州花燈習俗。婚後未得子者，贈以花燈，以「添燈」諧音寓意「添丁」。第一年送「觀音送子」；第二年送「天賜麟兒燈」，又名「嬰兒坐盆燈」；第三年送「橘燈」，以「橘」「急」同音	tieng55 ding55	tieng55 ding55			景艳. 归去来兮叩花灯[J]. 闽都文化, 2016, (2): 26.	3rvd	x8kun2cxc85	添燈		2025-05-16 17:05:57	2020-10-09 00:00:00
x4gxbptr3pk	中洲島	在閩江‖又有人讀作dyng21 njiu53 lo33	doung21 njiu53 lo33	doung55 ziu55 do33				3rvd	xkwtdpebdm5	中洲島		2025-05-16 17:05:57	2020-10-09 00:00:00
x3yprkgeq3q	中洲	見「中洲島」‖又有人讀作dyng55 njiu55	doung55 njiu55	doung55 ziu55				3rvd	x9sktuxvgcm	中洲		2025-05-16 17:05:57	2020-10-09 00:00:00
xemh5q6kqgs	老姕貨	對老年人的蔑稱	lau21 zi53 huo213	lau33 zi55 huo213				3rvd	xdcp2eeh8wm	老膣貨		2025-05-16 17:05:57	2020-10-09 00:00:00
xbaqud7mec8	𥻵粿店	賣𥻵、粿等食物的鋪子：三成炳～|西信義～	si21 ui55 laing213	si53 gui33 daing213			方炳桂, 方向红. 福州老行当[M]. 福建人民出版社, 2002: ⅳ.	3rvd	xrw767tk496	𥻵粿店		2025-05-16 17:05:57	2020-10-11 00:00:00
xxpcccsauf8	扛棺材其	扛棺材的，擡棺人	goung21 guang55 njai53 i0	goung55 guang55 cai53 gi53			方炳桂. 前言[M]//方炳桂, 方向红. 福州老行当. 福建人民出版社, 2002: ⅱ.	3rvd	xau6c96g4va	扛棺材其		2025-05-16 17:05:57	2020-10-11 00:00:00
xbwcvza9r8j	石竹山	在福清市石竹街道	suoh21 lyk21 sang55	suoh5 deoyk24 sang55				3rvd	xbeb4qu78jj	石竹山		2025-05-16 17:05:57	2020-10-12 00:00:00
x9pj9cybjky	下漳	指漳州‖連讀變調後的「泉州」與「漳州」同音。爲辨義，有時直稱泉州爲不變調的zuong53 ziu55，或以字形特徵稱爲「白水泉」；或以相對地理位置稱漳州爲「下漳」	a55 juong55	a242 zuong55				3rvd	x9qw558kju7	下漳		2025-05-16 17:05:57	2020-10-12 00:00:00
xrdtqmgrh9y	唐僧	中國著名古典小說《西遊記》的主要角色，孫悟空等人的師父，原型是唐代的玄奘法師	doung55 njeing55	doung53 zeing55				3rvd	xxc2jvzfh3s	唐僧		2025-05-16 17:05:57	2020-10-12 00:00:00
xrtr6zegguv	蜀隻儂	一個人	suoh21 jieh24 neoyng53	suoh5 zieh24 neoyng53				3rvd	xv3dpjze7gb	蜀隻儂		2025-05-16 17:05:57	2020-10-12 00:00:00
xfr7kbbhegw	乙醇	常用的燃料、溶劑和消毒劑，也用於有機合成	ik21 sung53	eik24 sung53				3rvd	x3usfnmuhun	乙醇		2025-05-16 17:05:57	2020-10-12 00:00:00
x3sjwx22hj8	蜀個儂	孤身一人	suoh21 a213 neoyng53	suoh5 ga213 neoyng53				3rvd	xyenjbr4fw3	蜀個儂		2025-05-16 17:05:57	2020-10-12 00:00:00
xdt5kmes55n	䲅	河豚：釣～|食生～	ge55	ge55				3rvd	x9jazrd4wgq	䲅		2025-05-16 17:05:57	2020-10-12 00:00:00
xu9hfpsmunp	䲅囝	河豚	ge53 iang33	ge55 giang33				3rvd	xf2wy2xzu2p	䲅囝		2025-05-16 17:05:57	2020-10-12 00:00:00
xeb6fvt7e5h	生䲅	生河豚：食～	cang55 ge55	cang55 ge55				3rvd	xf3ttcwy7gj	生䲅		2025-05-16 17:05:57	2020-10-12 00:00:00
xc2fsr3udf2	形狀	行爲舉止。略有貶義	hing21 njooung242	hing53 zooung242		cgle		3rvd	xkqkpg2chbu	形狀		2025-05-16 17:05:57	2020-10-12 00:00:00
x7nef8vhjyt	怪形怪狀	行爲舉止怪異	guai55 hing53 guai53 jooung242	guai213 hing53 guai213 zooung242		cgle		3rvd	xgnmrnwnxgd	怪形怪狀		2025-05-16 17:05:57	2020-10-12 00:00:00
xtfd37z4p2f	作風	生活態度與行爲風格	zouk21 hung55	zoouk24 hung55				3rvd	xjh69nhuefz	作風		2025-05-16 17:05:57	2020-10-12 00:00:00
xd2b3sd6vd7	間	量詞，計量建築物的單位：蜀～店	gieng55	gieng55		fuqi		3rvd	x5ewu8gptkj	間		2025-05-16 17:05:58	2020-10-12 00:00:00
xry2tnucudc	拍戰	打仗，打戰	pah53 jieng213	pah24 zieng213		fuqi		3rvd	xqkwetajjrj	拍戰		2025-05-16 17:05:58	2020-10-12 00:00:00
xk8etzypuet	相拍	代指戰爭，見於口語	soung53 pah24	soung55 pah24		fzho, mqig		3rvd	xzg4vn7udya	相拍		2025-05-16 17:05:58	2020-10-12 00:00:00
xepa4kx6s7h	坎*	量詞，計量店面的單位：蜀～店|伊豆菜做野好，發各～店去賣‖福清方言。坎，同音字。	kang33	kang33		fuqi, pign		3rvd	xsmbnvwbzm5	坎*		2025-05-16 17:05:58	2020-10-12 00:00:00
xfknfms7dhw	壤*壤*	螃蟹的腮	yong33 yong33	yong33 yong33		fzho, mqig		3rvd	x5mg6hp5rdc	壤壤		2025-05-16 17:05:58	2020-10-12 00:00:00
xeh555ab7h5	十八坂	閩清習俗。誕生於清代嘉慶年間。時閩清縣阪東鎮芝田宮方落成，鄰近十八個鄉鎮的百姓齊聚阪東慶賀，並在芝田宮周邊開設春耕生產商品交易活動，《閩清縣誌》稱之爲閩清「十八阪」。活動項目爲遊神、遊古鎮、品美食、看美景、享文化、購物、備耕。「十八阪」推崇的「神」，是跟隨王審知建立閩國的清廉無敵的四將軍二總管，以及閩清史上最有名的二位清官——元代的董禎、明代的沈源。「十八阪」舉辦三天，即農歷正月十七、十八、十九，但伴隨節慶活動而來的商品交易活動需要延長二十餘天	seik21 beik24 buang33	seik5 baik24 buang33		mqig	闽清“十八坂”[N]. 福建日报, 2018-03-19: 10.	3rvd	xy62swbwr5t	十八坂		2025-05-16 17:05:58	2020-10-12 00:00:00
x4yed2uk2ws	蟳麵	菜餚名	sing21 mieng242	sing53 mieng242				3rvd	xsqvy7rsqny	蟳麵		2025-05-16 17:05:58	2020-10-12 00:00:00
xxv9duewtwd	段長	年段長，年級長	doung53 luong33	dooung242 duong33		fzho		3rvd	x5z8fjb7857	段長		2025-05-16 17:05:58	2020-10-12 00:00:00
x336ruee28y	段警	片警	doung53 ging33	dooung242 ging33		fzho		3rvd	x9xn7jnm93z	段警		2025-05-16 17:05:58	2020-10-12 00:00:00
xwh4e75j7ew	起早睏晏	起早貪黑	ki24 ja33 koung53 ang213	ki33 za33 kooung213 ang213		fuqi		3rvd	xtsemt98jc7	起早睏晏		2025-05-16 17:05:58	2020-10-12 00:00:00
x8th6p3t63b	敆題	①合題，符合主題、主旨②（詩詞、俗語的創制及吟誦）押韻：喜娘講其野～|俗語話就是講𡅏會～，～悗講③行爲舉止著調：這隻儂講話儥～	gak33 de53	gak5 de53				3rvd	xfzbf9mdm4u	敆題		2025-05-16 17:05:58	2020-10-12 00:00:00
xup9hr3wfs7	䁐牛	指在較差的學校中，教師不須管理教學，只要看住學生，俾使一個不少	oung55 ngu53	ooung213 ngu53				3rvd	x47u45un6ke	䁐牛		2025-05-16 17:05:58	2020-10-13 00:00:00
xsxcq7y8pqv	養豬囝	①飼養小豬②指家長將小孩寄住於教師家中	yong21 dy53 iang33	yong33 dy55 giang33				3rvd	xzeze6zgrvf	養豬囝		2025-05-16 17:05:58	2020-10-13 00:00:00
x7cc9adkuta	襯	①同一輩②同齡人③同一屆：伊各儂都是二環年（××20年，如2020年）讀其書，是同蜀～其	caing213	caing213				3rvd	xc2d5z2pfuk	襯		2025-05-16 17:05:58	2020-10-13 00:00:00
xqtht27u6tc	硬塞	①強塞，強行給予②代指賄賂，極言其盛情：紅紙包（紅包）～裡	ngeing53 seik24	ngaing242 seik24				3rvd	xr6d58ac6p8	硬塞		2025-05-16 17:05:58	2020-10-13 00:00:00
xxkzx9k79pb	青頭髮	黑頭髮	cang53 lau21 uok24	cang55 tau53 huok24				3rvd	x6bkepndtak	青頭髮		2025-05-16 17:05:58	2020-10-13 00:00:00
xx782we99zs	裡出	出入，進出：～平安	die55 jouk24	die33 couk24				3rvd	x2pqt4fqkmt	裏出		2025-05-16 17:05:58	2020-10-13 00:00:00
x58y3vymkhn	仰	額頭外凸	ngaing213	ngaing213				3rvd	xcj77bpj8ex	𫤏		2025-05-16 17:05:58	2020-10-13 00:00:00
x8qf5jmf9fp	下南話	閩南話	a53 nang21 ngua242	a242 nang53 ua242				3rvd	xwbt4qupme9	下南話		2025-05-16 17:05:58	2020-10-13 00:00:00
x7sqmmkwpbc	閩北	福建北部	ming21 mooyk24	ming53 booyk24				3rvd	xuc9dawr33y	閩北		2025-05-16 17:05:58	2020-10-13 00:00:00
xt928pumvec	牛	姓：～先生|依（阿）～	ngiu53	ngiu53				3rvd	xsvjc8gvtak	牛		2025-05-16 17:05:58	2020-10-14 00:00:00
x9h2scj3wsr	餐館	餐館：去俤蜀間～	cuang53 nguang33	cuang55 guang33				3rvd	xpm3atdf82m	餐館		2025-05-16 17:05:58	2020-10-15 00:00:00
x8bsxyruhvs	酒家	酒家：去俤蜀間～	ziu21 ga55	ziu33 ga55				3rvd	xbwsgrr9552	酒家		2025-05-16 17:05:58	2020-10-15 00:00:00
xjpttdhwqbm	無塊挌	①沒地方扔②形容物品質量差	mo21 leoy55 geoh5	mo53 dooy213 geoh5				3rvd	xw4pe4846bs	無塊挌		2025-05-16 17:05:58	2020-10-15 00:00:00
xkxvphmx84u	麇	量詞，堆，群：蜀（一）～|我厝（家）總*款其（這樣的）藥故（還）有蜀（一）～（大堆）‖亦可說「麇々」ky33 lyng53。民間也有寫爲「囷」字的。	kyng53	kyng53				3rvd	xsyqf7dp9ms	麇		2025-05-16 17:05:58	2020-10-05 00:00:00
xuys5g9td84	麻梢	用來教訓小孩的小鞭子，以竹或樹枝等材料製成，比「箠梢」（cy55 le55）更小	ma55 le55	ma53 le55				3rvd	xwdu2pphrcu	麻梢		2025-05-16 17:05:58	2020-10-14 00:00:00
xmbcrhnejtr	別乇	其他東西‖也有人變調爲beik53 nooh24，非城內口音	beik21 nooh24	beik5 nooh24				3rvd	x5qjw7j7mxk	別乇		2025-05-16 17:05:58	2020-10-15 00:00:00
xdm8w3zq38g	當襯	指人正當年	doung53 caing213	doung55 caing213				3rvd	x2dv2kbzn8d	當襯		2025-05-16 17:05:58	2020-10-15 00:00:00
xnf8wuc45jj	硬襯	指人有實力	ngeing53 caing213	ngaing242 caing213				3rvd	xbe43gvfan3	硬襯		2025-05-16 17:05:58	2020-10-15 00:00:00
xx72782dpz2	破草鞋	形容物品質量差	puai21 cau21 e53	puai213 cau33 e53				3rvd	x9qqaxvh4tz	破草鞋		2025-05-16 17:05:58	2020-10-15 00:00:00
x339v956upb	鼻糊其	用鼻涕糊起來的，形容物品質量差	pei213 gu53 i0	pei213 gu53 gi53				3rvd	xpjxn6s2qv2	鼻糊其		2025-05-16 17:05:58	2020-10-15 00:00:00
xbtjmt32kau	霸霸露	精液	ba21 wa53 lou213	ba213 ba213 lou213				3rvd	xrbabact7wu	霸*霸*露		2025-05-16 17:05:58	2020-10-15 00:00:00
x25f4735aaw	爬後牆	挖牆腳，挖取競爭人員的相關人員、技術	ba21 au55 cuong53	ba53 au242 cuong53				3rvd	x2xqxs8zfga	爬後牆		2025-05-16 17:05:58	2020-10-17 00:00:00
xu9c9wj4d2a	蟛蜞酥	用醬油漬的蟛蜞	pang55 ngi55 lu55	pang53 ki53 su55				3rvd	xpnvrm3wn24	蟛蜞酥		2025-05-16 17:05:58	2020-10-25 00:00:00
xbbdh6u79ae	金花捷報	黄蜀葵	ging55 ua55 ziek21 boo213	ging55 hua55 ziek5 boo213				3rvd	xme4ncfanbp	金花接報		2025-05-16 17:05:58	2020-10-25 00:00:00
x7adk5hu62a	十八景	鼓山的一個景區	seik21 beik24 ging33	seik5 baik24 ging33				3rvd	x44jg5hsfa2	十八景		2025-05-16 17:05:58	2020-10-25 00:00:00
xxnwzg9a63a	李乾	李子乾	li21 ang55	li33 gang55				3rvd	xnrqr2n2849	李乾		2025-05-16 17:05:58	2020-10-25 00:00:00
xarnusf2nk8	筍絲	食物名	sung21 ni55	sung33 si55				3rvd	xtjf4tb8m45	筍絲		2025-05-16 17:05:58	2020-10-25 00:00:00
xua2majpa2v	粗字	①較低但基本的識字量，能夠寫自己的名字，看懂簡單的報章、宣傳單、廣告標語的程度A）代指夜校、掃盲班培訓出來的識字程度B）代指通過教會經歷能簡單讀懂《聖經》的程度C）代指通過自學能夠簡單閱讀的程度	cu53 jei242	cu55 zei242				3rvd	xfumht4n8eu	粗字		2025-05-16 17:05:58	2020-10-29 00:00:00
xa579j2nt8x	䭣囝	直徑約三公分的團狀麪製食品	ze53 iang33	ze55 giang33			游桂香. 歲時禮俗 — 我們都是這樣過一年[EB/OL]. 馬祖民俗文化館, [2020-10-30]. http://folklore.dbodm.com/index.php?code=list&flag=detail&ids=252&article_id=10. “或爲‘齊仔’（直徑約3公分的小包子144粒）”	3rvd	xd2jkz5wujw	䭣囝		2025-05-16 17:05:59	2020-10-30 00:00:00
xhwttcdda9u	無生活	無生活出路	mo21 seing55 uak5	mo53 seing55 uak5			劉宏文. 真鳥仔[EB/OL]. 馬祖資訊網, 2015-10-05[2020-10-30]. https://www.matsu.idv.tw/print.php?f=182&t=141807&p=1. “40多年前，馬祖‘無生活’，開始大量移民台灣。”	3rvd	xpeb8apftvr	無生活		2025-05-16 17:05:59	2020-10-30 00:00:00
xwx47f962j3	客佻囝	花花公子	kah53 liu33 iang33	kah24 tiu53 giang33				3rvd	xye9edtctra	客佻囝		2025-05-16 17:05:59	2020-11-05 00:00:00
xucqkyckksv	熬暝	熬夜	ngo55 mang53	ngo53 mang53				3rvd	xha5dzkaern	熬暝		2025-05-16 17:05:59	2020-05-28 00:00:00
xseakqtzdk4	啦	句尾語氣詞：無賺～	la0	la55				3rvd	xrj2j37a5q2	啦		2025-05-16 17:05:59	2017-12-30 00:00:00
xvmepgq4cwm	了哇	句尾語氣詞，表達強調、主張：無賺～	lau0 ua0	lau33 ua55				3rvd	x5nnw72c8yg	了吓		2025-05-16 17:05:59	2017-12-30 00:00:00
x5efgw5ee4c	了	句尾語氣詞，表達強調、主張：無賺～|正是～	lau0	lau33				3rvd	xd7abcsf8uv	了		2025-05-16 17:05:59	2020-11-08 00:00:00
xk7y3tja32f	二*	①語氣詞A）表徵詢：「嵩口」這芘地名，當地其儂是讀「新口」，～B）以徵詢的語調強調、主張：嚽（這個）福州話是告（叫做）「蟶」，～C）跟在他人的發言之後，表達說話人的肯定、讚許、認同，獨立成句：——總*款（原來如此）！——～（我說的對吧）D）跟在他人的陳述之後，表達說話人瞭解了事實，獨立成句：～（這樣啊）‖陳澤平（1998）認爲該詞是由「是伓是」合音、虛化而來。該詞亦可能是由「伓是」合音而成。	nei0	nei242				3rvd	xypccct828b	𠱌		2025-05-16 17:05:59	2020-11-08 00:00:00
xyprhbtryjm	有無	語氣詞，以徵詢的語調強調、主張：嚽（這個）福州話是告（叫做）「蟶」，～	ou242 mo53	ou242 mo53				3rvd	x8pr6342trd	有無		2025-05-16 17:05:59	2020-11-08 00:00:00
x88h68v8hxd	氨	①分子式爲NH₃，無色氣體，有強烈刺激氣味，極易溶於水②代指空調製冷劑，一說來自普通話「氟利昂」末字的音譯：空調加～	ang55	ang55				3rvd	xcvmpg7xbt6	氨		2025-05-16 17:05:59	2020-11-15 00:00:00
xaw3bcmby4c	賈	通「價」。價格，價值	ga213	ga213			康熙字典[M]. “又《廣韻》古訝切，《集韻》《韻會》居迓切，《正韻》居亞切，𠀤音駕。與價同。《類篇》：‘售直也。’《論語》：‘求善賈而沽諸。’”	3rvd	xhb9q3pvjf5	賈		2025-05-16 17:05:59	2020-11-15 00:00:00
xxcfcecq3f7	葉	地名。春秋時楚國的邑地，故址約在今河南葉縣南方三十里	siek24	siek24			教育部重編國語辭典修訂本[M]. 2015.	3rvd	xyh9mhg5adp	葉		2025-05-16 17:05:59	2020-11-16 00:00:00
xvrc8xhx8x3	万俟	姓。本爲鮮卑部落名，後魏以爲姓氏：～普（北齊人物）|～詠（宋代人物）	muk33 gi53	muk5 gi53			教育部重編國語辭典修訂本[M]. 2015.	3rvd	xaz8d3v82gc	万俟		2025-05-16 17:05:59	2020-11-16 00:00:00
x9t22xyy6er	翟	①古鳥名，長尾的山雉②古代樂舞所用的雉羽③同「狄」，中國古代北方的民族④人名用字：墨～（戰國人物）	dik5	dik5			教育部重編國語辭典修訂本[M]. 2015.	3rvd	xuae8emjymm	翟		2025-05-16 17:05:59	2020-11-16 00:00:00
xrq4sjkpafm	胡	姓：～應麟（明代人物）	hu53	hu53				3rvd	xvhw4f9azz6	胡		2025-05-16 17:05:59	2020-11-15 00:00:00
xe2ypd76fph	李	姓：～白（唐代人物）	li33	li33				3rvd	xcrbcm3w4za	李		2025-05-16 17:05:59	2020-11-15 00:00:00
xz576md8cmj	王	姓：閩王～審知	uong53	uong53				3rvd	xcw63xcqacy	王		2025-05-16 17:05:59	2020-11-15 00:00:00
xdf3jhxuf5s	張	姓：～良（漢代人物）	duong55	duong55				3rvd	xbsv6k4s3t6	張		2025-05-16 17:05:59	2020-11-15 00:00:00
x6y9n5jrbdy	劉	姓：～彝（北宋福州人物）	lau53	lau53				3rvd	x6s6sku2nmp	劉		2025-05-16 17:05:59	2020-11-15 00:00:00
xaky2kqmvp9	楊	姓：～朱（戰國魏人物）	yong53	yong53				3rvd	xktehe6qbsn	楊		2025-05-16 17:05:59	2020-11-15 00:00:00
xqac232dd45	趙	姓：～匡胤（宋代人物）	diu242	diu242				3rvd	xt372j9gtu2	趙		2025-05-16 17:05:59	2020-11-15 00:00:00
x4c5b5ujjuj	黃	姓：～庭堅（宋代人物）	uong53	uong53				3rvd	x6e5qphvrre	黃		2025-05-16 17:05:59	2020-11-15 00:00:00
xxq3hpyfyds	周	姓：～順昌（明代人物）	ziu55	ziu55				3rvd	x93ftt2f8g8	周		2025-05-16 17:05:59	2020-11-15 00:00:00
xrh69eydumf	吳	姓：～敬梓（清代人物）	ngu53	ngu53				3rvd	xfcg7r8m9h3	吳		2025-05-16 17:05:59	2020-11-15 00:00:00
x9xczj4kkgs	徐	姓：～光啟（明代人物）	sy53	sy53				3rvd	xqwhpndrhvt	徐		2025-05-16 17:05:59	2020-11-15 00:00:00
xhxc5r8gwun	孫	姓：～武（春秋齊人物）	soung55	soung55				3rvd	x4cwt5xyg8y	孫		2025-05-16 17:05:59	2020-11-15 00:00:00
xqqrv3bdg74	文	姓：～彥博（宋代人物）	ung53	ung53				3rvd	xvrybtmd643	文		2025-05-16 17:05:59	2020-11-15 00:00:00
x9tzppmjb58	峘	①高於大山的小山②人名用字：令狐～（唐代人物）	huang53	huang53			康熙字典[M]. “《廣韻》《集韻》《韻會》《正韻》 胡官切，音桓。《爾雅·釋山》：‘小山岌大山，峘。’又《廣韻》《集韻》𠀤胡登切，音恆。義同。《集韻》：‘或作𡴿𡷗。’”	3rvd	x7zyh3j3upf	峘		2025-05-16 17:05:59	2020-11-17 00:00:00
x32jr53caa7	編程	「編定程序」的中文簡稱。即爲使計算機代碼解決某問題，對某計算體系規定一定運算方式，使計算體系按該計算方式運行，並最終得到相應結果的過程	bieng55 tiang53	bieng55 tiang53				3rvd	xu52dxrf9ch	編程		2025-05-16 17:05:59	2020-11-17 00:00:00
xgg8qbd64x5	滿清尾	清末	muang21 njing53 mui33	muang33 cing55 mui33				3rvd	xs3z2dmqaex	滿清尾		2025-05-16 17:05:59	2020-11-17 00:00:00
xqchnzq63yh	朱	姓：明太祖～元璋	zuo55	zuo55				3rvd	xze3shyh85y	朱		2025-05-16 17:05:59	2020-11-15 00:00:00
x9p67m7prts	高	姓：～適（唐代人物）	go55	go55				3rvd	xx435gb6676	高		2025-05-16 17:05:59	2020-11-15 00:00:00
x6zjrc4tv7q	何	姓：～晏（三國魏人物）	ho53	ho53				3rvd	xjj9zggnpzq	何		2025-05-16 17:05:59	2020-11-15 00:00:00
xvfwxtz3ryg	郭	姓：～子儀（唐代人物）	guoh24	guoh24				3rvd	xvyf2uzf7jx	郭		2025-05-16 17:05:59	2020-11-15 00:00:00
xza23mvegg2	馬	姓：～融（漢代人物）|～致遠（元代人物）	ma33	ma33				3rvd	x8dd5pzctyb	馬		2025-05-16 17:05:59	2020-11-15 00:00:00
xe58pank3z3	羅	姓：～貫中（元代人物）	lo53	lo53				3rvd	x55xptuy6ys	羅		2025-05-16 17:05:59	2020-11-15 00:00:00
x6mseu85dz4	梁	姓：～益（春秋晉人物）	luong53	luong53				3rvd	xqyfxeuhzv2	梁		2025-05-16 17:05:59	2020-11-15 00:00:00
x4nz644htvt	宋	姓：～玉（戰國楚人物）‖作爲姓又讀sooung213	soung213	soung213				3rvd	x9u92vb6hn5	宋		2025-05-16 17:05:59	2020-11-15 00:00:00
xqp5e9w4x4m	宋	「宋」（soung213）姓的又讀：小～‖該讀音見於閩侯，曾有南嶼鎮江口村全村宋氏讀此音	sooung213	sooung213				3rvd	xy632y94s98	宋		2025-05-16 17:05:59	2020-11-15 00:00:00
x6ek6jgm2mv	謝	姓：～婉瑩（福州人物）	sia242	sia242				3rvd	x9wh4s7nhsp	謝		2025-05-16 17:05:59	2020-11-15 00:00:00
xm6n5g993mg	韓	姓：～信（漢代人物）|～愈（唐代人物）	hang53	hang53				3rvd	x3hysprjjgu	韓		2025-05-16 17:06:00	2020-11-15 00:00:00
x2tmxwau8uj	唐	姓：～順之（明代人物）	doung53	doung53				3rvd	xndvvww4pu5	唐		2025-05-16 17:06:00	2020-11-15 00:00:00
xbjpup8xh4p	馮	姓：～愛珍（《福州方言詞典》著者）	hung53	hung53				3rvd	xdj4x5urzh6	馮		2025-05-16 17:06:00	2020-11-15 00:00:00
x72ehvpkmcy	董	姓：～仲舒（漢代人物）	dung33	dung33				3rvd	xcrbauvghnt	董		2025-05-16 17:06:00	2020-11-15 00:00:00
xbtxgr6uts5	蕭	姓：～統（南朝梁人物）	siu55	siu55				3rvd	xq7x3ftw4su	蕭		2025-05-16 17:06:00	2020-11-15 00:00:00
xjv37azkgfq	程	姓：～顥（宋代人物）|～頤（宋代人物）	tiang53	tiang53				3rvd	xrpep3t94sm	程		2025-05-16 17:06:00	2020-11-15 00:00:00
xfj2nt6jb7v	曹	姓：～植（三國魏人物）	zo53	zo53				3rvd	xayurpfmj4w	曹		2025-05-16 17:06:00	2020-11-15 00:00:00
xjmj565aecw	袁	姓：～紹（漢代人物）	nguong53	nguong53				3rvd	x3fm4urtn3u	袁		2025-05-16 17:06:00	2020-11-15 00:00:00
xwgmucs5ttm	鄧	姓：～艾（三國魏人物）	daing242	daing242				3rvd	xgq53de7uq3	鄧		2025-05-16 17:06:00	2020-11-15 00:00:00
xzjxhu25jes	許	姓：～慎（漢代人物）	hy33	hy33				3rvd	x4xw3j7we7j	許		2025-05-16 17:06:00	2020-11-15 00:00:00
xrug227vdce	傅	姓：～玄（晉代人物）	hou213	hou213				3rvd	xf3qzrkwh7n	傅		2025-05-16 17:06:00	2020-11-15 00:00:00
xrc2ss62cs8	沈	姓：～葆楨（清代福州人物）	sing33	sing33				3rvd	xq4eqtew69k	沈		2025-05-16 17:06:00	2020-11-15 00:00:00
xgksx3u9tjt	曾	姓：～參（春秋魯人物）	zeing55	zeing55				3rvd	xc8hz8qywdu	曾		2025-05-16 17:06:00	2020-11-15 00:00:00
xje3k6b3evq	彭	姓：～孫貽（清代人物）	pang53	pang53				3rvd	xtw5hf8b2zb	彭		2025-05-16 17:06:00	2020-11-15 00:00:00
x7cbe7ta2ry	呂	姓：～不韋（春秋秦人物）	ly33	ly33				3rvd	xwzum8jzwvx	呂		2025-05-16 17:06:00	2020-11-15 00:00:00
x8j49hunbuz	蘇	姓：～軾（宋代人物）	su55	su55				3rvd	xj7e8dmtqs7	蘇		2025-05-16 17:06:00	2020-11-15 00:00:00
xen9xwa38zb	盧	姓：～照鄰（唐代人物）	lu53	lu53				3rvd	xcgrgrsvhwn	盧		2025-05-16 17:06:00	2020-11-15 00:00:00
xudu2u3d29q	蔣	姓：～士銓（清代人物）	zuong33	zuong33				3rvd	xykc7s2x3pk	蔣		2025-05-16 17:06:00	2020-11-15 00:00:00
xyan7bqv5ad	蔡	姓：～墨（春秋晉人物）	cai213	cai213				3rvd	xunbkqgd468	蔡		2025-05-16 17:06:00	2020-11-15 00:00:00
xrm2zeqxa3v	賈	姓：～誼（漢代人物）	ga33	ga33				3rvd	xkp6phfyd2v	賈		2025-05-16 17:06:00	2020-11-15 00:00:00
x25b35zswhv	丁	①姓：～汝昌（清代人物）②撲克牌「J」的象形俗稱	ding55	ding55		liji, fuqi		3rvd	xwh3swwjeep	丁		2025-05-16 17:06:00	2020-11-15 00:00:00
x9ydgdbxw6k	魏	姓：～文翁（宋代人物）	ngui242	ngui242				3rvd	xn3dtzpun4m	魏		2025-05-16 17:06:00	2020-11-15 00:00:00
xgwqxff74ur	薛	姓：～平貴（民間傳說人物）	siek24	siek24				3rvd	xrx4p6bvbuj	薛		2025-05-16 17:06:00	2020-11-15 00:00:00
xg7ch8hy844	葉	姓：～名琛（清代人物）	iek5	iek5				3rvd	x4w67468twz	葉		2025-05-16 17:06:00	2020-11-15 00:00:00
xcexspvqcvs	閻	姓：～立本（唐代人物）	ngieng53	ngieng53				3rvd	xkxujtevt87	閻		2025-05-16 17:06:00	2020-11-15 00:00:00
xmk869v6g8s	余	姓：～靖（宋代人物）	y53	y53				3rvd	x48y4pfn3rv	余		2025-05-16 17:06:00	2020-11-15 00:00:00
x49w3n6gbds	杜	姓：～甫（唐代人物）|～牧（唐代人物）	dou242	dou242				3rvd	xpn6evtw76x	杜		2025-05-16 17:06:00	2020-11-15 00:00:00
xpxp4xfemph	戴	姓：～德（漢代人物）|～聖（漢代人物）	dai213	dai213				3rvd	xarrujvx3qh	戴		2025-05-16 17:06:00	2020-11-15 00:00:00
x45dudhf46y	夏	姓：～牟（漢代人物）	ha242	ha242				3rvd	xdpg5w5fayh	夏		2025-05-16 17:06:00	2020-11-15 00:00:00
x7d4wmgyp44	鐘	姓：～嶸（南朝梁人物）	zyng55	zyng55				3rvd	x7twxvsd4mm	鐘		2025-05-16 17:06:00	2020-11-15 00:00:00
xuzrnp9whm5	汪	姓：～踦（春秋魯人物）	uong55	uong55				3rvd	x9npkjeqrb6	汪		2025-05-16 17:06:00	2020-11-15 00:00:00
xzzew5juwgj	田	姓：～子方（戰國魏人物）	dieng53	dieng53				3rvd	xxmfxbxye2a	田		2025-05-16 17:06:00	2020-11-15 00:00:00
xknsdk6fpyr	任	姓：～尚（漢代人物）	ing53	ing53				3rvd	x9jqh6tvd88	任		2025-05-16 17:06:00	2020-11-15 00:00:00
xzm6ukxsmu2	姜	姓：～夔（宋代人物）	gyong55	gyong55				3rvd	xma7ajejm4g	姜		2025-05-16 17:06:00	2020-11-15 00:00:00
xb8c3t8e8sg	范	姓：～仲淹（宋代人物）	huang242	huang242				3rvd	xcj4g2dgb9p	范		2025-05-16 17:06:00	2020-11-15 00:00:00
xj8ntm2v5n2	範	姓：～依（漢代人物）	huang242	huang242				3rvd	xq2v5u4c3gt	範		2025-05-16 17:06:00	2020-11-15 00:00:00
xvst3aavyd8	方	姓：～聲洞（清代福州人物）	huong55	huong55				3rvd	xggpp89whj7	方		2025-05-16 17:06:00	2020-11-15 00:00:00
xm9jjq7r2um	姚	姓：～鼐（清代人物）	iu53	iu53				3rvd	xdd4xecqvdq	姚		2025-05-16 17:06:00	2020-11-15 00:00:00
xwkr2sbq6eg	譚	姓：～嗣同（清代人物）	tang53	tang53				3rvd	xnp54ctudmt	譚		2025-05-16 17:06:00	2020-11-15 00:00:00
xjne4qsvggu	廖	姓：～細妹（小妹）	lau242	lau242				3rvd	xtuev9hgd39	廖		2025-05-16 17:06:00	2020-11-15 00:00:00
x2cr3snzevh	鄒	姓：～允隆（明代人物）	zeu55	zeu55				3rvd	x27qzvfnjhb	鄒		2025-05-16 17:06:01	2020-11-15 00:00:00
xu98pxf3tgt	熊	姓：～成基（清代人物）	hyng53	hyng53				3rvd	xrw4k89b6tt	熊		2025-05-16 17:06:01	2020-11-15 00:00:00
xqgktgrdm4m	金	姓：～聖歎（明代人物）	ging55	ging55				3rvd	xmefcgvka48	金		2025-05-16 17:06:01	2020-11-15 00:00:00
xhasmyt4m4w	陸	姓：～九淵（宋代人物）	lyk5	lyk5				3rvd	xzpk46s6neq	陸		2025-05-16 17:06:01	2020-11-15 00:00:00
xw475tdacjc	郝	姓：～賢（漢代人物）	haik24	haik24				3rvd	xkjruvmc9n6	郝		2025-05-16 17:06:01	2020-11-15 00:00:00
xmrvq5pccaa	郝	「郝」（haik24）姓的又讀：～市長	koouk24	koouk24				3rvd	xevnw2veru7	郝		2025-05-16 17:06:01	2020-11-15 00:00:00
xx7djs277ux	孔	姓：～融（漢代人物）|～穎達（唐代人物）	kung33	kung33				3rvd	xfwzfmpxfm2	孔		2025-05-16 17:06:01	2020-11-15 00:00:00
x9d7m85nmnk	崔	姓：～顥（唐代人物）	ceoy55	ceoy55				3rvd	x8h7kycm7q7	崔		2025-05-16 17:06:01	2020-11-15 00:00:00
xkma4hhzaar	康	姓：～植（唐代人物）	koung55	koung55				3rvd	x7wh9cp2z6b	康		2025-05-16 17:06:01	2020-11-15 00:00:00
xvk7ur2wpby	毛	姓：～亨（漢代人物）	mo53	mo53				3rvd	x3nn487dhta	毛		2025-05-16 17:06:01	2020-11-15 00:00:00
xs87pr6ayyx	邱	姓：～濬（明代人物）	kiu55	kiu55				3rvd	xfxgtem88np	邱		2025-05-16 17:06:01	2020-11-15 00:00:00
xzqpgy8xdxu	秦	姓：～觀（宋代人物）	zing53	zing53				3rvd	x7ch45sbkha	秦		2025-05-16 17:06:01	2020-11-15 00:00:00
xrbm8yxmcf6	江	姓：～淹（南朝梁人物）	goung55	goung55				3rvd	xky3pq36bd9	江		2025-05-16 17:06:01	2020-11-15 00:00:00
x68ad2acvtr	史	姓：～可法（明代人物）	sy33	sy33				3rvd	xq8jv8zznk5	史		2025-05-16 17:06:01	2020-11-15 00:00:00
x3dntapk383	顧	姓：～炎武（清代人物）	gou213	gou213				3rvd	xx5yeaqw39w	顧		2025-05-16 17:06:01	2020-11-15 00:00:00
xcw7u5yfczu	侯	姓：～嬴（戰國魏人物）	heu53	heu53				3rvd	x3ap2fua9dk	侯		2025-05-16 17:06:01	2020-11-15 00:00:00
xytezdvb5e7	邵	姓：～登（三國魏人物）|～長蘅（清代人物）	siu242	siu242				3rvd	xshq2s5ezaf	邵		2025-05-16 17:06:01	2020-11-15 00:00:00
xn6n8sdkhqt	孟	姓：～軻（戰國鄒人物）	maing242	maing242				3rvd	x43mjkwcgyb	孟		2025-05-16 17:06:01	2020-11-15 00:00:00
xpycv84wc5c	向	姓：～秀（晉代人物）	hyong213	hyong213				3rvd	x83b9f9n96v	向		2025-05-16 17:06:01	2020-11-15 00:00:00
xh7pc9c49t3	塗	姓：～禪（漢代人物）	du53	du53				3rvd	xsb2h93myyf	塗		2025-05-16 17:06:01	2020-11-15 00:00:00
xphfuvwswdv	涂	姓：～天明（宋代人物）|～正勝（宋代人物）	du53	du53				3rvd	x37w6grakag	涂		2025-05-16 17:06:01	2020-11-15 00:00:00
xfwbutff6t4	谷	姓：～吉（漢代人物）	gouk24	gouk24				3rvd	x3ph6uzund9	谷		2025-05-16 17:06:01	2020-11-15 00:00:00
xeqsj2dwnkm	穀	姓：～思（漢代人物）	gouk24	gouk24				3rvd	x7awd2jk268	穀		2025-05-16 17:06:01	2020-11-15 00:00:00
x4vvt8pyvnt	歐陽	姓：～詢（唐代人物）	eu55 yong53	eu55 yong53				3rvd	xfcfrwwpme2	歐陽		2025-05-16 17:06:01	2020-11-15 00:00:00
xemykq7c6xq	解	姓：～狐（春秋晉人物）	hai242	hai242				3rvd	x8ht6fsd8da	解		2025-05-16 17:06:01	2020-11-15 00:00:00
xwubknrewex	強	姓：～行健（清代人物）	gyong53	gyong53				3rvd	x99scsrwqfg	強		2025-05-16 17:06:01	2020-11-15 00:00:00
xj9vn2e67qu	柴	姓：～武（漢代人物）	ca53	ca53				3rvd	xaapfz4pjyt	柴		2025-05-16 17:06:01	2020-11-15 00:00:00
xr68wkbw8j9	華	姓：～佗（漢代人物）	hua213	hua213				3rvd	x5s5scan958	華		2025-05-16 17:06:01	2020-11-15 00:00:00
xkapjjn5h7u	車	姓：～順（漢代人物）	cia55	cia55				3rvd	x8yps2gm4xf	車		2025-05-16 17:06:01	2020-11-15 00:00:00
xq4633epmwm	冉	姓：～求（春秋魯人物）	ieng33	ieng33				3rvd	xtnzkvz3czu	冉		2025-05-16 17:06:01	2020-11-15 00:00:00
xxghruzdn5f	邊	姓：～韶（漢代人物）|～維新（明代人物）	bieng55	bieng55				3rvd	xfa2hmbtj2p	邊		2025-05-16 17:06:01	2020-11-15 00:00:00
x4wdsjupcpe	辜	姓：～甫（宋代人物）	gu55	gu55				3rvd	x2t739dkyzg	辜		2025-05-16 17:06:01	2020-11-15 00:00:00
xjbvt4cyqrm	吉	姓：～恪（漢代人物）	geik24	geik24				3rvd	xypfhn52w6g	吉		2025-05-16 17:06:01	2020-11-15 00:00:00
xb3vfse4gzf	刁	姓：～協（東晉人物）	diu55	diu55				3rvd	xgd9ayjhge9	刁		2025-05-16 17:06:01	2020-11-15 00:00:00
xpty4t5ycys	瞿	姓：～信（元代人物）	gy53	gy53				3rvd	xjzwskur7j9	瞿		2025-05-16 17:06:01	2020-11-15 00:00:00
x3ay4ye2mb5	戚	姓：～繼光（明代人物）	ceik24	ceik24				3rvd	xu3692r3us6	戚		2025-05-16 17:06:01	2020-11-15 00:00:00
x5captexdj2	丘	姓：～處機（元代人物）	kiu55	kiu55				3rvd	xvmet8cru4q	丘		2025-05-16 17:06:01	2020-11-15 00:00:00
x5pyx3xu5hq	古	姓：～霸（漢代人物）	gu33	gu33				3rvd	xn29d7ut76d	古		2025-05-16 17:06:01	2020-11-15 00:00:00
xpdq58b6zjj	米	姓：～嘉勞（唐代人物）	mi33	mi33				3rvd	xpps93y4gjm	米		2025-05-16 17:06:01	2020-11-15 00:00:00
xm479r62mbq	池	姓：～子華（秦代人物）	die53	die53				3rvd	xgy7uqa8byu	池		2025-05-16 17:06:01	2020-11-15 00:00:00
xawkauz4cc5	滕	姓：～宗智（明代人物）	deing53	deing53				3rvd	xfmtt8hzxz8	滕		2025-05-16 17:06:02	2020-11-15 00:00:00
xrq8cdg7w75	晉	姓：～鄙（戰國魏人物）	zeing213	zeing213				3rvd	xg88j2a9y4x	晉		2025-05-16 17:06:02	2020-11-15 00:00:00
xv7dg9q5jne	苑	姓：～何忌（春秋齊人物）	uong33	uong33				3rvd	xq4srgjcfnj	苑		2025-05-16 17:06:02	2020-11-15 00:00:00
x2rymewuqn2	苟	姓：～參（漢代人物）	geu33	geu33				3rvd	x4veqz7y727	苟		2025-05-16 17:06:02	2020-11-15 00:00:00
xwv3m9jegqk	燕	姓：～倉（漢代人物）	ieng55	ieng55				3rvd	xx9u3f9k7wn	燕		2025-05-16 17:06:02	2020-11-15 00:00:00
xwtht9vm63b	鞏	姓：～攸（漢代人物）	gyng33	gyng33				3rvd	xbpbu2urpmz	鞏		2025-05-16 17:06:02	2020-11-15 00:00:00
xevjfjdc97h	稽	姓：～黃（春秋秦人物）	kie55	kie55				3rvd	xph62rcabvq	稽		2025-05-16 17:06:02	2020-11-15 00:00:00
xw4q2nfgefm	樂	姓：～毅（戰國燕人物）	ngouk5	ngouk5				3rvd	xacvac944wm	樂		2025-05-16 17:06:02	2020-11-15 00:00:00
xr37t9fhznk	于	姓：～謙（明代人物）	y53	y53				3rvd	x4baezs7jnu	于		2025-05-16 17:06:02	2020-11-15 00:00:00
x82r5j8kpuq	於	姓：～清言（宋代人物）	y53	y53				3rvd	xaevcw55brs	於		2025-05-16 17:06:02	2020-11-15 00:00:00
x58xn5s6bk5	繆	姓	miu242	miu242				3rvd	x4zwdx8hpku	繆		2025-05-16 17:06:02	2020-11-17 00:00:00
x4d36858s3s	陶	①通「窯」（iu53）。窯竈②人名用字：皋～（舜五臣之一）	iu53	iu53			一切經音義[M]. “《集訓》：‘陶，烧瓦器土室也。’”	3rvd	xxrngy4mfre	陶		2025-05-16 17:06:02	2020-11-17 00:00:00
x7v7zcdmxqw	荀	姓	sung53	sung53				3rvd	x8cg3jayt92	荀		2025-05-16 17:06:02	2020-11-17 00:00:00
xbkhwe2v6au	萬	姓：～斯同（清代人物）	uang242	uang242				3rvd	xhf8n58yy28	萬		2025-05-16 17:06:02	2020-11-15 00:00:00
x7bzrz8evvj	段	姓：～成式（唐代人物）|～玉裁（清代人物）	dooung242	dooung242				3rvd	x7penezk2jz	段		2025-05-16 17:06:02	2020-11-15 00:00:00
xkzmjfxhpsw	漕	姓：～中叔（漢代人物）	zo53	zo53				3rvd	xm5prfeyw3k	漕		2025-05-16 17:06:02	2020-11-15 00:00:00
xqatz9nuvmy	錢	姓：～大昕（清代人物）	zieng53	zieng53				3rvd	x4je9h9qxvh	錢		2025-05-16 17:06:02	2020-11-15 00:00:00
x29fbg8m89u	湯	姓：～顯祖（明代人物）	toung55	toung55				3rvd	xwu6h6ypux3	湯		2025-05-16 17:06:02	2020-11-15 00:00:00
x2gu9xy5gtx	尹	姓：～洙（宋代人物）	yng33	yng33				3rvd	xkxb8abf7rg	尹		2025-05-16 17:06:02	2020-11-15 00:00:00
x5udc5xtjzm	黎	姓：～景熙（北周人物）	le53	le53				3rvd	xtdvwmju72k	黎		2025-05-16 17:06:02	2020-11-15 00:00:00
xqqhnhryd26	易	姓：～牙（春秋齊人物）	ei242	ei242				3rvd	xq8pyhw59w8	易		2025-05-16 17:06:02	2020-11-15 00:00:00
xz5fscdqtz9	常	姓：～惠（漢代人物）	suong53	suong53				3rvd	xu8e6fupsvt	常		2025-05-16 17:06:02	2020-11-15 00:00:00
x2gtbc3vdq2	武	姓：～臣（漢代人物）	u33	u33				3rvd	xwwgvm2bmee	武		2025-05-16 17:06:02	2020-11-15 00:00:00
xfy62hw7ufx	喬	姓：～吉（元代人物）	giu53	giu53				3rvd	xqrb99xhu9h	喬		2025-05-16 17:06:02	2020-11-15 00:00:00
xd3z7y6reuk	賀	姓：～知章（唐代人物）	hoo242	hoo242				3rvd	xqwghp9acnj	賀		2025-05-16 17:06:02	2020-11-15 00:00:00
xka3nnthsnk	賴	姓：～先（漢代人物）|～文光（清代人物）	lai242	lai242				3rvd	x8rtzvwfsfz	賴		2025-05-16 17:06:02	2020-11-15 00:00:00
xgq86w8tfcw	樊	姓：～宗師（唐代人物）	huang53	huang53				3rvd	xtw7kfex3tc	樊		2025-05-16 17:06:02	2020-11-15 00:00:00
xsg7cqypyu2	蘭	姓：～廣（漢代人物）	lang53	lang53				3rvd	x8zbadc4mqa	蘭		2025-05-16 17:06:02	2020-11-15 00:00:00
xfhk272an8k	殷	姓：～令名（唐代人物）	yng55	yng55				3rvd	xmz3nujsm3v	殷		2025-05-16 17:06:02	2020-11-15 00:00:00
xknzasq9qm7	施	姓：～讎（漢代人物）	sie55	sie55				3rvd	x2jb6dke5hk	施		2025-05-16 17:06:02	2020-11-15 00:00:00
xrq7y2rfq2v	陶	姓：～潛（晉代人物）	do53	do53				3rvd	xfx3j52pj4j	陶		2025-05-16 17:06:02	2020-11-15 00:00:00
xpetcwgzpnb	洪	姓：～秀全（清代人物）	hung53	hung53				3rvd	xusvx3rpxet	洪		2025-05-16 17:06:02	2020-11-15 00:00:00
xuue5z45vgx	安	姓：～成（漢代人物）	ang55	ang55				3rvd	xyd6nngx26t	安		2025-05-16 17:06:02	2020-11-15 00:00:00
xvzj43gjff5	顏	姓：～回（春秋魯人物）	ngang53	ngang53				3rvd	xm4qwx46t3y	顏		2025-05-16 17:06:02	2020-11-15 00:00:00
xw323c9p7zy	倪	姓：～瓚（元代人物）	nge53	nge53				3rvd	xpd3reqbkpz	倪		2025-05-16 17:06:02	2020-11-15 00:00:00
xuprqsjhazr	嚴	姓：～復（清代福州人物）	ngieng53	ngieng53				3rvd	xzf3dz3nsfq	嚴		2025-05-16 17:06:03	2020-11-15 00:00:00
xwnx4g9cbg2	溫	姓：～疥（漢代人物）	ung55	ung55				3rvd	xut9aqpetpz	溫		2025-05-16 17:06:03	2020-11-15 00:00:00
x4dvwa22gnj	蘆	姓：～荻（遼寧人物）	lu53	lu53				3rvd	xxetghnhfeq	蘆		2025-05-16 17:06:03	2020-11-15 00:00:00
xvsvd4z7m39	季	姓：～札（春秋吳人物）|～布（漢代人物）	gie213	gie213				3rvd	x9zc59jqezv	季		2025-05-16 17:06:03	2020-11-15 00:00:00
xvvdq7rqnuc	俞	姓：～連（漢代人物）	y53	y53				3rvd	xgj34vfass7	俞		2025-05-16 17:06:03	2020-11-15 00:00:00
x8qmrcpc6m6	章	姓：～明（漢代人物）	zuong55	zuong55				3rvd	xbfhnasddbt	章		2025-05-16 17:06:03	2020-11-15 00:00:00
xby4j7rsca5	魯	姓：～仲連（戰國齊人物）|～肅（三國吳人物）	lu33	lu33				3rvd	xyn7gqfj2e8	魯		2025-05-16 17:06:03	2020-11-15 00:00:00
xukqtstwj2v	伍	姓：～子胥（春秋楚人物）	ngu33	ngu33				3rvd	xqs9gjzf9bw	伍		2025-05-16 17:06:03	2020-11-15 00:00:00
x9qxattfwxy	韋	姓：～應物（唐代人物）	ui53	ui53				3rvd	xh445bmgtgk	韋		2025-05-16 17:06:03	2020-11-15 00:00:00
x2pwutcr3wq	申	姓：～不害（戰國韓人物）	sing55	sing55				3rvd	xgevj22sjex	申		2025-05-16 17:06:03	2020-11-15 00:00:00
xmf8st4yrby	尤	姓：～鶴（宋代人物）	iu53	iu53				3rvd	xj3zvhqrtr5	尤		2025-05-16 17:06:03	2020-11-15 00:00:00
xctcxbaja2d	畢	姓：～昇（宋代人物）	beik24	beik24				3rvd	x7wsy773w47	畢		2025-05-16 17:06:03	2020-11-15 00:00:00
x9h88vbs9pw	聶	姓：～政（戰國韓人物）	niek24	niek24				3rvd	xnmh4c6x3n3	聶		2025-05-16 17:06:03	2020-11-15 00:00:00
xtts5pswmxa	叢	姓：～鐇（南唐人物）	zung53	zung53				3rvd	xsx5m7gq8ud	叢		2025-05-16 17:06:03	2020-11-15 00:00:00
x84nwax6ajw	焦	姓：～延壽（漢代人物）	ziu55	ziu55				3rvd	x358wkc43ba	焦		2025-05-16 17:06:03	2020-11-15 00:00:00
xcx2pcb8f2j	柳	姓：～宗元（唐代人物）	liu33	liu33				3rvd	xxhuymh3d4z	柳		2025-05-16 17:06:03	2020-11-15 00:00:00
xk6h9shzuma	邢	姓：～昺（宋代人物）	hing53	hing53				3rvd	xn2d36cp68r	邢		2025-05-16 17:06:03	2020-11-15 00:00:00
x2w3a4xk7pz	路	姓：～溫舒（漢代人物）	lou242	lou242				3rvd	x9fjruftgeg	路		2025-05-16 17:06:03	2020-11-15 00:00:00
xw4yyad89ec	岳	姓：～飛（宋代人物）	ngouk5	ngouk5				3rvd	xpkm4czs2e8	岳		2025-05-16 17:06:03	2020-11-15 00:00:00
x5c2atztsvr	嶽	姓：～崇（明代人物）	ngouk5	ngouk5				3rvd	x9cgvg634zc	嶽		2025-05-16 17:06:03	2020-11-15 00:00:00
x4gagskkmby	齊	姓：～德成（明代人物）	ze53	ze53				3rvd	xxwc5d5vkte	齊		2025-05-16 17:06:03	2020-11-15 00:00:00
xzkcy9gz8wb	沿	姓	yong53	yong53				3rvd	xhhprrbcwzn	沿		2025-05-16 17:06:03	2020-11-15 00:00:00
xh4pqc2e5jf	梅	姓：～堯臣（宋代人物）	mui53	mui53				3rvd	x7csv6g4dd5	梅		2025-05-16 17:06:03	2020-11-15 00:00:00
xffe9axwxjz	莫	姓：～含（北魏人物）|～友芝（清代人物）	mouk5	mouk5				3rvd	xkvnrk95d53	莫		2025-05-16 17:06:03	2020-11-15 00:00:00
xnxrk9npwbd	莊	姓：～周（戰國宋人物）	zoung55	zoung55				3rvd	xe7mdra4bn3	莊		2025-05-16 17:06:03	2020-11-15 00:00:00
xfrnewp68rp	辛	姓：～棄疾（宋代人物）	sing55	sing55				3rvd	xtnusjfp84q	辛		2025-05-16 17:06:03	2020-11-15 00:00:00
xmmgak9bf3n	管	姓：～仲（春秋齊人物）	guang33	guang33				3rvd	xrb8u38pjxs	管		2025-05-16 17:06:03	2020-11-15 00:00:00
xwfbw8vsv5x	祝	姓：～侘（春秋魏人物）	zeoyk24	zeoyk24				3rvd	xnnzgqm6ywf	祝		2025-05-16 17:06:03	2020-11-15 00:00:00
x9dkgkvchs4	左	姓：～思（晉代人物）	zo33	zo33				3rvd	x95xgez7gvr	左		2025-05-16 17:06:03	2020-11-15 00:00:00
x8arzr9z5gr	祁	姓：～溪（春秋晉人物）	gi53	gi53				3rvd	xmykjewmzxw	祁		2025-05-16 17:06:03	2020-11-15 00:00:00
xwn34xemzqq	時	姓：～大彬（明代人物）	si53	si53				3rvd	xeruxeces6p	時		2025-05-16 17:06:03	2020-11-15 00:00:00
xrxgyn2szdv	舒	姓：～元輿（唐代人物）	sy55	sy55				3rvd	xje5un2jty5	舒		2025-05-16 17:06:03	2020-11-15 00:00:00
x4sk8wt2wrv	耿	姓：～壽昌（漢代人物）	geing33	geing33				3rvd	xbbbrdjwfb6	耿		2025-05-16 17:06:03	2020-11-15 00:00:00
xhtbscrac25	牟	姓：～景先（宋代人物）	meu53	meu53				3rvd	x2paxs8533a	牟		2025-05-16 17:06:03	2020-11-15 00:00:00
xwwzmh66yms	有名儂	名人，有名人	u55 miang53 neoyng53	ou242 miang53 neoyng53				3rvd	x6xxs2ycvju	有名儂		2025-05-16 17:06:03	2020-11-18 00:00:00
x7rax8dbkdd	溪*	指撲克牌「K」，來自該拉丁字母英語讀法的福州話諧音	ke55	ke55		liji, fuqi		3rvd	x6suwxe9gqb	溪*		2025-05-16 17:06:03	2020-11-23 00:00:00
xrzc2dwpphj	大鬼	撲克牌中的彩色鬼牌	duai53 ui33	duai242 gui33		fzho		3rvd	xe85z6dzyjk	大鬼		2025-05-16 17:06:03	2020-11-23 00:00:00
xuxxeq8svn9	小鬼	撲克牌中的黑白鬼牌	siu24 ui33	siu33 gui33		fzho		3rvd	xkrkvt7ae6a	小鬼		2025-05-16 17:06:03	2020-11-23 00:00:00
xdktujftz3m	司令	撲克牌中的大小王	sy53 leing242	sy55 leing242		liji		3rvd	xxcugsfsftg	司令		2025-05-16 17:06:03	2025-04-10 12:09:28
xe9c3jwtcmw	正司	撲克牌中的大王	ziang55 ny55	ziang213 sy55		liji		3rvd	xxg8bjq9rvw	正司		2025-05-16 17:06:03	2025-04-10 12:09:28
xjpv5247mmz	副司	撲克牌中的小王	hu55 ly55	hou213 sy55		liji		3rvd	xxbcchfhrsm	副司		2025-05-16 17:06:04	2025-04-10 12:09:28
x26a58kfnex	鎮海樓	福州地名	ding21 ngai21 leu53	deing213 hai33 leu53				3rvd	x63jafvbkn2	鎮海樓		2025-05-16 17:06:04	2025-04-10 12:09:28
xxmhxayawn3	安泰樓	福州地名	ang21 nai55 leu53	ang55 tai213 leu53				3rvd	x6ddds4q3w6	安泰樓		2025-05-16 17:06:04	2025-04-10 12:09:28
x6a8wyb9tky	鄭家樓	福州地名，在倉山上渡、師大附中附近	dang21 nga55 lau53	dang242 ga55 lau53				3rvd	xgbv8sdtpwz	鄭家樓		2025-05-16 17:06:04	2025-04-10 12:09:28
xsghprsq3mb	崇妙保聖堅牢塔	福州地名，俗稱「烏塔」	zung21 miu242 bo55 seing213 gieng55 lo53 tak24	zung53 miu242 bo33 seing213 gieng55 lo53 tak24				3rvd	x79e5whuac8	崇妙保聖堅牢塔		2025-05-16 17:06:04	2025-04-10 12:09:28
x4eg28fvv23	報恩定光多寶塔	福州地名，俗稱「白塔」	bo55 oung55 ding55 guong55 do55 bo33 tak24	boo213 oung55 deing242 guong55 do55 bo33 tak24				3rvd	x3h8asjgkuw	報恩定光多寶塔		2025-05-16 17:06:04	2025-04-10 12:09:28
xgjmms2s7d5	食賺眼去	形容吃東西嗆著了‖氣管和食管相當於一個「眼」，喫錯了「眼」，就是食物竄到氣管裡了	sieh5 dang53 ngang33 o0	sieh5 dang242 ngang33 koo213				3rvd	xae68x52rnw	食賺眼去		2025-05-16 17:06:04	2020-12-05 00:00:00
xkgdddcuhj7	防颱	指在颱風來臨前進行船隻回港避風，加固房屋，在家守衛等防範行爲	huong55 tai55	huong53 tai55				3rvd	xmcgcaskgvp	防颱		2025-05-16 17:06:04	2025-04-10 12:09:28
xkpad6323fb	別位	別處，其他地方‖又讀如be53 ui242	beik21 ui242	beik5 ui242				3rvd	xe7exh2fuve	別位		2025-05-16 17:06:04	2025-04-10 12:09:28
x3wh6qc2v28	別儂	別人‖又讀如buok33 neoyng53	beik33 neoyng53	beik5 neoyng53				3rvd	x5pn72xegs9	別儂		2025-05-16 17:06:04	2025-04-10 12:09:28
x9e4ke65uha	食賺管去	形容吃東西嗆著了‖氣管和食管兩「管」之中，喫錯了「管」，就是食物竄到氣管裡了	sieh5 dang53 nguong33 o0	sieh5 dang242 guong33 koo213		mnhu		3rvd	xbvrrageb5h	食賺管去		2025-05-16 17:06:04	2025-04-10 12:09:28
xgkekd37mdf	塍螺姑娘	螺女，田螺姑娘。陶淵明《搜神後記》載，晉安帝年間，侯官人謝端少喪父母，由鄰居養大。謝端恭謹守法，唯到了年齡猶未娶妻。某日謝端得一大螺，覺得稀奇，養在水缸。此後謝端每日歸家，都會看到佳肴滿桌。謝端以爲是鄰居幫忙，鄰居則不解，笑稱是謝端妻子做的。一日謝端出門後悄悄提前返回，窺見水缸裡冒出一位少女，爲他煮好飯菜，打掃屋舍。謝端前去水缸查看，不見田螺，便詢問女子身份。女子走避不及，只得應答。原來是天界的白水素女，受天帝委派，給謝端當家庭主婦，待謝端十年之中致富了便離去，如今被碰見，只得馬上離去。謝端爲她立廟祭祀，最後家中小康，官至縣令。螺女是福州疍民重要信仰之一。倉山有地名螺洲，閩侯境內有地名螺江	ceing33 leoy53 gu55 nuong53	ceing53 leoy53 gu55 nuong53			陶潛. 搜神後記, 卷五[M]. “晉安帝時，侯官人謝端，少喪父母，無有親屬，爲鄰人所養。至年十七八，恭謹自守，不履非法。始出居，未有妻，鄰人共愍念之，規爲娶婦，未得。端夜臥早起，躬耕力作，不舍晝夜。後於邑下得一大螺，如三升壺。以爲異物，取以歸，貯瓮中。畜之數日。端每早至野還，見其戶中有飯飲湯火，如有人爲者。端謂鄰人爲之惠也。數日如此，便往謝鄰人。鄰人曰：吾初不爲是，何見謝也。端又以鄰人不喻其意，然數爾如此。後更實問，鄰人笑曰：卿已自取婦，密著室中炊爨，而言吾爲之炊耶？端默然心疑，不知其故。後以雞鳴出去，平早潛歸，於籬外竊窺其家中，見一少女，從瓮中出，至灶下燃火。端便入門，徑至瓮所視螺，但見女。乃到灶下問之曰：新婦從何所來，而相爲炊？女大惶惑，欲還瓮中，不能得去，答曰：我天漢中白水素女也。天帝哀卿少孤，恭慎自守，故使我權爲守舍炊烹。十年之中，使卿居富得婦，自當還去。而卿無故竊相窺掩，吾形已見，不宜復留，當相委去。雖然，爾後自當少差。勤于田作，漁采治生。留此殼去，以貯米穀，常不可乏。端請留，終不肯。時天忽風雨，翕然而去。端爲立神座，時節祭祀。居常饒足，不致大富耳。於是鄉人以女妻之。後任至令長云。今道中素女祠是也。”	3rvd	xytqy37vu5r	田螺姑娘		2025-05-16 17:06:04	2020-12-27 00:00:00
xj27cu9j7my	姑	暱稱父親的姐妹	u55	u55				3rvd				2025-05-16 17:06:04	2021-01-04 00:00:00
xpze7csx3hx	絕硬	絕對：這回考書～會過	zuok21 ngaing242	zuok24 ngaing242				3rvd	x329ek9vabu	絕硬		2025-05-16 17:06:04	2021-01-05 00:00:00
x2e24mf4ey8	上海	城市名‖又讀如suong33 ngai33	suong53 ngai33	suong242 hai33		fzho		3rvd	xmzs6k8vdgu	上海		2025-05-16 17:06:04	2021-01-05 00:00:00
xx7hht9amr6	也會	①也能A）表條件的並列：～使B）表詰問的語氣：總*款事際～做的出	ia21 {e}	ia242 a242		liji		3rvd	xhqnyfhe8tu	也會		2025-05-16 17:06:04	2020-10-11 00:00:00
xzmfcy98gyz	伓是	不是	ing53 nei242	eing242 sei242				3rvd	xzeu995kjrs	伓是		2025-05-16 17:06:04	2021-01-13 00:00:00
xydnarpt6jd	也會使	也可以	ia21 e53 lai33	ia242 a242 sai33				3rvd	x5h83cuyntv	也會使		2025-05-16 17:06:04	2021-01-13 00:00:00
x2pegtwg8fz	柏	姓：～景（周代人物）	baik24	baik24				3rvd	xfezvmc2j6s	柏		2025-05-16 17:06:04	2021-01-14 00:00:00
xajz27mj92w	包	姓：～拯（宋代人物）	bau55	bau55				3rvd	xyehb5tzdya	包		2025-05-16 17:06:04	2021-01-14 00:00:00
xv6unte4rbz	保	姓：～睿（明代人物）	bo33	bo33				3rvd	xtfb7uut9u2	保		2025-05-16 17:06:04	2021-01-14 00:00:00
x6dg9uu47pt	暢	姓：～璀（唐代人物）	tuong213	tuong213				3rvd	xj8sss4zszt	暢		2025-05-16 17:06:04	2021-01-14 00:00:00
xrvvxg6v53x	成	姓：～瑨（漢代人物）	sing53	sing53				3rvd	xwygs9qsk4e	成		2025-05-16 17:06:04	2021-01-14 00:00:00
xerdcr42q2a	遲	姓：～任（傳說中的上古賢人）	di53	di53				3rvd	x4r6f6tzqsa	遲		2025-05-16 17:06:04	2021-01-14 00:00:00
xduq6pbgw56	楚	姓：～公輔（宋代人物）	cu33	cu33				3rvd	xr4f98hm6bg	楚		2025-05-16 17:06:04	2021-01-14 00:00:00
xbnps3ppe9z	黨	①因利害關係而結成的小團體②有組織、有主義的團體：革命～③姓：～還醇（明代人物）	doung33	doung33				3rvd	xn6jhqc2924	黨		2025-05-16 17:06:04	2021-01-14 00:00:00
xhhddwbf3vc	都	姓：～稽（漢代人物）	du55	du55				3rvd	xnbt553jg8f	都		2025-05-16 17:06:04	2021-01-14 00:00:00
xqahytmwqat	封	姓：～演（唐代人物）	hung55	hung55				3rvd	xmq8t3zubdn	封		2025-05-16 17:06:04	2021-01-14 00:00:00
xw8hhfprxhz	甘	姓：～茂（秦代人物）	gang55	gang55				3rvd	xatmvxrz4yw	甘		2025-05-16 17:06:04	2021-01-14 00:00:00
xtad9tak9v8	宮	姓：～之奇（春秋人物）	gyng55	gyng55				3rvd	xcgecqxpfe4	宮		2025-05-16 17:06:04	2021-01-14 00:00:00
xc8srf4r4zw	關	姓：～羽（三國蜀人物）	guang55	guang55				3rvd	xev4epn4muk	關		2025-05-16 17:06:04	2021-01-14 00:00:00
xshgt8uqqu9	官	姓：～熙（宋代人物）	guang55	guang55				3rvd	xkm8dvevf76	官		2025-05-16 17:06:04	2021-01-14 00:00:00
xd8dkbbrttk	和	姓：～武（漢代人物）	huo53	huo53				3rvd	x494euak2xb	和		2025-05-16 17:06:04	2021-01-14 00:00:00
x4kv4xxd3du	花	姓：～敬定（唐代人物）	hua55	hua55				3rvd	xva4gmqyyt5	花		2025-05-16 17:06:04	2021-01-14 00:00:00
xma8dymkd6y	計	姓：～衡（宋代人物）	gie213	gie213				3rvd	xaxauk98b8r	計		2025-05-16 17:06:04	2021-01-14 00:00:00
xjck4dvgggn	簡	姓：～克己（宋代人物）	gang33	gang33				3rvd	xdxkhb9ps3b	簡		2025-05-16 17:06:04	2021-01-14 00:00:00
xex9ejrvx92	揭	姓：～鎮（唐代人物）	giek24	giek24				3rvd	x85k3dbcrwm	揭		2025-05-16 17:06:04	2021-01-14 00:00:00
xn3yhutwfvt	井	姓：～源（明代人物）	zing33	zing33				3rvd	xns7sn4smap	井		2025-05-16 17:06:04	2021-01-14 00:00:00
xezqa3n463q	景	姓：～差（戰國楚人物）	ging33	ging33				3rvd	x6j85kfun6z	景		2025-05-16 17:06:04	2021-01-14 00:00:00
xsc9eq2wp8g	柯	姓：～夢得（宋代人物）	ko55	ko55				3rvd	xzt5zyeywxa	柯		2025-05-16 17:06:05	2021-01-14 00:00:00
xc976dthxxf	來	姓：～章（周代人物）	lai53	lai53				3rvd	xaa62am4qb7	來		2025-05-16 17:06:05	2021-01-14 00:00:00
xt8f7kktbkf	藍	姓：～諸（戰國人物）	lang53	lang53				3rvd	x6s72dubq8h	藍		2025-05-16 17:06:05	2021-01-14 00:00:00
xvbjxhj8tu5	樂	姓：～嘉（上海人物）	louk5	louk5				3rvd	xdq87894pnj	樂		2025-05-16 17:06:05	2021-01-14 00:00:00
x3484kdyp9f	連	姓：～橫（臺灣人物）	lieng53	lieng53				3rvd	x53yfs63ure	連		2025-05-16 17:06:05	2021-01-14 00:00:00
x2dkqd24cqg	廉	姓：～頗（戰國趙人物）	lieng53	lieng53				3rvd	x2bq53hf9u6	廉		2025-05-16 17:06:05	2021-01-14 00:00:00
xwrg8tzjja9	練	姓：～何（唐代人物）	lieng242	lieng242				3rvd	xaqhj4kurmt	練		2025-05-16 17:06:05	2021-01-14 00:00:00
xdxrx9a97pf	凌	姓：～準（唐代人物）	ling53	ling53				3rvd	xs6zwa7w8hc	凌		2025-05-16 17:06:05	2021-01-14 00:00:00
x85ypmgvvmg	婁	姓：～壽（漢代人物）	leu53	leu53				3rvd	xqmmtnukjep	婁		2025-05-16 17:06:05	2021-01-14 00:00:00
xjrukadsv8f	蒙	姓：～恬（秦朝人物）	mung53	mung53				3rvd	xx8uqhbqkf6	蒙		2025-05-16 17:06:05	2021-01-14 00:00:00
x4p464j7vff	苗	姓：～蒲（漢代人物）	miu53	miu53				3rvd	xjtkey4juhy	苗		2025-05-16 17:06:05	2021-01-14 00:00:00
x6jc823hjhh	閔	姓：～頊（唐代人物）	ming33	ming33				3rvd	xpnr5ekuqr9	閔		2025-05-16 17:06:05	2021-01-14 00:00:00
xeexe3beffk	明	姓：～耀光（清代人物）	ming53	ming53				3rvd	xsvzsnze7nt	明		2025-05-16 17:06:05	2021-01-14 00:00:00
xsqpvx33fq7	木	姓：～華（晉朝人物）	muk5	muk5				3rvd	xe75zrgyqt2	木		2025-05-16 17:06:05	2021-01-14 00:00:00
xbxhh2gstdz	穆	姓：～生（漢代人物）	muk5	muk5				3rvd	xg99ujhyfd8	穆		2025-05-16 17:06:05	2021-01-14 00:00:00
xshvqht34zb	寧	安定：安～	ning53	ning53				3rvd	xej3qs7qa4z	寧		2025-05-16 17:06:05	2021-01-14 00:00:00
xhjvpxdts3y	歐	姓：～寶（漢代人物）	eu55	eu55				3rvd	xvgmnx4u3sb	歐		2025-05-16 17:06:05	2021-01-14 00:00:00
xb2a4esfaec	曲	姓：～證（漢代人物）	keoyk24	keoyk24				3rvd	xzneumfd87c	曲		2025-05-16 17:06:05	2021-01-14 00:00:00
xqwccdedjjg	屈	姓：～原（戰國楚人物）	kouk24	kouk24				3rvd	xakrzttza6w	屈		2025-05-16 17:06:05	2021-01-14 00:00:00
x2gsfw4scs3	全	姓：～祖望（清代人物）	zuong53	zuong53				3rvd	x6mcyfb8fqm	全		2025-05-16 17:06:05	2021-01-14 00:00:00
xxvxu38kzv8	桑	姓：～弘羊（漢代人物）	soung55	soung55				3rvd	xefrzyssmgx	桑		2025-05-16 17:06:05	2021-01-14 00:00:00
xm6jmjcs6f6	沙	姓：～世堅（宋代人物）	sa55	sa55				3rvd	xdq9z2ymxt9	沙		2025-05-16 17:06:05	2021-01-14 00:00:00
xcjvt2ncsht	盛	姓：～苞（漢代人物）	seing242	seing242				3rvd	xxc2k448ex3	盛		2025-05-16 17:06:05	2021-01-14 00:00:00
xkdbxrjj5cu	司	姓：～超（宋代人物）	sy55	sy55				3rvd	xnjmnjv85cb	司		2025-05-16 17:06:05	2021-01-14 00:00:00
xfyv8buv4cr	臺	姓：～佟（漢代人物）	dai53	dai53				3rvd	xazwzuer457	臺		2025-05-16 17:06:05	2021-01-14 00:00:00
xt5ky5xeqqp	談	姓：～巴（漢代人物）	dang53	dang53				3rvd	xpax9xey3hg	談		2025-05-16 17:06:05	2021-01-14 00:00:00
xgay4wgy6pc	童	姓：～仲玉（漢代人物）	dung53	dung53				3rvd	xfct3yvvkfw	童		2025-05-16 17:06:05	2021-01-14 00:00:00
xvkbg7vp93n	衛	姓：～青（漢代人物）	ui242	ui242				3rvd	xkt2bnp7pz9	衛		2025-05-16 17:06:05	2021-01-14 00:00:00
xcajnj3wj83	位	姓：～安（明代人物）	ui242	ui242				3rvd	xv2s36hduuw	位		2025-05-16 17:06:05	2021-01-14 00:00:00
xjkhpbsm6cq	翁	姓：～伯（漢代人物）	ung55	ung55				3rvd	x3depr3uerr	翁		2025-05-16 17:06:05	2021-01-14 00:00:00
xnznmq38beg	巫	姓：～咸（商代人物）	u55	u55				3rvd	xqxt88nsgtr	巫		2025-05-16 17:06:05	2021-01-14 00:00:00
xv5x7c8qyge	習	姓：～經（明代人物）	sik5	sik5				3rvd	x5sdt9zme9c	習		2025-05-16 17:06:05	2021-01-14 00:00:00
xw8amp7ve9v	席	姓：～坦（晉代人物）	sik5	sik5				3rvd	xftdat6z2wq	席		2025-05-16 17:06:05	2021-01-14 00:00:00
xj44wd6fmgy	項	姓：～羽（秦代人物）	hooung242	hooung242				3rvd	xbpmed4u3yc	項		2025-05-16 17:06:05	2021-01-14 00:00:00
x7surs2zvpx	揚	姓：～雄（漢代人物）	yong53	yong53				3rvd	x8cqxjtgbv9	揚		2025-05-16 17:06:05	2021-01-14 00:00:00
x5bkh4ur2a7	陽	姓：～昌朝（宋代人物）	yong53	yong53				3rvd	xk5j682hudm	陽		2025-05-16 17:06:05	2021-01-14 00:00:00
xnskdzqwqzy	衣	姓：～守信（明代人物）	i55	i55				3rvd	x2x6h2f3she	衣		2025-05-16 17:06:05	2021-01-14 00:00:00
x86msvf6y3e	銀	姓：～鏡（明代人物）	ngyng53	ngyng53				3rvd	xzqjk2jar7q	銀		2025-05-16 17:06:05	2021-01-14 00:00:00
xpa5dkmuffm	游	姓：～士鳳（清代人物）	iu53	iu53				3rvd	x36wdfgw28p	游		2025-05-16 17:06:05	2021-01-14 00:00:00
x3aznj7ebsn	宇	姓：～賓（明代人物）	y33	y33				3rvd	xdec9f8q6se	宇		2025-05-16 17:06:05	2021-01-14 00:00:00
xeyzqex9agt	喻	姓：～樗（宋代人物）	eoy242	eoy242				3rvd	x99djdu8emj	喻		2025-05-16 17:06:05	2021-01-14 00:00:00
xznb6wrvb8f	原	姓：～壤（春秋魯人物）	nguong53	nguong53				3rvd	x39pedhkmt3	原		2025-05-16 17:06:06	2021-01-14 00:00:00
x5sw5f8xcqt	植	姓：～廷曉（南漢人物）	sik5	sik5				3rvd	x6yrg3m382s	植		2025-05-16 17:06:06	2021-01-14 00:00:00
xc2w6x6vwzb	宗	姓：～澤（宋代人物）	zung55	zung55				3rvd	xwymsr6n82t	宗		2025-05-16 17:06:06	2021-01-14 00:00:00
xucsf42sjvq	歐美	歐洲與北美的統稱	eu53 mi33	eu55 mi33				3rvd	xeb53pgzuef	歐美		2025-05-16 17:06:06	2021-01-14 00:00:00
xqa77v9d8nz	計劃	事先策定	gie55 heik5	gie213 heik5				3rvd	xejd9jm3s54	計劃		2025-05-16 17:06:06	2021-01-14 00:00:00
xjf8p4ben3s	頭盤	剛纔	tau33 wuang53	tau53 buang53	tau33 muang53			3rvd	x2whbevu62d	頭盤		2025-05-16 17:06:06	2021-01-23 00:00:00
x7f9v6grd3d	頭先早	剛纔‖又讀如ta21 eing53 njia33	ta21 leing53 nja33	tau53 seing55 za33				3rvd	xyx4k6n9ykx	頭先早		2025-05-16 17:06:06	2021-01-23 00:00:00
xaupy6apeyg	做公做媽	都能當爺爺、當奶奶了，極言其老、上年紀：這隻歌手我會仈（知道），這隻也會仈！——汝會仈其都黃塗埋蜀半（年過五十），會做公去，都做媽去	zo55 gung55 zo53 ma33	zoo213 gung55 zoo213 ma33		fzho		3rvd	x72u2mfspz9	做公做媽		2025-05-16 17:06:06	2021-01-27 00:00:00
xnqabmwhgtz	水䖳	海蜇皮，有時特指水份較足者	zui55 la213	zui33 ta213	zy55 la213	mnhu		3rvd	xvkzcprpp88	水䖳		2025-05-16 17:06:06	2021-01-29 00:00:00
xxzqu3ukzce	汝好	你好，問候語：～，汝名世乇	ny33 ho33	ny33 ho33		fzho	維基教科書编者. 福州語/會話/第1課[G/OL]. 中文維基教科書, 2018-09-20[2021-01-30]. https://zh.wikibooks.org/w/index.php?title=福州語/會話/第1課&oldid=123269.	3rvd	xeyapht8add	汝好		2025-05-16 17:06:06	2018-09-20 00:00:00
xj6qpcp29ve	頭*管*	①感覺對方主張誇張、與事實不符，則接此二字，並把自己認爲對的事實說出。猶言普通話的「哪有啊，哪有這事」：——聽講汝這月工資加三千吓。——～吓，㑚加千把②用在句中，表示否定，猶言普通話的「根本沒有」：伊～也有米八懸，伊乍米七幾	tau33 uang33	tau53 guang33		mnhu		3rvd	xhftjyt64py	頭*管*		2025-05-16 17:06:06	2020-06-22 20:59:51
xzz792xgvyu	逢乇	任何東西	hung21 nooh24	hung53 nooh24			維基教科書编者. 福州語/名詞[G/OL]. 中文維基教科書, 2018-10-20[2021-01-30]. https://zh.wikibooks.org/w/index.php?title=福州語/名詞&oldid=139882.	3rvd	xtvzz3c4su2	逢乇		2025-05-16 17:06:06	2018-10-20 00:00:00
xjdsxmmr3au	包包	包，裝東西的口袋：汝～	bau55 bau55	bau55 bau55			任笑癡. 福州話：由疊詞說開去[N]. 福州日報, 2013-10-21.	3rvd	xt4p32eu3nv	包包		2025-05-16 17:06:06	2019-06-25 00:00:00
xrb7pqetekg	柄柄	柄，器物的欛兒：這把斧頭無～‖連讀變調與一般兩字組規律不同	bang21 bang213	bang213 bang213			任笑癡. 福州話：由疊詞說開去[N]. 福州日報, 2013-10-21.	3rvd	xa7yhvkwmhc	柄柄		2025-05-16 17:06:06	2019-06-25 00:00:00
x7ze7m4cw9d	瓶瓶	瓶子，單說時用：～掏（拿）去買酒	bing33 bing53	bing53 bing53			任笑癡. 福州話：由疊詞說開去[N]. 福州日報, 2013-10-21.	3rvd	x9r6267zu7s	瓶瓶		2025-05-16 17:06:06	2019-06-25 00:00:00
xsc58td2ja7	洞洞	窟窿‖連讀變調與一般兩字組規律不同	deoyng21 dooyng242	dooyng242 dooyng242			任笑癡. 福州話：由疊詞說開去[N]. 福州日報, 2013-10-21.	3rvd	xksvnaad9mb	洞洞		2025-05-16 17:06:06	2019-06-25 00:00:00
xqy3wks3h7t	根根	植物根莖	gyng55 gyng55	gyng55 gyng55			任笑癡. 福州話：由疊詞說開去[N]. 福州日報, 2013-10-21.	3rvd	xzpcz3k79pk	根根		2025-05-16 17:06:06	2019-06-25 00:00:00
xvumky6tebt	箬箬	葉子	nuoh5 nuoh5	nuoh5 nuoh5			任笑癡. 福州話：由疊詞說開去[N]. 福州日報, 2013-10-21.	3rvd	xqk88zzvezj	箬箬		2025-05-16 17:06:06	2019-06-25 00:00:00
x5tcg2aj9gz	桶桶	水桶‖連讀變調與一般兩字組規律不同	teoyng33 teoyng33	teoyng33 teoyng33			任笑癡. 福州話：由疊詞說開去[N]. 福州日報, 2013-10-21.	3rvd	xbpvsmjwwep	桶桶		2025-05-16 17:06:06	2019-06-25 00:00:00
xn2v6rd9xw6	柱柱	柱子‖連讀變調與一般兩字組規律不同	tiu21 tiu242	tiu242 tiu242			任笑癡. 福州話：由疊詞說開去[N]. 福州日報, 2013-10-21.	3rvd	x7kmcm2h9ed	柱柱		2025-05-16 17:06:06	2019-06-25 00:00:00
xx4k923z8at	燈籠穗穗	燈籠穗兒‖後兩字連讀變調與一般兩字組規律不同	ding55 leoyng53 sui21 sui213	ding55 leoyng53 sui213 sui213			趙麟斌. 福州話實用字典[M]. 上海: 上海辭書出版社, 2015.	3rvd	xn3xy7jxpmy	燈籠穗穗		2025-05-16 17:06:06	2019-06-25 00:00:00
xr2kudqxq4k	煤碼頭	煤碼頭	mui21 ma21 lau53	mui53 ma33 tau53				3rvd	x3h8qfjuyqr	煤碼頭		2025-05-16 17:06:06	2021-01-31 00:00:00
xbh7jvh3rvy	拍石子	打石頭	pah55 luoh33 ji33	pah24 suoh5 zi33				3rvd	xu6zx8ghpuw	拍石子		2025-05-16 17:06:06	2021-02-02 00:00:00
xszuybcq6n7	蛋糕	一種糕點。其味道一般以甜味爲主，但亦有以鹹味爲主者。典型製作方法是烤焗‖說「卵糕」（loung55 ngo55）更地道	dang55 ngo55	dang213 go55				3rvd	x4qwxgrsmsk	蛋糕		2025-05-16 17:06:06	2021-02-09 00:00:00
xcmjaka58wj	三七	「三坊七巷」的非正式簡稱：去～做志願者	sang53 ceik24	sang55 ceik24				3rvd	x4nx5ek9ckz	三七		2025-05-16 17:06:06	2021-02-09 00:00:00
x32faw8u2fv	南門	依方位而分的諸門當中處南方的那一個	nang33 muong53	nang53 muong53				3rvd	x2kpd97p8dw	南門		2025-05-16 17:06:06	2021-02-09 00:00:00
x6nfmzng6qs	西門	①依方位而分的諸門當中處西方的那一個②福州地名，在鼓樓區	se55 muong53	se55 muong53				3rvd	xd799xjdp52	西門		2025-05-16 17:06:06	2021-02-09 00:00:00
xn8zz786hek	倉前	福州地名，在倉山區	coung55 neing53	coung55 seing53				3rvd	xtjax3u5zja	倉前		2025-05-16 17:06:06	2021-02-09 00:00:00
x6u74xmeczu	福州儂	福州人	huk21 ziu55 neoyng53	houk24 ziu55 neoyng53				3rvd	x69ydaafaqp	福州儂		2025-05-16 17:06:06	2021-02-09 00:00:00
xrr7yq9mk65	福州話	福州十邑的共通語	huk21 ziu53 ua242	houk24 ziu55 ua242				3rvd	xnn2ebg6q39	福州話		2025-05-16 17:06:06	2021-02-09 00:00:00
x9baq6y7abt	福清	地名	huk21 ciang55	houk24 ciang55				3rvd	x2w28zbveg7	福清		2025-05-16 17:06:06	2021-02-09 00:00:00
x28kzfbe858	福建	省名，在華東南	huk55 gyong213	houk24 gyong213				3rvd	xpjxhbu84gw	福建		2025-05-16 17:06:06	2021-02-09 00:00:00
x6u9wq5q8kf	福建儂	福建人	huk55 gyong213 neoyng53	houk24 gyong213 neoyng53				3rvd	xb3j6t7uuep	福建儂		2025-05-16 17:06:06	2021-02-09 00:00:00
x569seg2q9x	黃梅	同「黃梅星」	uong33 mui53	uong53 mui53		fzho		3rvd	xzrbfwujyye	黃梅		2025-05-16 17:06:06	2021-02-26 00:00:00
xkvzbte3mjv	學識	同普通話「學識」	houk21 seik24	houk5 seik24				3rvd	xuxpsn2kss6	學識		2025-05-16 17:06:06	2021-02-09 00:00:00
x59mdtjvckv	學問	同普通話「學問」	houk21 oung242	houk5 oung242				3rvd	xab7c4exjyp	學問		2025-05-16 17:06:06	2021-02-09 00:00:00
xhdbf5q94zj	學習	同普通話「學習」‖表示學習功課時口語說「讀書」	houk33 sik5	houk5 sik5				3rvd	xecr72pm28e	學習		2025-05-16 17:06:06	2021-02-09 00:00:00
x8phc6mvphs	學期	同普通話「學期」	houk5 gi55	houk5 gi55				3rvd	xequ23t9ag9	學期		2025-05-16 17:06:06	2021-02-09 00:00:00
x3v4xrmeemz	幼學	《幼學瓊林》的簡稱。是中國古代兒童的啟蒙讀物，明代西昌人程登吉（字允升）編著，本名《幼學須知》，又稱《成語考》《故事尋源》	iu55 houk5	iu213 houk5				3rvd	xxdubtmb6j3	幼學		2025-05-16 17:06:06	2021-02-09 00:00:00
xs4rnvmjwtm	瓊林	瓊樹之林	ging33 ning53	ging53 ling53				3rvd	xwefmgwfjg8	瓊林		2025-05-16 17:06:07	2021-02-09 00:00:00
x5sgkt2zfvf	流柴	指來自上游，被大雨、洪水沖至下游的木製材料	lau33 ja53	lau53 ca53				3rvd	xabec6zcpsr	流柴		2025-05-16 17:06:07	2021-02-09 00:00:00
xe7yu2kau7t	拾流柴	指撿拾來自上游，被大雨、洪水沖至下游的木製材料	kak24 lau33 ja53	kak24 lau53 ca53				3rvd	xfdpwaqb9zh	拾流柴		2025-05-16 17:06:07	2021-02-09 00:00:00
xkeks2ndaj5	絆	好糾正他人：野～	buang242	buang242		cgle,mnhu		3rvd	xvqevhze2v8	絆		2025-05-16 17:06:07	2021-02-12 00:00:00
xhcc5ytmcha	呋*凇*凍	身体不適，感到噁心：許蜀日買其羊肉食去就～	bu21 lung53 noung213	bu55 sung55 doung213		fzho,liji		3rvd	xn79wmm8xf7	呋*凇*凍		2025-05-16 17:06:07	2021-02-14 00:00:00
xw6rjyfdp23	子子	魚子，魚的卵‖連讀變調與一般兩字組規律不同	zi33 zi33	zi33 zi33		fzho		3rvd	x69d5w8gdmb	子子		2025-05-16 17:06:07	2021-02-14 00:00:00
xjgawtvfvnu	歞馬	①愚笨A）引申爲花錢不識精打細算：復花這滿価錢，野～	ngoung53 ma33	ngooung242 ma33		fzho		3rvd	xz2dm5bj6mw	歞馬		2025-05-16 17:06:07	2021-02-14 00:00:00
xqgypxq7yen	大手大骹	大手大腳：錢花這滿価，～	duai53 jiu33 duai55 a55	duai242 ciu33 duai242 ka55		fzho		3rvd	xpr4abwpw6s	大手大骹		2025-05-16 17:06:07	2021-02-14 00:00:00
x6s3f9dt9xf	幫洲	地名，在福州臺江區，又稱「幫洲裏」。曾有同名街道，西元2004年4月併入蒼霞街道	boung55 njiu55	boung55 ziu55		fzho		3rvd	x4atjb6788h	幫洲		2025-05-16 17:06:07	2021-02-14 00:00:00
xrjt9fg45bt	幫洲裏	地名，在福州臺江區，又稱「幫洲」	boung21 njiu53 lie33	boung55 ziu55 die33		fzho		3rvd	xpgyda3byzx	幫洲裏		2025-05-16 17:06:07	2021-02-14 00:00:00
x74gjq24y5c	蒼霞	地名，在福州臺江區。原作「倉下」，得名於倉下洲，明代雅化爲蒼霞。明代「蒼霞晚照」爲南臺十景之一。有同名街道	coung55 nga53	coung55 ha53		fzho		3rvd	xxfmu4bfq3d	蒼霞		2025-05-16 17:06:07	2021-02-14 00:00:00
xn53wqxseb3	倉下洲	地名，在福州臺江區。因面對倉前山得名。原爲洲地農田，明清時期衍爲民居和街市	coung21 nga55 jiu55	coung55 a242 ziu55		fzho	台江区志[M]. “其本名‘仓下洲’，是因面对盐仓前（今仓前山）而言。”	3rvd	xksupuzv9er	倉下洲		2025-05-16 17:06:07	2021-02-14 00:00:00
x77jvjw5cw8	彬德橋	位於福州最大內河之一白馬河南端	bing21 deik21 gyo53	bing55 daik24 gyo53		fzho		3rvd	xf5dhwknrtw	彬德橋		2025-05-16 17:06:07	2021-02-14 00:00:00
xxs9zd2gkt7	三保	地名，在福州臺江區。「保」來自保甲制度	sang53 mo33	sang55 bo33		fzho		3rvd	xnrsqrj9pxa	三保		2025-05-16 17:06:07	2021-02-14 00:00:00
xjucnc3s5ts	二保	地名，在福州臺江區。「保」來自保甲制度	ni53 wo33	nei242 bo33		fzho		3rvd	x5mmxt3p3sx	二保		2025-05-16 17:06:07	2021-02-14 00:00:00
x9m7ks2d239	三保街	地名，在福州臺江區三保	sang21 mo21 e55	sang55 bo33 ge55		fzho		3rvd	xeyqh5jxxy5	三保街		2025-05-16 17:06:07	2021-02-14 00:00:00
xm4dxjegh25	斗中街	舊路名，民國時曾改稱「斗中路」，今屬八一七路中段中接近南門兜的其中一段	dau21 loung55 nge55	dau33 doung55 ge55		fzho		3rvd	x2amskrzphp	斗中街		2025-05-16 17:06:07	2021-02-14 00:00:00
xhhbt6v7byk	雙浦	地名，在福州馬尾區	seoyng53 muo33	seoyng55 puo33		fzho		3rvd	xjug4nc8569	雙浦		2025-05-16 17:06:07	2021-02-15 00:00:00
x3mchss9frh	雙浦橋	橋名，在福州馬尾區雙浦	seoyng21 muo21 yo53	seoyng55 puo33 gyo53		fzho		3rvd	x4njkxq7hvg	雙浦橋		2025-05-16 17:06:07	2021-02-15 00:00:00
x5fqkjan36w	亭頭裏	地名，在福州馬尾亭江	ding33 nau33 lie33	ding53 tau53 die33		fzho		3rvd	xhxkhm5fy8j	亭頭裏		2025-05-16 17:06:07	2021-02-15 00:00:00
xyzcacgm3a5	家私	隱語，引申爲男性生殖器：汝～儥好使吓	ga55 li55	ga55 si55		fzho		3rvd	xz3unsuaxbu	家私		2025-05-16 17:06:07	2021-02-15 00:00:00
xp7ggwzqmd6	大概	不很準確，不很詳盡	dai53 kai213	dai242 kai213		fzho		3rvd	xtqprxq6bz9	大概		2025-05-16 17:06:07	2021-02-15 00:00:00
xtrceje35na	大唐	唐朝的美稱	dai55 doung53	dai242 doung53		fzho		3rvd	xkchkqucyxn	大唐		2025-05-16 17:06:07	2021-02-15 00:00:00
xx2bpvbppwz	大約	大概	dai53 yok24	dai242 yok24		fzho		3rvd	xcdkt2utfr4	大約		2025-05-16 17:06:07	2021-02-15 00:00:00
xkf8sr5a7mm	跳棋	棋盤游戏，可有二至六人同時遊戲。棋盤爲六角星。棋子分爲六種顏色，一般是玻璃珠。每人擁有一種顏色的棋子，一般是十五個，並擺滿一個角。最先將己方棋子全部移動至對角，即爲優勝	tiu55 i53	tiu213 gi53		fzho		3rvd	x7yyb4cz3vv	跳棋		2025-05-16 17:06:07	2021-03-17 00:00:00
x5gx5kjeyed	老𪺾	老鷹	lo21 nge53	lo33 nge53		liji		3rvd	xxrv3hsasc4	老𪺾		2025-05-16 17:06:07	2021-03-17 00:00:00
xbpte4uxrw7	戰卡	比拼把卡片翻到反面的遊戲。每人出一張牌，然後輪流來扇。哪張被誰扇到反面，哪張就歸誰	cieng53 ka213	cieng213 ka213		fzho		3rvd	x5hk86ju674	戰卡		2025-05-16 17:06:07	2021-03-17 00:00:00
xb22m62zxv6	戰啪	比拼把卡片翻到反面的遊戲。每人出一張牌，然後輪流來扇。哪張被誰扇到反面，哪張就歸誰	cieng53 piak24	cieng213 piak24		fzho		3rvd	x2n6kvq3t7t	戰啪		2025-05-16 17:06:07	2021-03-17 00:00:00
xc7dts27qcz	戰啪啪	比拼把卡片翻到反面的遊戲。每人出一張牌，然後輪流來扇。哪張被誰扇到反面，哪張就歸誰	cieng53 piak21 piak24	cieng213 piak24 piak24		fzho		3rvd	xbjk2kmjwv9	戰啪啪		2025-05-16 17:06:07	2021-03-17 00:00:00
x6ah7p5veaa	摔啪	遊戲名，即拍紙片，目標是把紙片翻到反面	seoyk55 piak24	sooyk24 piak24		fzho		3rvd	x8g3a93z9bg	摔啪		2025-05-16 17:06:07	2021-03-17 00:00:00
x6972rbj3ds	綁*綁*啡*	比指頭大小的遊戲‖本字不明，榕典取同音字	boung21 boung21 bi55	boung33 boung33 bi55		fzho		3rvd	xjffwupkysg	綁*綁*啡*		2025-05-16 17:06:07	2021-03-17 00:00:00
xhmmv4trte7	耩*耩*䠓*	比指頭大小的遊戲‖本字不明，榕典取同音字	goung21 goung21 cy53	goung33 goung33 cy53		fzho		3rvd	xf9dnbxr33s	耩*耩*䠓*		2025-05-16 17:06:07	2021-03-17 00:00:00
x4xgxxrckn6	搧紙片	遊戲名，即拍紙片，目標是把紙片翻到反面	iak21 zai55 wieng213	iak5 zai33 pieng213		fzho		3rvd	x8rbwbmanua	搧紙片		2025-05-16 17:06:07	2021-03-17 00:00:00
x53kwe36c3d	佮國	玩遊戲時分幫結派	gak55 guok24	gak24 guok24		fzho		3rvd	xt4jurqsr2q	佮國		2025-05-16 17:06:07	2021-03-17 00:00:00
x8r8qmem57a	荒唐	罵人的話，猶北方話罵「混帳」，音同「方腸」：方腸（～）拉四角屎。	huong55 doung53	huong55 doung53		fzho	陈泽平. 福州方言熟语歌谣[M]. 福州: 福建人民出版社,1998.	3rvd	x44rbd7cbhv	荒唐		2025-05-16 17:06:07	2021-07-23 00:00:00
xdcxqrb97p8	開幕式	會議或活動正式開始的儀式‖亦可讀kui21 mouk53 seik24、kai21 mouk55 seik24、kai21 mouk53 seik24	kui21 mouk55 seik24	kui55 moouk24 seik24		fzho		3rvd	x5wvvynbak3	開幕式		2025-05-16 17:06:07	2021-07-23 00:00:00
x95sducn6r8	體操	一類人爲創造的運動項目的總稱	te21 jau55	te33 cau55		fzho		3rvd	xafc92tqjuw	體操		2025-05-16 17:06:07	2021-07-24 00:00:00
x5q58acnjh7	乒乓球	一種球類運動，由兩人或四人在桌上來回擊打一個小球	bing21 moung55 ngiu53	bing55 boung55 giu53		fzho		3rvd	xce5g7s3625	乒乓球		2025-05-16 17:06:07	2021-07-24 00:00:00
xup52kcrcrz	皮划艇	一種在划艇中划槳前進的水上體育運動	pi33 ua33 ting33	pi53 ua53 ting33		fzho		3rvd	xf7s6222dg7	皮划艇		2025-05-16 17:06:08	2021-07-24 00:00:00
x8hn2s6b8e8	奧運會	奧林匹克運動會	o21 ung53 ngui242	oo213 oung242 hui242		fzho		3rvd	xn6mxm84euv	奧運會		2025-05-16 17:06:08	2021-07-24 00:00:00
xnq6sh3ne52	麻芝	祭竈用的糕點	muai55 jie55	muai53 zie55		fzho		3rvd	x5g7euznzs6	麻芝		2025-05-16 17:06:08	2022-01-25 00:00:00
x5ve52p68ak	豬油糕	祭竈用的糕點	dy55 iu55 o55	dy55 iu53 go55		fzho		3rvd	xtwej4vk3ng	豬油糕		2025-05-16 17:06:08	2022-01-25 00:00:00
x8z7cgnh28a	萬字糕	祭竈用的糕點	uang21 zi55 go55	uang242 zei242 go55		fzho		3rvd	xc6qrns938a	萬字糕		2025-05-16 17:06:08	2022-01-25 00:00:00
xxe85zmh49s	金桔糖	祭竈用的糖果	ging21 gik21 toung53	ging55 geik24 toung53		fzho		3rvd	xzkuzveq57c	金橘糖		2025-05-16 17:06:08	2022-01-25 00:00:00
x894jdrg9sb	紅紙包	祭竈用的糕點	eoyng21 njai21 wau55	eoyng53 zai33 bau55		fzho		3rvd	xkncaasgp73	紅紙包		2025-05-16 17:06:08	2022-01-25 00:00:00
xmzgzvmks8s	金錢餅	祭竈用的糕點	ging53 njieng33 miang33	ging55 zieng53 biang33		fzho		3rvd	xx59nqc2kze	金錢餅		2025-05-16 17:06:08	2022-01-25 00:00:00
xd29xqxu6zh	竈糖竈餅	祭竈用的糕點	zau21 loung21 zau53 wiang33	zau213 toung53 zau213 biang33		fzho		3rvd	x4hkgpke5c7	竈糖竈餅		2025-05-16 17:06:08	2022-01-25 00:00:00
x2nxkdwje5n	粉片糕	祭竈用的糕點	hung21 mieng55 ngo55	hung33 pieng213 go55				3rvd	xqw35dnpt2d	粉片糕		2025-05-16 17:06:08	2022-01-25 00:00:00
xcswhgdzdpv	合肥	安徽省會‖也有人讀作hak33 bui53	hak33 pi53	hak5 pi53		fzho, mnhu		3rvd	xq32rk7m8kk	合肥		2025-05-16 17:06:08	2020-06-05 00:00:00
xgcfb4esquj	開幕式	會議或活動正式開始的儀式‖亦可讀kai21 mouk53 seik24、kui21 mouk55 seik24、kui21 mouk53 seik24	kai21 mouk55 seik24	kai55 moouk24 seik24		fzho		3rvd	xdffbppvyh6	開幕式		2025-05-16 17:06:08	2021-07-23 00:00:00
x2n32t7ffbd	百姓	平民‖又讀bah53 lang213	beik55 seing213	baik24 seing213		fzho, liji		3rvd	xpjnqx8uunp	百姓		2025-05-16 17:06:08	2020-09-24 00:00:00
x89usaj89vr	四川囝	①指四川人②泛指外來務工者‖非尊敬的稱呼。系「四川囝」sy21 cuong53 ngiang33的俗讀	si21 cuong53 ngiang33	sei213 cuong55 giang33		fzho		3rvd	xekdmajwnu2	四川囝		2025-05-16 17:06:08	2020-10-07 00:00:00
xeh3f2y4t66	內九彩	地名「內九彩巷」的簡稱‖因避諱該讀音與「䐯鳥指」諧音，一般不說。俗讀neoy21 au24 jai33	neoy21 iu24 jai33	nooy242 giu33 cai33				3rvd	xybvxxsmsy9	內九彩		2025-05-16 17:06:08	2023-04-20 00:00:00
xa3en4r6u5s	外九彩	地名「外九彩巷」的簡稱‖「外」又讀ngie242，「九」俗讀gau33	ngui21 iu24 jai33	ngui242 giu33 cai33				3rvd	xzu4jujdnty	外九彩		2025-05-16 17:06:08	2023-04-20 00:00:00
x5tv3nqfp59	着死	該死。詛咒語	duoh33 li33	duoh5 si33	duoh53 li33			3rvd	xcujaq86cpj	着死		2025-05-16 17:06:08	2021-08-12 00:00:00
xs2huab5yzd	覷牛	放牛，看牛	cy55 ngu53	ceoy213 ngu53		liji		3rvd	xsrsganmxcf	覷牛		2025-05-16 17:06:08	2021-08-15 00:00:00
x727vcudd5h	比喻講	比如說，比方說	bi55 eoy242 goung33	bi33 eoy242 goung33				3rvd	xjwx5xx9cfa	比喻講		2025-05-16 17:06:08	2021-05-17 00:00:00
x6unqje2yjv	跳牛筋索	遊戲名，外地說「跳皮筋」	tiu21 ngu21 yng53 nooh24	tiu213 ngu53 gyng55 sooh24				3rvd	xe5n562k3me	跳牛筋索		2025-05-16 17:06:08	2021-03-16 00:00:00
xbxb75zfaab	拍紙片	遊戲名，目標是把紙片翻到反面	pah21 zai55 wieng213	pah24 zai33 pieng213				3rvd	xu8m7zarbrp	拍紙片		2025-05-16 17:06:08	2021-03-16 00:00:00
xxn9chxb7uu	拍電子	打電子遊戲	pah21 dieng53 njy33	pah24 dieng242 zy33				3rvd	x7m5yvqzxkx	拍電子		2025-05-16 17:06:08	2021-03-16 00:00:00
x3g7tu66m9p	市二	「市第二醫院」的簡稱	ci53 nei242	cei242 nei242				3rvd	xe9ayh5qne7	市二		2025-05-16 17:06:08	2021-04-05 00:00:00
x8e84kk7ha4	解放囝	對20世紀中葉南下來榕人士的稱呼	gai21 uong53 ngiang33	gai33 huong213 giang33				3rvd	xsbnvguf9jz	解放囝		2025-05-16 17:06:08	2021-04-08 00:00:00
x4d542mk2u4	五區	對福州五個區級行政單位的簡稱	ngu21 ky55	ngu33 ky55				3rvd	xjscg7w37kz	五區		2025-05-16 17:06:08	2021-06-07 00:00:00
x3fzsztu4y6	十八溪	二十世纪末期他校學生对福州第十八中學學生的非正面稱呼	seik21 beik55 ke55	seik5 baik24 ke55				3rvd	xa2ccd5em5k	十八溪		2025-05-16 17:06:08	2021-06-01 00:00:00
xx7wj3m7fnz	蔣宅	地名，屬於鳳崗裏三十六宅	zuong21 nah5	zuong33 tah5				3rvd	x65fhqfd8f9	蔣宅		2025-05-16 17:06:08	2021-08-05 00:00:00
x9tjudms5d7	大湖弄	舊地名，位於倉山區倉前街道、對湖街道，因附近原有大湖（今對湖）而得名	duai53 u21 looyng242	duai242 hu53 looyng242				3rvd	x2vc7bkd7sw	大湖弄		2025-05-16 17:06:08	2021-08-05 00:00:00
xy7abtsteqh	上岐	地名，马尾魁岐有分上、下岐	suong55 ngie53	suong242 gie53				3rvd	xzm6tpurn6v	上岐		2025-05-16 17:06:08	2021-08-05 00:00:00
xh82h6evga5	下岐	地名，马尾魁岐有分上、下岐	a55 ie53	a242 gie53				3rvd	xsg3aay4zw9	下岐		2025-05-16 17:06:08	2021-08-05 00:00:00
xfdp7ppmd8p	電燭	電子蠟燭，插電蠟燭	dieng53 njuoh24	dieng242 zuoh24	dieng21 njuoh24			3rvd	xd32j4fpens	電燭		2025-05-16 17:06:08	2021-08-07 00:00:00
xb6xxu8m9wv	客廳	可供人進行一般生活休閒，並具有接待客人功能的房間，亦用作家人團聚等‖有些地方區分「廳中」與「客廳」	kah55 liang55	kah24 tiang55				3rvd	xsqmvzz9q2a	客廳		2025-05-16 17:06:08	2021-08-07 00:00:00
xada45sherk	講大話	說大話，吹牛，誇大其詞	goung21 duai53 ua242	goung33 duai242 ua242				3rvd	xkxqagkdye2	講大話		2025-05-16 17:06:08	2021-08-12 00:00:00
xgksgxkxc95	行當	職業	oung21 nooung213	oung53 dooung213				3rvd	xk6nfvfsmsq	行當		2025-05-16 17:06:08	2021-08-12 00:00:00
xfx2n9xcdcw	溝路	水溝，下水道，管道：～塞去|～儥通	gau53 luo242	gau55 duo242				3rvd	xnyawek9jrn	溝路		2025-05-16 17:06:08	2021-08-12 00:00:00
xqv8eqyfm3a	同樣	同樣，一樣	deoyng21 ngyong242	deoyng53 yong242				3rvd	xrzgrbnb7cz	同樣		2025-05-16 17:06:08	2021-08-12 00:00:00
x6y45us3sun	討蟶	挖蟶	to21 leing55	to33 teing55				3rvd	xn6u7jtacs8	討蟶		2025-05-16 17:06:08	2021-08-12 00:00:00
xn5gjthjzj8	拈起去	①拿起來②死的婉稱	nieng55 i0 o0	nieng55 ki33 koo213				3rvd	xgpx2e9ddyz	拈起去		2025-05-16 17:06:08	2021-08-12 00:00:00
xyw38rt9kq2	拈後廳去	①拿到後廳去②死的婉稱	nieng55 au55 liang55 ngo0	nieng55 au242 tiang55 koo213				3rvd	x56mrnttubt	拈後廳去		2025-05-16 17:06:09	2021-08-12 00:00:00
xe8kmqxaupx	拔草	①拔草，將草拔起：禮拜日，單位組織年輕其職工去～A）代指約會：去公園～	bik33 cau33	beik5 cau33				3rvd	xxv7mvjrtex	拔草		2025-05-16 17:06:09	2023-04-26 00:00:00
xnqh46t46x3	做頭儂	①爲首者，某個集團中的首領A）社首‖如祗說「頭儂 tau55 neoyng53」，則在一些地方易表示「頭頭（第一）隻儂」的「頭儂」混淆	zo55 tau53 neoyng53	zoo213 tau53 neoyng53				3rvd	xwgvevdz7e5	做頭儂		2025-05-16 17:06:09	2019-03-27 00:00:00
x3gemckx2wd	這蜀流	這一回，這一次	zi21 loh33 lau53	zi33 suoh5 lau53			維基教科書编者. 福州語/名詞[G/OL]. 中文維基教科書, 2018-10-20[2021-01-30]. https://zh.wikibooks.org/w/index.php?title=福州語/名詞&oldid=139882.	3rvd	xrx6kbjqzjk	這蜀流		2025-05-16 17:06:09	2018-10-20 00:00:00
xqu7c882bf7	鐵線蛇	狀如蚯蚓，中國最小的一種蛇	tiek21 siang55 nie53	tiek24 siang213 sie53				3rvd	xwtjne28zdd	鐵線蛇		2025-05-16 17:06:09	2022-12-13 00:00:00
xxhpk4j2pcx	糖包	同普通話「糖包」	toung55 mau55	toung53 bau55			陈泽平. 福州方言研究[M]. 福建人民出版社, 1998: 9.	3rvd	xach7eupmg5	糖包		2025-05-16 17:06:09	2023-11-16 00:00:00
xbksstubfwk	茶杯	同普通話「茶杯」	da55 wui55	da53 bui55			陈泽平. 福州方言研究[M]. 福建人民出版社, 1998: 9.	3rvd	xdsksc56wbr	茶杯		2025-05-16 17:06:09	2023-11-16 00:00:00
xy3uf5gcctm	嫩杯	小杯，小的杯子	noung55 mui55	nooung242 bui55			陈泽平. 福州方言研究[M]. 福建人民出版社, 1998: 9.	3rvd	xnckneqxnay	嫩杯		2025-05-16 17:06:09	2023-11-16 00:00:00
xbwgv5yyvk8	大炮	同普通話「大炮」	duai53 wau213	duai242 pau213			陈泽平. 福州方言研究[M]. 福建人民出版社, 1998: 9.	3rvd	xfeedtqtbgd	大炮		2025-05-16 17:06:09	2023-11-16 00:00:00
xwz7yzc872t	鋼炮	同普通話「鋼炮」	goung53 mau213	gooung213 pau213			陈泽平. 福州方言研究[M]. 福建人民出版社, 1998: 9.	3rvd	xatmsgr3w8x	鋼炮		2025-05-16 17:06:09	2023-11-16 00:00:00
xshtbjxxsvu	船票	同普通話「船票」	sung21 miu213	sung53 piu213			陈泽平. 福州方言研究[M]. 福建人民出版社, 1998: 9.	3rvd	x8evxn28bcc	船票		2025-05-16 17:06:09	2023-11-16 00:00:00
xbtm3sq42dc	花店	同普通話「花店」	hua53 laing213	hua55 daing213			陈泽平. 福州方言研究[M]. 福建人民出版社, 1998: 9.	3rvd	xt9k97sekgs	花店		2025-05-16 17:06:09	2023-11-16 00:00:00
xwktks4dny9	餅店	同普通話「餅店」	biang55 naing213	biang33 daing213			陈泽平. 福州方言研究[M]. 福建人民出版社, 1998: 9.	3rvd	xux8tw5b827	餅店		2025-05-16 17:06:09	2023-11-16 00:00:00
xtyyv6j2gpq	前臺	同普通話「前臺」	seing33 nai53	seing53 dai53			陈泽平. 福州方言研究[M]. 福建人民出版社, 1998: 9.	3rvd	xmpu69cm7f5	前臺		2025-05-16 17:06:09	2023-11-16 00:00:00
xwpxf4ja7vu	風頭	風的勢頭，風的前頭	hung55 nau53	hung55 tau53			陈泽平. 福州方言研究[M]. 福建人民出版社, 1998: 9.	3rvd	x28kvnmpkeg	風頭		2025-05-16 17:06:09	2023-11-16 00:00:00
xmmqfpmngpf	冬天	同普通話「冬天」	deoyng55 lieng55	deoyng55 tieng55			陈泽平. 福州方言研究[M]. 福建人民出版社, 1998: 9.	3rvd	xy3kzzv9vpd	冬天		2025-05-16 17:06:09	2023-11-16 00:00:00
x6r25bnzsfj	砂糖	同普通話「砂糖」	sa55 loung53	sa55 toung53			陈泽平. 福州方言研究[M]. 福建人民出版社, 1998: 9.	3rvd	x6njkwbaaz8	砂糖		2025-05-16 17:06:09	2023-11-16 00:00:00
xrhaxrxpwww	雨傘	同普通話「雨傘」	y24 lang33	y33 sang33			陈泽平. 福州方言研究[M]. 福建人民出版社, 1998: 9.	3rvd	xwbrb6bd2qp	雨傘		2025-05-16 17:06:09	2023-11-16 00:00:00
xdy674zf9pe	洋傘	同普通話「洋傘」	yong33 nang33	yong53 sang33			陈泽平. 福州方言研究[M]. 福建人民出版社, 1998: 9.	3rvd	xesamwarp4k	洋傘		2025-05-16 17:06:09	2023-11-16 00:00:00
xap3usdb5q6	大嫂	同普通話「大嫂」	duai53 lo33	duai242 so33			陈泽平. 福州方言研究[M]. 福建人民出版社, 1998: 9.	3rvd	xbuzpbwft9c	大嫂		2025-05-16 17:06:09	2023-11-16 00:00:00
xw2du9azkrm	三嫂	同普通話「三嫂」	sang53 no33	sang55 so33			陈泽平. 福州方言研究[M]. 福建人民出版社, 1998: 9.	3rvd	x3jvkjqgf8q	三嫂		2025-05-16 17:06:09	2023-11-16 00:00:00
xd4r4azr8hd	大姐	同普通話「大姐」	duai53 ia33	duai242 zia33			陈泽平. 福州方言研究[M]. 福建人民出版社, 1998: 9.	3rvd	xxm2kfmh87g	大姐		2025-05-16 17:06:09	2023-11-16 00:00:00
xx5shrt7dhj	祖宗	同普通話「祖宗」	zu21 jung55	zu33 zung55			陈泽平. 福州方言研究[M]. 福建人民出版社, 1998: 9.	3rvd	xy57en26mc6	祖宗		2025-05-16 17:06:09	2023-11-16 00:00:00
xevvuqx743t	鬧鐘	同普通話「鬧鐘」	nau55 jyng55	nau242 zyng55			陈泽平. 福州方言研究[M]. 福建人民出版社, 1998: 9.	3rvd	xa3xyjze9c7	鬧鐘		2025-05-16 17:06:09	2023-11-16 00:00:00
xwpnsm42ztb	四川	同普通話「四川」‖又讀si55 juong55	sy55 juong55	seoy213 cuong55			陈泽平. 福州方言研究[M]. 福建人民出版社, 1998: 9.	3rvd	xc27p2t7wae	四川		2025-05-16 17:06:09	2023-11-16 00:00:00
xaaxvredz23	四川	同普通話「四川」‖又讀sy55 juong55	si55 juong55	sei213 cuong55				3rvd	xemn8p7trew	四川		2025-05-16 17:06:09	2023-11-16 00:00:00
x3rag3na27p	四千	同普通話「四千」	si55 ieng55	sei213 cieng55			陈泽平. 福州方言研究[M]. 福建人民出版社, 1998: 9.	3rvd	xgv9qmmm33g	四千		2025-05-16 17:06:09	2023-11-16 00:00:00
xzgn5m9my3d	文書	同普通話「文書」	ung55 njy55	ung53 zy55			陈泽平. 福州方言研究[M]. 福建人民出版社, 1998: 10.	3rvd	xvaf27sh2h3	文書		2025-05-16 17:06:09	2023-11-16 00:00:00
xffz6t6e38s	藏青	同普通話「藏青」	zoung55 njang55	zooung242 cang55			陈泽平. 福州方言研究[M]. 福建人民出版社, 1998: 10.	3rvd	xj7n3zm9rhx	藏青		2025-05-16 17:06:09	2023-11-16 00:00:00
x3jcyqt8m9v	甘草	同普通話「甘草」	gang53 njo33	gang55 co33			陈泽平. 福州方言研究[M]. 福建人民出版社, 1998: 10.	3rvd	xa447y3af9u	甘草		2025-05-16 17:06:09	2023-11-16 00:00:00
x6ca3xgxc9f	風車	同普通話「風車」	hung55 njia55	hung55 cia55			陈泽平. 福州方言研究[M]. 福建人民出版社, 1998: 10.	3rvd	x3b6t6vnvx7	風車		2025-05-16 17:06:09	2023-11-16 00:00:00
xj7bwkktxg7	錢鼠	臭鼩，主要棲息於森林、田野以及家舍	zieng33 njy33	zieng53 cy33			陈泽平. 福州方言研究[M]. 福建人民出版社, 1998: 10.	3rvd	x93j55kabyg	錢鼠		2025-05-16 17:06:09	2023-11-16 00:00:00
xyhcg4jk2xf	布扣	同普通話「布扣」	buo53 au213	buo213 kau213			陈泽平. 福州方言研究[M]. 福建人民出版社, 1998: 10.	3rvd	x7tnmwun4hc	布扣		2025-05-16 17:06:09	2023-11-16 00:00:00
xvn4q9k87ey	提琴	同普通話「提琴」	ti33 ing53	ti53 king53			陈泽平. 福州方言研究[M]. 福建人民出版社, 1998: 10.	3rvd	xcvbbjpybtv	提琴		2025-05-16 17:06:09	2023-11-16 00:00:00
xz7yxrk6mmx	珠蚶	蚶的一種，極小‖〔明〕屠本畯《閩中海錯疏·介部》\：「珠蚶，蚶之極細者，形如蓮子而扁。」	zuo55 ang55	zuo55 hang55			陈泽平. 福州方言研究[M]. 福建人民出版社, 1998: 10.	3rvd	xjsu3gnw85q	珠蚶		2025-05-16 17:06:09	2023-11-16 00:00:00
x9qqhrd7qkf	專科	同普通話「專科」	zuong55 nguo55	zuong55 kuo55			陈泽平. 福州方言研究[M]. 福建人民出版社, 1998: 10.	3rvd	xpfr3uzsjww	專科		2025-05-16 17:06:09	2023-11-16 00:00:00
xkjabpmp3mq	鋼琴	同普通話「鋼琴」	goung55 nging53	gooung213 king53			陈泽平. 福州方言研究[M]. 福建人民出版社, 1998: 10.	3rvd	x92mz33vdw8	鋼琴		2025-05-16 17:06:09	2023-11-16 00:00:00
x4eruy987zz	石獅	同普通話「石獅」	suoh55 lai55	suoh5 sai55			陈泽平. 福州方言研究[M]. 福建人民出版社, 1998: 10.	3rvd	x7aem37pccy	石獅		2025-05-16 17:06:09	2023-11-16 00:00:00
xmef7r3xah6	二保街	地名，在福州臺江區二保	ni21 wo21 e55	nei242 bo33 ge55		fzho						2025-06-10 00:19:29	2025-06-10 00:19:29
xv9fjzhqdjb	刺絲囝	鳳尾魚。極小，炸完後幾無骨頭：賣～去（噢）‖又稱「刺絲」	cie21 li53 iang33	cie213 si55 giang33		fzho	李永选. 卷十二[M]// 长乐六里志. “赤仔即赤鳀，又美其名曰凤尾鱼。产江左伯牙潭附近。”					2025-06-10 02:20:18	2025-06-10 02:20:18
xrpzr4mhnhr	做包焦	不在話下，小意思，形容很簡單	zo21 wau55 la55	zoo213 bau55 da55		fzho						2025-06-10 02:24:05	2025-06-10 02:24:05
x94c5parark	應該	同普通話「應該」	ing55 ngai55	eing213 gai55			陈泽平. 福州方言研究[M]. 福建人民出版社, 1998: 10.	3rvd				2025-05-16 17:06:09	2023-11-16 00:00:00
xxxrfkfaayx	做痞	胡來，搗鬼	zo53 pai33	zoo213 pai33				2rjct			已經加入詞庫	2025-11-16 16:40:08	2025-06-10 02:27:21
xhfusatzcbw	閩東	①指福建東部②代指寧德	ming55 dung55	ming53 dung55								2025-06-10 02:08:03	2025-06-10 02:08:03
xmek7mtntw8	食包焦	不在話下，小意思，形容很簡單：食汝包焦（肯定能拿下你）|萬妮達《七溜八溜WAIYA》\：「哇也，鼓山骹（腳），南門兜，我～（我如魚得水）。」	sieh21 wau55 la55	sieh5 bau55 da55		fzho,cgle		2rvd				2025-08-02 19:51:02	2025-06-10 02:24:24
xzwwde5t6kw	相街御史	對乞丐的戲稱。因舊時衙門斷案會以路邊乞丐口供作參考而來	suong55 nge55 ngy53 ly33	suong213 ge55 ngeoy242 sy33				2rjct			已經加入詞庫	2025-11-16 16:32:49	2025-06-10 02:30:37
xpwpa99tbh7	刀魚	學名長頷鱭，一種迴游魚類。形似小刀，故名	do55 ngy53	do55 ngy53		fzho		2rjct	xftq23bhnmh	刀魚	已加入詞庫	2026-04-12 22:20:40	2025-06-10 02:20:32
xtquc9ckfty	過家家	「做辦辦」的別名	guo21 ga55 ga55	guo213 ga55 ga55								2025-06-10 02:08:46	2025-06-10 02:08:46
x68k4a7cff9	二都	地名，在寧德市蕉城區飛鸞鎮。元朝時期，寧德全县分爲二十五個「都」，而「二都」的範圍包括了三都澳西南方和南方海岸邊的二十多個村；後來把三都澳西南一帶村莊稱爲「二都」。有名產「二都蚶」	ni55 lu55	nei242 du55		fzho						2025-06-10 02:20:44	2025-06-10 02:20:44
xg9kz6jwaqa	蝦油硣	量蝦油的器具	ha21 iu21 gau213	ha53 iu53 gau213								2025-06-10 02:24:45	2025-06-10 02:24:45
xtpwwyf4kyy	易會難精	易學難精。指有些事情上手容易，如果不下工夫則難以精通	gie53 a242 nang55 zing55	gie242 a242 nang53 zing55				2rjct			已加入詞庫	2025-11-16 16:22:51	2025-06-10 02:30:47
x3ew927a7zz	記憶	同普通話「記憶」	gi53 ei213	gei213 ei213			陈泽平. 福州方言研究[M]. 福建人民出版社, 1998: 15.					2025-06-10 02:10:57	2025-06-10 02:10:57
xkv2njw35bf	收成	同普通話「收成」	siu55 ling53	siu55 sing53			陈泽平. 福州方言研究[M]. 福建人民出版社, 1998: 18.					2025-06-10 02:24:57	2025-06-10 02:24:57
x25cb6qyjj4	半母角	半男女，雙性人。常作詈語，形容舉止或裝束女性化的男性	buang21 mo55 ooyk24	buang213 mo33 gooyk24				2rjct				2025-06-15 22:55:32	2025-06-10 02:31:00
xu8pkxuhsf9	柴排厝	簡易的木結構的房子	ca21 we21 juo213	ca53 be53 cuo213		fzho		2rjct			已加入詞庫	2025-11-16 16:24:53	2025-06-10 02:20:57
xkt9xqze94b	去鎮	從村落上到鎮子裏。例如閩安舊爲鎮，附近村落人士前往閩安便稱爲「去鎮」：～嘛，就是講（說）去買乇（東西）嘛	ko53 deing213	koo213 deing213		fzho						2025-06-10 02:21:37	2025-06-10 02:21:37
xx4b2pdrudt	紙灰	①紙灰②代指舊紙、廢紙	zai21 ui55	zai33 hui55				2rvd				2025-06-15 22:43:41	2025-06-10 02:12:57
x2ztdabtg7j	花瓶	同普通話「花瓶」	hua55 wing53	hua55 bing53			陈泽平. 福州方言研究[M]. 福建人民出版社, 1998: 18.	2rjct	xjsuk8dxhgq	花瓶		2025-06-15 22:59:51	2025-06-10 02:25:17
xw5dw372kxs	過膠	同「過塑」	guo55 ga55	guo213 ga55		liji		2rvd				2025-09-20 20:54:34	2025-06-10 02:31:28
xybzpbbefhw	事先	同普通話「事先」	sy55 lieng55	seoy242 sieng55			陈泽平. 福州方言研究[M]. 福建人民出版社, 1998: 15.					2025-06-10 02:21:53	2025-06-10 02:21:53
xzgeu65twba	託運	同普通話「託運」	touk55 oung242	toouk24 oung242			陈泽平. 福州方言研究[M]. 福建人民出版社, 1998: 15.					2025-06-10 02:25:30	2025-06-10 02:25:30
xrcggtbj64w	嗄*	語氣詞：～，汝講世乇	hak24	hak24				2rjct				2025-06-15 22:34:38	2025-06-10 02:18:46
xwc398uaxcc	壺井環洲	長樂特色龍舟賽制。二龍分立於壺井港中的沙洲兩端，以鑼爲號，互相環洲追逐，以觸及前龍尾舵為勝	u33 jang33 kuang55 njiu55	u53 zang33 kuang53 ziu55				2rvd				2025-06-15 23:49:12	2025-06-15 23:46:15
x2azqmrwvzp	閩東儂	閩東人	ming55 dung55 neoyng53	ming53 dung55 neoyng53								2025-06-10 02:18:56	2025-06-10 02:18:56
x8nn5nfyu4s	油硣	量油的器具	iu21 gau213	iu53 gau213								2025-06-10 02:22:10	2025-06-10 02:22:10
x755tt52fsh	貼牆	貼着牆面	teik21 cuong53	taik24 cuong53			陈泽平. 福州方言研究[M]. 福建人民出版社, 1998: 15.					2025-06-10 02:25:52	2025-06-10 02:25:52
x7ppr7ubzu9	榕典	一部多來源的平話（閩東方言）線上字詞典	yng33 dieng33	yng53 dieng33				3rvd				2025-05-16 17:05:43	2020-03-13 00:00:00
xyxyzxmnxjq	過塑	以透明塑料薄膜通過熱壓覆貼到印刷品表面，起保護及增加光澤的作用	guo53 lou213	guo213 sou213		fzho						2025-06-10 02:19:14	2025-06-10 02:19:14
xdrkmahegzy	筆尖	同普通話「筆尖」	bik21 zieng55	beik24 zieng55			陈泽平. 福州方言研究[M]. 福建人民出版社, 1998: 15.					2025-06-10 02:26:08	2025-06-10 02:26:08
xn2stpzddu5	嬸媽	父母的嬸嬸	sing24 ma33	sing33 ma33		fuqi		2rjct	xeyqvshum86	嬸媽		2025-06-15 22:49:20	2025-06-10 02:22:49
xskmq9mj8c2	南煎肝	閩菜	nang21 njieng55 ngang55	nang53 zieng55 gang55				3rvd				2025-05-16 17:05:53	2020-09-24 00:00:00
xdmxg5te6p3	豬尾	豬尾巴，菜餚	dy53 mui33	dy55 mui33		fzho						2025-06-10 02:19:44	2025-06-10 02:19:44
xwfug685sz6	中彩	買彩票中獎	dyng53 cai33	deoyng213 cai33			陈泽平. 福州方言研究[M]. 福建人民出版社, 1998: 15.					2025-06-10 02:26:20	2025-06-10 02:26:20
x2f7ez38x4z	包車	包下整輛車：～去長樂‖動賓結構，與表示「麪包車 mieng21 mau55 ia55」的名詞「包車 bau55 ia55」含義不同。在動賓結構中賓語也能聲母類化的地區，也讀作bau55 ia55	bau55 cia55	bau55 cia55		fzho,cgle		2rjct	x383jsytq53	包車		2025-06-15 23:15:21	2025-06-10 02:23:37
xw6en9c8gxh	摭	用於給別東西時的助詞，多放在句首：～，掏去‖俗字	zia213	zia213				3rvd				2025-05-16 17:05:46	2020-05-07 00:00:00
xqm9zvkeypr	刺絲	鳳尾魚。極小，炸完後幾無骨頭‖又稱「刺絲囝」	cie55 li55	cie213 si55		fzho						2025-06-10 02:20:05	2025-06-10 02:20:05
x8dx7a7h48a	小車	小轎車	siu21 ia55	siu33 cia55		cgle						2025-06-10 02:23:52	2025-06-10 02:23:52
x3gv9by7psu	納嘻犬	表情像在笑的狗，也指这种笑容						2rjct			已收入詞庫	2026-04-11 22:30:16	2026-01-11 21:15:50
xy6jtz4pbyy	送行	同普通話「送行」	seoyng55 ngeing53	sooyng213 heing53			陈泽平. 福州方言研究[M]. 福建人民出版社, 1998: 15.	2rjct	xpsprvx2s9s	送行	已加入詞庫	2026-04-11 22:41:07	2025-06-10 02:27:00
